event_id,action,allowed,policy_reason,simulated_success_probability,recovery_success,revenue_recovered,event_type,timestamp,customer_id,merchant_id,amount,currency,payment_method,device_type,payment_status,failure_type,retry_count,previous_attempt_hours,checkout_duration_seconds,payment_page_reached,payment_attempted,subscription_age_days,successful_cycles,failed_cycles,true_recovery_probability,customer_tenure_days,total_transactions,successful_transactions,failed_transactions,historical_success_rate_x,avg_transaction_amount_x,previous_recovery_success_rate,days_since_last_success,preferred_payment_method,merchant_category,merchant_size,avg_transaction_amount_y,historical_success_rate_y,historical_failure_rate,event_hour,day_of_week,month
EVT_00000008,RETRY_LATER,True,ALLOWED,0.676538,1,4906.6,CHECKOUT_ABANDONMENT,2026-08-23 13:01:13,CUS_001694,MER_00162,4906.6,INR,UPI,MOBILE,AT_RISK,,0,15.14,332,True,False,0,0,0,0.726538,610,26,22,4,0.8462,5289.07,0.4653,36,CARD,DIGITAL_SERVICES,LARGE,1610.3,0.8922,0.1078,13,6,8
EVT_00000011,RECOVERY_REMINDER,True,ALLOWED,0.807628,1,3232.27,CHECKOUT_ABANDONMENT,2026-08-29 13:20:54,CUS_000319,MER_00071,3232.27,INR,CARD,MOBILE,AT_RISK,,0,67.43,686,True,False,0,0,0,0.657628,1409,68,45,23,0.6618,2809.77,0.5535,75,WALLET,TRAVEL,MEDIUM,1476.19,0.8534,0.1466,13,5,8
EVT_00000022,RETRY_LATER,True,ALLOWED,0.734119,1,4815.98,PAYMENT_FAILURE,2026-08-20 02:16:09,CUS_000527,MER_00047,4815.98,INR,CARD,DESKTOP,FAILED,NETWORK_ERROR,0,56.0,0,False,False,0,0,0,0.614119,1387,38,36,2,0.9474,6314.71,0.8624,52,UPI,DIGITAL_SERVICES,SMALL,5866.47,0.813,0.187,2,3,8
EVT_00000026,RETRY_LATER,True,ALLOWED,0.656382,1,5699.8,CHECKOUT_ABANDONMENT,2026-08-16 09:26:22,CUS_001274,MER_00145,5699.8,INR,CARD,DESKTOP,AT_RISK,,0,12.82,150,True,False,0,0,0,0.706382,1022,32,24,8,0.75,2028.64,0.1122,48,CARD,DIGITAL_SERVICES,SMALL,22876.16,0.9386,0.0614,9,6,8
EVT_00000027,RETRY_LATER,True,ALLOWED,0.792472,1,4235.78,PAYMENT_FAILURE,2026-08-27 22:12:04,CUS_000785,MER_00022,4235.78,INR,CARD,DESKTOP,FAILED,BANK_TECHNICAL_ERROR,0,42.52,0,False,False,0,0,0,0.672472,732,73,70,3,0.9589,1356.49,0.6299,58,CARD,DIGITAL_SERVICES,LARGE,2602.03,0.8671,0.1329,22,3,8
EVT_00000028,RETRY_LATER,True,ALLOWED,0.186009,1,5889.06,PAYMENT_FAILURE,2026-08-13 06:33:23,CUS_000746,MER_00067,5889.06,INR,UPI,MOBILE,FAILED,PAYMENT_LIMIT,1,5.28,0,False,False,0,0,0,0.336009,565,32,28,4,0.875,4266.09,0.6754,63,NETBANKING,TRAVEL,SMALL,6615.57,0.8781,0.1219,6,3,8
EVT_00000036,ALTERNATIVE_PAYMENT,True,ALLOWED,0.42715,1,1038.63,PAYMENT_FAILURE,2026-08-06 23:35:10,CUS_000110,MER_00008,1038.63,INR,WALLET,MOBILE,FAILED,BANK_TECHNICAL_ERROR,3,9.27,0,False,False,0,0,0,0.39715,1066,23,21,2,0.913,1108.7,0.6428,69,CARD,DIGITAL_SERVICES,MEDIUM,6017.04,0.8847,0.1153,23,3,8
EVT_00000041,RETRY_LATER,False,RETRY_LIMIT_REACHED,0.0,0,0.0,PAYMENT_FAILURE,2026-08-23 10:01:18,CUS_001092,MER_00071,41614.64,INR,CARD,DESKTOP,FAILED,INSUFFICIENT_BALANCE,3,55.39,0,False,False,0,0,0,0.23154,688,31,27,4,0.871,18612.36,0.8089,59,CARD,TRAVEL,MEDIUM,1476.19,0.8534,0.1466,10,6,8
EVT_00000049,RETRY_LATER,True,ALLOWED,0.487531,0,0.0,SUBSCRIPTION_FAILURE,2026-08-28 20:51:19,CUS_000955,MER_00101,3181.77,INR,CARD,TABLET,AT_RISK,,0,11.5,0,False,False,574,17,1,0.537531,1184,22,21,1,0.9545,2211.99,0.45,2,UPI,FOOD_DELIVERY,SMALL,3940.25,0.8648,0.1352,20,4,8
EVT_00000054,RETRY_LATER,True,ALLOWED,0.69515,1,2269.1,CHECKOUT_ABANDONMENT,2026-08-25 11:18:47,CUS_001341,MER_00107,2269.1,INR,UPI,TABLET,AT_RISK,,0,38.5,613,True,False,0,0,0,0.74515,815,43,39,4,0.907,1662.65,0.6892,21,CARD,E_COMMERCE,SMALL,15795.0,0.9309,0.0691,11,1,8
EVT_00000055,RETRY_LATER,True,ALLOWED,0.47691,1,3842.3,SUBSCRIPTION_FAILURE,2026-08-23 06:26:38,CUS_000404,MER_00107,3842.3,INR,CARD,MOBILE,AT_RISK,,0,27.58,0,False,False,801,18,1,0.52691,1458,44,39,5,0.8864,4077.81,0.9587,33,UPI,E_COMMERCE,SMALL,15795.0,0.9309,0.0691,6,6,8
EVT_00000074,ALTERNATIVE_PAYMENT,True,ALLOWED,0.522409,1,2378.28,PAYMENT_FAILURE,2026-08-27 00:52:27,CUS_001294,MER_00158,2378.28,INR,UPI,MOBILE,FAILED,EXPIRED_PAYMENT_METHOD,1,12.11,0,False,False,0,0,0,0.342409,36,23,20,3,0.8696,3490.54,0.8211,85,CARD,SAAS,MEDIUM,23542.32,0.8428,0.1572,0,3,8
EVT_00000082,ALTERNATIVE_PAYMENT,True,ALLOWED,0.409527,1,22272.71,PAYMENT_FAILURE,2026-08-09 19:28:31,CUS_001253,MER_00133,22272.71,INR,WALLET,DESKTOP,FAILED,PAYMENT_LIMIT,3,33.01,0,False,False,0,0,0,0.229527,138,13,12,1,0.9231,18331.42,0.6694,61,UPI,TRAVEL,SMALL,4316.96,0.7958,0.2042,19,6,8
EVT_00000088,RETRY_LATER,True,ALLOWED,0.598018,1,1591.4,PAYMENT_FAILURE,2026-08-08 02:11:45,CUS_000716,MER_00148,1591.4,INR,NETBANKING,MOBILE,FAILED,TIMEOUT,1,42.56,0,False,False,0,0,0,0.578018,1204,37,35,2,0.9459,4243.52,0.8811,86,UPI,RETAIL,MEDIUM,1547.37,0.9811,0.0189,2,5,8
EVT_00000091,ALTERNATIVE_PAYMENT,True,ALLOWED,0.579171,1,9947.8,PAYMENT_FAILURE,2026-08-07 09:31:38,CUS_001550,MER_00017,9947.8,INR,UPI,DESKTOP,FAILED,PAYMENT_LIMIT,1,36.71,0,False,False,0,0,0,0.399171,36,51,50,1,0.9804,5233.18,0.9508,73,CARD,E_COMMERCE,SMALL,2871.65,0.97,0.03,9,4,8
EVT_00000092,RETRY_LATER,True,ALLOWED,0.287875,1,683.07,PAYMENT_FAILURE,2026-08-25 15:55:21,CUS_001358,MER_00198,683.07,INR,UPI,MOBILE,FAILED,ISSUER_DECLINE,0,21.23,0,False,False,0,0,0,0.337875,227,70,66,4,0.9429,1663.98,0.7809,38,NETBANKING,DIGITAL_SERVICES,SMALL,5306.23,0.9513,0.0487,15,1,8
EVT_00000094,RECOVERY_REMINDER,True,ALLOWED,0.232958,1,1075.61,PAYMENT_FAILURE,2026-08-05 09:30:04,CUS_001123,MER_00018,1075.61,INR,CARD,MOBILE,FAILED,INSUFFICIENT_BALANCE,2,65.69,0,False,False,0,0,0,0.212958,425,38,31,7,0.8158,2680.05,0.8659,29,UPI,E_COMMERCE,SMALL,8469.12,0.8917,0.1083,9,2,8
EVT_00000105,RETRY_LATER,True,ALLOWED,0.164094,1,17395.38,PAYMENT_FAILURE,2026-08-23 02:07:43,CUS_001935,MER_00005,17395.38,INR,UPI,MOBILE,FAILED,INSUFFICIENT_BALANCE,1,37.64,0,False,False,0,0,0,0.314094,245,15,12,3,0.8,10881.09,0.8536,39,WALLET,EDUCATION,SMALL,832.59,0.9375,0.0625,2,6,8
EVT_00000123,ALTERNATIVE_PAYMENT,True,ALLOWED,0.571971,1,7414.18,SUBSCRIPTION_FAILURE,2026-08-27 21:33:49,CUS_000083,MER_00100,7414.18,INR,UPI,DESKTOP,AT_RISK,,0,26.97,0,False,False,811,23,1,0.541971,266,26,23,3,0.8846,10450.19,0.7998,29,CARD,EDUCATION,MEDIUM,10164.26,0.9653,0.0347,21,3,8
EVT_00000130,RECOVERY_REMINDER,True,ALLOWED,0.200376,1,3059.95,PAYMENT_FAILURE,2026-08-29 21:12:00,CUS_001989,MER_00147,3059.95,INR,UPI,DESKTOP,FAILED,ISSUER_DECLINE,2,25.38,0,False,False,0,0,0,0.180376,339,33,29,4,0.8788,6266.07,0.8726,65,CARD,TRAVEL,MEDIUM,6423.31,0.8655,0.1345,21,5,8
EVT_00000137,HUMAN_ESCALATION,True,ALLOWED,0.122711,1,4792.11,PAYMENT_FAILURE,2026-08-12 13:56:31,CUS_001707,MER_00159,4792.11,INR,UPI,DESKTOP,FAILED,INSUFFICIENT_BALANCE,2,58.01,0,False,False,0,0,0,0.222711,1475,13,11,2,0.8462,3730.13,0.8116,55,UPI,EDUCATION,MEDIUM,1436.79,0.8598,0.1402,13,2,8
EVT_00000139,ALTERNATIVE_PAYMENT,True,ALLOWED,0.317534,1,7210.91,SUBSCRIPTION_FAILURE,2026-08-02 23:12:41,CUS_001313,MER_00125,7210.91,INR,NETBANKING,MOBILE,AT_RISK,,0,36.06,0,False,False,89,22,3,0.287534,1176,74,63,11,0.8514,17446.51,0.8746,66,NETBANKING,E_COMMERCE,MEDIUM,4606.05,0.8105,0.1895,23,6,8
EVT_00000157,RECOVERY_REMINDER,True,ALLOWED,0.544375,1,4082.92,PAYMENT_FAILURE,2026-08-22 08:41:17,CUS_000250,MER_00083,4082.92,INR,CARD,MOBILE,FAILED,BANK_TECHNICAL_ERROR,1,33.19,0,False,False,0,0,0,0.524375,91,34,25,9,0.7353,6015.41,0.836,32,UPI,FOOD_DELIVERY,MEDIUM,6899.34,0.9485,0.0515,8,5,8
EVT_00000170,RETRY_LATER,True,ALLOWED,0.706784,1,3435.59,CHECKOUT_ABANDONMENT,2026-08-21 18:05:33,CUS_001415,MER_00171,3435.59,INR,UPI,MOBILE,AT_RISK,,0,63.14,406,True,False,0,0,0,0.756784,889,48,44,4,0.9167,2447.31,0.8223,39,UPI,E_COMMERCE,SMALL,2134.84,0.9759,0.0241,18,4,8
EVT_00000192,ALTERNATIVE_PAYMENT,True,ALLOWED,0.270408,1,9264.34,PAYMENT_FAILURE,2026-08-07 13:37:01,CUS_001080,MER_00132,9264.34,INR,UPI,MOBILE,FAILED,INSUFFICIENT_BALANCE,2,61.63,0,False,False,0,0,0,0.240408,1259,36,32,4,0.8889,5444.67,0.4885,10,UPI,RETAIL,MEDIUM,27235.71,0.8482,0.1518,13,4,8
EVT_00000215,ALTERNATIVE_PAYMENT,True,ALLOWED,0.405885,1,8106.52,PAYMENT_FAILURE,2026-08-09 07:39:41,CUS_001342,MER_00169,8106.52,INR,UPI,MOBILE,FAILED,PAYMENT_LIMIT,3,29.07,0,False,False,0,0,0,0.225885,231,25,23,2,0.92,6527.18,0.9126,1,NETBANKING,FOOD_DELIVERY,SMALL,4115.41,0.9528,0.0472,7,6,8
EVT_00000219,RETRY_LATER,True,ALLOWED,0.727491,1,19584.46,CHECKOUT_ABANDONMENT,2026-08-24 09:38:07,CUS_000598,MER_00162,19584.46,INR,CARD,MOBILE,AT_RISK,,0,46.89,587,True,False,0,0,0,0.777491,1175,58,54,4,0.931,10090.5,0.8036,62,UPI,DIGITAL_SERVICES,LARGE,1610.3,0.8922,0.1078,9,0,8
EVT_00000231,RETRY_LATER,True,ALLOWED,0.232601,0,0.0,SUBSCRIPTION_FAILURE,2026-08-03 06:04:05,CUS_001241,MER_00130,3151.44,INR,UPI,TABLET,AT_RISK,,0,55.29,0,False,False,123,10,3,0.282601,777,17,14,3,0.8235,4723.67,0.8109,35,CARD,FOOD_DELIVERY,MEDIUM,2704.71,0.8833,0.1167,6,0,8
EVT_00000233,ALTERNATIVE_PAYMENT,True,ALLOWED,0.313408,1,7093.28,PAYMENT_FAILURE,2026-08-11 22:50:02,CUS_000450,MER_00043,7093.28,INR,UPI,DESKTOP,FAILED,INSUFFICIENT_BALANCE,1,6.83,0,False,False,0,0,0,0.283408,451,14,12,2,0.8571,11690.76,0.7205,47,NETBANKING,TRAVEL,SMALL,10675.23,0.776,0.224,22,1,8
EVT_00000235,ALTERNATIVE_PAYMENT,True,ALLOWED,0.664097,1,8408.57,SUBSCRIPTION_FAILURE,2026-08-22 09:49:45,CUS_001069,MER_00128,8408.57,INR,CARD,DESKTOP,AT_RISK,,0,42.58,0,False,False,667,11,0,0.634097,520,12,10,2,0.8333,8413.44,0.7914,40,UPI,TRAVEL,LARGE,637.62,0.9635,0.0365,9,5,8
EVT_00000252,HUMAN_ESCALATION,True,ALLOWED,0.310019,1,4753.21,PAYMENT_FAILURE,2026-08-20 19:24:01,CUS_000177,MER_00117,4753.21,INR,NETBANKING,MOBILE,FAILED,TIMEOUT,2,17.5,0,False,False,0,0,0,0.410019,1084,9,7,2,0.7778,9528.72,0.6845,81,UPI,TRAVEL,SMALL,11500.96,0.8461,0.1539,19,3,8
EVT_00000254,ALTERNATIVE_PAYMENT,True,ALLOWED,0.297165,1,1302.17,PAYMENT_FAILURE,2026-08-08 11:26:44,CUS_000122,MER_00084,1302.17,INR,CARD,DESKTOP,FAILED,ISSUER_DECLINE,3,14.33,0,False,False,0,0,0,0.117165,1012,76,62,14,0.8158,1102.54,0.5619,17,UPI,SAAS,LARGE,2123.34,0.8109,0.1891,11,5,8
EVT_00000260,RETRY_LATER,True,ALLOWED,0.79799,1,10690.16,PAYMENT_FAILURE,2026-08-11 12:13:55,CUS_000018,MER_00186,10690.16,INR,CARD,MOBILE,FAILED,TIMEOUT,0,70.52,0,False,False,0,0,0,0.67799,218,58,56,2,0.9655,11967.93,0.7062,70,NETBANKING,SAAS,LARGE,6624.61,0.9305,0.0695,12,1,8
EVT_00000273,RETRY_LATER,True,ALLOWED,0.649182,1,1176.79,CHECKOUT_ABANDONMENT,2026-08-29 05:07:11,CUS_000529,MER_00133,1176.79,INR,CARD,MOBILE,AT_RISK,,0,36.35,49,True,False,0,0,0,0.699182,1375,7,7,0,1.0,1783.02,0.8108,70,UPI,TRAVEL,SMALL,4316.96,0.7958,0.2042,5,5,8
EVT_00000275,ALTERNATIVE_PAYMENT,True,ALLOWED,0.701323,1,1192.56,CHECKOUT_ABANDONMENT,2026-08-18 15:11:17,CUS_001812,MER_00192,1192.56,INR,UPI,MOBILE,AT_RISK,,0,17.0,152,True,False,0,0,0,0.671323,989,36,24,12,0.6667,1811.35,0.348,2,CARD,TRAVEL,MEDIUM,20196.01,0.9465,0.0535,15,1,8
EVT_00000278,RETRY_LATER,True,ALLOWED,0.744032,1,4748.86,PAYMENT_FAILURE,2026-08-04 15:05:53,CUS_000097,MER_00115,4748.86,INR,NETBANKING,MOBILE,FAILED,BANK_TECHNICAL_ERROR,0,58.72,0,False,False,0,0,0,0.624032,382,75,56,19,0.7467,5923.69,0.9288,65,WALLET,E_COMMERCE,MEDIUM,4625.14,0.9927,0.0073,15,1,8
EVT_00000282,RETRY_LATER,True,ALLOWED,0.637175,1,1453.31,CHECKOUT_ABANDONMENT,2026-08-29 07:14:59,CUS_000210,MER_00162,1453.31,INR,CARD,MOBILE,AT_RISK,,0,17.32,37,True,False,0,0,0,0.687175,1174,11,10,1,0.9091,2424.25,0.9132,15,NETBANKING,DIGITAL_SERVICES,LARGE,1610.3,0.8922,0.1078,7,5,8
EVT_00000288,RETRY_LATER,True,ALLOWED,0.397581,0,0.0,PAYMENT_FAILURE,2026-08-15 20:26:37,CUS_001024,MER_00122,2726.27,INR,NETBANKING,TABLET,FAILED,TIMEOUT,2,4.36,0,False,False,0,0,0,0.477581,1267,16,16,0,1.0,4490.48,0.9059,26,UPI,TRAVEL,LARGE,1261.74,0.7975,0.2025,20,5,8
EVT_00000299,RECOVERY_REMINDER,True,ALLOWED,0.593616,1,4674.0,PAYMENT_FAILURE,2026-08-06 09:28:45,CUS_001093,MER_00041,4674.0,INR,CARD,TABLET,FAILED,TIMEOUT,0,41.59,0,False,False,0,0,0,0.573616,1269,57,42,15,0.7368,4995.66,0.7941,80,CARD,TRAVEL,MEDIUM,3690.69,0.8746,0.1254,9,3,8
EVT_00000304,RETRY_LATER,False,RETRY_LIMIT_REACHED,0.0,0,0.0,PAYMENT_FAILURE,2026-08-16 12:17:08,CUS_000778,MER_00195,5760.44,INR,CARD,MOBILE,FAILED,EXPIRED_PAYMENT_METHOD,3,44.7,0,False,False,0,0,0,0.225382,204,72,63,9,0.875,3888.84,0.8504,80,CARD,TRAVEL,LARGE,10413.1,0.9379,0.0621,12,6,8
EVT_00000333,RECOVERY_REMINDER,True,ALLOWED,0.430369,1,2647.12,PAYMENT_FAILURE,2026-08-28 14:42:27,CUS_001322,MER_00124,2647.12,INR,CARD,MOBILE,FAILED,NETWORK_ERROR,2,39.17,0,False,False,0,0,0,0.410369,433,13,12,1,0.9231,1840.71,0.7559,7,UPI,TRAVEL,SMALL,2268.54,0.7268,0.2732,14,4,8
EVT_00000337,RETRY_LATER,True,ALLOWED,0.698678,1,1384.46,CHECKOUT_ABANDONMENT,2026-08-26 02:27:36,CUS_001322,MER_00056,1384.46,INR,UPI,MOBILE,AT_RISK,,0,55.49,535,True,False,0,0,0,0.748678,433,13,12,1,0.9231,1840.71,0.7559,7,UPI,SAAS,SMALL,1706.75,0.9351,0.0649,2,2,8
EVT_00000339,RETRY_LATER,True,ALLOWED,0.550659,1,5517.13,PAYMENT_FAILURE,2026-08-29 21:35:01,CUS_001813,MER_00126,5517.13,INR,UPI,MOBILE,FAILED,BANK_TECHNICAL_ERROR,1,71.33,0,False,False,0,0,0,0.530659,1020,54,42,12,0.7778,6871.8,0.7329,36,UPI,DIGITAL_SERVICES,SMALL,2499.99,0.8824,0.1176,21,5,8
EVT_00000352,RETRY_LATER,True,ALLOWED,0.701206,1,1059.31,CHECKOUT_ABANDONMENT,2026-08-25 03:24:17,CUS_001218,MER_00042,1059.31,INR,UPI,DESKTOP,AT_RISK,,0,7.4,191,True,False,0,0,0,0.751206,1106,34,31,3,0.9118,2238.94,0.8444,64,NETBANKING,E_COMMERCE,SMALL,2406.16,0.9772,0.0228,3,1,8
EVT_00000353,RETRY_LATER,True,ALLOWED,0.640532,1,5508.83,CHECKOUT_ABANDONMENT,2026-08-10 04:43:34,CUS_001455,MER_00003,5508.83,INR,CARD,MOBILE,AT_RISK,,0,26.52,543,True,False,0,0,0,0.690532,871,65,50,15,0.7692,4953.92,0.6696,22,UPI,DIGITAL_SERVICES,SMALL,2951.94,0.8109,0.1891,4,0,8
EVT_00000370,RETRY_LATER,True,ALLOWED,0.253191,1,3208.09,PAYMENT_FAILURE,2026-08-05 03:33:39,CUS_001782,MER_00084,3208.09,INR,UPI,MOBILE,FAILED,ISSUER_DECLINE,0,65.23,0,False,False,0,0,0,0.303191,529,19,17,2,0.8947,5684.67,0.8465,76,CARD,SAAS,LARGE,2123.34,0.8109,0.1891,3,2,8
EVT_00000380,ALTERNATIVE_PAYMENT,True,ALLOWED,0.471516,1,3344.75,PAYMENT_FAILURE,2026-08-01 01:39:18,CUS_001807,MER_00048,3344.75,INR,UPI,TABLET,FAILED,BANK_TECHNICAL_ERROR,2,55.77,0,False,False,0,0,0,0.441516,42,9,7,2,0.7778,3772.28,0.8841,7,UPI,EDUCATION,MEDIUM,7641.54,0.8998,0.1002,1,5,8
EVT_00000385,ALTERNATIVE_PAYMENT,True,ALLOWED,0.810129,1,29917.74,CHECKOUT_ABANDONMENT,2026-08-01 11:27:05,CUS_000660,MER_00100,29917.74,INR,CARD,MOBILE,AT_RISK,,0,50.62,99,True,False,0,0,0,0.780129,453,13,13,0,1.0,9502.25,0.58,70,CARD,EDUCATION,MEDIUM,10164.26,0.9653,0.0347,11,5,8
EVT_00000394,ALTERNATIVE_PAYMENT,True,ALLOWED,0.487324,1,947.77,CHECKOUT_ABANDONMENT,2026-08-19 11:53:49,CUS_000687,MER_00155,947.77,INR,CARD,TABLET,AT_RISK,,0,43.57,120,False,False,0,0,0,0.457324,627,20,18,2,0.9,702.79,0.5097,70,WALLET,SAAS,SMALL,2912.27,0.843,0.157,11,2,8
EVT_00000395,ALTERNATIVE_PAYMENT,True,ALLOWED,0.31075,1,5246.71,PAYMENT_FAILURE,2026-08-02 22:17:07,CUS_001400,MER_00150,5246.71,INR,WALLET,MOBILE,FAILED,ISSUER_DECLINE,3,63.47,0,False,False,0,0,0,0.13075,470,58,50,8,0.8621,4862.91,0.9133,0,CARD,DIGITAL_SERVICES,LARGE,2957.32,0.8313,0.1687,22,6,8
EVT_00000399,RETRY_LATER,True,ALLOWED,0.681989,1,3885.6,CHECKOUT_ABANDONMENT,2026-08-08 09:48:39,CUS_001222,MER_00165,3885.6,INR,CARD,MOBILE,AT_RISK,,0,8.84,638,True,False,0,0,0,0.731989,843,20,18,2,0.9,4174.38,0.4407,83,UPI,SAAS,SMALL,10559.09,0.8386,0.1614,9,5,8
EVT_00000408,RECOVERY_REMINDER,True,ALLOWED,0.183487,1,3083.8,SUBSCRIPTION_FAILURE,2026-08-10 20:32:17,CUS_001815,MER_00004,3083.8,INR,CARD,DESKTOP,AT_RISK,,0,63.83,0,False,False,769,2,3,0.163487,1328,31,23,8,0.7419,4701.71,0.8099,23,UPI,EDUCATION,MEDIUM,2207.0,0.9735,0.0265,20,0,8
EVT_00000409,RETRY_LATER,True,ALLOWED,0.144337,1,5247.99,PAYMENT_FAILURE,2026-08-21 11:40:54,CUS_001441,MER_00019,5247.99,INR,CARD,DESKTOP,FAILED,PAYMENT_LIMIT,1,9.61,0,False,False,0,0,0,0.294337,1175,75,55,20,0.7333,6513.12,0.8884,62,CARD,FOOD_DELIVERY,MEDIUM,3617.98,0.9102,0.0898,11,4,8
EVT_00000455,RETRY_LATER,True,ALLOWED,0.151095,0,0.0,SUBSCRIPTION_FAILURE,2026-08-10 17:29:04,CUS_000847,MER_00062,7282.38,INR,UPI,MOBILE,AT_RISK,,0,59.49,0,False,False,181,3,3,0.201095,259,69,61,8,0.8841,5452.04,0.5548,61,NETBANKING,SAAS,SMALL,1825.36,0.9707,0.0293,17,0,8
EVT_00000457,RETRY_LATER,True,ALLOWED,0.044415,0,0.0,PAYMENT_FAILURE,2026-08-12 07:56:16,CUS_001652,MER_00129,1576.37,INR,UPI,DESKTOP,FAILED,PAYMENT_LIMIT,2,70.94,0,False,False,0,0,0,0.294415,56,6,6,0,1.0,4896.37,0.9532,75,CARD,TRAVEL,SMALL,6672.36,0.894,0.106,7,2,8
EVT_00000482,RETRY_LATER,True,ALLOWED,0.484485,1,5449.91,CHECKOUT_ABANDONMENT,2026-08-28 20:52:05,CUS_000778,MER_00079,5449.91,INR,UPI,MOBILE,AT_RISK,,0,62.85,863,False,False,0,0,0,0.534485,204,72,63,9,0.875,3888.84,0.8504,80,CARD,FOOD_DELIVERY,LARGE,412.23,0.9077,0.0923,20,4,8
EVT_00000497,RETRY_LATER,True,ALLOWED,0.127823,0,0.0,SUBSCRIPTION_FAILURE,2026-08-06 02:19:04,CUS_000403,MER_00135,3533.28,INR,CARD,MOBILE,AT_RISK,,0,53.84,0,False,False,774,1,3,0.177823,501,59,52,7,0.8814,4659.44,0.7415,32,UPI,FOOD_DELIVERY,SMALL,9749.43,0.833,0.167,2,3,8
EVT_00000517,ALTERNATIVE_PAYMENT,True,ALLOWED,0.596132,1,5808.8,SUBSCRIPTION_FAILURE,2026-08-26 07:32:22,CUS_001423,MER_00122,5808.8,INR,UPI,DESKTOP,AT_RISK,,0,12.59,0,False,False,239,14,0,0.566132,895,48,36,12,0.75,11474.58,0.7168,28,NETBANKING,TRAVEL,LARGE,1261.74,0.7975,0.2025,7,2,8
EVT_00000523,RETRY_LATER,False,RETRY_LIMIT_REACHED,0.0,0,0.0,PAYMENT_FAILURE,2026-08-21 10:04:51,CUS_000862,MER_00116,2427.26,INR,NETBANKING,DESKTOP,FAILED,INSUFFICIENT_BALANCE,3,32.78,0,False,False,0,0,0,0.184633,1393,74,67,7,0.9054,2810.9,0.832,42,WALLET,E_COMMERCE,SMALL,2851.89,0.9217,0.0783,10,4,8
EVT_00000527,ALTERNATIVE_PAYMENT,True,ALLOWED,0.465948,1,6567.81,PAYMENT_FAILURE,2026-08-06 14:01:44,CUS_001764,MER_00105,6567.81,INR,NETBANKING,MOBILE,FAILED,TIMEOUT,1,3.58,0,False,False,0,0,0,0.435948,914,51,29,22,0.5686,4186.42,0.6093,8,UPI,SAAS,LARGE,3288.97,0.911,0.089,14,3,8
EVT_00000531,RETRY_LATER,True,ALLOWED,0.144887,0,0.0,PAYMENT_FAILURE,2026-08-12 02:27:27,CUS_001162,MER_00092,24040.29,INR,WALLET,DESKTOP,FAILED,ISSUER_DECLINE,1,54.25,0,False,False,0,0,0,0.294887,763,71,67,4,0.9437,6158.92,0.982,88,UPI,E_COMMERCE,SMALL,2690.26,0.8466,0.1534,2,2,8
EVT_00000547,ALTERNATIVE_PAYMENT,True,ALLOWED,0.197017,1,1431.32,PAYMENT_FAILURE,2026-08-04 14:46:24,CUS_000461,MER_00126,1431.32,INR,CARD,MOBILE,FAILED,INSUFFICIENT_BALANCE,3,6.63,0,False,False,0,0,0,0.167017,1093,27,23,4,0.8519,1846.27,0.359,78,CARD,DIGITAL_SERVICES,SMALL,2499.99,0.8824,0.1176,14,1,8
EVT_00000564,ALTERNATIVE_PAYMENT,True,ALLOWED,0.636187,1,5569.08,SUBSCRIPTION_FAILURE,2026-08-29 11:03:44,CUS_000787,MER_00178,5569.08,INR,UPI,DESKTOP,AT_RISK,,0,11.88,0,False,False,891,13,0,0.606187,77,23,18,5,0.7826,3434.09,0.6769,6,CARD,EDUCATION,SMALL,7809.93,0.9459,0.0541,11,5,8
EVT_00000581,RETRY_LATER,True,ALLOWED,0.727343,1,9786.74,PAYMENT_FAILURE,2026-08-14 18:37:09,CUS_000369,MER_00069,9786.74,INR,UPI,MOBILE,FAILED,NETWORK_ERROR,0,12.05,0,False,False,0,0,0,0.607343,62,13,12,1,0.9231,3668.45,0.9021,59,UPI,E_COMMERCE,SMALL,12615.7,0.7608,0.2392,18,4,8
EVT_00000583,ALTERNATIVE_PAYMENT,True,ALLOWED,0.410425,1,723.45,PAYMENT_FAILURE,2026-08-27 13:25:02,CUS_001351,MER_00182,723.45,INR,NETBANKING,MOBILE,FAILED,INSUFFICIENT_BALANCE,0,24.87,0,False,False,0,0,0,0.380425,118,13,11,2,0.8462,1543.21,0.6706,2,UPI,DIGITAL_SERVICES,SMALL,4671.98,0.9884,0.0116,13,3,8
EVT_00000611,ALTERNATIVE_PAYMENT,True,ALLOWED,0.490504,1,9815.59,PAYMENT_FAILURE,2026-08-02 13:24:05,CUS_001817,MER_00091,9815.59,INR,UPI,TABLET,FAILED,PAYMENT_LIMIT,2,47.43,0,False,False,0,0,0,0.310504,374,36,34,2,0.9444,13062.45,0.8863,33,CARD,EDUCATION,SMALL,20175.16,0.9906,0.0094,13,6,8
EVT_00000617,RETRY_LATER,True,ALLOWED,0.706126,1,2789.82,CHECKOUT_ABANDONMENT,2026-08-13 06:46:41,CUS_000142,MER_00082,2789.82,INR,UPI,MOBILE,AT_RISK,,0,46.62,672,True,False,0,0,0,0.756126,345,70,65,5,0.9286,980.04,0.7933,83,UPI,DIGITAL_SERVICES,SMALL,5119.5,0.9572,0.0428,6,3,8
EVT_00000621,RETRY_LATER,True,ALLOWED,0.467067,1,1785.43,SUBSCRIPTION_FAILURE,2026-08-17 10:05:45,CUS_000595,MER_00030,1785.43,INR,UPI,MOBILE,AT_RISK,,0,10.74,0,False,False,199,18,1,0.517067,501,25,22,3,0.88,5224.27,0.8852,54,NETBANKING,TRAVEL,LARGE,789.69,0.9193,0.0807,10,0,8
EVT_00000627,RETRY_LATER,True,ALLOWED,0.660812,1,987.9,CHECKOUT_ABANDONMENT,2026-08-05 17:32:09,CUS_000970,MER_00047,987.9,INR,UPI,MOBILE,AT_RISK,,0,35.95,424,True,False,0,0,0,0.710812,83,51,44,7,0.8627,1392.08,0.9161,42,UPI,DIGITAL_SERVICES,SMALL,5866.47,0.813,0.187,17,2,8
EVT_00000628,ALTERNATIVE_PAYMENT,True,ALLOWED,0.753408,1,18101.16,CHECKOUT_ABANDONMENT,2026-08-03 01:36:00,CUS_000244,MER_00144,18101.16,INR,CARD,MOBILE,AT_RISK,,0,28.6,470,True,False,0,0,0,0.723408,985,9,7,2,0.7778,16723.29,0.9609,6,NETBANKING,E_COMMERCE,SMALL,11138.28,0.8359,0.1641,1,0,8
EVT_00000633,RETRY_LATER,True,ALLOWED,0.140367,0,0.0,PAYMENT_FAILURE,2026-08-19 12:23:20,CUS_000424,MER_00124,3000.73,INR,CARD,DESKTOP,FAILED,PAYMENT_LIMIT,1,33.61,0,False,False,0,0,0,0.290367,884,66,55,11,0.8333,4789.86,0.8859,29,CARD,TRAVEL,SMALL,2268.54,0.7268,0.2732,12,2,8
EVT_00000634,RETRY_LATER,True,ALLOWED,0.723546,1,4215.38,CHECKOUT_ABANDONMENT,2026-08-24 10:36:07,CUS_000759,MER_00001,4215.38,INR,CARD,MOBILE,AT_RISK,,0,24.84,527,True,False,0,0,0,0.773546,218,29,28,1,0.9655,6277.45,0.6089,70,UPI,FOOD_DELIVERY,SMALL,6229.18,0.9913,0.0087,10,0,8
EVT_00000642,ALTERNATIVE_PAYMENT,True,ALLOWED,0.364318,1,12163.7,PAYMENT_FAILURE,2026-08-25 11:48:04,CUS_001091,MER_00175,12163.7,INR,UPI,DESKTOP,FAILED,ISSUER_DECLINE,3,52.87,0,False,False,0,0,0,0.184318,769,28,28,0,1.0,12709.56,0.6443,14,UPI,RETAIL,SMALL,14742.91,0.995,0.005,11,1,8
EVT_00000653,RETRY_LATER,True,ALLOWED,0.01,0,0.0,PAYMENT_FAILURE,2026-08-17 04:55:12,CUS_001974,MER_00091,5343.62,INR,CARD,MOBILE,FAILED,INSUFFICIENT_BALANCE,2,57.4,0,False,False,0,0,0,0.258864,531,21,19,2,0.9048,9049.83,0.6761,44,CARD,EDUCATION,SMALL,20175.16,0.9906,0.0094,4,0,8
EVT_00000655,RECOVERY_REMINDER,True,ALLOWED,0.29869,1,1203.16,PAYMENT_FAILURE,2026-08-29 12:06:29,CUS_000723,MER_00027,1203.16,INR,CARD,MOBILE,FAILED,PAYMENT_LIMIT,2,8.78,0,False,False,0,0,0,0.27869,1272,9,9,0,1.0,1404.35,0.7121,86,NETBANKING,DIGITAL_SERVICES,SMALL,12097.35,0.8025,0.1975,12,5,8
EVT_00000677,RETRY_LATER,True,ALLOWED,0.637984,1,6931.08,CHECKOUT_ABANDONMENT,2026-08-01 19:48:19,CUS_000941,MER_00063,6931.08,INR,CARD,MOBILE,AT_RISK,,0,40.49,199,True,False,0,0,0,0.687984,1045,57,43,14,0.7544,7933.26,0.7323,47,UPI,E_COMMERCE,SMALL,3066.57,0.806,0.194,19,5,8
EVT_00000687,RETRY_LATER,True,ALLOWED,0.675659,1,3792.0,CHECKOUT_ABANDONMENT,2026-08-11 17:35:14,CUS_001018,MER_00078,3792.0,INR,WALLET,MOBILE,AT_RISK,,0,34.72,222,True,False,0,0,0,0.725659,756,18,15,3,0.8333,4038.45,0.4458,30,UPI,E_COMMERCE,LARGE,10945.16,0.9248,0.0752,17,1,8
EVT_00000697,RETRY_LATER,False,RETRY_LIMIT_REACHED,0.0,0,0.0,PAYMENT_FAILURE,2026-08-26 00:39:54,CUS_000118,MER_00033,4606.78,INR,UPI,MOBILE,FAILED,PAYMENT_LIMIT,3,29.12,0,False,False,0,0,0,0.206297,235,43,40,3,0.9302,3775.89,0.8898,75,CARD,RETAIL,SMALL,1741.31,0.8328,0.1672,0,2,8
EVT_00000698,RECOVERY_REMINDER,True,ALLOWED,0.409928,1,36193.4,PAYMENT_FAILURE,2026-08-08 15:32:50,CUS_000670,MER_00128,36193.4,INR,CARD,MOBILE,FAILED,INSUFFICIENT_BALANCE,1,29.44,0,False,False,0,0,0,0.389928,224,77,68,9,0.8831,54872.69,0.6093,55,CARD,TRAVEL,LARGE,637.62,0.9635,0.0365,15,5,8
EVT_00000708,RECOVERY_REMINDER,True,ALLOWED,0.859959,1,11292.61,CHECKOUT_ABANDONMENT,2026-08-17 18:48:01,CUS_001738,MER_00082,11292.61,INR,UPI,MOBILE,AT_RISK,,0,44.5,77,True,False,0,0,0,0.709959,176,42,37,5,0.881,16455.98,0.5136,57,CARD,DIGITAL_SERVICES,SMALL,5119.5,0.9572,0.0428,18,0,8
EVT_00000709,RETRY_LATER,True,ALLOWED,0.65832,1,3375.11,PAYMENT_FAILURE,2026-08-23 15:21:39,CUS_001761,MER_00073,3375.11,INR,UPI,MOBILE,FAILED,TIMEOUT,0,52.41,0,False,False,0,0,0,0.53832,595,14,9,5,0.6429,4629.42,0.3072,76,UPI,FOOD_DELIVERY,MEDIUM,9905.73,0.8881,0.1119,15,6,8
EVT_00000710,ALTERNATIVE_PAYMENT,True,ALLOWED,0.504386,1,21822.29,SUBSCRIPTION_FAILURE,2026-08-20 23:43:26,CUS_000119,MER_00067,21822.29,INR,UPI,DESKTOP,AT_RISK,,0,27.61,0,False,False,347,14,2,0.474386,390,44,42,2,0.9545,18877.88,0.9126,27,CARD,TRAVEL,SMALL,6615.57,0.8781,0.1219,23,3,8
EVT_00000716,RETRY_LATER,True,ALLOWED,0.239427,1,8078.25,SUBSCRIPTION_FAILURE,2026-08-23 23:29:29,CUS_000375,MER_00141,8078.25,INR,UPI,DESKTOP,AT_RISK,,0,37.07,0,False,False,684,8,3,0.289427,1332,56,51,5,0.9107,4212.53,0.6671,20,UPI,E_COMMERCE,MEDIUM,5168.9,0.7,0.3,23,6,8
EVT_00000735,HUMAN_ESCALATION,True,ALLOWED,0.289739,1,4699.11,PAYMENT_FAILURE,2026-08-03 00:13:02,CUS_001108,MER_00110,4699.11,INR,CARD,MOBILE,FAILED,TIMEOUT,3,8.93,0,False,False,0,0,0,0.389739,1363,30,27,3,0.9,3289.12,0.9398,71,WALLET,FOOD_DELIVERY,MEDIUM,25287.45,0.9495,0.0505,0,0,8
EVT_00000739,ALTERNATIVE_PAYMENT,True,ALLOWED,0.504405,1,1492.09,PAYMENT_FAILURE,2026-08-09 01:58:52,CUS_001674,MER_00096,1492.09,INR,NETBANKING,MOBILE,FAILED,EXPIRED_PAYMENT_METHOD,2,12.33,0,False,False,0,0,0,0.324405,1144,1,1,0,1.0,1032.26,0.7071,65,CARD,TRAVEL,MEDIUM,3014.41,0.9456,0.0544,1,6,8
EVT_00000743,RETRY_LATER,True,ALLOWED,0.26627,1,3359.42,SUBSCRIPTION_FAILURE,2026-08-28 04:32:03,CUS_001157,MER_00158,3359.42,INR,UPI,MOBILE,AT_RISK,,0,60.35,0,False,False,407,16,3,0.31627,206,61,58,3,0.9508,2190.95,0.7471,19,UPI,SAAS,MEDIUM,23542.32,0.8428,0.1572,4,4,8
EVT_00000765,ALTERNATIVE_PAYMENT,True,ALLOWED,0.37307,1,5100.77,PAYMENT_FAILURE,2026-08-29 19:04:48,CUS_000684,MER_00168,5100.77,INR,CARD,MOBILE,FAILED,ISSUER_DECLINE,1,45.93,0,False,False,0,0,0,0.19307,1439,65,45,20,0.6923,2728.27,0.923,51,UPI,RETAIL,LARGE,1697.36,0.8567,0.1433,19,5,8
EVT_00000771,RETRY_LATER,False,RETRY_LIMIT_REACHED,0.0,0,0.0,PAYMENT_FAILURE,2026-08-30 17:52:07,CUS_000782,MER_00064,4592.68,INR,UPI,MOBILE,FAILED,PAYMENT_LIMIT,3,1.87,0,False,False,0,0,0,0.202741,966,74,63,11,0.8514,4632.23,0.4945,40,UPI,TRAVEL,SMALL,4568.4,0.9534,0.0466,17,6,8
EVT_00000774,RETRY_LATER,True,ALLOWED,0.623556,1,11488.27,SUBSCRIPTION_FAILURE,2026-08-16 01:23:22,CUS_001162,MER_00007,11488.27,INR,NETBANKING,MOBILE,AT_RISK,,0,64.72,0,False,False,543,9,0,0.673556,763,71,67,4,0.9437,6158.92,0.982,88,UPI,EDUCATION,SMALL,5075.52,0.9361,0.0639,1,6,8
EVT_00000775,RETRY_LATER,True,ALLOWED,0.571283,1,4276.68,PAYMENT_FAILURE,2026-08-25 19:40:47,CUS_000287,MER_00001,4276.68,INR,UPI,DESKTOP,FAILED,NETWORK_ERROR,1,69.82,0,False,False,0,0,0,0.551283,266,72,66,6,0.9167,2520.55,0.7832,30,UPI,FOOD_DELIVERY,SMALL,6229.18,0.9913,0.0087,19,1,8
EVT_00000778,HUMAN_ESCALATION,True,ALLOWED,0.15848,1,10870.41,SUBSCRIPTION_FAILURE,2026-08-29 06:04:58,CUS_000160,MER_00049,10870.41,INR,CARD,MOBILE,AT_RISK,,0,69.31,0,False,False,814,4,2,0.25848,1182,27,23,4,0.8519,8534.63,0.897,89,CARD,EDUCATION,SMALL,8781.92,0.8307,0.1693,6,5,8
EVT_00000780,RETRY_LATER,True,ALLOWED,0.599891,1,3756.14,SUBSCRIPTION_FAILURE,2026-08-02 11:50:25,CUS_001493,MER_00200,3756.14,INR,NETBANKING,DESKTOP,AT_RISK,,0,29.1,0,False,False,384,7,0,0.649891,72,30,30,0,1.0,2727.41,0.8207,85,UPI,TRAVEL,LARGE,3303.67,0.795,0.205,11,6,8
EVT_00000785,RETRY_LATER,True,ALLOWED,0.486666,1,1446.83,CHECKOUT_ABANDONMENT,2026-08-12 22:59:14,CUS_001318,MER_00019,1446.83,INR,WALLET,MOBILE,AT_RISK,,0,64.11,639,False,False,0,0,0,0.536666,897,32,29,3,0.9062,3291.44,0.8928,44,WALLET,FOOD_DELIVERY,MEDIUM,3617.98,0.9102,0.0898,22,2,8
EVT_00000794,RETRY_LATER,False,RETRY_LIMIT_REACHED,0.0,0,0.0,PAYMENT_FAILURE,2026-08-12 00:50:04,CUS_000911,MER_00049,973.11,INR,CARD,DESKTOP,FAILED,TIMEOUT,3,19.43,0,False,False,0,0,0,0.354948,1162,9,8,1,0.8889,1018.39,0.8953,36,CARD,EDUCATION,SMALL,8781.92,0.8307,0.1693,0,2,8
EVT_00000804,RETRY_LATER,True,ALLOWED,0.482827,1,4974.68,CHECKOUT_ABANDONMENT,2026-08-13 09:52:41,CUS_001614,MER_00077,4974.68,INR,UPI,MOBILE,AT_RISK,,0,35.46,593,False,False,0,0,0,0.532827,1048,6,5,1,0.8333,3239.58,0.8413,5,CARD,TRAVEL,MEDIUM,2007.39,0.9835,0.0165,9,3,8
EVT_00000805,RECOVERY_REMINDER,True,ALLOWED,0.537532,1,21441.48,SUBSCRIPTION_FAILURE,2026-08-18 04:58:03,CUS_000156,MER_00051,21441.48,INR,UPI,MOBILE,AT_RISK,,0,64.5,0,False,False,123,20,1,0.517532,1003,39,33,6,0.8462,6276.8,0.6529,0,NETBANKING,EDUCATION,MEDIUM,3095.23,0.7393,0.2607,4,1,8
EVT_00000807,RETRY_LATER,True,ALLOWED,0.01,0,0.0,PAYMENT_FAILURE,2026-08-25 18:31:54,CUS_000107,MER_00083,6120.8,INR,UPI,DESKTOP,FAILED,EXPIRED_PAYMENT_METHOD,2,49.15,0,False,False,0,0,0,0.244597,1177,61,43,18,0.7049,8193.17,0.8596,0,UPI,FOOD_DELIVERY,MEDIUM,6899.34,0.9485,0.0515,18,1,8
EVT_00000815,RETRY_LATER,True,ALLOWED,0.01,0,0.0,PAYMENT_FAILURE,2026-08-05 04:30:29,CUS_001890,MER_00058,8907.68,INR,CARD,DESKTOP,FAILED,ISSUER_DECLINE,2,49.96,0,False,False,0,0,0,0.200221,691,66,60,6,0.9091,5424.79,0.8689,34,NETBANKING,SAAS,LARGE,1566.76,0.8967,0.1033,4,2,8
EVT_00000816,RECOVERY_REMINDER,True,ALLOWED,0.430002,1,2081.28,PAYMENT_FAILURE,2026-08-16 10:52:22,CUS_000869,MER_00052,2081.28,INR,NETBANKING,MOBILE,FAILED,INSUFFICIENT_BALANCE,0,14.05,0,False,False,0,0,0,0.410002,686,68,63,5,0.9265,2148.29,0.7243,7,UPI,RETAIL,LARGE,8899.2,0.9756,0.0244,10,6,8
EVT_00000820,RETRY_LATER,True,ALLOWED,0.751504,1,26672.3,CHECKOUT_ABANDONMENT,2026-08-26 23:43:59,CUS_000281,MER_00176,26672.3,INR,UPI,DESKTOP,AT_RISK,,0,32.81,541,True,False,0,0,0,0.801504,435,61,59,2,0.9672,11455.2,0.8421,9,CARD,FOOD_DELIVERY,SMALL,1683.95,0.9165,0.0835,23,2,8
EVT_00000821,RETRY_LATER,True,ALLOWED,0.641403,1,6010.59,PAYMENT_FAILURE,2026-08-22 15:09:38,CUS_000789,MER_00103,6010.59,INR,CARD,DESKTOP,FAILED,BANK_TECHNICAL_ERROR,1,41.7,0,False,False,0,0,0,0.621403,830,1,1,0,1.0,4278.52,0.9893,38,CARD,FOOD_DELIVERY,SMALL,12886.43,0.9255,0.0745,15,5,8
EVT_00000830,RETRY_LATER,True,ALLOWED,0.794504,1,7518.66,PAYMENT_FAILURE,2026-08-09 20:11:44,CUS_001550,MER_00149,7518.66,INR,CARD,MOBILE,FAILED,TIMEOUT,0,67.64,0,False,False,0,0,0,0.674504,36,51,50,1,0.9804,5233.18,0.9508,73,CARD,EDUCATION,SMALL,3023.4,0.9223,0.0777,20,6,8
EVT_00000847,ALTERNATIVE_PAYMENT,True,ALLOWED,0.84588,1,24952.23,CHECKOUT_ABANDONMENT,2026-08-09 14:00:13,CUS_001338,MER_00115,24952.23,INR,NETBANKING,MOBILE,AT_RISK,,0,12.06,340,True,False,0,0,0,0.81588,465,4,4,0,1.0,13277.06,0.756,21,UPI,E_COMMERCE,MEDIUM,4625.14,0.9927,0.0073,14,6,8
EVT_00000854,RETRY_LATER,True,ALLOWED,0.716075,1,9062.97,CHECKOUT_ABANDONMENT,2026-08-08 06:36:39,CUS_001312,MER_00186,9062.97,INR,UPI,MOBILE,AT_RISK,,0,43.07,215,True,True,0,0,0,0.766075,541,32,30,2,0.9375,14282.53,0.7802,2,NETBANKING,SAAS,LARGE,6624.61,0.9305,0.0695,6,5,8
EVT_00000855,ALTERNATIVE_PAYMENT,True,ALLOWED,0.270395,1,946.39,SUBSCRIPTION_FAILURE,2026-08-13 10:57:05,CUS_001354,MER_00114,946.39,INR,CARD,MOBILE,AT_RISK,,0,20.98,0,False,False,389,2,2,0.240395,1375,58,53,5,0.9138,1283.49,0.6844,67,NETBANKING,FOOD_DELIVERY,MEDIUM,5161.89,0.7179,0.2821,10,3,8
EVT_00000867,RETRY_LATER,True,ALLOWED,0.484409,1,11874.22,SUBSCRIPTION_FAILURE,2026-08-18 01:03:53,CUS_001561,MER_00045,11874.22,INR,UPI,MOBILE,AT_RISK,,0,8.84,0,False,False,344,9,1,0.534409,457,6,5,1,0.8333,10719.51,0.8859,34,UPI,FOOD_DELIVERY,MEDIUM,1683.01,0.9677,0.0323,1,1,8
EVT_00000869,RETRY_LATER,True,ALLOWED,0.471297,1,1737.04,CHECKOUT_ABANDONMENT,2026-08-07 20:16:01,CUS_001489,MER_00108,1737.04,INR,UPI,MOBILE,AT_RISK,,0,26.47,371,False,False,0,0,0,0.521297,193,35,31,4,0.8857,2383.74,0.7848,2,CARD,RETAIL,SMALL,3048.05,0.8679,0.1321,20,4,8
EVT_00000871,ALTERNATIVE_PAYMENT,True,ALLOWED,0.339076,1,4321.69,SUBSCRIPTION_FAILURE,2026-08-14 19:47:34,CUS_000105,MER_00159,4321.69,INR,WALLET,MOBILE,AT_RISK,,0,45.37,0,False,False,166,22,3,0.309076,1201,69,63,6,0.913,5086.63,0.813,23,UPI,EDUCATION,MEDIUM,1436.79,0.8598,0.1402,19,4,8
EVT_00000879,RECOVERY_REMINDER,True,ALLOWED,0.622621,1,1081.91,PAYMENT_FAILURE,2026-08-23 16:41:42,CUS_000157,MER_00081,1081.91,INR,UPI,DESKTOP,FAILED,TIMEOUT,0,70.63,0,False,False,0,0,0,0.602621,215,35,29,6,0.8286,2005.85,0.5738,45,CARD,FOOD_DELIVERY,MEDIUM,42052.11,0.8971,0.1029,16,6,8
EVT_00000885,RETRY_LATER,True,ALLOWED,0.369233,1,10156.77,SUBSCRIPTION_FAILURE,2026-08-11 04:53:43,CUS_000141,MER_00015,10156.77,INR,CARD,MOBILE,AT_RISK,,0,18.33,0,False,False,82,14,2,0.419233,1474,56,50,6,0.8929,5695.79,0.7679,65,UPI,EDUCATION,SMALL,2436.77,0.8602,0.1398,4,1,8
EVT_00000886,RETRY_LATER,True,ALLOWED,0.233003,1,4866.78,SUBSCRIPTION_FAILURE,2026-08-05 06:08:53,CUS_000174,MER_00114,4866.78,INR,NETBANKING,TABLET,AT_RISK,,0,31.88,0,False,False,392,9,3,0.283003,1091,61,55,6,0.9016,4270.93,0.5078,45,WALLET,FOOD_DELIVERY,MEDIUM,5161.89,0.7179,0.2821,6,2,8
EVT_00000917,ALTERNATIVE_PAYMENT,True,ALLOWED,0.348287,1,632.31,PAYMENT_FAILURE,2026-08-26 17:18:12,CUS_000977,MER_00018,632.31,INR,UPI,MOBILE,FAILED,ISSUER_DECLINE,2,27.02,0,False,False,0,0,0,0.168287,170,40,33,7,0.825,949.71,0.6346,69,CARD,E_COMMERCE,SMALL,8469.12,0.8917,0.1083,17,2,8
EVT_00000928,RETRY_LATER,True,ALLOWED,0.751744,1,6433.57,PAYMENT_FAILURE,2026-08-07 06:32:58,CUS_001049,MER_00107,6433.57,INR,UPI,MOBILE,FAILED,TIMEOUT,0,70.76,0,False,False,0,0,0,0.631744,1012,14,12,2,0.8571,2265.92,0.3675,54,CARD,E_COMMERCE,SMALL,15795.0,0.9309,0.0691,6,4,8
EVT_00000935,RETRY_LATER,True,ALLOWED,0.371016,1,7850.41,SUBSCRIPTION_FAILURE,2026-08-07 07:18:08,CUS_001825,MER_00010,7850.41,INR,CARD,DESKTOP,AT_RISK,,0,40.96,0,False,False,458,2,1,0.421016,1165,47,46,1,0.9787,6793.95,0.8137,31,CARD,DIGITAL_SERVICES,MEDIUM,15078.75,0.9873,0.0127,7,4,8
EVT_00000957,ALTERNATIVE_PAYMENT,True,ALLOWED,0.616837,1,5237.01,PAYMENT_FAILURE,2026-08-02 22:31:06,CUS_000610,MER_00167,5237.01,INR,CARD,MOBILE,FAILED,PAYMENT_LIMIT,0,0.85,0,False,False,0,0,0,0.436837,1290,66,62,4,0.9394,5039.87,0.671,54,CARD,EDUCATION,SMALL,8093.76,0.8619,0.1381,22,6,8
EVT_00000962,ALTERNATIVE_PAYMENT,True,ALLOWED,0.789106,1,3775.61,CHECKOUT_ABANDONMENT,2026-08-14 07:06:58,CUS_001698,MER_00073,3775.61,INR,UPI,MOBILE,AT_RISK,,0,19.5,483,True,False,0,0,0,0.759106,249,33,32,1,0.9697,2508.72,0.5086,64,CARD,FOOD_DELIVERY,MEDIUM,9905.73,0.8881,0.1119,7,4,8
EVT_00000967,RECOVERY_REMINDER,True,ALLOWED,0.845505,1,1609.47,CHECKOUT_ABANDONMENT,2026-08-19 05:41:48,CUS_001437,MER_00078,1609.47,INR,UPI,DESKTOP,AT_RISK,,0,37.65,75,True,False,0,0,0,0.695505,657,24,22,2,0.9167,1974.68,0.5899,74,UPI,E_COMMERCE,LARGE,10945.16,0.9248,0.0752,5,2,8
EVT_00000969,RETRY_LATER,True,ALLOWED,0.650697,1,31574.1,SUBSCRIPTION_FAILURE,2026-08-23 10:24:57,CUS_000976,MER_00060,31574.1,INR,CARD,DESKTOP,AT_RISK,,0,69.94,0,False,False,419,20,0,0.700697,361,38,33,5,0.8684,21980.49,0.7924,87,NETBANKING,FOOD_DELIVERY,LARGE,5310.7,0.9841,0.0159,10,6,8
EVT_00000972,RETRY_LATER,True,ALLOWED,0.421697,1,2350.7,SUBSCRIPTION_FAILURE,2026-08-30 19:24:28,CUS_000923,MER_00112,2350.7,INR,UPI,MOBILE,AT_RISK,,0,4.2,0,False,False,276,19,1,0.471697,686,10,8,2,0.8,2926.16,0.4905,68,CARD,DIGITAL_SERVICES,SMALL,3201.31,0.8352,0.1648,19,6,8
EVT_00000975,RETRY_LATER,True,ALLOWED,0.01,0,0.0,PAYMENT_FAILURE,2026-08-07 17:45:59,CUS_000073,MER_00086,1395.97,INR,UPI,MOBILE,FAILED,ISSUER_DECLINE,2,60.88,0,False,False,0,0,0,0.184478,710,32,27,5,0.8438,1941.84,0.5828,55,CARD,EDUCATION,LARGE,4399.36,0.9863,0.0137,17,4,8
EVT_00000978,RETRY_LATER,True,ALLOWED,0.60374,1,4572.18,SUBSCRIPTION_FAILURE,2026-08-24 00:16:44,CUS_001189,MER_00063,4572.18,INR,UPI,DESKTOP,AT_RISK,,0,66.38,0,False,False,539,8,0,0.65374,862,5,5,0,1.0,2996.25,0.6926,25,UPI,E_COMMERCE,SMALL,3066.57,0.806,0.194,0,0,8
EVT_00000982,RETRY_LATER,True,ALLOWED,0.280214,1,1816.21,PAYMENT_FAILURE,2026-08-19 17:23:21,CUS_000098,MER_00187,1816.21,INR,CARD,MOBILE,FAILED,ISSUER_DECLINE,0,65.97,0,False,False,0,0,0,0.330214,1033,68,62,6,0.9118,2371.85,0.662,19,CARD,FOOD_DELIVERY,LARGE,11630.69,0.9524,0.0476,17,2,8
EVT_00000983,HUMAN_ESCALATION,True,ALLOWED,0.327462,1,1565.45,PAYMENT_FAILURE,2026-08-09 08:19:17,CUS_001409,MER_00179,1565.45,INR,CARD,MOBILE,FAILED,TIMEOUT,1,18.95,0,False,False,0,0,0,0.427462,32,53,34,19,0.6415,1572.93,0.73,47,CARD,DIGITAL_SERVICES,SMALL,4183.78,0.7936,0.2064,8,6,8
EVT_00000988,ALTERNATIVE_PAYMENT,True,ALLOWED,0.496476,1,1299.11,PAYMENT_FAILURE,2026-08-25 22:37:45,CUS_000284,MER_00029,1299.11,INR,NETBANKING,MOBILE,FAILED,TIMEOUT,2,58.22,0,False,False,0,0,0,0.466476,751,63,59,4,0.9365,4222.72,0.4478,32,UPI,FOOD_DELIVERY,SMALL,5041.91,0.8787,0.1213,22,1,8
EVT_00000989,ALTERNATIVE_PAYMENT,True,ALLOWED,0.411617,1,4132.09,PAYMENT_FAILURE,2026-08-22 23:17:14,CUS_001400,MER_00159,4132.09,INR,UPI,MOBILE,FAILED,BANK_TECHNICAL_ERROR,3,24.37,0,False,False,0,0,0,0.381617,470,58,50,8,0.8621,4862.91,0.9133,0,CARD,EDUCATION,MEDIUM,1436.79,0.8598,0.1402,23,5,8
EVT_00001005,ALTERNATIVE_PAYMENT,True,ALLOWED,0.481078,1,4183.34,CHECKOUT_ABANDONMENT,2026-08-02 00:55:48,CUS_001981,MER_00054,4183.34,INR,UPI,MOBILE,AT_RISK,,0,68.54,576,False,False,0,0,0,0.451078,996,36,24,12,0.6667,4732.9,0.9013,12,CARD,SAAS,SMALL,6765.64,0.896,0.104,0,6,8
EVT_00001007,ALTERNATIVE_PAYMENT,True,ALLOWED,0.474134,1,3862.91,PAYMENT_FAILURE,2026-08-28 05:49:44,CUS_000457,MER_00003,3862.91,INR,UPI,DESKTOP,FAILED,TIMEOUT,2,5.02,0,False,False,0,0,0,0.444134,247,67,60,7,0.8955,7254.51,0.8222,41,UPI,DIGITAL_SERVICES,SMALL,2951.94,0.8109,0.1891,5,4,8
EVT_00001008,RETRY_LATER,False,RETRY_LIMIT_REACHED,0.0,0,0.0,PAYMENT_FAILURE,2026-08-30 04:38:19,CUS_000519,MER_00041,4960.48,INR,NETBANKING,MOBILE,FAILED,INSUFFICIENT_BALANCE,3,32.36,0,False,False,0,0,0,0.185327,728,12,11,1,0.9167,4096.44,0.9102,32,UPI,TRAVEL,MEDIUM,3690.69,0.8746,0.1254,4,6,8
EVT_00001010,RETRY_LATER,True,ALLOWED,0.421579,1,4643.77,PAYMENT_FAILURE,2026-08-21 01:10:45,CUS_001651,MER_00137,4643.77,INR,NETBANKING,MOBILE,FAILED,BANK_TECHNICAL_ERROR,2,50.78,0,False,False,0,0,0,0.501579,308,10,9,1,0.9,6330.55,0.4463,19,UPI,SAAS,MEDIUM,8339.15,0.9561,0.0439,1,4,8
EVT_00001012,ALTERNATIVE_PAYMENT,True,ALLOWED,0.256696,1,2940.68,PAYMENT_FAILURE,2026-08-16 15:09:15,CUS_001527,MER_00179,2940.68,INR,UPI,MOBILE,FAILED,INSUFFICIENT_BALANCE,2,32.4,0,False,False,0,0,0,0.226696,498,11,10,1,0.9091,8911.76,0.9452,2,UPI,DIGITAL_SERVICES,SMALL,4183.78,0.7936,0.2064,15,6,8
EVT_00001021,HUMAN_ESCALATION,True,ALLOWED,0.265809,1,1719.32,PAYMENT_FAILURE,2026-08-14 15:36:10,CUS_000817,MER_00003,1719.32,INR,CARD,TABLET,FAILED,TIMEOUT,3,53.7,0,False,False,0,0,0,0.365809,93,54,50,4,0.9259,1712.67,0.7993,64,CARD,DIGITAL_SERVICES,SMALL,2951.94,0.8109,0.1891,15,4,8
EVT_00001035,RETRY_LATER,True,ALLOWED,0.69368,1,529.43,CHECKOUT_ABANDONMENT,2026-08-08 08:43:51,CUS_000891,MER_00078,529.43,INR,CARD,MOBILE,AT_RISK,,0,49.72,218,True,False,0,0,0,0.74368,176,12,11,1,0.9167,1590.26,0.5178,17,UPI,E_COMMERCE,LARGE,10945.16,0.9248,0.0752,8,5,8
EVT_00001041,RETRY_LATER,True,ALLOWED,0.693698,1,6742.86,CHECKOUT_ABANDONMENT,2026-08-11 18:57:57,CUS_000190,MER_00186,6742.86,INR,UPI,TABLET,AT_RISK,,0,45.93,883,True,False,0,0,0,0.743698,473,47,41,6,0.8723,8314.15,0.7599,9,CARD,SAAS,LARGE,6624.61,0.9305,0.0695,18,1,8
EVT_00001047,HUMAN_ESCALATION,True,ALLOWED,0.188346,1,3930.1,SUBSCRIPTION_FAILURE,2026-08-25 16:15:14,CUS_000959,MER_00174,3930.1,INR,UPI,MOBILE,AT_RISK,,0,32.07,0,False,False,599,7,3,0.288346,1458,41,32,9,0.7805,3459.47,0.8749,58,UPI,E_COMMERCE,SMALL,39917.69,0.9894,0.0106,16,1,8
EVT_00001056,ALTERNATIVE_PAYMENT,True,ALLOWED,0.408145,1,8586.36,PAYMENT_FAILURE,2026-08-11 21:30:00,CUS_000316,MER_00195,8586.36,INR,UPI,MOBILE,FAILED,ISSUER_DECLINE,2,0.75,0,False,False,0,0,0,0.228145,999,1,1,0,1.0,10377.97,0.8265,23,UPI,TRAVEL,LARGE,10413.1,0.9379,0.0621,21,1,8
EVT_00001058,ALTERNATIVE_PAYMENT,True,ALLOWED,0.509596,1,3198.05,PAYMENT_FAILURE,2026-08-23 00:14:06,CUS_001044,MER_00136,3198.05,INR,CARD,DESKTOP,FAILED,TIMEOUT,2,71.21,0,False,False,0,0,0,0.479596,577,42,38,4,0.9048,3124.74,0.7159,37,CARD,TRAVEL,MEDIUM,1391.97,0.9802,0.0198,0,6,8
EVT_00001059,ALTERNATIVE_PAYMENT,True,ALLOWED,0.320468,1,7677.56,PAYMENT_FAILURE,2026-08-05 17:29:03,CUS_000993,MER_00104,7677.56,INR,WALLET,MOBILE,FAILED,ISSUER_DECLINE,3,11.81,0,False,False,0,0,0,0.140468,319,16,14,2,0.875,4666.05,0.9529,72,CARD,FOOD_DELIVERY,SMALL,12154.73,0.8804,0.1196,17,2,8
EVT_00001072,ALTERNATIVE_PAYMENT,True,ALLOWED,0.521188,1,2316.88,SUBSCRIPTION_FAILURE,2026-08-12 02:38:49,CUS_001855,MER_00092,2316.88,INR,NETBANKING,MOBILE,AT_RISK,,0,34.19,0,False,False,435,11,1,0.491188,186,39,33,6,0.8462,1780.33,0.8635,4,UPI,E_COMMERCE,SMALL,2690.26,0.8466,0.1534,2,2,8
EVT_00001078,ALTERNATIVE_PAYMENT,True,ALLOWED,0.730461,1,5116.45,CHECKOUT_ABANDONMENT,2026-08-04 15:00:10,CUS_001720,MER_00073,5116.45,INR,UPI,MOBILE,AT_RISK,,0,27.75,142,True,False,0,0,0,0.700461,790,21,16,5,0.7619,4729.91,0.7223,29,CARD,FOOD_DELIVERY,MEDIUM,9905.73,0.8881,0.1119,15,1,8
EVT_00001097,RETRY_LATER,True,ALLOWED,0.682179,1,2652.59,CHECKOUT_ABANDONMENT,2026-08-12 22:03:51,CUS_001928,MER_00137,2652.59,INR,UPI,MOBILE,AT_RISK,,0,38.11,776,True,False,0,0,0,0.732179,214,13,11,2,0.8462,3127.12,0.4703,45,UPI,SAAS,MEDIUM,8339.15,0.9561,0.0439,22,2,8
EVT_00001098,RETRY_LATER,True,ALLOWED,0.731967,1,12698.63,PAYMENT_FAILURE,2026-08-19 04:12:47,CUS_000643,MER_00036,12698.63,INR,WALLET,MOBILE,FAILED,TIMEOUT,0,63.51,0,False,False,0,0,0,0.611967,1285,17,15,2,0.8824,9801.92,0.9254,9,NETBANKING,SAAS,MEDIUM,1103.05,0.7,0.3,4,2,8
EVT_00001100,RETRY_LATER,False,RETRY_LIMIT_REACHED,0.0,0,0.0,PAYMENT_FAILURE,2026-08-08 17:57:52,CUS_000815,MER_00084,6593.31,INR,UPI,DESKTOP,FAILED,ISSUER_DECLINE,3,50.38,0,False,False,0,0,0,0.132636,1173,16,14,2,0.875,6676.95,0.7971,32,CARD,SAAS,LARGE,2123.34,0.8109,0.1891,17,5,8
EVT_00001104,ALTERNATIVE_PAYMENT,True,ALLOWED,0.583335,1,12997.43,PAYMENT_FAILURE,2026-08-03 04:53:18,CUS_000374,MER_00034,12997.43,INR,UPI,MOBILE,FAILED,TIMEOUT,0,7.83,0,False,False,0,0,0,0.553335,579,32,19,13,0.5938,6248.02,0.951,15,UPI,FOOD_DELIVERY,MEDIUM,27974.45,0.9356,0.0644,4,0,8
EVT_00001123,RETRY_LATER,True,ALLOWED,0.01,0,0.0,PAYMENT_FAILURE,2026-08-13 08:51:54,CUS_000863,MER_00080,9769.08,INR,CARD,MOBILE,FAILED,ISSUER_DECLINE,2,5.74,0,False,False,0,0,0,0.198555,206,66,57,9,0.8636,10500.33,0.906,79,CARD,EDUCATION,SMALL,3258.46,0.9582,0.0418,8,3,8
EVT_00001136,RETRY_LATER,True,ALLOWED,0.67086,1,589.2,CHECKOUT_ABANDONMENT,2026-08-27 22:44:58,CUS_001408,MER_00158,589.2,INR,UPI,MOBILE,AT_RISK,,0,45.0,192,True,False,0,0,0,0.72086,1315,51,45,6,0.8824,2131.34,0.8473,20,NETBANKING,SAAS,MEDIUM,23542.32,0.8428,0.1572,22,3,8
EVT_00001146,RETRY_LATER,True,ALLOWED,0.325676,0,0.0,PAYMENT_FAILURE,2026-08-29 23:39:12,CUS_001479,MER_00087,1004.7,INR,CARD,MOBILE,FAILED,INSUFFICIENT_BALANCE,0,17.54,0,False,False,0,0,0,0.375676,368,33,30,3,0.9091,2050.39,0.8238,49,UPI,TRAVEL,MEDIUM,26627.4,0.8417,0.1583,23,5,8
EVT_00001157,RECOVERY_REMINDER,True,ALLOWED,0.351666,1,6844.02,PAYMENT_FAILURE,2026-08-18 07:52:18,CUS_000841,MER_00105,6844.02,INR,CARD,MOBILE,FAILED,EXPIRED_PAYMENT_METHOD,1,28.92,0,False,False,0,0,0,0.331666,454,35,27,8,0.7714,3080.32,0.7588,55,UPI,SAAS,LARGE,3288.97,0.911,0.089,7,1,8
EVT_00001165,RETRY_LATER,True,ALLOWED,0.316998,0,0.0,SUBSCRIPTION_FAILURE,2026-08-09 02:29:03,CUS_001265,MER_00067,8590.33,INR,CARD,MOBILE,AT_RISK,,0,65.58,0,False,False,576,1,1,0.366998,380,42,37,5,0.881,6531.95,0.7586,41,CARD,TRAVEL,SMALL,6615.57,0.8781,0.1219,2,6,8
EVT_00001166,RECOVERY_REMINDER,True,ALLOWED,0.303927,1,4315.38,PAYMENT_FAILURE,2026-08-30 10:30:42,CUS_001612,MER_00140,4315.38,INR,CARD,MOBILE,FAILED,PAYMENT_LIMIT,2,34.25,0,False,False,0,0,0,0.283927,241,54,49,5,0.9074,5296.0,0.7454,10,CARD,EDUCATION,MEDIUM,8286.12,0.9696,0.0304,10,6,8
EVT_00001167,RETRY_LATER,True,ALLOWED,0.477163,0,0.0,SUBSCRIPTION_FAILURE,2026-08-01 12:09:06,CUS_001151,MER_00106,2195.06,INR,NETBANKING,MOBILE,AT_RISK,,0,51.04,0,False,False,739,16,1,0.527163,573,57,51,6,0.8947,2609.36,0.7568,3,CARD,SAAS,SMALL,2564.56,0.9372,0.0628,12,5,8
EVT_00001187,ALTERNATIVE_PAYMENT,True,ALLOWED,0.548018,1,2058.89,PAYMENT_FAILURE,2026-08-02 20:50:19,CUS_000866,MER_00022,2058.89,INR,CARD,TABLET,FAILED,PAYMENT_LIMIT,1,38.59,0,False,False,0,0,0,0.368018,1056,3,3,0,1.0,2812.62,0.8648,71,UPI,DIGITAL_SERVICES,LARGE,2602.03,0.8671,0.1329,20,6,8
EVT_00001204,ALTERNATIVE_PAYMENT,True,ALLOWED,0.415188,1,22781.37,PAYMENT_FAILURE,2026-08-04 06:40:12,CUS_000733,MER_00155,22781.37,INR,UPI,MOBILE,FAILED,BANK_TECHNICAL_ERROR,3,32.77,0,False,False,0,0,0,0.385188,1384,74,56,18,0.7568,6882.25,0.8272,43,CARD,SAAS,SMALL,2912.27,0.843,0.157,6,1,8
EVT_00001211,ALTERNATIVE_PAYMENT,True,ALLOWED,0.510458,1,5675.73,PAYMENT_FAILURE,2026-08-15 05:19:02,CUS_000557,MER_00177,5675.73,INR,UPI,DESKTOP,FAILED,ISSUER_DECLINE,0,58.87,0,False,False,0,0,0,0.330458,1111,64,59,5,0.9219,5082.75,0.9018,50,CARD,SAAS,SMALL,9080.37,0.8866,0.1134,5,5,8
EVT_00001218,RECOVERY_REMINDER,True,ALLOWED,0.548909,1,2285.7,PAYMENT_FAILURE,2026-08-14 03:08:45,CUS_001915,MER_00049,2285.7,INR,CARD,DESKTOP,FAILED,TIMEOUT,1,70.98,0,False,False,0,0,0,0.528909,512,63,56,7,0.8889,3479.29,0.8468,64,CARD,EDUCATION,SMALL,8781.92,0.8307,0.1693,3,4,8
EVT_00001219,RETRY_LATER,True,ALLOWED,0.306116,1,8437.64,PAYMENT_FAILURE,2026-08-15 06:53:43,CUS_000732,MER_00106,8437.64,INR,UPI,MOBILE,FAILED,ISSUER_DECLINE,0,61.21,0,False,False,0,0,0,0.356116,645,42,40,2,0.9524,9965.12,0.9649,89,CARD,SAAS,SMALL,2564.56,0.9372,0.0628,6,5,8
EVT_00001222,RETRY_LATER,False,RETRY_LIMIT_REACHED,0.0,0,0.0,PAYMENT_FAILURE,2026-08-06 09:53:21,CUS_000755,MER_00133,2277.25,INR,CARD,DESKTOP,FAILED,BANK_TECHNICAL_ERROR,3,48.87,0,False,False,0,0,0,0.382609,845,79,72,7,0.9114,2141.74,0.8231,89,UPI,TRAVEL,SMALL,4316.96,0.7958,0.2042,9,3,8
EVT_00001224,HUMAN_ESCALATION,True,ALLOWED,0.308065,1,12819.78,PAYMENT_FAILURE,2026-08-03 22:34:49,CUS_000639,MER_00032,12819.78,INR,CARD,MOBILE,FAILED,PAYMENT_LIMIT,0,24.0,0,False,False,0,0,0,0.408065,1195,12,10,2,0.8333,5372.93,0.6655,80,UPI,TRAVEL,SMALL,7142.77,0.8186,0.1814,22,0,8
EVT_00001246,RECOVERY_REMINDER,True,ALLOWED,0.377976,1,19491.24,PAYMENT_FAILURE,2026-08-03 16:25:14,CUS_001475,MER_00145,19491.24,INR,NETBANKING,DESKTOP,FAILED,INSUFFICIENT_BALANCE,1,57.1,0,False,False,0,0,0,0.357976,1466,24,22,2,0.9167,8450.39,0.7959,51,CARD,DIGITAL_SERVICES,SMALL,22876.16,0.9386,0.0614,16,0,8
EVT_00001249,ALTERNATIVE_PAYMENT,True,ALLOWED,0.60549,1,1057.5,PAYMENT_FAILURE,2026-08-28 14:58:24,CUS_001203,MER_00157,1057.5,INR,CARD,MOBILE,FAILED,EXPIRED_PAYMENT_METHOD,0,69.58,0,False,False,0,0,0,0.42549,1477,61,53,8,0.8689,1530.88,0.633,66,CARD,E_COMMERCE,MEDIUM,5657.2,0.8635,0.1365,14,4,8
EVT_00001262,RETRY_LATER,True,ALLOWED,0.371605,1,2145.28,PAYMENT_FAILURE,2026-08-06 08:54:31,CUS_001788,MER_00058,2145.28,INR,WALLET,MOBILE,FAILED,INSUFFICIENT_BALANCE,0,56.91,0,False,False,0,0,0,0.421605,175,2,2,0,1.0,5027.01,0.9242,48,CARD,SAAS,LARGE,1566.76,0.8967,0.1033,8,3,8
EVT_00001264,ALTERNATIVE_PAYMENT,True,ALLOWED,0.619471,1,1917.03,SUBSCRIPTION_FAILURE,2026-08-07 19:34:36,CUS_001435,MER_00018,1917.03,INR,UPI,MOBILE,AT_RISK,,0,70.52,0,False,False,560,7,0,0.589471,499,19,15,4,0.7895,2138.05,0.4142,14,UPI,E_COMMERCE,SMALL,8469.12,0.8917,0.1083,19,4,8
EVT_00001276,ALTERNATIVE_PAYMENT,True,ALLOWED,0.608303,1,8327.91,PAYMENT_FAILURE,2026-08-03 03:21:34,CUS_000927,MER_00022,8327.91,INR,UPI,MOBILE,FAILED,NETWORK_ERROR,0,5.63,0,False,False,0,0,0,0.578303,825,49,39,10,0.7959,3317.34,0.7327,82,UPI,DIGITAL_SERVICES,LARGE,2602.03,0.8671,0.1329,3,0,8
EVT_00001290,RECOVERY_REMINDER,True,ALLOWED,0.300808,1,798.22,SUBSCRIPTION_FAILURE,2026-08-21 18:24:48,CUS_001790,MER_00138,798.22,INR,UPI,MOBILE,AT_RISK,,0,65.96,0,False,False,252,20,3,0.280808,1137,25,21,4,0.84,2183.18,0.4861,75,CARD,E_COMMERCE,MEDIUM,9578.85,0.8707,0.1293,18,4,8
EVT_00001297,ALTERNATIVE_PAYMENT,True,ALLOWED,0.445539,1,9399.55,PAYMENT_FAILURE,2026-08-22 20:02:18,CUS_001911,MER_00196,9399.55,INR,UPI,DESKTOP,FAILED,PAYMENT_LIMIT,2,55.95,0,False,False,0,0,0,0.265539,139,19,16,3,0.8421,9054.19,0.5551,35,UPI,SAAS,SMALL,9200.06,0.9131,0.0869,20,5,8
EVT_00001300,RETRY_LATER,True,ALLOWED,0.334094,1,2808.28,PAYMENT_FAILURE,2026-08-08 04:19:57,CUS_000036,MER_00087,2808.28,INR,NETBANKING,DESKTOP,FAILED,PAYMENT_LIMIT,0,6.67,0,False,False,0,0,0,0.384094,123,67,55,12,0.8209,3887.62,0.6693,20,CARD,TRAVEL,MEDIUM,26627.4,0.8417,0.1583,4,5,8
EVT_00001301,ALTERNATIVE_PAYMENT,True,ALLOWED,0.206485,1,4594.72,SUBSCRIPTION_FAILURE,2026-08-03 21:28:40,CUS_000066,MER_00015,4594.72,INR,CARD,MOBILE,AT_RISK,,0,59.58,0,False,False,741,3,3,0.176485,508,41,35,6,0.8537,6800.11,0.9523,7,CARD,EDUCATION,SMALL,2436.77,0.8602,0.1398,21,0,8
EVT_00001308,RETRY_LATER,True,ALLOWED,0.282742,1,4498.87,PAYMENT_FAILURE,2026-08-11 23:45:38,CUS_000684,MER_00072,4498.87,INR,UPI,DESKTOP,FAILED,NETWORK_ERROR,2,6.25,0,False,False,0,0,0,0.362742,1439,65,45,20,0.6923,2728.27,0.923,51,UPI,TRAVEL,MEDIUM,4974.21,0.8851,0.1149,23,1,8
EVT_00001315,RETRY_LATER,True,ALLOWED,0.292211,1,902.55,PAYMENT_FAILURE,2026-08-14 05:20:28,CUS_001669,MER_00171,902.55,INR,UPI,MOBILE,FAILED,ISSUER_DECLINE,0,67.98,0,False,False,0,0,0,0.342211,813,34,32,2,0.9412,1420.62,0.5876,47,UPI,E_COMMERCE,SMALL,2134.84,0.9759,0.0241,5,4,8
EVT_00001316,RECOVERY_REMINDER,True,ALLOWED,0.848913,1,1296.53,CHECKOUT_ABANDONMENT,2026-08-29 16:52:59,CUS_000044,MER_00136,1296.53,INR,UPI,MOBILE,AT_RISK,,0,1.43,24,True,False,0,0,0,0.698913,551,60,54,6,0.9,1275.5,0.5543,87,NETBANKING,TRAVEL,MEDIUM,1391.97,0.9802,0.0198,16,5,8
EVT_00001329,RETRY_LATER,False,RETRY_LIMIT_REACHED,0.0,0,0.0,PAYMENT_FAILURE,2026-08-19 21:39:05,CUS_001238,MER_00136,4307.85,INR,UPI,MOBILE,FAILED,INSUFFICIENT_BALANCE,3,26.6,0,False,False,0,0,0,0.205272,212,79,75,4,0.9494,3192.18,0.5902,16,WALLET,TRAVEL,MEDIUM,1391.97,0.9802,0.0198,21,2,8
EVT_00001338,ALTERNATIVE_PAYMENT,True,ALLOWED,0.757717,1,2136.01,CHECKOUT_ABANDONMENT,2026-08-18 16:33:40,CUS_000883,MER_00006,2136.01,INR,UPI,DESKTOP,AT_RISK,,0,56.1,810,True,False,0,0,0,0.727717,689,45,40,5,0.8889,1374.99,0.8671,50,CARD,SAAS,SMALL,11987.91,0.8542,0.1458,16,1,8
EVT_00001341,RETRY_LATER,False,RETRY_LIMIT_REACHED,0.0,0,0.0,PAYMENT_FAILURE,2026-08-20 09:40:32,CUS_001279,MER_00128,9487.84,INR,CARD,MOBILE,FAILED,NETWORK_ERROR,3,15.41,0,False,False,0,0,0,0.375153,41,79,70,9,0.8861,4730.85,0.4734,83,UPI,TRAVEL,LARGE,637.62,0.9635,0.0365,9,3,8
EVT_00001343,RETRY_LATER,True,ALLOWED,0.450337,1,2049.94,CHECKOUT_ABANDONMENT,2026-08-06 05:59:48,CUS_001512,MER_00156,2049.94,INR,NETBANKING,MOBILE,AT_RISK,,0,67.4,70,False,False,0,0,0,0.500337,365,46,45,1,0.9783,3721.86,0.8675,48,UPI,FOOD_DELIVERY,MEDIUM,16696.36,0.898,0.102,5,3,8
EVT_00001349,ALTERNATIVE_PAYMENT,True,ALLOWED,0.587464,1,5549.59,CHECKOUT_ABANDONMENT,2026-08-04 12:31:19,CUS_000189,MER_00165,5549.59,INR,WALLET,MOBILE,AT_RISK,,0,63.78,131,False,False,0,0,0,0.557464,380,37,36,1,0.973,8267.2,0.9612,49,NETBANKING,SAAS,SMALL,10559.09,0.8386,0.1614,12,1,8
EVT_00001356,ALTERNATIVE_PAYMENT,True,ALLOWED,0.490093,1,1274.4,PAYMENT_FAILURE,2026-08-24 15:08:11,CUS_000152,MER_00195,1274.4,INR,UPI,MOBILE,FAILED,EXPIRED_PAYMENT_METHOD,2,23.84,0,False,False,0,0,0,0.310093,443,26,25,1,0.9615,2539.83,0.7856,71,UPI,TRAVEL,LARGE,10413.1,0.9379,0.0621,15,0,8
EVT_00001384,RETRY_LATER,True,ALLOWED,0.730251,1,6252.83,CHECKOUT_ABANDONMENT,2026-08-12 11:39:31,CUS_001699,MER_00110,6252.83,INR,NETBANKING,MOBILE,AT_RISK,,0,10.68,200,True,False,0,0,0,0.780251,558,23,23,0,1.0,3281.62,0.7994,32,CARD,FOOD_DELIVERY,MEDIUM,25287.45,0.9495,0.0505,11,2,8
EVT_00001392,RECOVERY_REMINDER,True,ALLOWED,0.633186,1,12242.52,PAYMENT_FAILURE,2026-08-22 09:30:13,CUS_000271,MER_00135,12242.52,INR,CARD,MOBILE,FAILED,NETWORK_ERROR,0,43.5,0,False,False,0,0,0,0.613186,463,26,23,3,0.8846,5570.65,0.9208,82,NETBANKING,FOOD_DELIVERY,SMALL,9749.43,0.833,0.167,9,5,8
EVT_00001394,RETRY_LATER,True,ALLOWED,0.304532,1,9413.23,PAYMENT_FAILURE,2026-08-29 01:41:28,CUS_001508,MER_00161,9413.23,INR,UPI,DESKTOP,FAILED,ISSUER_DECLINE,0,26.08,0,False,False,0,0,0,0.354532,735,65,60,5,0.9231,17433.71,0.927,48,UPI,SAAS,SMALL,3979.68,0.9713,0.0287,1,5,8
EVT_00001403,RETRY_LATER,True,ALLOWED,0.374031,1,18347.39,PAYMENT_FAILURE,2026-08-16 18:18:00,CUS_001937,MER_00072,18347.39,INR,CARD,MOBILE,FAILED,INSUFFICIENT_BALANCE,0,8.4,0,False,False,0,0,0,0.424031,577,42,38,4,0.9048,10759.72,0.5997,8,CARD,TRAVEL,MEDIUM,4974.21,0.8851,0.1149,18,6,8
EVT_00001408,ALTERNATIVE_PAYMENT,True,ALLOWED,0.38038,1,3978.1,PAYMENT_FAILURE,2026-08-28 10:35:10,CUS_000846,MER_00036,3978.1,INR,UPI,MOBILE,FAILED,INSUFFICIENT_BALANCE,0,69.39,0,False,False,0,0,0,0.35038,37,37,33,4,0.8919,5094.26,0.7454,44,CARD,SAAS,MEDIUM,1103.05,0.7,0.3,10,4,8
EVT_00001418,ALTERNATIVE_PAYMENT,True,ALLOWED,0.415595,1,4570.65,PAYMENT_FAILURE,2026-08-04 19:27:48,CUS_001806,MER_00029,4570.65,INR,UPI,MOBILE,FAILED,ISSUER_DECLINE,1,11.03,0,False,False,0,0,0,0.235595,96,68,58,10,0.8529,4185.36,0.5683,54,CARD,FOOD_DELIVERY,SMALL,5041.91,0.8787,0.1213,19,1,8
EVT_00001419,RETRY_LATER,True,ALLOWED,0.748254,1,18601.64,CHECKOUT_ABANDONMENT,2026-08-23 15:08:54,CUS_001816,MER_00186,18601.64,INR,CARD,MOBILE,AT_RISK,,0,44.79,285,True,False,0,0,0,0.798254,192,6,6,0,1.0,12475.79,0.507,62,UPI,SAAS,LARGE,6624.61,0.9305,0.0695,15,6,8
EVT_00001420,ALTERNATIVE_PAYMENT,True,ALLOWED,0.823463,1,22596.51,CHECKOUT_ABANDONMENT,2026-08-28 12:58:44,CUS_000281,MER_00111,22596.51,INR,UPI,DESKTOP,AT_RISK,,0,4.35,559,True,False,0,0,0,0.793463,435,61,59,2,0.9672,11455.2,0.8421,9,CARD,SAAS,SMALL,5915.71,0.9052,0.0948,12,4,8
EVT_00001428,RETRY_LATER,True,ALLOWED,0.396807,1,4367.17,PAYMENT_FAILURE,2026-08-29 11:44:38,CUS_000973,MER_00199,4367.17,INR,UPI,MOBILE,FAILED,TIMEOUT,2,12.71,0,False,False,0,0,0,0.476807,731,48,44,4,0.9167,3473.45,0.7585,88,UPI,SAAS,SMALL,1416.06,0.9293,0.0707,11,5,8
EVT_00001433,ALTERNATIVE_PAYMENT,True,ALLOWED,0.546375,1,33523.53,PAYMENT_FAILURE,2026-08-13 02:35:18,CUS_000270,MER_00048,33523.53,INR,UPI,DESKTOP,FAILED,NETWORK_ERROR,2,39.71,0,False,False,0,0,0,0.516375,898,78,71,7,0.9103,10118.09,0.576,62,CARD,EDUCATION,MEDIUM,7641.54,0.8998,0.1002,2,3,8
EVT_00001434,RETRY_LATER,False,RETRY_LIMIT_REACHED,0.0,0,0.0,PAYMENT_FAILURE,2026-08-02 22:02:08,CUS_000712,MER_00001,221.55,INR,UPI,DESKTOP,FAILED,EXPIRED_PAYMENT_METHOD,3,33.97,0,False,False,0,0,0,0.257358,798,2,2,0,1.0,933.24,0.785,88,CARD,FOOD_DELIVERY,SMALL,6229.18,0.9913,0.0087,22,6,8
EVT_00001449,RETRY_LATER,True,ALLOWED,0.736919,1,8480.0,PAYMENT_FAILURE,2026-08-11 11:28:27,CUS_000366,MER_00198,8480.0,INR,WALLET,MOBILE,FAILED,NETWORK_ERROR,0,46.26,0,False,False,0,0,0,0.616919,792,7,6,1,0.8571,3929.9,0.276,28,NETBANKING,DIGITAL_SERVICES,SMALL,5306.23,0.9513,0.0487,11,1,8
EVT_00001451,RETRY_LATER,True,ALLOWED,0.80605,1,8820.51,PAYMENT_FAILURE,2026-08-11 00:53:12,CUS_000600,MER_00153,8820.51,INR,UPI,TABLET,FAILED,BANK_TECHNICAL_ERROR,0,22.53,0,False,False,0,0,0,0.68605,974,31,30,1,0.9677,8633.76,0.9256,68,WALLET,DIGITAL_SERVICES,MEDIUM,11301.58,0.8712,0.1288,0,1,8
EVT_00001456,RETRY_LATER,False,RETRY_LIMIT_REACHED,0.0,0,0.0,PAYMENT_FAILURE,2026-08-09 14:22:36,CUS_000159,MER_00109,2403.93,INR,CARD,MOBILE,FAILED,INSUFFICIENT_BALANCE,3,3.85,0,False,False,0,0,0,0.180685,772,65,58,7,0.8923,2369.31,0.9475,11,CARD,E_COMMERCE,SMALL,4316.36,0.9135,0.0865,14,6,8
EVT_00001463,RECOVERY_REMINDER,True,ALLOWED,0.413625,1,3232.19,PAYMENT_FAILURE,2026-08-19 10:18:06,CUS_000168,MER_00067,3232.19,INR,UPI,DESKTOP,FAILED,INSUFFICIENT_BALANCE,0,2.28,0,False,False,0,0,0,0.393625,275,67,62,5,0.9254,4211.28,0.9018,29,CARD,TRAVEL,SMALL,6615.57,0.8781,0.1219,10,2,8
EVT_00001464,RETRY_LATER,True,ALLOWED,0.623948,1,1607.6,CHECKOUT_ABANDONMENT,2026-08-08 07:36:13,CUS_000800,MER_00171,1607.6,INR,WALLET,MOBILE,AT_RISK,,0,70.76,603,True,True,0,0,0,0.673948,680,32,21,11,0.6562,1553.29,0.6041,25,CARD,E_COMMERCE,SMALL,2134.84,0.9759,0.0241,7,5,8
EVT_00001481,ALTERNATIVE_PAYMENT,True,ALLOWED,0.371707,1,2460.5,PAYMENT_FAILURE,2026-08-27 22:31:44,CUS_001505,MER_00051,2460.5,INR,CARD,DESKTOP,FAILED,ISSUER_DECLINE,2,53.63,0,False,False,0,0,0,0.191707,908,2,2,0,1.0,1867.26,0.8311,29,CARD,EDUCATION,MEDIUM,3095.23,0.7393,0.2607,22,3,8
EVT_00001482,RECOVERY_REMINDER,True,ALLOWED,0.388261,1,7283.71,PAYMENT_FAILURE,2026-08-07 15:37:08,CUS_000312,MER_00091,7283.71,INR,CARD,TABLET,FAILED,INSUFFICIENT_BALANCE,1,43.07,0,False,False,0,0,0,0.368261,1018,6,6,0,1.0,13491.12,0.6282,54,WALLET,EDUCATION,SMALL,20175.16,0.9906,0.0094,15,4,8
EVT_00001487,RETRY_LATER,True,ALLOWED,0.079958,1,1738.99,PAYMENT_FAILURE,2026-08-12 04:02:35,CUS_000748,MER_00018,1738.99,INR,UPI,MOBILE,FAILED,ISSUER_DECLINE,1,42.81,0,False,False,0,0,0,0.229958,492,64,54,10,0.8438,2960.63,0.7242,54,UPI,E_COMMERCE,SMALL,8469.12,0.8917,0.1083,4,2,8
EVT_00001512,ALTERNATIVE_PAYMENT,True,ALLOWED,0.475961,1,847.77,CHECKOUT_ABANDONMENT,2026-08-11 13:31:24,CUS_000127,MER_00102,847.77,INR,NETBANKING,MOBILE,AT_RISK,,0,48.54,75,False,False,0,0,0,0.445961,146,25,20,5,0.8,1619.39,0.9059,79,CARD,DIGITAL_SERVICES,MEDIUM,1989.33,0.9744,0.0256,13,1,8
EVT_00001529,RETRY_LATER,True,ALLOWED,0.721502,1,14700.02,CHECKOUT_ABANDONMENT,2026-08-08 13:56:23,CUS_000008,MER_00134,14700.02,INR,CARD,MOBILE,AT_RISK,,0,36.48,262,True,False,0,0,0,0.771502,1055,13,12,1,0.9231,10710.78,0.8482,32,WALLET,EDUCATION,SMALL,5486.16,0.9252,0.0748,13,5,8
EVT_00001533,RETRY_LATER,True,ALLOWED,0.322964,0,0.0,PAYMENT_FAILURE,2026-08-20 04:18:41,CUS_001932,MER_00136,5131.75,INR,UPI,DESKTOP,FAILED,ISSUER_DECLINE,0,29.24,0,False,False,0,0,0,0.372964,738,6,6,0,1.0,3650.59,0.7115,52,NETBANKING,TRAVEL,MEDIUM,1391.97,0.9802,0.0198,4,3,8
EVT_00001537,RECOVERY_REMINDER,True,ALLOWED,0.280714,1,24096.83,PAYMENT_FAILURE,2026-08-21 04:08:07,CUS_001708,MER_00185,24096.83,INR,UPI,MOBILE,FAILED,PAYMENT_LIMIT,2,59.01,0,False,False,0,0,0,0.260714,1371,60,43,17,0.7167,8634.62,0.6103,86,CARD,TRAVEL,SMALL,6499.82,0.9334,0.0666,4,4,8
EVT_00001542,RETRY_LATER,True,ALLOWED,0.742688,1,34275.18,CHECKOUT_ABANDONMENT,2026-08-08 23:10:31,CUS_001175,MER_00125,34275.18,INR,UPI,MOBILE,AT_RISK,,0,44.28,148,True,False,0,0,0,0.792688,42,79,74,5,0.9367,24777.13,0.926,14,UPI,E_COMMERCE,MEDIUM,4606.05,0.8105,0.1895,23,5,8
EVT_00001562,RETRY_LATER,True,ALLOWED,0.717688,1,2698.95,CHECKOUT_ABANDONMENT,2026-08-03 02:09:23,CUS_001263,MER_00045,2698.95,INR,WALLET,MOBILE,AT_RISK,,0,17.21,697,True,False,0,0,0,0.767688,683,59,57,2,0.9661,6472.8,0.9446,72,UPI,FOOD_DELIVERY,MEDIUM,1683.01,0.9677,0.0323,2,0,8
EVT_00001572,RETRY_LATER,True,ALLOWED,0.410458,1,3310.05,SUBSCRIPTION_FAILURE,2026-08-05 19:38:53,CUS_000494,MER_00135,3310.05,INR,CARD,DESKTOP,AT_RISK,,0,12.77,0,False,False,153,2,0,0.460458,916,49,44,5,0.898,5495.79,0.5861,35,CARD,FOOD_DELIVERY,SMALL,9749.43,0.833,0.167,19,2,8
EVT_00001633,RECOVERY_REMINDER,True,ALLOWED,0.281178,1,6492.45,PAYMENT_FAILURE,2026-08-24 03:38:59,CUS_000958,MER_00189,6492.45,INR,CARD,MOBILE,FAILED,PAYMENT_LIMIT,1,11.67,0,False,False,0,0,0,0.261178,962,39,25,14,0.641,5606.11,0.6937,41,CARD,E_COMMERCE,LARGE,1688.36,0.8609,0.1391,3,0,8
EVT_00001639,ALTERNATIVE_PAYMENT,True,ALLOWED,0.428154,1,5791.74,PAYMENT_FAILURE,2026-08-19 03:57:50,CUS_001625,MER_00089,5791.74,INR,CARD,MOBILE,FAILED,ISSUER_DECLINE,1,24.81,0,False,False,0,0,0,0.248154,843,66,58,8,0.8788,13674.78,0.7891,38,UPI,SAAS,MEDIUM,416.38,0.9005,0.0995,3,2,8
EVT_00001641,ALTERNATIVE_PAYMENT,True,ALLOWED,0.324543,1,1113.7,PAYMENT_FAILURE,2026-08-15 08:27:56,CUS_000673,MER_00069,1113.7,INR,UPI,TABLET,FAILED,INSUFFICIENT_BALANCE,1,64.81,0,False,False,0,0,0,0.294543,965,68,64,4,0.9412,2008.28,0.8641,64,NETBANKING,E_COMMERCE,SMALL,12615.7,0.7608,0.2392,8,5,8
EVT_00001642,RETRY_LATER,True,ALLOWED,0.744373,1,3280.12,PAYMENT_FAILURE,2026-08-25 14:22:08,CUS_001734,MER_00093,3280.12,INR,UPI,MOBILE,FAILED,NETWORK_ERROR,0,15.95,0,False,False,0,0,0,0.624373,1302,74,68,6,0.9189,4486.78,0.6791,30,NETBANKING,RETAIL,MEDIUM,968.76,0.94,0.06,14,1,8
EVT_00001643,ALTERNATIVE_PAYMENT,True,ALLOWED,0.421382,1,22352.41,SUBSCRIPTION_FAILURE,2026-08-20 14:05:24,CUS_001620,MER_00104,22352.41,INR,UPI,MOBILE,AT_RISK,,0,27.05,0,False,False,669,5,1,0.391382,1487,7,6,1,0.8571,18287.98,0.6619,30,CARD,FOOD_DELIVERY,SMALL,12154.73,0.8804,0.1196,14,3,8
EVT_00001646,ALTERNATIVE_PAYMENT,True,ALLOWED,0.349115,1,4970.76,PAYMENT_FAILURE,2026-08-24 11:12:44,CUS_001286,MER_00110,4970.76,INR,UPI,DESKTOP,FAILED,INSUFFICIENT_BALANCE,1,26.66,0,False,False,0,0,0,0.319115,101,37,33,4,0.8919,2357.17,0.9073,48,CARD,FOOD_DELIVERY,MEDIUM,25287.45,0.9495,0.0505,11,0,8
EVT_00001652,ALTERNATIVE_PAYMENT,True,ALLOWED,0.443595,1,10712.75,PAYMENT_FAILURE,2026-08-09 07:35:00,CUS_000354,MER_00089,10712.75,INR,UPI,DESKTOP,FAILED,INSUFFICIENT_BALANCE,0,41.1,0,False,False,0,0,0,0.413595,669,37,34,3,0.9189,4781.23,0.6105,6,UPI,SAAS,MEDIUM,416.38,0.9005,0.0995,7,6,8
EVT_00001657,RECOVERY_REMINDER,True,ALLOWED,0.241043,1,8115.98,PAYMENT_FAILURE,2026-08-03 12:38:10,CUS_000304,MER_00065,8115.98,INR,CARD,MOBILE,FAILED,INSUFFICIENT_BALANCE,2,43.28,0,False,False,0,0,0,0.221043,1347,70,63,7,0.9,6407.5,0.5711,83,UPI,DIGITAL_SERVICES,MEDIUM,5883.79,0.7053,0.2947,12,0,8
EVT_00001658,RETRY_LATER,True,ALLOWED,0.157918,1,1467.11,PAYMENT_FAILURE,2026-08-25 04:15:02,CUS_000755,MER_00018,1467.11,INR,NETBANKING,MOBILE,FAILED,INSUFFICIENT_BALANCE,1,2.52,0,False,False,0,0,0,0.307918,845,79,72,7,0.9114,2141.74,0.8231,89,UPI,E_COMMERCE,SMALL,8469.12,0.8917,0.1083,4,1,8
EVT_00001660,RETRY_LATER,True,ALLOWED,0.703791,1,12556.54,CHECKOUT_ABANDONMENT,2026-08-04 06:31:50,CUS_001728,MER_00064,12556.54,INR,WALLET,MOBILE,AT_RISK,,0,69.87,839,True,False,0,0,0,0.753791,867,42,36,6,0.8571,7540.19,0.9134,3,UPI,TRAVEL,SMALL,4568.4,0.9534,0.0466,6,1,8
EVT_00001669,RETRY_LATER,True,ALLOWED,0.608494,1,3795.17,CHECKOUT_ABANDONMENT,2026-08-27 09:55:41,CUS_001953,MER_00150,3795.17,INR,CARD,DESKTOP,AT_RISK,,0,20.42,152,True,False,0,0,0,0.658494,135,58,39,19,0.6724,3238.86,0.4446,73,UPI,DIGITAL_SERVICES,LARGE,2957.32,0.8313,0.1687,9,3,8
EVT_00001683,ALTERNATIVE_PAYMENT,True,ALLOWED,0.407949,1,3886.16,PAYMENT_FAILURE,2026-08-15 14:34:25,CUS_000165,MER_00020,3886.16,INR,CARD,DESKTOP,FAILED,ISSUER_DECLINE,1,50.23,0,False,False,0,0,0,0.227949,644,76,59,17,0.7763,12067.62,0.8304,18,CARD,FOOD_DELIVERY,LARGE,3635.97,0.9772,0.0228,14,5,8
EVT_00001692,RETRY_LATER,True,ALLOWED,0.137049,0,0.0,PAYMENT_FAILURE,2026-08-24 14:27:10,CUS_001432,MER_00146,4785.2,INR,NETBANKING,MOBILE,FAILED,INSUFFICIENT_BALANCE,1,27.34,0,False,False,0,0,0,0.287049,302,61,50,11,0.8197,4848.34,0.7824,38,WALLET,RETAIL,LARGE,2271.18,0.8973,0.1027,14,0,8
EVT_00001697,RETRY_LATER,True,ALLOWED,0.01,0,0.0,PAYMENT_FAILURE,2026-08-19 13:32:43,CUS_000365,MER_00039,1002.48,INR,NETBANKING,MOBILE,FAILED,PAYMENT_LIMIT,2,16.18,0,False,False,0,0,0,0.218221,200,61,48,13,0.7869,2459.74,0.8209,32,CARD,DIGITAL_SERVICES,SMALL,6776.92,0.7982,0.2018,13,2,8
EVT_00001710,RETRY_LATER,True,ALLOWED,0.359832,1,2810.09,SUBSCRIPTION_FAILURE,2026-08-29 08:46:34,CUS_000975,MER_00169,2810.09,INR,UPI,DESKTOP,AT_RISK,,0,41.11,0,False,False,167,4,1,0.409832,247,2,2,0,1.0,6669.04,0.9328,84,CARD,FOOD_DELIVERY,SMALL,4115.41,0.9528,0.0472,8,5,8
EVT_00001718,RETRY_LATER,False,RETRY_LIMIT_REACHED,0.0,0,0.0,PAYMENT_FAILURE,2026-08-29 17:47:35,CUS_000773,MER_00196,9337.81,INR,UPI,MOBILE,FAILED,ISSUER_DECLINE,3,14.89,0,False,False,0,0,0,0.158512,37,17,16,1,0.9412,5073.34,0.7944,62,UPI,SAAS,SMALL,9200.06,0.9131,0.0869,17,5,8
EVT_00001730,RETRY_LATER,True,ALLOWED,0.693254,1,824.85,CHECKOUT_ABANDONMENT,2026-08-10 12:42:32,CUS_000142,MER_00054,824.85,INR,UPI,MOBILE,AT_RISK,,0,71.7,599,True,False,0,0,0,0.743254,345,70,65,5,0.9286,980.04,0.7933,83,UPI,SAAS,SMALL,6765.64,0.896,0.104,12,0,8
EVT_00001745,HUMAN_ESCALATION,True,ALLOWED,0.241627,1,3483.93,SUBSCRIPTION_FAILURE,2026-08-03 14:41:34,CUS_000139,MER_00039,3483.93,INR,UPI,TABLET,AT_RISK,,0,43.06,0,False,False,685,3,1,0.341627,540,43,38,5,0.8837,3801.23,0.6823,68,NETBANKING,DIGITAL_SERVICES,SMALL,6776.92,0.7982,0.2018,14,0,8
EVT_00001751,RETRY_LATER,True,ALLOWED,0.440166,1,5230.72,PAYMENT_FAILURE,2026-08-17 23:07:55,CUS_000715,MER_00190,5230.72,INR,CARD,MOBILE,FAILED,BANK_TECHNICAL_ERROR,2,68.82,0,False,False,0,0,0,0.520166,1382,41,38,3,0.9268,9723.93,0.4818,9,UPI,RETAIL,MEDIUM,2490.76,0.9915,0.0085,23,0,8
EVT_00001759,RETRY_LATER,True,ALLOWED,0.153141,0,0.0,PAYMENT_FAILURE,2026-08-13 10:45:04,CUS_001178,MER_00114,12329.33,INR,UPI,MOBILE,FAILED,EXPIRED_PAYMENT_METHOD,1,64.37,0,False,False,0,0,0,0.303141,311,24,18,6,0.75,3969.23,0.839,17,CARD,FOOD_DELIVERY,MEDIUM,5161.89,0.7179,0.2821,10,3,8
EVT_00001763,HUMAN_ESCALATION,True,ALLOWED,0.099598,1,12387.95,PAYMENT_FAILURE,2026-08-15 00:53:57,CUS_000141,MER_00029,12387.95,INR,UPI,DESKTOP,FAILED,ISSUER_DECLINE,2,47.01,0,False,False,0,0,0,0.199598,1474,56,50,6,0.8929,5695.79,0.7679,65,UPI,FOOD_DELIVERY,SMALL,5041.91,0.8787,0.1213,0,5,8
EVT_00001767,RETRY_LATER,True,ALLOWED,0.369787,0,0.0,PAYMENT_FAILURE,2026-08-30 04:32:04,CUS_001383,MER_00071,1698.06,INR,CARD,MOBILE,FAILED,PAYMENT_LIMIT,0,31.76,0,False,False,0,0,0,0.419787,539,76,70,6,0.9211,2184.11,0.4427,75,UPI,TRAVEL,MEDIUM,1476.19,0.8534,0.1466,4,6,8
EVT_00001768,RETRY_LATER,True,ALLOWED,0.637258,1,4801.24,CHECKOUT_ABANDONMENT,2026-08-21 17:08:37,CUS_000724,MER_00108,4801.24,INR,CARD,MOBILE,AT_RISK,,0,1.4,33,True,False,0,0,0,0.687258,206,30,27,3,0.9,3109.38,0.7067,81,UPI,RETAIL,SMALL,3048.05,0.8679,0.1321,17,4,8
EVT_00001779,RETRY_LATER,True,ALLOWED,0.484467,1,28822.87,SUBSCRIPTION_FAILURE,2026-08-16 11:10:40,CUS_000419,MER_00168,28822.87,INR,UPI,MOBILE,AT_RISK,,0,43.14,0,False,False,109,4,0,0.534467,465,23,21,2,0.913,21491.77,0.6585,83,UPI,RETAIL,LARGE,1697.36,0.8567,0.1433,11,6,8
EVT_00001787,RECOVERY_REMINDER,True,ALLOWED,0.571307,1,1663.29,PAYMENT_FAILURE,2026-08-30 16:27:26,CUS_001674,MER_00108,1663.29,INR,CARD,DESKTOP,FAILED,NETWORK_ERROR,1,65.2,0,False,False,0,0,0,0.551307,1144,1,1,0,1.0,1032.26,0.7071,65,CARD,RETAIL,SMALL,3048.05,0.8679,0.1321,16,6,8
EVT_00001792,ALTERNATIVE_PAYMENT,True,ALLOWED,0.529967,1,19697.75,PAYMENT_FAILURE,2026-08-19 12:12:58,CUS_001556,MER_00033,19697.75,INR,UPI,MOBILE,FAILED,BANK_TECHNICAL_ERROR,2,42.52,0,False,False,0,0,0,0.499967,269,36,31,5,0.8611,12581.86,0.7489,24,WALLET,RETAIL,SMALL,1741.31,0.8328,0.1672,12,2,8
EVT_00001798,RETRY_LATER,True,ALLOWED,0.281485,1,3863.27,SUBSCRIPTION_FAILURE,2026-08-08 21:59:35,CUS_001810,MER_00010,3863.27,INR,CARD,DESKTOP,AT_RISK,,0,37.15,0,False,False,427,13,3,0.331485,1440,48,44,4,0.9167,2840.29,0.9197,3,UPI,DIGITAL_SERVICES,MEDIUM,15078.75,0.9873,0.0127,21,5,8
EVT_00001800,ALTERNATIVE_PAYMENT,True,ALLOWED,0.764688,1,2269.97,CHECKOUT_ABANDONMENT,2026-08-16 20:23:25,CUS_001074,MER_00194,2269.97,INR,WALLET,MOBILE,AT_RISK,,0,49.25,142,True,False,0,0,0,0.734688,801,62,59,3,0.9516,1666.93,0.8473,67,UPI,TRAVEL,LARGE,3878.8,0.7793,0.2207,20,6,8
EVT_00001807,ALTERNATIVE_PAYMENT,True,ALLOWED,0.3782,1,5258.78,PAYMENT_FAILURE,2026-08-02 22:03:22,CUS_002000,MER_00032,5258.78,INR,UPI,MOBILE,FAILED,EXPIRED_PAYMENT_METHOD,3,45.83,0,False,False,0,0,0,0.1982,442,42,35,7,0.8333,3400.94,0.9563,46,CARD,TRAVEL,SMALL,7142.77,0.8186,0.1814,22,6,8
EVT_00001826,ALTERNATIVE_PAYMENT,True,ALLOWED,0.453121,1,2852.36,PAYMENT_FAILURE,2026-08-12 04:01:30,CUS_001624,MER_00152,2852.36,INR,CARD,DESKTOP,FAILED,ISSUER_DECLINE,0,51.09,0,False,False,0,0,0,0.273121,54,35,26,9,0.7429,2387.04,0.8351,33,UPI,DIGITAL_SERVICES,SMALL,4325.9,0.9166,0.0834,4,2,8
EVT_00001842,RETRY_LATER,False,RETRY_LIMIT_REACHED,0.0,0,0.0,PAYMENT_FAILURE,2026-08-18 05:17:11,CUS_000476,MER_00117,6174.89,INR,WALLET,DESKTOP,FAILED,BANK_TECHNICAL_ERROR,3,64.75,0,False,False,0,0,0,0.412274,1183,34,32,2,0.9412,3111.76,0.7167,29,UPI,TRAVEL,SMALL,11500.96,0.8461,0.1539,5,1,8
EVT_00001861,RETRY_LATER,False,RETRY_LIMIT_REACHED,0.0,0,0.0,PAYMENT_FAILURE,2026-08-10 03:32:47,CUS_001898,MER_00032,3692.34,INR,CARD,MOBILE,FAILED,ISSUER_DECLINE,3,62.31,0,False,False,0,0,0,0.15275,1315,2,2,0,1.0,6156.74,0.9656,78,WALLET,TRAVEL,SMALL,7142.77,0.8186,0.1814,3,0,8
EVT_00001867,ALTERNATIVE_PAYMENT,True,ALLOWED,0.51043,1,2556.02,PAYMENT_FAILURE,2026-08-14 18:02:32,CUS_000576,MER_00105,2556.02,INR,NETBANKING,MOBILE,FAILED,PAYMENT_LIMIT,0,33.94,0,False,False,0,0,0,0.33043,579,27,17,10,0.6296,2604.04,0.8345,39,UPI,SAAS,LARGE,3288.97,0.911,0.089,18,4,8
EVT_00001869,RETRY_LATER,False,RETRY_LIMIT_REACHED,0.0,0,0.0,PAYMENT_FAILURE,2026-08-13 10:08:21,CUS_000590,MER_00002,19733.3,INR,CARD,MOBILE,FAILED,EXPIRED_PAYMENT_METHOD,3,13.16,0,False,False,0,0,0,0.245952,1270,28,25,3,0.8929,8466.72,0.8523,12,WALLET,E_COMMERCE,LARGE,9205.47,0.8725,0.1275,10,3,8
EVT_00001910,RETRY_LATER,True,ALLOWED,0.746318,1,18307.96,CHECKOUT_ABANDONMENT,2026-08-08 13:27:57,CUS_000183,MER_00080,18307.96,INR,UPI,TABLET,AT_RISK,,0,40.51,641,True,False,0,0,0,0.796318,761,48,47,1,0.9792,3845.62,0.7417,3,CARD,EDUCATION,SMALL,3258.46,0.9582,0.0418,13,5,8
EVT_00001915,ALTERNATIVE_PAYMENT,True,ALLOWED,0.590646,1,718.55,PAYMENT_FAILURE,2026-08-01 06:54:49,CUS_000712,MER_00180,718.55,INR,UPI,DESKTOP,FAILED,TIMEOUT,1,14.78,0,False,False,0,0,0,0.560646,798,2,2,0,1.0,933.24,0.785,88,CARD,EDUCATION,SMALL,8065.97,0.802,0.198,6,5,8
EVT_00001926,RETRY_LATER,True,ALLOWED,0.01,0,0.0,PAYMENT_FAILURE,2026-08-19 11:38:29,CUS_001670,MER_00063,3672.45,INR,UPI,MOBILE,FAILED,INSUFFICIENT_BALANCE,2,58.3,0,False,False,0,0,0,0.210232,1096,18,15,3,0.8333,5184.43,0.913,70,UPI,E_COMMERCE,SMALL,3066.57,0.806,0.194,11,2,8
EVT_00001943,RETRY_LATER,True,ALLOWED,0.134834,0,0.0,PAYMENT_FAILURE,2026-08-14 15:22:09,CUS_000127,MER_00106,3463.14,INR,UPI,DESKTOP,FAILED,INSUFFICIENT_BALANCE,1,52.28,0,False,False,0,0,0,0.284834,146,25,20,5,0.8,1619.39,0.9059,79,CARD,SAAS,SMALL,2564.56,0.9372,0.0628,15,4,8
EVT_00001957,RETRY_LATER,True,ALLOWED,0.474139,1,2411.19,SUBSCRIPTION_FAILURE,2026-08-12 16:51:19,CUS_001431,MER_00119,2411.19,INR,CARD,DESKTOP,AT_RISK,,0,9.95,0,False,False,629,12,1,0.524139,721,20,18,2,0.9,5390.06,0.7627,3,CARD,FOOD_DELIVERY,MEDIUM,1203.04,0.9094,0.0906,16,2,8
EVT_00001969,HUMAN_ESCALATION,True,ALLOWED,0.144786,1,5733.45,PAYMENT_FAILURE,2026-08-18 16:35:57,CUS_001143,MER_00095,5733.45,INR,UPI,MOBILE,FAILED,EXPIRED_PAYMENT_METHOD,3,11.84,0,False,False,0,0,0,0.244786,1399,36,33,3,0.9167,7407.89,0.925,13,UPI,EDUCATION,SMALL,7386.47,0.995,0.005,16,1,8
EVT_00001970,ALTERNATIVE_PAYMENT,True,ALLOWED,0.738162,1,2412.53,CHECKOUT_ABANDONMENT,2026-08-05 08:37:34,CUS_001334,MER_00122,2412.53,INR,UPI,TABLET,AT_RISK,,0,20.98,147,True,True,0,0,0,0.708162,1216,68,58,10,0.8529,2386.85,0.5567,41,UPI,TRAVEL,LARGE,1261.74,0.7975,0.2025,8,2,8
EVT_00001993,ALTERNATIVE_PAYMENT,True,ALLOWED,0.47594,1,18592.32,PAYMENT_FAILURE,2026-08-30 17:02:50,CUS_001606,MER_00198,18592.32,INR,CARD,MOBILE,FAILED,TIMEOUT,2,57.2,0,False,False,0,0,0,0.44594,1338,11,8,3,0.7273,8257.44,0.6028,76,CARD,DIGITAL_SERVICES,SMALL,5306.23,0.9513,0.0487,17,6,8
EVT_00002023,RETRY_LATER,True,ALLOWED,0.657869,1,2434.85,CHECKOUT_ABANDONMENT,2026-08-11 01:02:29,CUS_000134,MER_00153,2434.85,INR,WALLET,MOBILE,AT_RISK,,0,48.28,489,True,False,0,0,0,0.707869,852,32,26,6,0.8125,3381.51,0.736,13,CARD,DIGITAL_SERVICES,MEDIUM,11301.58,0.8712,0.1288,1,1,8
EVT_00002030,RETRY_LATER,True,ALLOWED,0.540254,0,0.0,PAYMENT_FAILURE,2026-08-25 13:54:01,CUS_001464,MER_00199,4262.04,INR,WALLET,DESKTOP,FAILED,TIMEOUT,1,66.71,0,False,False,0,0,0,0.520254,104,5,4,1,0.8,7862.87,0.7823,1,NETBANKING,SAAS,SMALL,1416.06,0.9293,0.0707,13,1,8
EVT_00002052,RETRY_LATER,True,ALLOWED,0.812886,1,2008.68,PAYMENT_FAILURE,2026-08-07 02:46:07,CUS_000479,MER_00016,2008.68,INR,UPI,MOBILE,FAILED,BANK_TECHNICAL_ERROR,0,24.7,0,False,False,0,0,0,0.692886,1005,7,7,0,1.0,1131.79,0.5413,78,CARD,DIGITAL_SERVICES,MEDIUM,5120.98,0.9357,0.0643,2,4,8
EVT_00002057,ALTERNATIVE_PAYMENT,True,ALLOWED,0.441643,1,10157.33,PAYMENT_FAILURE,2026-08-16 21:51:06,CUS_001808,MER_00024,10157.33,INR,NETBANKING,DESKTOP,FAILED,TIMEOUT,3,5.51,0,False,False,0,0,0,0.411643,737,13,12,1,0.9231,10466.42,0.7457,55,NETBANKING,DIGITAL_SERVICES,SMALL,6952.02,0.952,0.048,21,6,8
EVT_00002062,RETRY_LATER,True,ALLOWED,0.408363,0,0.0,SUBSCRIPTION_FAILURE,2026-08-29 06:12:51,CUS_001871,MER_00064,2534.51,INR,NETBANKING,DESKTOP,AT_RISK,,0,33.97,0,False,False,689,18,2,0.458363,93,4,4,0,1.0,3458.57,0.1549,68,CARD,TRAVEL,SMALL,4568.4,0.9534,0.0466,6,5,8
EVT_00002070,RETRY_LATER,False,RETRY_LIMIT_REACHED,0.0,0,0.0,PAYMENT_FAILURE,2026-08-27 20:10:44,CUS_000815,MER_00082,17828.47,INR,UPI,DESKTOP,FAILED,INSUFFICIENT_BALANCE,3,68.86,0,False,False,0,0,0,0.206123,1173,16,14,2,0.875,6676.95,0.7971,32,CARD,DIGITAL_SERVICES,SMALL,5119.5,0.9572,0.0428,20,3,8
EVT_00002071,RECOVERY_REMINDER,True,ALLOWED,0.235924,1,2413.11,PAYMENT_FAILURE,2026-08-07 03:21:26,CUS_001115,MER_00001,2413.11,INR,CARD,MOBILE,FAILED,ISSUER_DECLINE,2,65.59,0,False,False,0,0,0,0.215924,315,29,28,1,0.9655,5922.58,0.6011,88,CARD,FOOD_DELIVERY,SMALL,6229.18,0.9913,0.0087,3,4,8
EVT_00002075,ALTERNATIVE_PAYMENT,True,ALLOWED,0.783895,1,3091.27,CHECKOUT_ABANDONMENT,2026-08-17 14:21:32,CUS_001202,MER_00184,3091.27,INR,UPI,MOBILE,AT_RISK,,0,2.84,863,True,False,0,0,0,0.753895,731,73,67,6,0.9178,3702.24,0.601,47,UPI,E_COMMERCE,MEDIUM,7360.37,0.9586,0.0414,14,0,8
EVT_00002096,RECOVERY_REMINDER,True,ALLOWED,0.240572,1,1215.25,PAYMENT_FAILURE,2026-08-19 23:48:10,CUS_001199,MER_00013,1215.25,INR,UPI,MOBILE,FAILED,ISSUER_DECLINE,1,41.38,0,False,False,0,0,0,0.220572,1210,78,64,14,0.8205,2163.96,0.9118,74,UPI,TRAVEL,SMALL,3031.81,0.8747,0.1253,23,2,8
EVT_00002102,RETRY_LATER,False,RETRY_LIMIT_REACHED,0.0,0,0.0,PAYMENT_FAILURE,2026-08-07 06:43:14,CUS_000349,MER_00153,9247.69,INR,CARD,DESKTOP,FAILED,NETWORK_ERROR,3,13.83,0,False,False,0,0,0,0.332519,295,16,13,3,0.8125,3656.36,0.9025,61,UPI,DIGITAL_SERVICES,MEDIUM,11301.58,0.8712,0.1288,6,4,8
EVT_00002114,ALTERNATIVE_PAYMENT,True,ALLOWED,0.321759,1,5681.36,PAYMENT_FAILURE,2026-08-04 23:00:34,CUS_001510,MER_00072,5681.36,INR,UPI,MOBILE,FAILED,ISSUER_DECLINE,3,33.5,0,False,False,0,0,0,0.141759,1034,28,25,3,0.8929,3935.42,0.9205,83,NETBANKING,TRAVEL,MEDIUM,4974.21,0.8851,0.1149,23,1,8
EVT_00002147,ALTERNATIVE_PAYMENT,True,ALLOWED,0.354065,1,1110.85,SUBSCRIPTION_FAILURE,2026-08-26 05:10:36,CUS_001758,MER_00198,1110.85,INR,NETBANKING,DESKTOP,AT_RISK,,0,25.04,0,False,False,605,13,3,0.324065,924,44,41,3,0.9318,3254.62,0.7637,45,NETBANKING,DIGITAL_SERVICES,SMALL,5306.23,0.9513,0.0487,5,2,8
EVT_00002150,RETRY_LATER,True,ALLOWED,0.463822,1,52028.64,PAYMENT_FAILURE,2026-08-08 15:28:49,CUS_001472,MER_00069,52028.64,INR,UPI,DESKTOP,FAILED,TIMEOUT,2,63.01,0,False,False,0,0,0,0.543822,1056,59,52,7,0.8814,12224.73,0.3087,29,UPI,E_COMMERCE,SMALL,12615.7,0.7608,0.2392,15,5,8
EVT_00002174,RETRY_LATER,True,ALLOWED,0.711804,1,5350.35,CHECKOUT_ABANDONMENT,2026-08-30 06:55:26,CUS_001899,MER_00086,5350.35,INR,UPI,DESKTOP,AT_RISK,,0,28.22,362,True,False,0,0,0,0.761804,1128,24,22,2,0.9167,5114.21,0.5235,58,UPI,EDUCATION,LARGE,4399.36,0.9863,0.0137,6,6,8
EVT_00002191,RETRY_LATER,False,RETRY_LIMIT_REACHED,0.0,0,0.0,PAYMENT_FAILURE,2026-08-28 14:39:25,CUS_001617,MER_00106,370.03,INR,NETBANKING,MOBILE,FAILED,INSUFFICIENT_BALANCE,3,27.33,0,False,False,0,0,0,0.160901,1197,5,4,1,0.8,2165.92,0.9129,89,CARD,SAAS,SMALL,2564.56,0.9372,0.0628,14,4,8
EVT_00002194,RETRY_LATER,True,ALLOWED,0.44049,1,6374.7,PAYMENT_FAILURE,2026-08-11 10:53:15,CUS_000255,MER_00082,6374.7,INR,NETBANKING,MOBILE,FAILED,EXPIRED_PAYMENT_METHOD,0,31.26,0,False,False,0,0,0,0.49049,1001,24,23,1,0.9583,6502.66,0.6047,42,UPI,DIGITAL_SERVICES,SMALL,5119.5,0.9572,0.0428,10,1,8
EVT_00002204,RETRY_LATER,True,ALLOWED,0.789469,1,63873.75,CHECKOUT_ABANDONMENT,2026-08-03 14:09:43,CUS_001113,MER_00177,63873.75,INR,WALLET,MOBILE,AT_RISK,,0,59.52,259,True,True,0,0,0,0.839469,313,5,5,0,1.0,31212.8,0.6032,16,UPI,SAAS,SMALL,9080.37,0.8866,0.1134,14,0,8
EVT_00002211,RETRY_LATER,False,RETRY_LIMIT_REACHED,0.0,0,0.0,PAYMENT_FAILURE,2026-08-04 18:59:29,CUS_000001,MER_00179,1288.71,INR,UPI,DESKTOP,FAILED,TIMEOUT,3,31.16,0,False,False,0,0,0,0.367517,161,70,66,4,0.9429,4196.46,0.5433,23,UPI,DIGITAL_SERVICES,SMALL,4183.78,0.7936,0.2064,18,1,8
EVT_00002212,RETRY_LATER,True,ALLOWED,0.562111,1,2102.44,PAYMENT_FAILURE,2026-08-21 10:35:28,CUS_001837,MER_00090,2102.44,INR,WALLET,MOBILE,FAILED,TIMEOUT,1,18.93,0,False,False,0,0,0,0.542111,1413,16,14,2,0.875,4429.85,0.8869,25,UPI,SAAS,LARGE,7209.68,0.9254,0.0746,10,4,8
EVT_00002214,RECOVERY_REMINDER,True,ALLOWED,0.448385,1,3549.74,PAYMENT_FAILURE,2026-08-19 03:04:19,CUS_000539,MER_00015,3549.74,INR,UPI,DESKTOP,FAILED,PAYMENT_LIMIT,0,4.3,0,False,False,0,0,0,0.428385,824,42,39,3,0.9286,2695.42,0.8559,11,CARD,EDUCATION,SMALL,2436.77,0.8602,0.1398,3,2,8
EVT_00002225,ALTERNATIVE_PAYMENT,True,ALLOWED,0.44786,1,4869.28,PAYMENT_FAILURE,2026-08-22 13:39:53,CUS_000167,MER_00128,4869.28,INR,CARD,MOBILE,FAILED,ISSUER_DECLINE,1,0.03,0,False,False,0,0,0,0.26786,502,25,23,2,0.92,6875.19,0.5135,60,UPI,TRAVEL,LARGE,637.62,0.9635,0.0365,13,5,8
EVT_00002237,RETRY_LATER,True,ALLOWED,0.766652,1,1063.42,PAYMENT_FAILURE,2026-08-18 08:23:36,CUS_001191,MER_00084,1063.42,INR,UPI,DESKTOP,FAILED,TIMEOUT,0,32.35,0,False,False,0,0,0,0.646652,640,1,1,0,1.0,1247.08,0.9212,23,NETBANKING,SAAS,LARGE,2123.34,0.8109,0.1891,8,1,8
EVT_00002249,RECOVERY_REMINDER,True,ALLOWED,0.271743,1,5580.36,PAYMENT_FAILURE,2026-08-19 13:46:56,CUS_000562,MER_00018,5580.36,INR,CARD,DESKTOP,FAILED,INSUFFICIENT_BALANCE,2,7.3,0,False,False,0,0,0,0.251743,93,29,27,2,0.931,7691.89,0.9309,71,CARD,E_COMMERCE,SMALL,8469.12,0.8917,0.1083,13,2,8
EVT_00002254,RECOVERY_REMINDER,True,ALLOWED,0.503402,1,9698.48,PAYMENT_FAILURE,2026-08-10 06:15:43,CUS_001337,MER_00193,9698.48,INR,CARD,MOBILE,FAILED,EXPIRED_PAYMENT_METHOD,0,59.28,0,False,False,0,0,0,0.483402,968,42,38,4,0.9048,8524.88,0.7614,83,UPI,DIGITAL_SERVICES,MEDIUM,8184.15,0.9805,0.0195,6,0,8
EVT_00002256,RETRY_LATER,False,RETRY_LIMIT_REACHED,0.0,0,0.0,PAYMENT_FAILURE,2026-08-26 13:23:27,CUS_000066,MER_00028,6331.19,INR,UPI,MOBILE,FAILED,PAYMENT_LIMIT,3,39.12,0,False,False,0,0,0,0.196156,508,41,35,6,0.8537,6800.11,0.9523,7,CARD,RETAIL,SMALL,5325.69,0.8758,0.1242,13,2,8
EVT_00002270,RETRY_LATER,True,ALLOWED,0.634182,1,3499.81,CHECKOUT_ABANDONMENT,2026-08-01 06:30:30,CUS_000739,MER_00153,3499.81,INR,CARD,DESKTOP,AT_RISK,,0,6.76,40,True,False,0,0,0,0.684182,1115,39,35,4,0.8974,1993.21,0.6132,86,UPI,DIGITAL_SERVICES,MEDIUM,11301.58,0.8712,0.1288,6,5,8
EVT_00002285,RETRY_LATER,True,ALLOWED,0.01,0,0.0,PAYMENT_FAILURE,2026-08-30 09:12:31,CUS_001966,MER_00200,3969.94,INR,UPI,MOBILE,FAILED,ISSUER_DECLINE,2,18.95,0,False,False,0,0,0,0.17746,1120,68,61,7,0.8971,2069.54,0.8101,9,UPI,TRAVEL,LARGE,3303.67,0.795,0.205,9,6,8
EVT_00002290,RETRY_LATER,True,ALLOWED,0.388611,0,0.0,PAYMENT_FAILURE,2026-08-13 23:37:13,CUS_000631,MER_00008,2292.02,INR,UPI,MOBILE,FAILED,TIMEOUT,2,70.77,0,False,False,0,0,0,0.468611,1113,74,69,5,0.9324,2620.16,0.5423,21,CARD,DIGITAL_SERVICES,MEDIUM,6017.04,0.8847,0.1153,23,3,8
EVT_00002292,RECOVERY_REMINDER,True,ALLOWED,0.274598,1,9631.46,PAYMENT_FAILURE,2026-08-15 21:26:15,CUS_000422,MER_00076,9631.46,INR,CARD,DESKTOP,FAILED,INSUFFICIENT_BALANCE,2,52.53,0,False,False,0,0,0,0.254598,1050,60,58,2,0.9667,2624.05,0.7763,29,WALLET,RETAIL,SMALL,3701.29,0.793,0.207,21,5,8
EVT_00002295,RETRY_LATER,False,RETRY_LIMIT_REACHED,0.0,0,0.0,PAYMENT_FAILURE,2026-08-18 12:12:30,CUS_001349,MER_00019,2352.38,INR,NETBANKING,MOBILE,FAILED,NETWORK_ERROR,3,66.13,0,False,False,0,0,0,0.388573,1110,10,10,0,1.0,2710.67,0.6591,85,UPI,FOOD_DELIVERY,MEDIUM,3617.98,0.9102,0.0898,12,1,8
EVT_00002303,RECOVERY_REMINDER,True,ALLOWED,0.510565,1,6340.36,PAYMENT_FAILURE,2026-08-26 01:36:33,CUS_001204,MER_00004,6340.36,INR,UPI,MOBILE,FAILED,TIMEOUT,2,9.47,0,False,False,0,0,0,0.490565,1149,12,11,1,0.9167,5528.4,0.7852,20,CARD,EDUCATION,MEDIUM,2207.0,0.9735,0.0265,1,2,8
EVT_00002304,RECOVERY_REMINDER,True,ALLOWED,0.465093,1,944.31,PAYMENT_FAILURE,2026-08-13 04:49:04,CUS_001391,MER_00014,944.31,INR,CARD,TABLET,FAILED,TIMEOUT,2,50.19,0,False,False,0,0,0,0.445093,479,20,18,2,0.9,1786.63,0.7048,24,UPI,FOOD_DELIVERY,SMALL,3627.04,0.8438,0.1562,4,3,8
EVT_00002309,ALTERNATIVE_PAYMENT,True,ALLOWED,0.674726,1,1024.52,PAYMENT_FAILURE,2026-08-05 14:16:33,CUS_001914,MER_00161,1024.52,INR,UPI,MOBILE,FAILED,TIMEOUT,0,10.61,0,False,False,0,0,0,0.644726,1172,44,40,4,0.9091,1443.36,0.8439,46,WALLET,SAAS,SMALL,3979.68,0.9713,0.0287,14,2,8
EVT_00002313,ALTERNATIVE_PAYMENT,True,ALLOWED,0.431782,1,4906.83,PAYMENT_FAILURE,2026-08-07 03:51:38,CUS_000505,MER_00066,4906.83,INR,UPI,MOBILE,FAILED,PAYMENT_LIMIT,2,61.09,0,False,False,0,0,0,0.251782,432,5,4,1,0.8,4157.02,0.9678,77,UPI,FOOD_DELIVERY,SMALL,10924.95,0.9585,0.0415,3,4,8
EVT_00002315,RETRY_LATER,False,RETRY_LIMIT_REACHED,0.0,0,0.0,PAYMENT_FAILURE,2026-08-06 08:49:38,CUS_001339,MER_00021,2750.15,INR,CARD,MOBILE,FAILED,EXPIRED_PAYMENT_METHOD,3,62.21,0,False,False,0,0,0,0.221983,1169,68,63,5,0.9265,6181.32,0.54,69,CARD,E_COMMERCE,LARGE,19944.74,0.8545,0.1455,8,3,8
EVT_00002320,RETRY_LATER,True,ALLOWED,0.296266,0,0.0,PAYMENT_FAILURE,2026-08-14 20:48:28,CUS_001641,MER_00127,4604.61,INR,UPI,MOBILE,FAILED,INSUFFICIENT_BALANCE,0,67.05,0,False,False,0,0,0,0.346266,1090,57,46,11,0.807,2739.39,0.6994,30,CARD,SAAS,MEDIUM,11305.04,0.8287,0.1713,20,4,8
EVT_00002333,HUMAN_ESCALATION,True,ALLOWED,0.308337,1,1575.38,PAYMENT_FAILURE,2026-08-10 21:13:03,CUS_001652,MER_00156,1575.38,INR,UPI,MOBILE,FAILED,TIMEOUT,3,11.31,0,False,False,0,0,0,0.408337,56,6,6,0,1.0,4896.37,0.9532,75,CARD,FOOD_DELIVERY,MEDIUM,16696.36,0.898,0.102,21,0,8
EVT_00002339,RECOVERY_REMINDER,True,ALLOWED,0.586492,1,663.09,PAYMENT_FAILURE,2026-08-17 22:29:32,CUS_001408,MER_00123,663.09,INR,CARD,DESKTOP,FAILED,BANK_TECHNICAL_ERROR,1,62.73,0,False,False,0,0,0,0.566492,1315,51,45,6,0.8824,2131.34,0.8473,20,NETBANKING,EDUCATION,SMALL,1684.78,0.9279,0.0721,22,0,8
EVT_00002341,RETRY_LATER,False,RETRY_LIMIT_REACHED,0.0,0,0.0,PAYMENT_FAILURE,2026-08-22 15:34:49,CUS_000061,MER_00117,9921.94,INR,CARD,DESKTOP,FAILED,ISSUER_DECLINE,3,49.94,0,False,False,0,0,0,0.150013,1386,71,66,5,0.9296,12218.24,0.309,75,WALLET,TRAVEL,SMALL,11500.96,0.8461,0.1539,15,5,8
EVT_00002367,RETRY_LATER,True,ALLOWED,0.705481,1,5924.0,CHECKOUT_ABANDONMENT,2026-08-29 07:26:37,CUS_001192,MER_00064,5924.0,INR,UPI,MOBILE,AT_RISK,,0,8.13,292,True,False,0,0,0,0.755481,438,54,49,5,0.9074,4999.23,0.9125,70,UPI,TRAVEL,SMALL,4568.4,0.9534,0.0466,7,5,8
EVT_00002387,HUMAN_ESCALATION,True,ALLOWED,0.33132,1,4066.22,PAYMENT_FAILURE,2026-08-24 16:00:54,CUS_000857,MER_00046,4066.22,INR,UPI,MOBILE,FAILED,BANK_TECHNICAL_ERROR,3,32.54,0,False,False,0,0,0,0.43132,389,45,42,3,0.9333,5451.1,0.753,24,UPI,SAAS,MEDIUM,17647.99,0.9849,0.0151,16,0,8
EVT_00002396,RETRY_LATER,True,ALLOWED,0.293252,1,8670.58,SUBSCRIPTION_FAILURE,2026-08-02 10:53:46,CUS_001196,MER_00062,8670.58,INR,NETBANKING,DESKTOP,AT_RISK,,0,63.91,0,False,False,128,8,3,0.343252,961,14,13,1,0.9286,9486.0,0.8203,48,WALLET,SAAS,SMALL,1825.36,0.9707,0.0293,10,6,8
EVT_00002398,RETRY_LATER,True,ALLOWED,0.596767,1,5596.72,PAYMENT_FAILURE,2026-08-09 09:12:13,CUS_000549,MER_00002,5596.72,INR,UPI,DESKTOP,FAILED,TIMEOUT,1,42.13,0,False,False,0,0,0,0.576767,788,38,37,1,0.9737,6708.92,0.2221,28,CARD,E_COMMERCE,LARGE,9205.47,0.8725,0.1275,9,6,8
EVT_00002413,RETRY_LATER,True,ALLOWED,0.298829,1,1656.78,PAYMENT_FAILURE,2026-08-02 22:33:39,CUS_000853,MER_00065,1656.78,INR,UPI,DESKTOP,FAILED,INSUFFICIENT_BALANCE,0,22.58,0,False,False,0,0,0,0.348829,1445,10,9,1,0.9,2165.21,0.8516,64,UPI,DIGITAL_SERVICES,MEDIUM,5883.79,0.7053,0.2947,22,6,8
EVT_00002416,RETRY_LATER,True,ALLOWED,0.682333,1,1509.38,CHECKOUT_ABANDONMENT,2026-08-29 08:14:12,CUS_001823,MER_00054,1509.38,INR,UPI,TABLET,AT_RISK,,0,20.05,816,True,True,0,0,0,0.732333,473,44,39,5,0.8864,1130.85,0.7282,79,NETBANKING,SAAS,SMALL,6765.64,0.896,0.104,8,5,8
EVT_00002421,RETRY_LATER,True,ALLOWED,0.504444,0,0.0,SUBSCRIPTION_FAILURE,2026-08-03 01:15:33,CUS_001622,MER_00180,4874.13,INR,UPI,MOBILE,AT_RISK,,0,12.34,0,False,False,65,22,0,0.554444,35,18,13,5,0.7222,7503.54,0.6684,45,WALLET,EDUCATION,SMALL,8065.97,0.802,0.198,1,0,8
EVT_00002426,ALTERNATIVE_PAYMENT,True,ALLOWED,0.639235,1,6820.92,PAYMENT_FAILURE,2026-08-23 11:29:06,CUS_001347,MER_00199,6820.92,INR,UPI,MOBILE,FAILED,BANK_TECHNICAL_ERROR,1,60.2,0,False,False,0,0,0,0.609235,1287,48,46,2,0.9583,6482.02,0.418,38,WALLET,SAAS,SMALL,1416.06,0.9293,0.0707,11,6,8
EVT_00002432,HUMAN_ESCALATION,True,ALLOWED,0.616575,1,25708.46,PAYMENT_FAILURE,2026-08-21 12:31:51,CUS_001338,MER_00065,25708.46,INR,CARD,MOBILE,FAILED,TIMEOUT,2,63.48,0,False,False,0,0,0,0.516575,465,4,4,0,1.0,13277.06,0.756,21,UPI,DIGITAL_SERVICES,MEDIUM,5883.79,0.7053,0.2947,12,4,8
EVT_00002433,RETRY_LATER,True,ALLOWED,0.324364,1,1958.79,PAYMENT_FAILURE,2026-08-30 23:55:48,CUS_001436,MER_00074,1958.79,INR,NETBANKING,MOBILE,FAILED,INSUFFICIENT_BALANCE,0,69.22,0,False,False,0,0,0,0.374364,179,48,40,8,0.8333,5208.34,0.8945,76,CARD,FOOD_DELIVERY,MEDIUM,5401.12,0.9649,0.0351,23,6,8
EVT_00002434,RETRY_LATER,True,ALLOWED,0.509995,1,11244.21,CHECKOUT_ABANDONMENT,2026-08-06 21:14:48,CUS_000172,MER_00024,11244.21,INR,UPI,MOBILE,AT_RISK,,0,35.47,303,False,False,0,0,0,0.559995,162,59,52,7,0.8814,6381.4,0.7667,40,UPI,DIGITAL_SERVICES,SMALL,6952.02,0.952,0.048,21,3,8
EVT_00002436,RETRY_LATER,True,ALLOWED,0.373504,1,4167.77,PAYMENT_FAILURE,2026-08-03 15:58:37,CUS_000867,MER_00077,4167.77,INR,CARD,MOBILE,FAILED,BANK_TECHNICAL_ERROR,2,67.92,0,False,False,0,0,0,0.453504,1235,25,19,6,0.76,3070.08,0.6663,63,NETBANKING,TRAVEL,MEDIUM,2007.39,0.9835,0.0165,15,0,8
EVT_00002450,ALTERNATIVE_PAYMENT,True,ALLOWED,0.74853,1,3295.16,CHECKOUT_ABANDONMENT,2026-08-08 16:10:57,CUS_002000,MER_00177,3295.16,INR,CARD,MOBILE,AT_RISK,,0,45.79,326,True,False,0,0,0,0.71853,442,42,35,7,0.8333,3400.94,0.9563,46,CARD,SAAS,SMALL,9080.37,0.8866,0.1134,16,5,8
EVT_00002454,RETRY_LATER,True,ALLOWED,0.59605,1,6665.21,CHECKOUT_ABANDONMENT,2026-08-23 15:25:26,CUS_000534,MER_00121,6665.21,INR,CARD,DESKTOP,AT_RISK,,0,34.71,86,True,False,0,0,0,0.64605,448,14,11,3,0.7857,3917.23,0.4541,36,CARD,SAAS,SMALL,4761.05,0.8269,0.1731,15,6,8
EVT_00002456,RETRY_LATER,True,ALLOWED,0.567014,1,1794.51,PAYMENT_FAILURE,2026-08-08 06:30:39,CUS_000475,MER_00123,1794.51,INR,CARD,DESKTOP,FAILED,TIMEOUT,1,23.3,0,False,False,0,0,0,0.547014,962,9,8,1,0.8889,2088.77,0.7432,17,CARD,EDUCATION,SMALL,1684.78,0.9279,0.0721,6,5,8
EVT_00002477,RETRY_LATER,True,ALLOWED,0.770061,1,11877.76,PAYMENT_FAILURE,2026-08-11 13:43:41,CUS_001475,MER_00052,11877.76,INR,CARD,MOBILE,FAILED,NETWORK_ERROR,0,53.11,0,False,False,0,0,0,0.650061,1466,24,22,2,0.9167,8450.39,0.7959,51,CARD,RETAIL,LARGE,8899.2,0.9756,0.0244,13,1,8
EVT_00002483,ALTERNATIVE_PAYMENT,True,ALLOWED,0.579664,1,22571.35,PAYMENT_FAILURE,2026-08-04 02:03:43,CUS_000444,MER_00054,22571.35,INR,UPI,MOBILE,FAILED,BANK_TECHNICAL_ERROR,2,56.68,0,False,False,0,0,0,0.549664,748,17,16,1,0.9412,5043.52,0.9032,1,UPI,SAAS,SMALL,6765.64,0.896,0.104,2,1,8
EVT_00002495,ALTERNATIVE_PAYMENT,True,ALLOWED,0.343655,1,2994.13,PAYMENT_FAILURE,2026-08-20 18:15:21,CUS_000913,MER_00118,2994.13,INR,UPI,MOBILE,FAILED,INSUFFICIENT_BALANCE,1,26.03,0,False,False,0,0,0,0.313655,583,38,34,4,0.8947,2984.35,0.8988,15,UPI,E_COMMERCE,MEDIUM,1563.87,0.9374,0.0626,18,3,8
EVT_00002499,RECOVERY_REMINDER,True,ALLOWED,0.889444,1,12937.09,CHECKOUT_ABANDONMENT,2026-08-08 19:37:08,CUS_000367,MER_00070,12937.09,INR,UPI,DESKTOP,AT_RISK,,0,54.77,247,True,True,0,0,0,0.739444,720,27,24,3,0.8889,8749.36,0.5481,10,UPI,DIGITAL_SERVICES,SMALL,32979.79,0.7942,0.2058,19,5,8
EVT_00002507,RETRY_LATER,True,ALLOWED,0.480151,1,4834.08,SUBSCRIPTION_FAILURE,2026-08-07 05:06:20,CUS_001083,MER_00162,4834.08,INR,CARD,MOBILE,AT_RISK,,0,0.44,0,False,False,527,10,1,0.530151,1438,22,20,2,0.9091,4483.67,0.4705,76,CARD,DIGITAL_SERVICES,LARGE,1610.3,0.8922,0.1078,5,4,8
EVT_00002511,RETRY_LATER,True,ALLOWED,0.763443,1,5180.09,PAYMENT_FAILURE,2026-08-23 09:53:59,CUS_000905,MER_00149,5180.09,INR,UPI,DESKTOP,FAILED,TIMEOUT,0,7.08,0,False,False,0,0,0,0.643443,704,52,47,5,0.9038,7682.66,0.6044,76,NETBANKING,EDUCATION,SMALL,3023.4,0.9223,0.0777,9,6,8
EVT_00002514,RETRY_LATER,False,RETRY_LIMIT_REACHED,0.0,0,0.0,PAYMENT_FAILURE,2026-08-29 01:44:13,CUS_000262,MER_00033,5653.52,INR,UPI,MOBILE,FAILED,ISSUER_DECLINE,3,10.95,0,False,False,0,0,0,0.151849,280,79,77,2,0.9747,6371.56,0.6944,11,NETBANKING,RETAIL,SMALL,1741.31,0.8328,0.1672,1,5,8
EVT_00002518,RETRY_LATER,True,ALLOWED,0.778453,1,6927.6,PAYMENT_FAILURE,2026-08-22 21:39:25,CUS_001916,MER_00096,6927.6,INR,UPI,MOBILE,FAILED,BANK_TECHNICAL_ERROR,0,7.57,0,False,False,0,0,0,0.658453,790,7,6,1,0.8571,4650.91,0.3053,87,NETBANKING,TRAVEL,MEDIUM,3014.41,0.9456,0.0544,21,5,8
EVT_00002519,ALTERNATIVE_PAYMENT,True,ALLOWED,0.346951,1,11526.8,PAYMENT_FAILURE,2026-08-05 13:04:25,CUS_000323,MER_00149,11526.8,INR,CARD,MOBILE,FAILED,ISSUER_DECLINE,3,43.81,0,False,False,0,0,0,0.166951,933,27,26,1,0.963,12565.52,0.6465,37,UPI,EDUCATION,SMALL,3023.4,0.9223,0.0777,13,2,8
EVT_00002526,RETRY_LATER,False,RETRY_LIMIT_REACHED,0.0,0,0.0,PAYMENT_FAILURE,2026-08-10 20:17:55,CUS_000683,MER_00077,7021.81,INR,UPI,DESKTOP,FAILED,NETWORK_ERROR,3,57.33,0,False,False,0,0,0,0.367843,1441,31,27,4,0.871,5807.51,0.8567,9,UPI,TRAVEL,MEDIUM,2007.39,0.9835,0.0165,20,0,8
EVT_00002530,RETRY_LATER,True,ALLOWED,0.357033,1,10187.94,PAYMENT_FAILURE,2026-08-10 02:01:56,CUS_000827,MER_00162,10187.94,INR,NETBANKING,MOBILE,FAILED,BANK_TECHNICAL_ERROR,2,27.81,0,False,False,0,0,0,0.437033,1030,29,21,8,0.7241,8284.37,0.4549,81,UPI,DIGITAL_SERVICES,LARGE,1610.3,0.8922,0.1078,2,0,8
EVT_00002534,RETRY_LATER,False,RETRY_LIMIT_REACHED,0.0,0,0.0,PAYMENT_FAILURE,2026-08-05 17:24:00,CUS_001664,MER_00008,3769.86,INR,UPI,MOBILE,FAILED,ISSUER_DECLINE,3,2.48,0,False,False,0,0,0,0.152124,843,77,74,3,0.961,3758.46,0.7355,44,UPI,DIGITAL_SERVICES,MEDIUM,6017.04,0.8847,0.1153,17,2,8
EVT_00002537,RECOVERY_REMINDER,True,ALLOWED,0.386136,1,416.98,SUBSCRIPTION_FAILURE,2026-08-09 17:56:06,CUS_000687,MER_00093,416.98,INR,UPI,MOBILE,AT_RISK,,0,37.38,0,False,False,843,3,1,0.366136,627,20,18,2,0.9,702.79,0.5097,70,WALLET,RETAIL,MEDIUM,968.76,0.94,0.06,17,6,8
EVT_00002538,ALTERNATIVE_PAYMENT,True,ALLOWED,0.413909,1,2469.97,PAYMENT_FAILURE,2026-08-05 20:56:11,CUS_000139,MER_00020,2469.97,INR,UPI,MOBILE,FAILED,TIMEOUT,3,40.85,0,False,False,0,0,0,0.383909,540,43,38,5,0.8837,3801.23,0.6823,68,NETBANKING,FOOD_DELIVERY,LARGE,3635.97,0.9772,0.0228,20,2,8
EVT_00002550,RETRY_LATER,True,ALLOWED,0.01,0,0.0,PAYMENT_FAILURE,2026-08-22 06:03:31,CUS_001203,MER_00035,912.31,INR,CARD,MOBILE,FAILED,INSUFFICIENT_BALANCE,2,7.57,0,False,False,0,0,0,0.23879,1477,61,53,8,0.8689,1530.88,0.633,66,CARD,DIGITAL_SERVICES,SMALL,1661.67,0.979,0.021,6,5,8
EVT_00002557,RETRY_LATER,True,ALLOWED,0.397673,0,0.0,PAYMENT_FAILURE,2026-08-14 10:27:47,CUS_001993,MER_00193,6057.3,INR,NETBANKING,TABLET,FAILED,EXPIRED_PAYMENT_METHOD,0,3.74,0,False,False,0,0,0,0.447673,452,12,10,2,0.8333,5126.62,0.8534,56,WALLET,DIGITAL_SERVICES,MEDIUM,8184.15,0.9805,0.0195,10,4,8
EVT_00002558,RETRY_LATER,True,ALLOWED,0.082884,0,0.0,PAYMENT_FAILURE,2026-08-23 04:00:04,CUS_000485,MER_00136,5019.24,INR,CARD,DESKTOP,FAILED,ISSUER_DECLINE,1,23.26,0,False,False,0,0,0,0.232884,710,28,22,6,0.7857,7984.19,0.437,18,UPI,TRAVEL,MEDIUM,1391.97,0.9802,0.0198,4,6,8
EVT_00002560,ALTERNATIVE_PAYMENT,True,ALLOWED,0.480972,1,721.5,PAYMENT_FAILURE,2026-08-23 10:58:20,CUS_000582,MER_00008,721.5,INR,CARD,MOBILE,FAILED,ISSUER_DECLINE,0,0.44,0,False,False,0,0,0,0.300972,1255,37,32,5,0.8649,2021.65,0.9008,43,UPI,DIGITAL_SERVICES,MEDIUM,6017.04,0.8847,0.1153,10,6,8
EVT_00002564,HUMAN_ESCALATION,True,ALLOWED,0.288785,1,5598.96,PAYMENT_FAILURE,2026-08-30 01:36:05,CUS_000284,MER_00101,5598.96,INR,UPI,MOBILE,FAILED,TIMEOUT,3,42.87,0,False,False,0,0,0,0.388785,751,63,59,4,0.9365,4222.72,0.4478,32,UPI,FOOD_DELIVERY,SMALL,3940.25,0.8648,0.1352,1,6,8
EVT_00002577,ALTERNATIVE_PAYMENT,True,ALLOWED,0.666666,1,8356.26,PAYMENT_FAILURE,2026-08-29 16:53:32,CUS_001245,MER_00048,8356.26,INR,CARD,MOBILE,FAILED,EXPIRED_PAYMENT_METHOD,0,10.14,0,False,False,0,0,0,0.486666,1316,58,56,2,0.9655,8292.2,0.7816,6,CARD,EDUCATION,MEDIUM,7641.54,0.8998,0.1002,16,5,8
EVT_00002579,RETRY_LATER,True,ALLOWED,0.775407,1,17462.04,PAYMENT_FAILURE,2026-08-24 06:13:50,CUS_001517,MER_00107,17462.04,INR,CARD,DESKTOP,FAILED,BANK_TECHNICAL_ERROR,0,10.06,0,False,False,0,0,0,0.655407,739,14,11,3,0.7857,9327.6,0.7336,44,CARD,E_COMMERCE,SMALL,15795.0,0.9309,0.0691,6,0,8
EVT_00002612,RETRY_LATER,True,ALLOWED,0.330867,1,6401.98,PAYMENT_FAILURE,2026-08-01 16:02:28,CUS_000077,MER_00008,6401.98,INR,UPI,DESKTOP,FAILED,INSUFFICIENT_BALANCE,0,55.44,0,False,False,0,0,0,0.380867,515,37,32,5,0.8649,12258.28,0.6231,52,UPI,DIGITAL_SERVICES,MEDIUM,6017.04,0.8847,0.1153,16,5,8
EVT_00002618,RECOVERY_REMINDER,True,ALLOWED,0.512474,1,1754.29,SUBSCRIPTION_FAILURE,2026-08-12 02:50:11,CUS_000248,MER_00004,1754.29,INR,UPI,DESKTOP,AT_RISK,,0,39.04,0,False,False,325,10,1,0.492474,641,14,11,3,0.7857,1216.78,0.6496,70,UPI,EDUCATION,MEDIUM,2207.0,0.9735,0.0265,2,2,8
EVT_00002621,ALTERNATIVE_PAYMENT,True,ALLOWED,0.599419,1,7120.14,SUBSCRIPTION_FAILURE,2026-08-14 10:05:24,CUS_001885,MER_00088,7120.14,INR,UPI,DESKTOP,AT_RISK,,0,68.36,0,False,False,382,16,1,0.569419,938,13,13,0,1.0,5592.8,0.6162,39,UPI,SAAS,MEDIUM,2014.49,0.8916,0.1084,10,4,8
EVT_00002624,RETRY_LATER,True,ALLOWED,0.71613,1,3609.65,CHECKOUT_ABANDONMENT,2026-08-27 17:08:14,CUS_001158,MER_00199,3609.65,INR,UPI,DESKTOP,AT_RISK,,0,54.04,194,True,False,0,0,0,0.76613,1279,79,77,2,0.9747,6367.46,0.7912,71,NETBANKING,SAAS,SMALL,1416.06,0.9293,0.0707,17,3,8
EVT_00002632,ALTERNATIVE_PAYMENT,True,ALLOWED,0.22528,1,8083.2,SUBSCRIPTION_FAILURE,2026-08-04 18:56:39,CUS_000806,MER_00075,8083.2,INR,NETBANKING,MOBILE,AT_RISK,,0,60.29,0,False,False,380,1,3,0.19528,1178,77,67,10,0.8701,5947.99,0.2686,61,NETBANKING,EDUCATION,SMALL,18185.27,0.9412,0.0588,18,1,8
EVT_00002634,ALTERNATIVE_PAYMENT,True,ALLOWED,0.353537,1,1351.61,PAYMENT_FAILURE,2026-08-04 17:45:45,CUS_001276,MER_00071,1351.61,INR,CARD,MOBILE,FAILED,TIMEOUT,3,18.35,0,False,False,0,0,0,0.323537,1078,73,57,16,0.7808,5052.46,0.5922,23,CARD,TRAVEL,MEDIUM,1476.19,0.8534,0.1466,17,1,8
EVT_00002650,RETRY_LATER,True,ALLOWED,0.51085,1,1842.21,SUBSCRIPTION_FAILURE,2026-08-11 16:00:10,CUS_001159,MER_00065,1842.21,INR,NETBANKING,MOBILE,AT_RISK,,0,29.02,0,False,False,467,22,0,0.56085,594,53,43,10,0.8113,3518.85,0.9299,62,CARD,DIGITAL_SERVICES,MEDIUM,5883.79,0.7053,0.2947,16,1,8
EVT_00002656,RETRY_LATER,True,ALLOWED,0.69135,1,2393.47,CHECKOUT_ABANDONMENT,2026-08-24 19:44:56,CUS_000254,MER_00138,2393.47,INR,UPI,DESKTOP,AT_RISK,,0,46.64,888,True,True,0,0,0,0.74135,514,40,37,3,0.925,1034.9,0.6769,27,CARD,E_COMMERCE,MEDIUM,9578.85,0.8707,0.1293,19,0,8
EVT_00002657,RECOVERY_REMINDER,True,ALLOWED,0.340697,1,3192.96,PAYMENT_FAILURE,2026-08-03 03:11:36,CUS_000491,MER_00103,3192.96,INR,WALLET,MOBILE,FAILED,PAYMENT_LIMIT,1,63.0,0,False,False,0,0,0,0.320697,1401,28,23,5,0.8214,3710.87,0.7755,16,CARD,FOOD_DELIVERY,SMALL,12886.43,0.9255,0.0745,3,0,8
EVT_00002662,HUMAN_ESCALATION,True,ALLOWED,0.106674,1,5725.61,SUBSCRIPTION_FAILURE,2026-08-21 10:23:02,CUS_000677,MER_00005,5725.61,INR,UPI,DESKTOP,AT_RISK,,0,27.85,0,False,False,36,2,3,0.206674,883,77,72,5,0.9351,5488.34,0.6921,14,UPI,EDUCATION,SMALL,832.59,0.9375,0.0625,10,4,8
EVT_00002671,RETRY_LATER,True,ALLOWED,0.684699,1,565.47,CHECKOUT_ABANDONMENT,2026-08-28 14:38:33,CUS_001931,MER_00014,565.47,INR,NETBANKING,MOBILE,AT_RISK,,0,34.68,178,True,True,0,0,0,0.734699,161,56,52,4,0.9286,2283.61,0.7932,78,CARD,FOOD_DELIVERY,SMALL,3627.04,0.8438,0.1562,14,4,8
EVT_00002679,ALTERNATIVE_PAYMENT,True,ALLOWED,0.719773,1,4566.87,CHECKOUT_ABANDONMENT,2026-08-26 09:09:28,CUS_001159,MER_00051,4566.87,INR,CARD,MOBILE,AT_RISK,,0,46.77,198,True,True,0,0,0,0.689773,594,53,43,10,0.8113,3518.85,0.9299,62,CARD,EDUCATION,MEDIUM,3095.23,0.7393,0.2607,9,2,8
EVT_00002685,ALTERNATIVE_PAYMENT,True,ALLOWED,0.773482,1,13393.48,CHECKOUT_ABANDONMENT,2026-08-04 08:28:11,CUS_000758,MER_00037,13393.48,INR,CARD,MOBILE,AT_RISK,,0,22.37,319,True,False,0,0,0,0.743482,593,51,41,10,0.8039,11338.35,0.8664,32,CARD,E_COMMERCE,SMALL,979.69,0.9742,0.0258,8,1,8
EVT_00002687,ALTERNATIVE_PAYMENT,True,ALLOWED,0.768024,1,16435.23,CHECKOUT_ABANDONMENT,2026-08-04 01:52:02,CUS_000165,MER_00187,16435.23,INR,UPI,MOBILE,AT_RISK,,0,41.91,496,True,False,0,0,0,0.738024,644,76,59,17,0.7763,12067.62,0.8304,18,CARD,FOOD_DELIVERY,LARGE,11630.69,0.9524,0.0476,1,1,8
EVT_00002691,RETRY_LATER,True,ALLOWED,0.688681,1,4397.35,CHECKOUT_ABANDONMENT,2026-08-21 10:10:48,CUS_000634,MER_00054,4397.35,INR,CARD,MOBILE,AT_RISK,,0,27.71,139,True,False,0,0,0,0.738681,587,45,40,5,0.8889,3980.61,0.2874,75,UPI,SAAS,SMALL,6765.64,0.896,0.104,10,4,8
EVT_00002701,ALTERNATIVE_PAYMENT,True,ALLOWED,0.359845,1,3898.4,SUBSCRIPTION_FAILURE,2026-08-12 16:02:16,CUS_001648,MER_00145,3898.4,INR,CARD,MOBILE,AT_RISK,,0,34.95,0,False,False,90,10,3,0.329845,1005,48,45,3,0.9375,3549.38,0.7651,28,UPI,DIGITAL_SERVICES,SMALL,22876.16,0.9386,0.0614,16,2,8
EVT_00002710,RETRY_LATER,True,ALLOWED,0.700743,1,2909.83,CHECKOUT_ABANDONMENT,2026-08-07 11:33:59,CUS_000953,MER_00164,2909.83,INR,CARD,MOBILE,AT_RISK,,0,71.26,614,True,False,0,0,0,0.750743,933,75,72,3,0.96,4065.84,0.6427,59,CARD,EDUCATION,LARGE,10820.21,0.8606,0.1394,11,4,8
EVT_00002717,ALTERNATIVE_PAYMENT,True,ALLOWED,0.353927,1,5077.4,PAYMENT_FAILURE,2026-08-11 20:14:30,CUS_000136,MER_00142,5077.4,INR,CARD,MOBILE,FAILED,ISSUER_DECLINE,2,8.03,0,False,False,0,0,0,0.173927,476,55,45,10,0.8182,2864.77,0.6047,86,UPI,RETAIL,MEDIUM,2317.11,0.8986,0.1014,20,1,8
EVT_00002721,RETRY_LATER,True,ALLOWED,0.01,0,0.0,PAYMENT_FAILURE,2026-08-22 17:58:39,CUS_000752,MER_00049,2255.53,INR,UPI,DESKTOP,FAILED,PAYMENT_LIMIT,2,24.28,0,False,False,0,0,0,0.243749,247,7,6,1,0.8571,5110.67,0.8638,24,WALLET,EDUCATION,SMALL,8781.92,0.8307,0.1693,17,5,8
EVT_00002728,ALTERNATIVE_PAYMENT,True,ALLOWED,0.75991,1,3808.84,CHECKOUT_ABANDONMENT,2026-08-01 22:07:02,CUS_000647,MER_00040,3808.84,INR,NETBANKING,MOBILE,AT_RISK,,0,58.1,391,True,False,0,0,0,0.72991,706,45,38,7,0.8444,3675.81,0.804,48,UPI,FOOD_DELIVERY,SMALL,7435.86,0.9306,0.0694,22,5,8
EVT_00002739,ALTERNATIVE_PAYMENT,True,ALLOWED,0.2303,1,4894.72,PAYMENT_FAILURE,2026-08-21 06:37:50,CUS_000796,MER_00152,4894.72,INR,UPI,TABLET,FAILED,INSUFFICIENT_BALANCE,3,58.56,0,False,False,0,0,0,0.2003,464,73,70,3,0.9589,4782.27,0.8408,54,UPI,DIGITAL_SERVICES,SMALL,4325.9,0.9166,0.0834,6,4,8
EVT_00002744,RETRY_LATER,True,ALLOWED,0.594585,0,0.0,CHECKOUT_ABANDONMENT,2026-08-09 15:22:19,CUS_000576,MER_00155,3152.0,INR,UPI,DESKTOP,AT_RISK,,0,10.54,290,True,True,0,0,0,0.644585,579,27,17,10,0.6296,2604.04,0.8345,39,UPI,SAAS,SMALL,2912.27,0.843,0.157,15,6,8
EVT_00002746,ALTERNATIVE_PAYMENT,True,ALLOWED,0.256429,1,2670.2,PAYMENT_FAILURE,2026-08-05 12:04:31,CUS_001413,MER_00106,2670.2,INR,CARD,MOBILE,FAILED,INSUFFICIENT_BALANCE,2,22.69,0,False,False,0,0,0,0.226429,398,18,15,3,0.8333,2733.14,0.807,23,NETBANKING,SAAS,SMALL,2564.56,0.9372,0.0628,12,2,8
EVT_00002755,RETRY_LATER,True,ALLOWED,0.622963,1,18107.92,SUBSCRIPTION_FAILURE,2026-08-18 15:08:12,CUS_000113,MER_00133,18107.92,INR,CARD,DESKTOP,AT_RISK,,0,12.54,0,False,False,380,15,0,0.672963,846,73,71,2,0.9726,17956.94,0.6754,61,UPI,TRAVEL,SMALL,4316.96,0.7958,0.2042,15,1,8
EVT_00002756,RETRY_LATER,True,ALLOWED,0.594846,1,4341.03,SUBSCRIPTION_FAILURE,2026-08-10 11:00:00,CUS_001547,MER_00186,4341.03,INR,CARD,MOBILE,AT_RISK,,0,71.89,0,False,False,592,10,0,0.644846,1040,33,30,3,0.9091,5756.73,0.9126,24,UPI,SAAS,LARGE,6624.61,0.9305,0.0695,11,0,8
EVT_00002760,RETRY_LATER,True,ALLOWED,0.385749,0,0.0,PAYMENT_FAILURE,2026-08-10 02:26:31,CUS_000895,MER_00154,2253.99,INR,CARD,DESKTOP,FAILED,NETWORK_ERROR,2,0.03,0,False,False,0,0,0,0.465749,1131,21,20,1,0.9524,1809.01,0.9605,86,UPI,E_COMMERCE,SMALL,7670.89,0.9583,0.0417,2,0,8
EVT_00002766,ALTERNATIVE_PAYMENT,True,ALLOWED,0.487778,1,1799.06,PAYMENT_FAILURE,2026-08-07 19:11:32,CUS_001429,MER_00118,1799.06,INR,WALLET,MOBILE,FAILED,TIMEOUT,1,7.71,0,False,False,0,0,0,0.457778,422,62,40,22,0.6452,2766.17,0.9164,85,WALLET,E_COMMERCE,MEDIUM,1563.87,0.9374,0.0626,19,4,8
EVT_00002769,RETRY_LATER,True,ALLOWED,0.726121,1,11226.1,CHECKOUT_ABANDONMENT,2026-08-17 03:29:58,CUS_000478,MER_00001,11226.1,INR,CARD,MOBILE,AT_RISK,,0,42.8,667,True,False,0,0,0,0.776121,56,14,13,1,0.9286,17748.18,0.8056,55,UPI,FOOD_DELIVERY,SMALL,6229.18,0.9913,0.0087,3,0,8
EVT_00002772,ALTERNATIVE_PAYMENT,True,ALLOWED,0.491494,1,26009.0,PAYMENT_FAILURE,2026-08-07 16:08:00,CUS_001649,MER_00052,26009.0,INR,NETBANKING,DESKTOP,FAILED,BANK_TECHNICAL_ERROR,3,31.88,0,False,False,0,0,0,0.461494,1465,79,69,10,0.8734,19864.32,0.7157,80,CARD,RETAIL,LARGE,8899.2,0.9756,0.0244,16,4,8
EVT_00002775,HUMAN_ESCALATION,True,ALLOWED,0.097036,1,4934.87,PAYMENT_FAILURE,2026-08-05 05:34:38,CUS_001385,MER_00183,4934.87,INR,UPI,MOBILE,FAILED,ISSUER_DECLINE,2,69.37,0,False,False,0,0,0,0.197036,597,64,60,4,0.9375,6915.97,0.7276,33,WALLET,DIGITAL_SERVICES,SMALL,7807.06,0.8681,0.1319,5,2,8
EVT_00002780,RETRY_LATER,True,ALLOWED,0.375763,1,2163.99,PAYMENT_FAILURE,2026-08-15 14:16:06,CUS_001743,MER_00197,2163.99,INR,CARD,MOBILE,FAILED,NETWORK_ERROR,2,22.87,0,False,False,0,0,0,0.455763,700,75,70,5,0.9333,2315.1,0.9738,42,UPI,E_COMMERCE,SMALL,1239.03,0.945,0.055,14,5,8
EVT_00002782,RETRY_LATER,True,ALLOWED,0.831793,1,34173.78,PAYMENT_FAILURE,2026-08-26 08:16:08,CUS_000294,MER_00123,34173.78,INR,CARD,MOBILE,FAILED,TIMEOUT,0,50.2,0,False,False,0,0,0,0.711793,517,60,55,5,0.9167,22277.54,0.6359,82,CARD,EDUCATION,SMALL,1684.78,0.9279,0.0721,8,2,8
EVT_00002783,ALTERNATIVE_PAYMENT,True,ALLOWED,0.395875,1,2300.23,PAYMENT_FAILURE,2026-08-25 16:13:38,CUS_000585,MER_00096,2300.23,INR,NETBANKING,DESKTOP,FAILED,EXPIRED_PAYMENT_METHOD,3,71.06,0,False,False,0,0,0,0.215875,624,28,24,4,0.8571,1956.44,0.9754,30,UPI,TRAVEL,MEDIUM,3014.41,0.9456,0.0544,16,1,8
EVT_00002784,RETRY_LATER,True,ALLOWED,0.693298,1,1325.04,CHECKOUT_ABANDONMENT,2026-08-04 20:39:22,CUS_001992,MER_00032,1325.04,INR,CARD,MOBILE,AT_RISK,,0,70.59,408,True,False,0,0,0,0.743298,673,60,58,2,0.9667,1368.68,0.5141,77,UPI,TRAVEL,SMALL,7142.77,0.8186,0.1814,20,1,8
EVT_00002798,RETRY_LATER,True,ALLOWED,0.722932,1,3186.35,CHECKOUT_ABANDONMENT,2026-08-09 17:48:47,CUS_000772,MER_00056,3186.35,INR,NETBANKING,MOBILE,AT_RISK,,0,29.71,170,True,False,0,0,0,0.772932,1480,4,4,0,1.0,2057.5,0.5733,64,CARD,SAAS,SMALL,1706.75,0.9351,0.0649,17,6,8
EVT_00002803,ALTERNATIVE_PAYMENT,True,ALLOWED,0.366079,1,10750.52,PAYMENT_FAILURE,2026-08-21 00:41:41,CUS_001563,MER_00141,10750.52,INR,UPI,MOBILE,FAILED,ISSUER_DECLINE,2,15.13,0,False,False,0,0,0,0.186079,395,34,32,2,0.9412,12303.71,0.4052,79,NETBANKING,E_COMMERCE,MEDIUM,5168.9,0.7,0.3,0,4,8
EVT_00002808,RETRY_LATER,True,ALLOWED,0.260335,0,0.0,SUBSCRIPTION_FAILURE,2026-08-12 19:31:45,CUS_001775,MER_00075,11823.76,INR,NETBANKING,DESKTOP,AT_RISK,,0,67.79,0,False,False,536,11,3,0.310335,1160,34,28,6,0.8235,17764.81,0.8284,47,UPI,EDUCATION,SMALL,18185.27,0.9412,0.0588,19,2,8
EVT_00002810,ALTERNATIVE_PAYMENT,True,ALLOWED,0.766893,1,1791.06,CHECKOUT_ABANDONMENT,2026-08-21 04:31:24,CUS_000837,MER_00123,1791.06,INR,UPI,DESKTOP,AT_RISK,,0,35.42,466,True,False,0,0,0,0.736893,1218,77,68,9,0.8831,4596.98,0.8678,10,CARD,EDUCATION,SMALL,1684.78,0.9279,0.0721,4,4,8
EVT_00002811,ALTERNATIVE_PAYMENT,True,ALLOWED,0.5346,1,1422.88,PAYMENT_FAILURE,2026-08-24 02:41:33,CUS_000362,MER_00101,1422.88,INR,NETBANKING,MOBILE,FAILED,PAYMENT_LIMIT,1,0.72,0,False,False,0,0,0,0.3546,1339,60,58,2,0.9667,1743.16,0.8537,30,UPI,FOOD_DELIVERY,SMALL,3940.25,0.8648,0.1352,2,0,8
EVT_00002826,ALTERNATIVE_PAYMENT,True,ALLOWED,0.40205,1,4030.65,PAYMENT_FAILURE,2026-08-02 20:47:52,CUS_000897,MER_00079,4030.65,INR,UPI,MOBILE,FAILED,NETWORK_ERROR,3,18.8,0,False,False,0,0,0,0.37205,778,53,50,3,0.9434,5302.81,0.9568,78,CARD,FOOD_DELIVERY,LARGE,412.23,0.9077,0.0923,20,6,8
EVT_00002838,ALTERNATIVE_PAYMENT,True,ALLOWED,0.216833,1,1501.66,SUBSCRIPTION_FAILURE,2026-08-13 14:07:52,CUS_000110,MER_00013,1501.66,INR,CARD,MOBILE,AT_RISK,,0,58.97,0,False,False,158,4,3,0.186833,1066,23,21,2,0.913,1108.7,0.6428,69,CARD,TRAVEL,SMALL,3031.81,0.8747,0.1253,14,3,8
EVT_00002840,ALTERNATIVE_PAYMENT,True,ALLOWED,0.393697,1,5884.69,PAYMENT_FAILURE,2026-08-26 13:08:39,CUS_001799,MER_00077,5884.69,INR,UPI,MOBILE,FAILED,INSUFFICIENT_BALANCE,1,57.12,0,False,False,0,0,0,0.363697,733,1,1,0,1.0,2908.48,0.5145,34,UPI,TRAVEL,MEDIUM,2007.39,0.9835,0.0165,13,2,8
EVT_00002844,RETRY_LATER,True,ALLOWED,0.72714,1,11102.7,CHECKOUT_ABANDONMENT,2026-08-06 12:16:52,CUS_001909,MER_00077,11102.7,INR,UPI,MOBILE,AT_RISK,,0,41.91,392,True,True,0,0,0,0.77714,83,16,15,1,0.9375,16812.43,0.4888,82,CARD,TRAVEL,MEDIUM,2007.39,0.9835,0.0165,12,3,8
EVT_00002849,ALTERNATIVE_PAYMENT,True,ALLOWED,0.365013,1,9005.19,PAYMENT_FAILURE,2026-08-08 04:03:21,CUS_001179,MER_00175,9005.19,INR,CARD,MOBILE,FAILED,INSUFFICIENT_BALANCE,1,32.21,0,False,False,0,0,0,0.335013,410,18,16,2,0.8889,6344.37,0.6907,62,UPI,RETAIL,SMALL,14742.91,0.995,0.005,4,5,8
EVT_00002857,RECOVERY_REMINDER,True,ALLOWED,0.657227,1,1722.95,CHECKOUT_ABANDONMENT,2026-08-20 02:41:20,CUS_001658,MER_00088,1722.95,INR,WALLET,MOBILE,AT_RISK,,0,18.33,311,False,True,0,0,0,0.507227,1314,73,61,12,0.8356,4181.71,0.8788,47,UPI,SAAS,MEDIUM,2014.49,0.8916,0.1084,2,3,8
EVT_00002859,ALTERNATIVE_PAYMENT,True,ALLOWED,0.436916,1,16006.07,PAYMENT_FAILURE,2026-08-22 12:56:38,CUS_001937,MER_00140,16006.07,INR,UPI,MOBILE,FAILED,EXPIRED_PAYMENT_METHOD,3,58.41,0,False,False,0,0,0,0.256916,577,42,38,4,0.9048,10759.72,0.5997,8,CARD,EDUCATION,MEDIUM,8286.12,0.9696,0.0304,12,5,8
EVT_00002863,RETRY_LATER,True,ALLOWED,0.697759,1,2786.74,CHECKOUT_ABANDONMENT,2026-08-24 10:22:57,CUS_001077,MER_00052,2786.74,INR,CARD,MOBILE,AT_RISK,,0,53.47,503,True,False,0,0,0,0.747759,1075,9,8,1,0.8889,1928.93,0.4386,19,CARD,RETAIL,LARGE,8899.2,0.9756,0.0244,10,0,8
EVT_00002864,RETRY_LATER,False,RETRY_LIMIT_REACHED,0.0,0,0.0,PAYMENT_FAILURE,2026-08-27 09:27:07,CUS_000365,MER_00125,1913.42,INR,UPI,MOBILE,FAILED,TIMEOUT,3,12.81,0,False,False,0,0,0,0.319273,200,61,48,13,0.7869,2459.74,0.8209,32,CARD,E_COMMERCE,MEDIUM,4606.05,0.8105,0.1895,9,3,8
EVT_00002869,RETRY_LATER,True,ALLOWED,0.249053,1,834.73,PAYMENT_FAILURE,2026-08-02 22:19:18,CUS_001275,MER_00048,834.73,INR,CARD,TABLET,FAILED,ISSUER_DECLINE,0,32.51,0,False,False,0,0,0,0.299053,1151,20,17,3,0.85,1047.55,0.8044,74,WALLET,EDUCATION,MEDIUM,7641.54,0.8998,0.1002,22,6,8
EVT_00002871,ALTERNATIVE_PAYMENT,True,ALLOWED,0.335783,1,3360.17,PAYMENT_FAILURE,2026-08-09 12:34:47,CUS_001287,MER_00159,3360.17,INR,UPI,MOBILE,FAILED,INSUFFICIENT_BALANCE,1,45.98,0,False,False,0,0,0,0.305783,1364,11,10,1,0.9091,3297.27,0.5206,71,UPI,EDUCATION,MEDIUM,1436.79,0.8598,0.1402,12,6,8
EVT_00002874,ALTERNATIVE_PAYMENT,True,ALLOWED,0.441443,1,1863.78,PAYMENT_FAILURE,2026-08-20 03:55:56,CUS_000492,MER_00013,1863.78,INR,UPI,MOBILE,FAILED,BANK_TECHNICAL_ERROR,3,44.91,0,False,False,0,0,0,0.411443,1305,21,20,1,0.9524,2986.66,0.7823,48,CARD,TRAVEL,SMALL,3031.81,0.8747,0.1253,3,3,8
EVT_00002875,RETRY_LATER,True,ALLOWED,0.295566,1,2067.2,PAYMENT_FAILURE,2026-08-06 23:33:35,CUS_001650,MER_00161,2067.2,INR,NETBANKING,MOBILE,FAILED,INSUFFICIENT_BALANCE,0,57.84,0,False,False,0,0,0,0.345566,1259,59,44,15,0.7458,2053.34,0.8067,35,UPI,SAAS,SMALL,3979.68,0.9713,0.0287,23,3,8
EVT_00002897,RETRY_LATER,False,RETRY_LIMIT_REACHED,0.0,0,0.0,PAYMENT_FAILURE,2026-08-22 17:34:42,CUS_000426,MER_00137,8219.27,INR,UPI,DESKTOP,FAILED,INSUFFICIENT_BALANCE,3,56.25,0,False,False,0,0,0,0.188792,323,45,39,6,0.8667,8463.16,0.4627,40,NETBANKING,SAAS,MEDIUM,8339.15,0.9561,0.0439,17,5,8
EVT_00002900,HUMAN_ESCALATION,True,ALLOWED,0.470187,1,20734.69,PAYMENT_FAILURE,2026-08-14 02:05:40,CUS_000350,MER_00033,20734.69,INR,WALLET,MOBILE,FAILED,INSUFFICIENT_BALANCE,1,66.98,0,False,False,0,0,0,0.370187,271,40,40,0,1.0,11085.9,0.9238,48,UPI,RETAIL,SMALL,1741.31,0.8328,0.1672,2,4,8
EVT_00002901,RETRY_LATER,False,RETRY_LIMIT_REACHED,0.0,0,0.0,PAYMENT_FAILURE,2026-08-05 15:07:07,CUS_001319,MER_00098,10886.67,INR,CARD,MOBILE,FAILED,BANK_TECHNICAL_ERROR,3,14.1,0,False,False,0,0,0,0.399756,689,21,18,3,0.8571,4058.69,0.5063,60,CARD,DIGITAL_SERVICES,SMALL,599.1,0.88,0.12,15,2,8
EVT_00002916,RETRY_LATER,True,ALLOWED,0.593507,1,2497.4,PAYMENT_FAILURE,2026-08-02 21:47:14,CUS_001840,MER_00175,2497.4,INR,CARD,DESKTOP,FAILED,NETWORK_ERROR,1,19.33,0,False,False,0,0,0,0.573507,842,76,75,1,0.9868,3549.93,0.6169,89,UPI,RETAIL,SMALL,14742.91,0.995,0.005,21,6,8
EVT_00002926,ALTERNATIVE_PAYMENT,True,ALLOWED,0.356168,1,28760.3,PAYMENT_FAILURE,2026-08-29 17:49:43,CUS_001569,MER_00118,28760.3,INR,UPI,MOBILE,FAILED,ISSUER_DECLINE,3,60.25,0,False,False,0,0,0,0.176168,1366,60,53,7,0.8833,13073.28,0.9457,47,CARD,E_COMMERCE,MEDIUM,1563.87,0.9374,0.0626,17,5,8
EVT_00002930,RETRY_LATER,True,ALLOWED,0.01,0,0.0,PAYMENT_FAILURE,2026-08-10 16:29:45,CUS_001778,MER_00155,6137.69,INR,CARD,MOBILE,FAILED,ISSUER_DECLINE,2,9.29,0,False,False,0,0,0,0.161092,269,68,53,15,0.7794,8482.44,0.8512,73,UPI,SAAS,SMALL,2912.27,0.843,0.157,16,0,8
EVT_00002931,RETRY_LATER,True,ALLOWED,0.67147,1,20421.33,CHECKOUT_ABANDONMENT,2026-08-24 21:36:27,CUS_001207,MER_00135,20421.33,INR,NETBANKING,DESKTOP,AT_RISK,,0,46.59,105,True,False,0,0,0,0.72147,787,79,73,6,0.9241,10780.33,0.5107,29,UPI,FOOD_DELIVERY,SMALL,9749.43,0.833,0.167,21,0,8
EVT_00002948,RETRY_LATER,True,ALLOWED,0.349759,0,0.0,PAYMENT_FAILURE,2026-08-16 19:46:46,CUS_000333,MER_00199,2779.26,INR,UPI,MOBILE,FAILED,PAYMENT_LIMIT,0,16.26,0,False,False,0,0,0,0.399759,485,22,18,4,0.8182,3309.86,0.625,31,CARD,SAAS,SMALL,1416.06,0.9293,0.0707,19,6,8
EVT_00002949,RETRY_LATER,True,ALLOWED,0.665986,1,8763.56,CHECKOUT_ABANDONMENT,2026-08-03 23:21:16,CUS_000442,MER_00027,8763.56,INR,NETBANKING,DESKTOP,AT_RISK,,0,43.76,75,True,False,0,0,0,0.715986,472,1,1,0,1.0,3334.67,0.4603,62,NETBANKING,DIGITAL_SERVICES,SMALL,12097.35,0.8025,0.1975,23,0,8
EVT_00002958,RETRY_LATER,True,ALLOWED,0.702736,1,8382.84,CHECKOUT_ABANDONMENT,2026-08-15 06:59:40,CUS_001688,MER_00040,8382.84,INR,WALLET,MOBILE,AT_RISK,,0,64.3,844,True,False,0,0,0,0.752736,629,75,67,8,0.8933,6824.94,0.8992,5,UPI,FOOD_DELIVERY,SMALL,7435.86,0.9306,0.0694,6,5,8
EVT_00002963,RETRY_LATER,True,ALLOWED,0.661709,1,4390.64,CHECKOUT_ABANDONMENT,2026-08-24 00:05:00,CUS_000194,MER_00124,4390.64,INR,NETBANKING,MOBILE,AT_RISK,,0,2.98,871,True,False,0,0,0,0.711709,561,18,16,2,0.8889,5643.79,0.7774,54,UPI,TRAVEL,SMALL,2268.54,0.7268,0.2732,0,0,8
EVT_00002970,RECOVERY_REMINDER,True,ALLOWED,0.267295,1,1749.03,PAYMENT_FAILURE,2026-08-14 08:16:38,CUS_000340,MER_00187,1749.03,INR,NETBANKING,MOBILE,FAILED,ISSUER_DECLINE,1,46.66,0,False,False,0,0,0,0.247295,1430,8,7,1,0.875,2790.45,0.9151,44,WALLET,FOOD_DELIVERY,LARGE,11630.69,0.9524,0.0476,8,4,8
EVT_00002979,RETRY_LATER,False,RETRY_LIMIT_REACHED,0.0,0,0.0,PAYMENT_FAILURE,2026-08-05 05:55:04,CUS_000216,MER_00146,750.14,INR,CARD,MOBILE,FAILED,TIMEOUT,3,8.07,0,False,False,0,0,0,0.371717,430,31,28,3,0.9032,1405.85,0.4083,66,UPI,RETAIL,LARGE,2271.18,0.8973,0.1027,5,2,8
EVT_00002982,RETRY_LATER,True,ALLOWED,0.792239,1,14082.79,PAYMENT_FAILURE,2026-08-11 19:50:58,CUS_000524,MER_00066,14082.79,INR,WALLET,MOBILE,FAILED,BANK_TECHNICAL_ERROR,0,38.89,0,False,False,0,0,0,0.672239,1242,32,27,5,0.8438,11070.59,0.7233,38,UPI,FOOD_DELIVERY,SMALL,10924.95,0.9585,0.0415,19,1,8
EVT_00002992,RETRY_LATER,False,RETRY_LIMIT_REACHED,0.0,0,0.0,PAYMENT_FAILURE,2026-08-17 09:15:20,CUS_001521,MER_00029,6159.35,INR,UPI,DESKTOP,FAILED,INSUFFICIENT_BALANCE,3,52.82,0,False,False,0,0,0,0.189364,1300,66,61,5,0.9242,6430.67,0.7725,75,UPI,FOOD_DELIVERY,SMALL,5041.91,0.8787,0.1213,9,0,8
EVT_00002994,ALTERNATIVE_PAYMENT,True,ALLOWED,0.426075,1,1974.41,PAYMENT_FAILURE,2026-08-26 02:18:08,CUS_000658,MER_00013,1974.41,INR,UPI,MOBILE,FAILED,BANK_TECHNICAL_ERROR,3,41.83,0,False,False,0,0,0,0.396075,960,22,20,2,0.9091,4067.38,0.7147,30,UPI,TRAVEL,SMALL,3031.81,0.8747,0.1253,2,2,8
EVT_00003004,RETRY_LATER,True,ALLOWED,0.705067,1,617.88,PAYMENT_FAILURE,2026-08-08 17:00:05,CUS_000725,MER_00196,617.88,INR,CARD,TABLET,FAILED,NETWORK_ERROR,0,63.5,0,False,False,0,0,0,0.585067,1185,63,53,10,0.8413,1711.65,0.6092,14,UPI,SAAS,SMALL,9200.06,0.9131,0.0869,17,5,8
EVT_00003005,RETRY_LATER,False,RETRY_LIMIT_REACHED,0.0,0,0.0,PAYMENT_FAILURE,2026-08-18 13:40:20,CUS_001180,MER_00116,9247.72,INR,CARD,DESKTOP,FAILED,ISSUER_DECLINE,3,30.81,0,False,False,0,0,0,0.143132,66,14,12,2,0.8571,17473.67,0.7146,39,UPI,E_COMMERCE,SMALL,2851.89,0.9217,0.0783,13,1,8
EVT_00003018,RETRY_LATER,True,ALLOWED,0.605968,1,2705.85,SUBSCRIPTION_FAILURE,2026-08-06 06:31:39,CUS_001444,MER_00178,2705.85,INR,CARD,MOBILE,AT_RISK,,0,45.7,0,False,False,106,17,0,0.655968,666,18,17,1,0.9444,1925.01,0.7002,74,CARD,EDUCATION,SMALL,7809.93,0.9459,0.0541,6,3,8
EVT_00003021,ALTERNATIVE_PAYMENT,True,ALLOWED,0.481228,1,9527.92,PAYMENT_FAILURE,2026-08-26 15:00:06,CUS_000268,MER_00016,9527.92,INR,UPI,DESKTOP,FAILED,TIMEOUT,2,11.28,0,False,False,0,0,0,0.451228,539,58,47,11,0.8103,4794.91,0.5588,9,UPI,DIGITAL_SERVICES,MEDIUM,5120.98,0.9357,0.0643,15,2,8
EVT_00003039,RETRY_LATER,True,ALLOWED,0.133769,0,0.0,SUBSCRIPTION_FAILURE,2026-08-22 05:06:57,CUS_000708,MER_00057,2467.95,INR,CARD,MOBILE,AT_RISK,,0,20.93,0,False,False,634,4,3,0.183769,871,24,21,3,0.875,3090.78,0.4063,67,UPI,E_COMMERCE,MEDIUM,11931.59,0.9085,0.0915,5,5,8
EVT_00003042,RECOVERY_REMINDER,True,ALLOWED,0.373754,1,29010.29,SUBSCRIPTION_FAILURE,2026-08-27 06:58:36,CUS_000496,MER_00189,29010.29,INR,CARD,DESKTOP,AT_RISK,,0,16.24,0,False,False,175,7,3,0.353754,636,17,15,2,0.8824,13106.89,0.9168,37,NETBANKING,E_COMMERCE,LARGE,1688.36,0.8609,0.1391,6,3,8
EVT_00003067,ALTERNATIVE_PAYMENT,True,ALLOWED,0.633973,1,4028.92,PAYMENT_FAILURE,2026-08-17 14:37:10,CUS_000199,MER_00140,4028.92,INR,WALLET,MOBILE,FAILED,EXPIRED_PAYMENT_METHOD,0,18.44,0,False,False,0,0,0,0.453973,528,46,40,6,0.8696,4312.15,0.7139,45,CARD,EDUCATION,MEDIUM,8286.12,0.9696,0.0304,14,0,8
EVT_00003069,ALTERNATIVE_PAYMENT,True,ALLOWED,0.652419,1,6394.68,PAYMENT_FAILURE,2026-08-12 17:28:31,CUS_001602,MER_00131,6394.68,INR,WALLET,MOBILE,FAILED,TIMEOUT,0,70.38,0,False,False,0,0,0,0.622419,1115,49,45,4,0.9184,7100.74,0.7846,19,WALLET,DIGITAL_SERVICES,MEDIUM,6995.59,0.7666,0.2334,17,2,8
EVT_00003076,RETRY_LATER,True,ALLOWED,0.129497,0,0.0,PAYMENT_FAILURE,2026-08-29 05:41:04,CUS_000805,MER_00162,4428.21,INR,CARD,MOBILE,FAILED,ISSUER_DECLINE,1,16.56,0,False,False,0,0,0,0.279497,1115,14,14,0,1.0,7683.88,0.8676,43,CARD,DIGITAL_SERVICES,LARGE,1610.3,0.8922,0.1078,5,5,8
EVT_00003080,RETRY_LATER,True,ALLOWED,0.690744,1,6000.74,PAYMENT_FAILURE,2026-08-29 12:06:14,CUS_000642,MER_00032,6000.74,INR,UPI,DESKTOP,FAILED,TIMEOUT,0,15.64,0,False,False,0,0,0,0.570744,1377,40,30,10,0.75,8985.43,0.5651,7,WALLET,TRAVEL,SMALL,7142.77,0.8186,0.1814,12,5,8
EVT_00003089,RETRY_LATER,True,ALLOWED,0.744441,1,29473.8,CHECKOUT_ABANDONMENT,2026-08-11 18:27:01,CUS_001312,MER_00126,29473.8,INR,WALLET,MOBILE,AT_RISK,,0,42.67,232,True,True,0,0,0,0.794441,541,32,30,2,0.9375,14282.53,0.7802,2,NETBANKING,DIGITAL_SERVICES,SMALL,2499.99,0.8824,0.1176,18,1,8
EVT_00003093,ALTERNATIVE_PAYMENT,True,ALLOWED,0.653668,1,3468.47,PAYMENT_FAILURE,2026-08-27 18:55:14,CUS_000302,MER_00010,3468.47,INR,UPI,MOBILE,FAILED,EXPIRED_PAYMENT_METHOD,0,30.34,0,False,False,0,0,0,0.473668,1244,12,11,1,0.9167,3628.63,0.7024,57,CARD,DIGITAL_SERVICES,MEDIUM,15078.75,0.9873,0.0127,18,3,8
EVT_00003102,RETRY_LATER,True,ALLOWED,0.340602,1,851.91,PAYMENT_FAILURE,2026-08-28 05:34:51,CUS_000459,MER_00067,851.91,INR,UPI,MOBILE,FAILED,TIMEOUT,2,18.14,0,False,False,0,0,0,0.420602,1265,38,31,7,0.8158,1852.17,0.7041,81,CARD,TRAVEL,SMALL,6615.57,0.8781,0.1219,5,4,8
EVT_00003104,ALTERNATIVE_PAYMENT,True,ALLOWED,0.333271,1,2780.86,PAYMENT_FAILURE,2026-08-25 07:36:51,CUS_000632,MER_00023,2780.86,INR,CARD,MOBILE,FAILED,INSUFFICIENT_BALANCE,1,19.2,0,False,False,0,0,0,0.303271,511,54,49,5,0.9074,2383.46,0.6475,88,UPI,DIGITAL_SERVICES,SMALL,1219.34,0.8554,0.1446,7,1,8
EVT_00003105,HUMAN_ESCALATION,True,ALLOWED,0.35264,1,15981.97,PAYMENT_FAILURE,2026-08-29 03:52:20,CUS_001796,MER_00174,15981.97,INR,UPI,MOBILE,FAILED,BANK_TECHNICAL_ERROR,3,20.87,0,False,False,0,0,0,0.45264,327,22,20,2,0.9091,10825.59,0.5561,83,WALLET,E_COMMERCE,SMALL,39917.69,0.9894,0.0106,3,5,8
EVT_00003106,ALTERNATIVE_PAYMENT,True,ALLOWED,0.737467,1,4726.14,CHECKOUT_ABANDONMENT,2026-08-29 17:01:55,CUS_000097,MER_00128,4726.14,INR,NETBANKING,DESKTOP,AT_RISK,,0,58.28,537,True,True,0,0,0,0.707467,382,75,56,19,0.7467,5923.69,0.9288,65,WALLET,TRAVEL,LARGE,637.62,0.9635,0.0365,17,5,8
EVT_00003109,RETRY_LATER,True,ALLOWED,0.462228,1,4022.23,SUBSCRIPTION_FAILURE,2026-08-08 19:47:32,CUS_000156,MER_00186,4022.23,INR,UPI,MOBILE,AT_RISK,,0,53.74,0,False,False,281,13,1,0.512228,1003,39,33,6,0.8462,6276.8,0.6529,0,NETBANKING,SAAS,LARGE,6624.61,0.9305,0.0695,19,5,8
EVT_00003112,HUMAN_ESCALATION,True,ALLOWED,0.349511,1,70703.08,PAYMENT_FAILURE,2026-08-02 16:48:19,CUS_001135,MER_00184,70703.08,INR,UPI,MOBILE,FAILED,INSUFFICIENT_BALANCE,3,46.23,0,False,False,0,0,0,0.249511,932,57,47,10,0.8246,19601.21,0.8479,24,UPI,E_COMMERCE,MEDIUM,7360.37,0.9586,0.0414,16,6,8
EVT_00003124,RETRY_LATER,True,ALLOWED,0.01,0,0.0,PAYMENT_FAILURE,2026-08-02 20:15:33,CUS_001295,MER_00107,1339.47,INR,CARD,DESKTOP,FAILED,ISSUER_DECLINE,2,7.75,0,False,False,0,0,0,0.199306,1429,16,15,1,0.9375,3758.99,0.7001,24,WALLET,E_COMMERCE,SMALL,15795.0,0.9309,0.0691,20,6,8
EVT_00003126,RETRY_LATER,True,ALLOWED,0.678097,1,542.11,CHECKOUT_ABANDONMENT,2026-08-19 00:07:28,CUS_000461,MER_00178,542.11,INR,UPI,MOBILE,AT_RISK,,0,54.32,479,True,False,0,0,0,0.728097,1093,27,23,4,0.8519,1846.27,0.359,78,CARD,EDUCATION,SMALL,7809.93,0.9459,0.0541,0,2,8
EVT_00003127,RETRY_LATER,False,RETRY_LIMIT_REACHED,0.0,0,0.0,PAYMENT_FAILURE,2026-08-19 12:01:41,CUS_001301,MER_00139,1204.73,INR,UPI,DESKTOP,FAILED,INSUFFICIENT_BALANCE,3,61.48,0,False,False,0,0,0,0.189997,1146,51,46,5,0.902,4043.38,0.6083,74,NETBANKING,FOOD_DELIVERY,SMALL,4070.36,0.9874,0.0126,12,2,8
EVT_00003132,RETRY_LATER,True,ALLOWED,0.318157,1,1422.87,SUBSCRIPTION_FAILURE,2026-08-24 09:57:58,CUS_000127,MER_00028,1422.87,INR,UPI,DESKTOP,AT_RISK,,0,50.54,0,False,False,866,17,2,0.368157,146,25,20,5,0.8,1619.39,0.9059,79,CARD,RETAIL,SMALL,5325.69,0.8758,0.1242,9,0,8
EVT_00003133,ALTERNATIVE_PAYMENT,True,ALLOWED,0.42657,1,7286.38,PAYMENT_FAILURE,2026-08-07 22:40:59,CUS_000614,MER_00116,7286.38,INR,UPI,DESKTOP,FAILED,NETWORK_ERROR,2,39.17,0,False,False,0,0,0,0.39657,596,48,36,12,0.75,6835.99,0.8335,80,UPI,E_COMMERCE,SMALL,2851.89,0.9217,0.0783,22,4,8
EVT_00003136,HUMAN_ESCALATION,True,ALLOWED,0.486921,1,3932.33,PAYMENT_FAILURE,2026-08-08 11:09:28,CUS_000362,MER_00184,3932.33,INR,UPI,DESKTOP,FAILED,TIMEOUT,1,53.81,0,False,False,0,0,0,0.586921,1339,60,58,2,0.9667,1743.16,0.8537,30,UPI,E_COMMERCE,MEDIUM,7360.37,0.9586,0.0414,11,5,8
EVT_00003138,ALTERNATIVE_PAYMENT,True,ALLOWED,0.524951,1,2304.3,SUBSCRIPTION_FAILURE,2026-08-01 03:46:53,CUS_001647,MER_00037,2304.3,INR,WALLET,MOBILE,AT_RISK,,0,39.12,0,False,False,572,1,0,0.494951,534,51,47,4,0.9216,1598.66,0.9523,31,NETBANKING,E_COMMERCE,SMALL,979.69,0.9742,0.0258,3,5,8
EVT_00003146,RETRY_LATER,True,ALLOWED,0.01,0,0.0,PAYMENT_FAILURE,2026-08-18 21:01:08,CUS_000480,MER_00116,794.6,INR,CARD,DESKTOP,FAILED,INSUFFICIENT_BALANCE,2,2.04,0,False,False,0,0,0,0.217143,190,11,9,2,0.8182,1606.23,0.5945,46,CARD,E_COMMERCE,SMALL,2851.89,0.9217,0.0783,21,1,8
EVT_00003149,RETRY_LATER,True,ALLOWED,0.580856,1,6531.85,PAYMENT_FAILURE,2026-08-06 20:21:44,CUS_000947,MER_00023,6531.85,INR,WALLET,MOBILE,FAILED,NETWORK_ERROR,1,6.31,0,False,False,0,0,0,0.560856,1460,47,47,0,1.0,3337.38,0.8065,45,CARD,DIGITAL_SERVICES,SMALL,1219.34,0.8554,0.1446,20,3,8
EVT_00003156,RETRY_LATER,True,ALLOWED,0.356939,1,21612.68,PAYMENT_FAILURE,2026-08-24 05:16:24,CUS_000805,MER_00169,21612.68,INR,UPI,MOBILE,FAILED,ISSUER_DECLINE,0,5.09,0,False,False,0,0,0,0.406939,1115,14,14,0,1.0,7683.88,0.8676,43,CARD,FOOD_DELIVERY,SMALL,4115.41,0.9528,0.0472,5,0,8
EVT_00003165,RETRY_LATER,True,ALLOWED,0.819542,1,23670.6,PAYMENT_FAILURE,2026-08-13 11:06:35,CUS_000749,MER_00013,23670.6,INR,UPI,MOBILE,FAILED,BANK_TECHNICAL_ERROR,0,3.16,0,False,False,0,0,0,0.699542,490,33,30,3,0.9091,10128.45,0.7286,43,UPI,TRAVEL,SMALL,3031.81,0.8747,0.1253,11,3,8
EVT_00003175,RECOVERY_REMINDER,True,ALLOWED,0.417374,1,6697.0,PAYMENT_FAILURE,2026-08-24 13:32:46,CUS_001514,MER_00138,6697.0,INR,NETBANKING,MOBILE,FAILED,INSUFFICIENT_BALANCE,0,7.72,0,False,False,0,0,0,0.397374,516,12,11,1,0.9167,5632.59,0.7495,19,UPI,E_COMMERCE,MEDIUM,9578.85,0.8707,0.1293,13,0,8
EVT_00003177,RETRY_LATER,True,ALLOWED,0.613552,1,1641.22,CHECKOUT_ABANDONMENT,2026-08-17 13:57:02,CUS_000883,MER_00076,1641.22,INR,UPI,MOBILE,AT_RISK,,0,14.94,74,True,False,0,0,0,0.663552,689,45,40,5,0.8889,1374.99,0.8671,50,CARD,RETAIL,SMALL,3701.29,0.793,0.207,13,0,8
EVT_00003188,ALTERNATIVE_PAYMENT,True,ALLOWED,0.701122,1,1903.41,CHECKOUT_ABANDONMENT,2026-08-18 05:57:27,CUS_000661,MER_00179,1903.41,INR,UPI,DESKTOP,AT_RISK,,0,22.91,306,True,False,0,0,0,0.671122,289,35,26,9,0.7429,1392.65,0.7647,12,CARD,DIGITAL_SERVICES,SMALL,4183.78,0.7936,0.2064,5,1,8
EVT_00003191,RETRY_LATER,True,ALLOWED,0.688367,1,7378.0,CHECKOUT_ABANDONMENT,2026-08-25 22:45:34,CUS_000710,MER_00144,7378.0,INR,UPI,MOBILE,AT_RISK,,0,22.06,656,True,False,0,0,0,0.738367,714,70,63,7,0.9,7909.56,0.6615,18,CARD,E_COMMERCE,SMALL,11138.28,0.8359,0.1641,22,1,8
EVT_00003208,RECOVERY_REMINDER,True,ALLOWED,0.411022,1,1076.02,SUBSCRIPTION_FAILURE,2026-08-30 23:49:25,CUS_001742,MER_00189,1076.02,INR,CARD,DESKTOP,AT_RISK,,0,25.76,0,False,False,651,16,2,0.391022,1123,24,21,3,0.875,1272.35,0.6158,70,UPI,E_COMMERCE,LARGE,1688.36,0.8609,0.1391,23,6,8
EVT_00003210,ALTERNATIVE_PAYMENT,True,ALLOWED,0.619861,1,17573.93,PAYMENT_FAILURE,2026-08-07 10:06:58,CUS_000758,MER_00077,17573.93,INR,NETBANKING,MOBILE,FAILED,BANK_TECHNICAL_ERROR,1,46.32,0,False,False,0,0,0,0.589861,593,51,41,10,0.8039,11338.35,0.8664,32,CARD,TRAVEL,MEDIUM,2007.39,0.9835,0.0165,10,4,8
EVT_00003216,RETRY_LATER,True,ALLOWED,0.231716,0,0.0,SUBSCRIPTION_FAILURE,2026-08-27 19:14:40,CUS_000304,MER_00140,4335.57,INR,NETBANKING,DESKTOP,AT_RISK,,0,38.69,0,False,False,586,4,2,0.281716,1347,70,63,7,0.9,6407.5,0.5711,83,UPI,EDUCATION,MEDIUM,8286.12,0.9696,0.0304,19,3,8
EVT_00003217,HUMAN_ESCALATION,True,ALLOWED,0.229869,1,9285.13,PAYMENT_FAILURE,2026-08-28 15:58:19,CUS_001253,MER_00144,9285.13,INR,UPI,MOBILE,FAILED,ISSUER_DECLINE,0,57.56,0,False,False,0,0,0,0.329869,138,13,12,1,0.9231,18331.42,0.6694,61,UPI,E_COMMERCE,SMALL,11138.28,0.8359,0.1641,15,4,8
EVT_00003218,ALTERNATIVE_PAYMENT,True,ALLOWED,0.485427,1,1349.32,PAYMENT_FAILURE,2026-08-02 04:11:24,CUS_000136,MER_00030,1349.32,INR,UPI,TABLET,FAILED,BANK_TECHNICAL_ERROR,2,21.75,0,False,False,0,0,0,0.455427,476,55,45,10,0.8182,2864.77,0.6047,86,UPI,TRAVEL,LARGE,789.69,0.9193,0.0807,4,6,8
EVT_00003219,ALTERNATIVE_PAYMENT,True,ALLOWED,0.427844,1,2596.16,PAYMENT_FAILURE,2026-08-06 22:21:59,CUS_000148,MER_00096,2596.16,INR,CARD,DESKTOP,FAILED,INSUFFICIENT_BALANCE,0,7.11,0,False,False,0,0,0,0.397844,373,74,67,7,0.9054,1899.66,0.7169,18,UPI,TRAVEL,MEDIUM,3014.41,0.9456,0.0544,22,3,8
EVT_00003239,RECOVERY_REMINDER,True,ALLOWED,0.534123,1,2737.7,SUBSCRIPTION_FAILURE,2026-08-01 13:38:35,CUS_000432,MER_00034,2737.7,INR,CARD,MOBILE,AT_RISK,,0,16.09,0,False,False,428,14,1,0.514123,1116,42,36,6,0.8571,2999.04,0.6811,76,UPI,FOOD_DELIVERY,MEDIUM,27974.45,0.9356,0.0644,13,5,8
EVT_00003243,HUMAN_ESCALATION,True,ALLOWED,0.331256,1,10147.03,SUBSCRIPTION_FAILURE,2026-08-05 19:01:52,CUS_000514,MER_00057,10147.03,INR,UPI,TABLET,AT_RISK,,0,65.94,0,False,False,744,19,2,0.431256,1230,60,54,6,0.9,16997.2,0.628,59,UPI,E_COMMERCE,MEDIUM,11931.59,0.9085,0.0915,19,2,8
EVT_00003261,ALTERNATIVE_PAYMENT,True,ALLOWED,0.547833,1,12563.06,SUBSCRIPTION_FAILURE,2026-08-11 11:43:16,CUS_000255,MER_00088,12563.06,INR,UPI,MOBILE,AT_RISK,,0,67.49,0,False,False,343,4,0,0.517833,1001,24,23,1,0.9583,6502.66,0.6047,42,UPI,SAAS,MEDIUM,2014.49,0.8916,0.1084,11,1,8
EVT_00003271,ALTERNATIVE_PAYMENT,True,ALLOWED,0.463393,1,2909.1,SUBSCRIPTION_FAILURE,2026-08-20 11:57:46,CUS_001264,MER_00154,2909.1,INR,UPI,MOBILE,AT_RISK,,0,21.89,0,False,False,811,14,2,0.433393,1239,69,64,5,0.9275,3819.02,0.83,65,UPI,E_COMMERCE,SMALL,7670.89,0.9583,0.0417,11,3,8
EVT_00003278,RECOVERY_REMINDER,True,ALLOWED,0.255402,1,3929.66,PAYMENT_FAILURE,2026-08-07 04:20:49,CUS_001124,MER_00093,3929.66,INR,UPI,MOBILE,FAILED,INSUFFICIENT_BALANCE,2,0.08,0,False,False,0,0,0,0.235402,388,49,42,7,0.8571,2513.45,0.8455,83,UPI,RETAIL,MEDIUM,968.76,0.94,0.06,4,4,8
EVT_00003285,RECOVERY_REMINDER,True,ALLOWED,0.537683,1,6083.08,SUBSCRIPTION_FAILURE,2026-08-10 00:29:54,CUS_000528,MER_00032,6083.08,INR,UPI,MOBILE,AT_RISK,,0,3.69,0,False,False,458,12,1,0.517683,241,75,68,7,0.9067,4664.99,0.3789,61,UPI,TRAVEL,SMALL,7142.77,0.8186,0.1814,0,0,8
EVT_00003295,RETRY_LATER,True,ALLOWED,0.161532,1,788.21,PAYMENT_FAILURE,2026-08-20 19:34:48,CUS_000265,MER_00128,788.21,INR,UPI,MOBILE,FAILED,INSUFFICIENT_BALANCE,1,23.8,0,False,False,0,0,0,0.311532,1484,9,8,1,0.8889,1215.9,0.8559,9,CARD,TRAVEL,LARGE,637.62,0.9635,0.0365,19,3,8
EVT_00003296,RECOVERY_REMINDER,True,ALLOWED,0.457307,1,3249.17,SUBSCRIPTION_FAILURE,2026-08-05 19:31:51,CUS_000152,MER_00019,3249.17,INR,CARD,MOBILE,AT_RISK,,0,5.93,0,False,False,507,22,2,0.437307,443,26,25,1,0.9615,2539.83,0.7856,71,UPI,FOOD_DELIVERY,MEDIUM,3617.98,0.9102,0.0898,19,2,8
EVT_00003313,RECOVERY_REMINDER,True,ALLOWED,0.501464,1,2038.26,PAYMENT_FAILURE,2026-08-14 08:20:57,CUS_001366,MER_00030,2038.26,INR,CARD,DESKTOP,FAILED,TIMEOUT,2,7.14,0,False,False,0,0,0,0.481464,55,60,57,3,0.95,2657.66,0.5693,28,CARD,TRAVEL,LARGE,789.69,0.9193,0.0807,8,4,8
EVT_00003326,ALTERNATIVE_PAYMENT,True,ALLOWED,0.781836,1,2308.07,CHECKOUT_ABANDONMENT,2026-08-02 22:57:31,CUS_000857,MER_00103,2308.07,INR,CARD,MOBILE,AT_RISK,,0,60.46,595,True,False,0,0,0,0.751836,389,45,42,3,0.9333,5451.1,0.753,24,UPI,FOOD_DELIVERY,SMALL,12886.43,0.9255,0.0745,22,6,8
EVT_00003338,RETRY_LATER,True,ALLOWED,0.429732,0,0.0,PAYMENT_FAILURE,2026-08-28 18:37:00,CUS_001947,MER_00146,604.33,INR,CARD,MOBILE,FAILED,EXPIRED_PAYMENT_METHOD,0,69.67,0,False,False,0,0,0,0.479732,260,2,2,0,1.0,1258.88,0.782,1,UPI,RETAIL,LARGE,2271.18,0.8973,0.1027,18,4,8
EVT_00003342,ALTERNATIVE_PAYMENT,True,ALLOWED,0.801468,1,3425.96,CHECKOUT_ABANDONMENT,2026-08-18 16:22:02,CUS_001499,MER_00116,3425.96,INR,CARD,MOBILE,AT_RISK,,0,64.81,372,True,False,0,0,0,0.771468,716,10,10,0,1.0,4560.85,0.2566,88,CARD,E_COMMERCE,SMALL,2851.89,0.9217,0.0783,16,1,8
EVT_00003348,RETRY_LATER,True,ALLOWED,0.424977,1,14993.71,PAYMENT_FAILURE,2026-08-03 13:19:09,CUS_000663,MER_00118,14993.71,INR,CARD,MOBILE,FAILED,TIMEOUT,2,19.6,0,False,False,0,0,0,0.504977,81,12,11,1,0.9167,9747.35,0.5107,15,UPI,E_COMMERCE,MEDIUM,1563.87,0.9374,0.0626,13,0,8
EVT_00003360,RETRY_LATER,True,ALLOWED,0.312357,0,0.0,PAYMENT_FAILURE,2026-08-19 05:21:20,CUS_001250,MER_00070,2629.3,INR,UPI,MOBILE,FAILED,EXPIRED_PAYMENT_METHOD,0,25.78,0,False,False,0,0,0,0.362357,1467,32,23,9,0.7188,3535.52,0.9006,6,NETBANKING,DIGITAL_SERVICES,SMALL,32979.79,0.7942,0.2058,5,2,8
EVT_00003371,RECOVERY_REMINDER,True,ALLOWED,0.219856,1,5865.74,PAYMENT_FAILURE,2026-08-23 15:19:24,CUS_000058,MER_00054,5865.74,INR,CARD,MOBILE,FAILED,ISSUER_DECLINE,1,20.64,0,False,False,0,0,0,0.199856,256,59,41,18,0.6949,6286.75,0.6576,44,CARD,SAAS,SMALL,6765.64,0.896,0.104,15,6,8
EVT_00003376,ALTERNATIVE_PAYMENT,True,ALLOWED,0.432799,1,1512.18,PAYMENT_FAILURE,2026-08-23 16:35:01,CUS_001127,MER_00048,1512.18,INR,NETBANKING,MOBILE,FAILED,ISSUER_DECLINE,1,40.87,0,False,False,0,0,0,0.252799,1285,66,61,5,0.9242,3240.18,0.938,78,UPI,EDUCATION,MEDIUM,7641.54,0.8998,0.1002,16,6,8
EVT_00003381,RETRY_LATER,True,ALLOWED,0.782816,1,4490.77,PAYMENT_FAILURE,2026-08-07 02:44:07,CUS_000476,MER_00045,4490.77,INR,NETBANKING,MOBILE,FAILED,TIMEOUT,0,19.16,0,False,False,0,0,0,0.662816,1183,34,32,2,0.9412,3111.76,0.7167,29,UPI,FOOD_DELIVERY,MEDIUM,1683.01,0.9677,0.0323,2,4,8
EVT_00003384,ALTERNATIVE_PAYMENT,True,ALLOWED,0.779272,1,4497.42,CHECKOUT_ABANDONMENT,2026-08-25 14:43:07,CUS_001417,MER_00138,4497.42,INR,NETBANKING,MOBILE,AT_RISK,,0,28.92,585,True,False,0,0,0,0.749272,963,49,46,3,0.9388,2267.66,0.6906,41,CARD,E_COMMERCE,MEDIUM,9578.85,0.8707,0.1293,14,1,8
EVT_00003388,RETRY_LATER,True,ALLOWED,0.696591,1,9290.19,CHECKOUT_ABANDONMENT,2026-08-08 11:06:12,CUS_001710,MER_00153,9290.19,INR,WALLET,MOBILE,AT_RISK,,0,28.48,366,True,False,0,0,0,0.746591,341,68,61,7,0.8971,13874.83,0.547,53,UPI,DIGITAL_SERVICES,MEDIUM,11301.58,0.8712,0.1288,11,5,8
EVT_00003408,RETRY_LATER,True,ALLOWED,0.360656,1,733.05,PAYMENT_FAILURE,2026-08-01 15:19:35,CUS_001224,MER_00126,733.05,INR,NETBANKING,MOBILE,FAILED,NETWORK_ERROR,2,47.87,0,False,False,0,0,0,0.440656,991,62,58,4,0.9355,2866.5,0.8926,40,CARD,DIGITAL_SERVICES,SMALL,2499.99,0.8824,0.1176,15,5,8
EVT_00003414,HUMAN_ESCALATION,True,ALLOWED,0.150606,1,1940.63,PAYMENT_FAILURE,2026-08-06 22:40:01,CUS_000210,MER_00062,1940.63,INR,WALLET,MOBILE,FAILED,INSUFFICIENT_BALANCE,2,44.79,0,False,False,0,0,0,0.250606,1174,11,10,1,0.9091,2424.25,0.9132,15,NETBANKING,SAAS,SMALL,1825.36,0.9707,0.0293,22,3,8
EVT_00003423,RETRY_LATER,False,RETRY_LIMIT_REACHED,0.0,0,0.0,PAYMENT_FAILURE,2026-08-14 16:38:44,CUS_001151,MER_00031,879.23,INR,UPI,DESKTOP,FAILED,EXPIRED_PAYMENT_METHOD,3,11.63,0,False,False,0,0,0,0.211926,573,57,51,6,0.8947,2609.36,0.7568,3,CARD,FOOD_DELIVERY,LARGE,8241.74,0.8635,0.1365,16,4,8
EVT_00003426,ALTERNATIVE_PAYMENT,True,ALLOWED,0.617379,1,6837.56,PAYMENT_FAILURE,2026-08-17 18:33:09,CUS_000172,MER_00064,6837.56,INR,CARD,DESKTOP,FAILED,PAYMENT_LIMIT,0,52.29,0,False,False,0,0,0,0.437379,162,59,52,7,0.8814,6381.4,0.7667,40,UPI,TRAVEL,SMALL,4568.4,0.9534,0.0466,18,0,8
EVT_00003433,RECOVERY_REMINDER,True,ALLOWED,0.345267,1,10985.9,SUBSCRIPTION_FAILURE,2026-08-21 16:19:25,CUS_000961,MER_00174,10985.9,INR,UPI,DESKTOP,AT_RISK,,0,47.92,0,False,False,740,23,3,0.325267,255,73,62,11,0.8493,18622.69,0.8897,36,UPI,E_COMMERCE,SMALL,39917.69,0.9894,0.0106,16,4,8
EVT_00003437,RETRY_LATER,True,ALLOWED,0.731019,1,1971.75,PAYMENT_FAILURE,2026-08-23 03:26:43,CUS_000828,MER_00184,1971.75,INR,UPI,MOBILE,FAILED,NETWORK_ERROR,0,54.06,0,False,False,0,0,0,0.611019,1348,75,66,9,0.88,1139.85,0.5233,10,NETBANKING,E_COMMERCE,MEDIUM,7360.37,0.9586,0.0414,3,6,8
EVT_00003451,ALTERNATIVE_PAYMENT,True,ALLOWED,0.794686,1,11262.33,CHECKOUT_ABANDONMENT,2026-08-18 19:21:50,CUS_000747,MER_00104,11262.33,INR,UPI,DESKTOP,AT_RISK,,0,48.5,393,True,False,0,0,0,0.764686,812,18,17,1,0.9444,5198.42,0.9146,6,CARD,FOOD_DELIVERY,SMALL,12154.73,0.8804,0.1196,19,1,8
EVT_00003452,RETRY_LATER,True,ALLOWED,0.546185,1,1661.78,PAYMENT_FAILURE,2026-08-20 14:30:23,CUS_000073,MER_00119,1661.78,INR,WALLET,MOBILE,FAILED,TIMEOUT,1,33.02,0,False,False,0,0,0,0.526185,710,32,27,5,0.8438,1941.84,0.5828,55,CARD,FOOD_DELIVERY,MEDIUM,1203.04,0.9094,0.0906,14,3,8
EVT_00003453,RETRY_LATER,True,ALLOWED,0.484831,1,6575.94,SUBSCRIPTION_FAILURE,2026-08-05 18:28:01,CUS_000096,MER_00065,6575.94,INR,CARD,DESKTOP,AT_RISK,,0,21.05,0,False,False,488,13,0,0.534831,453,62,44,18,0.7097,6159.18,0.4147,66,UPI,DIGITAL_SERVICES,MEDIUM,5883.79,0.7053,0.2947,18,2,8
EVT_00003455,ALTERNATIVE_PAYMENT,True,ALLOWED,0.492364,1,4825.99,PAYMENT_FAILURE,2026-08-04 02:43:59,CUS_001334,MER_00062,4825.99,INR,WALLET,MOBILE,FAILED,TIMEOUT,2,63.74,0,False,False,0,0,0,0.462364,1216,68,58,10,0.8529,2386.85,0.5567,41,UPI,SAAS,SMALL,1825.36,0.9707,0.0293,2,1,8
EVT_00003462,RECOVERY_REMINDER,True,ALLOWED,0.476546,1,9734.54,SUBSCRIPTION_FAILURE,2026-08-09 22:03:31,CUS_001176,MER_00005,9734.54,INR,UPI,DESKTOP,AT_RISK,,0,70.15,0,False,False,358,23,2,0.456546,528,45,43,2,0.9556,6237.51,0.799,67,UPI,EDUCATION,SMALL,832.59,0.9375,0.0625,22,6,8
EVT_00003465,RETRY_LATER,True,ALLOWED,0.635454,1,1041.11,CHECKOUT_ABANDONMENT,2026-08-17 16:18:03,CUS_000282,MER_00051,1041.11,INR,UPI,TABLET,AT_RISK,,0,40.45,827,True,True,0,0,0,0.685454,745,28,23,5,0.8214,688.21,0.933,38,NETBANKING,EDUCATION,MEDIUM,3095.23,0.7393,0.2607,16,0,8
EVT_00003469,RETRY_LATER,False,RETRY_LIMIT_REACHED,0.0,0,0.0,PAYMENT_FAILURE,2026-08-02 04:05:15,CUS_001453,MER_00045,1774.19,INR,NETBANKING,MOBILE,FAILED,PAYMENT_LIMIT,3,25.19,0,False,False,0,0,0,0.216183,105,36,33,3,0.9167,933.96,0.4274,23,UPI,FOOD_DELIVERY,MEDIUM,1683.01,0.9677,0.0323,4,6,8
EVT_00003473,ALTERNATIVE_PAYMENT,True,ALLOWED,0.766202,1,880.86,CHECKOUT_ABANDONMENT,2026-08-24 21:35:09,CUS_001087,MER_00188,880.86,INR,NETBANKING,MOBILE,AT_RISK,,0,32.22,516,True,False,0,0,0,0.736202,1208,15,14,1,0.9333,1465.1,0.855,14,CARD,RETAIL,SMALL,9937.08,0.8407,0.1593,21,0,8
EVT_00003478,RETRY_LATER,True,ALLOWED,0.593994,1,991.31,CHECKOUT_ABANDONMENT,2026-08-19 21:04:19,CUS_000200,MER_00177,991.31,INR,UPI,MOBILE,AT_RISK,,0,48.6,35,True,True,0,0,0,0.643994,1443,14,11,3,0.7857,1117.39,0.4094,89,NETBANKING,SAAS,SMALL,9080.37,0.8866,0.1134,21,2,8
EVT_00003481,RETRY_LATER,False,RETRY_LIMIT_REACHED,0.0,0,0.0,PAYMENT_FAILURE,2026-08-12 11:38:14,CUS_001130,MER_00032,1911.44,INR,UPI,MOBILE,FAILED,ISSUER_DECLINE,3,58.37,0,False,False,0,0,0,0.127694,984,63,55,8,0.873,1277.83,0.7424,79,NETBANKING,TRAVEL,SMALL,7142.77,0.8186,0.1814,11,2,8
EVT_00003510,ALTERNATIVE_PAYMENT,True,ALLOWED,0.766295,1,3735.1,CHECKOUT_ABANDONMENT,2026-08-14 23:28:03,CUS_001319,MER_00083,3735.1,INR,CARD,MOBILE,AT_RISK,,0,7.01,322,True,True,0,0,0,0.736295,689,21,18,3,0.8571,4058.69,0.5063,60,CARD,FOOD_DELIVERY,MEDIUM,6899.34,0.9485,0.0515,23,4,8
EVT_00003569,HUMAN_ESCALATION,True,ALLOWED,0.311712,1,5417.87,PAYMENT_FAILURE,2026-08-19 05:20:49,CUS_000302,MER_00142,5417.87,INR,WALLET,DESKTOP,FAILED,BANK_TECHNICAL_ERROR,3,8.46,0,False,False,0,0,0,0.411712,1244,12,11,1,0.9167,3628.63,0.7024,57,CARD,RETAIL,MEDIUM,2317.11,0.8986,0.1014,5,2,8
EVT_00003574,RECOVERY_REMINDER,True,ALLOWED,0.278005,1,6750.62,SUBSCRIPTION_FAILURE,2026-08-23 19:10:08,CUS_000226,MER_00060,6750.62,INR,CARD,DESKTOP,AT_RISK,,0,62.65,0,False,False,170,4,2,0.258005,479,49,39,10,0.7959,4467.29,0.9547,48,NETBANKING,FOOD_DELIVERY,LARGE,5310.7,0.9841,0.0159,19,6,8
EVT_00003594,ALTERNATIVE_PAYMENT,True,ALLOWED,0.618384,1,5015.81,PAYMENT_FAILURE,2026-08-11 08:42:38,CUS_001890,MER_00034,5015.81,INR,CARD,MOBILE,FAILED,BANK_TECHNICAL_ERROR,1,50.47,0,False,False,0,0,0,0.588384,691,66,60,6,0.9091,5424.79,0.8689,34,NETBANKING,FOOD_DELIVERY,MEDIUM,27974.45,0.9356,0.0644,8,1,8
EVT_00003602,RETRY_LATER,True,ALLOWED,0.784361,1,14112.9,PAYMENT_FAILURE,2026-08-08 18:44:54,CUS_001380,MER_00136,14112.9,INR,UPI,MOBILE,FAILED,TIMEOUT,0,45.67,0,False,False,0,0,0,0.664361,825,32,28,4,0.875,4874.33,0.6105,87,UPI,TRAVEL,MEDIUM,1391.97,0.9802,0.0198,18,5,8
EVT_00003611,RETRY_LATER,True,ALLOWED,0.01,0,0.0,PAYMENT_FAILURE,2026-08-23 03:03:31,CUS_000328,MER_00123,6231.42,INR,CARD,DESKTOP,FAILED,INSUFFICIENT_BALANCE,2,44.81,0,False,False,0,0,0,0.257794,84,14,13,1,0.9286,8674.76,0.9066,25,CARD,EDUCATION,SMALL,1684.78,0.9279,0.0721,3,6,8
EVT_00003628,RETRY_LATER,False,RETRY_LIMIT_REACHED,0.0,0,0.0,PAYMENT_FAILURE,2026-08-04 21:46:55,CUS_000488,MER_00068,2732.77,INR,UPI,MOBILE,FAILED,ISSUER_DECLINE,3,12.07,0,False,False,0,0,0,0.090608,810,5,3,2,0.6,2342.23,0.7736,77,UPI,TRAVEL,MEDIUM,5113.13,0.8393,0.1607,21,1,8
EVT_00003633,RETRY_LATER,False,RETRY_LIMIT_REACHED,0.0,0,0.0,PAYMENT_FAILURE,2026-08-07 19:38:04,CUS_000150,MER_00139,1915.97,INR,UPI,DESKTOP,FAILED,INSUFFICIENT_BALANCE,3,35.84,0,False,False,0,0,0,0.170411,115,68,55,13,0.8088,2522.05,0.8067,43,NETBANKING,FOOD_DELIVERY,SMALL,4070.36,0.9874,0.0126,19,4,8
EVT_00003636,ALTERNATIVE_PAYMENT,True,ALLOWED,0.476724,1,30226.41,PAYMENT_FAILURE,2026-08-18 06:21:37,CUS_001254,MER_00010,30226.41,INR,UPI,DESKTOP,FAILED,ISSUER_DECLINE,1,31.09,0,False,False,0,0,0,0.296724,1196,30,25,5,0.8333,18524.74,0.5681,31,CARD,DIGITAL_SERVICES,MEDIUM,15078.75,0.9873,0.0127,6,1,8
EVT_00003638,RETRY_LATER,False,RETRY_LIMIT_REACHED,0.0,0,0.0,PAYMENT_FAILURE,2026-08-09 17:12:09,CUS_000587,MER_00155,1784.73,INR,UPI,MOBILE,FAILED,EXPIRED_PAYMENT_METHOD,3,10.19,0,False,False,0,0,0,0.220492,1043,30,28,2,0.9333,2101.26,0.9003,88,CARD,SAAS,SMALL,2912.27,0.843,0.157,17,6,8
EVT_00003641,RETRY_LATER,True,ALLOWED,0.352718,0,0.0,SUBSCRIPTION_FAILURE,2026-08-27 12:59:09,CUS_001921,MER_00022,12711.86,INR,UPI,DESKTOP,AT_RISK,,0,30.08,0,False,False,414,9,2,0.402718,608,75,62,13,0.8267,12539.3,0.6224,88,UPI,DIGITAL_SERVICES,LARGE,2602.03,0.8671,0.1329,12,3,8
EVT_00003643,ALTERNATIVE_PAYMENT,True,ALLOWED,0.465097,1,10311.61,PAYMENT_FAILURE,2026-08-26 22:25:52,CUS_001442,MER_00157,10311.61,INR,CARD,TABLET,FAILED,INSUFFICIENT_BALANCE,0,65.93,0,False,False,0,0,0,0.435097,783,2,2,0,1.0,4233.32,0.6762,38,UPI,E_COMMERCE,MEDIUM,5657.2,0.8635,0.1365,22,2,8
EVT_00003646,RETRY_LATER,True,ALLOWED,0.602962,1,16396.53,PAYMENT_FAILURE,2026-08-05 16:05:57,CUS_000604,MER_00177,16396.53,INR,CARD,MOBILE,FAILED,NETWORK_ERROR,1,62.82,0,False,False,0,0,0,0.582962,227,45,44,1,0.9778,18139.82,0.9792,88,UPI,SAAS,SMALL,9080.37,0.8866,0.1134,16,2,8
EVT_00003660,RETRY_LATER,True,ALLOWED,0.686447,1,3269.41,CHECKOUT_ABANDONMENT,2026-08-17 09:36:26,CUS_001507,MER_00130,3269.41,INR,NETBANKING,MOBILE,AT_RISK,,0,6.19,601,True,False,0,0,0,0.736447,1373,67,60,7,0.8955,3107.85,0.6846,86,CARD,FOOD_DELIVERY,MEDIUM,2704.71,0.8833,0.1167,9,0,8
EVT_00003664,RECOVERY_REMINDER,True,ALLOWED,0.899323,1,3290.55,CHECKOUT_ABANDONMENT,2026-08-22 12:55:22,CUS_000285,MER_00197,3290.55,INR,UPI,MOBILE,AT_RISK,,0,19.02,882,True,False,0,0,0,0.749323,678,54,49,5,0.9074,1502.12,0.6401,6,NETBANKING,E_COMMERCE,SMALL,1239.03,0.945,0.055,12,5,8
EVT_00003678,RETRY_LATER,True,ALLOWED,0.730026,1,6602.0,CHECKOUT_ABANDONMENT,2026-08-14 21:59:33,CUS_001788,MER_00173,6602.0,INR,UPI,MOBILE,AT_RISK,,0,26.67,834,True,False,0,0,0,0.780026,175,2,2,0,1.0,5027.01,0.9242,48,CARD,DIGITAL_SERVICES,MEDIUM,866.54,0.9435,0.0565,21,4,8
EVT_00003685,RETRY_LATER,True,ALLOWED,0.663292,1,4553.88,CHECKOUT_ABANDONMENT,2026-08-20 08:54:24,CUS_001392,MER_00130,4553.88,INR,UPI,MOBILE,AT_RISK,,0,54.87,466,True,False,0,0,0,0.713292,808,42,34,8,0.8095,7598.13,0.701,8,NETBANKING,FOOD_DELIVERY,MEDIUM,2704.71,0.8833,0.1167,8,3,8
EVT_00003690,RETRY_LATER,True,ALLOWED,0.661278,1,3189.78,CHECKOUT_ABANDONMENT,2026-08-09 02:47:56,CUS_001345,MER_00143,3189.78,INR,UPI,DESKTOP,AT_RISK,,0,37.37,470,True,False,0,0,0,0.711278,304,43,33,10,0.7674,1861.71,0.8397,67,UPI,RETAIL,MEDIUM,1410.83,0.967,0.033,2,6,8
EVT_00003696,RETRY_LATER,True,ALLOWED,0.703178,1,12253.38,CHECKOUT_ABANDONMENT,2026-08-30 15:25:51,CUS_000885,MER_00011,12253.38,INR,CARD,MOBILE,AT_RISK,,0,27.73,776,True,False,0,0,0,0.753178,1225,29,26,3,0.8966,5293.08,0.6565,69,CARD,DIGITAL_SERVICES,SMALL,11685.15,0.879,0.121,15,6,8
EVT_00003706,RETRY_LATER,True,ALLOWED,0.351942,1,2740.11,SUBSCRIPTION_FAILURE,2026-08-29 00:10:54,CUS_001650,MER_00121,2740.11,INR,UPI,DESKTOP,AT_RISK,,0,31.22,0,False,False,86,1,0,0.401942,1259,59,44,15,0.7458,2053.34,0.8067,35,UPI,SAAS,SMALL,4761.05,0.8269,0.1731,0,5,8
EVT_00003711,RETRY_LATER,False,RETRY_LIMIT_REACHED,0.0,0,0.0,PAYMENT_FAILURE,2026-08-20 01:57:19,CUS_000081,MER_00007,9157.83,INR,UPI,MOBILE,FAILED,TIMEOUT,3,11.64,0,False,False,0,0,0,0.379472,1412,66,56,10,0.8485,3383.73,0.8117,36,WALLET,EDUCATION,SMALL,5075.52,0.9361,0.0639,1,3,8
EVT_00003719,RETRY_LATER,True,ALLOWED,0.717342,1,796.1,PAYMENT_FAILURE,2026-08-17 07:45:20,CUS_001266,MER_00146,796.1,INR,CARD,MOBILE,FAILED,NETWORK_ERROR,0,53.05,0,False,False,0,0,0,0.597342,84,51,45,6,0.8824,1340.06,0.5505,26,CARD,RETAIL,LARGE,2271.18,0.8973,0.1027,7,0,8
EVT_00003728,RETRY_LATER,True,ALLOWED,0.296849,0,0.0,PAYMENT_FAILURE,2026-08-12 22:07:28,CUS_000633,MER_00183,13035.3,INR,CARD,MOBILE,FAILED,ISSUER_DECLINE,0,4.69,0,False,False,0,0,0,0.346849,667,73,68,5,0.9315,5719.95,0.3102,45,NETBANKING,DIGITAL_SERVICES,SMALL,7807.06,0.8681,0.1319,22,2,8
EVT_00003729,RETRY_LATER,True,ALLOWED,0.762423,1,40428.06,CHECKOUT_ABANDONMENT,2026-08-19 14:27:15,CUS_001610,MER_00035,40428.06,INR,UPI,MOBILE,AT_RISK,,0,45.59,526,True,False,0,0,0,0.812423,215,54,48,6,0.8889,34714.52,0.5203,50,NETBANKING,DIGITAL_SERVICES,SMALL,1661.67,0.979,0.021,14,2,8
EVT_00003762,RETRY_LATER,True,ALLOWED,0.607606,1,6071.92,PAYMENT_FAILURE,2026-08-29 07:03:23,CUS_001590,MER_00042,6071.92,INR,NETBANKING,MOBILE,FAILED,TIMEOUT,1,46.52,0,False,False,0,0,0,0.587606,73,72,68,4,0.9444,6588.43,0.4285,49,UPI,E_COMMERCE,SMALL,2406.16,0.9772,0.0228,7,5,8
EVT_00003764,RETRY_LATER,True,ALLOWED,0.662248,1,4237.52,CHECKOUT_ABANDONMENT,2026-08-18 19:44:02,CUS_001271,MER_00103,4237.52,INR,NETBANKING,MOBILE,AT_RISK,,0,16.96,287,True,False,0,0,0,0.712248,572,14,11,3,0.7857,3362.71,0.3868,11,UPI,FOOD_DELIVERY,SMALL,12886.43,0.9255,0.0745,19,1,8
EVT_00003773,RETRY_LATER,False,RETRY_LIMIT_REACHED,0.0,0,0.0,PAYMENT_FAILURE,2026-08-01 08:46:14,CUS_001706,MER_00162,2593.78,INR,UPI,MOBILE,FAILED,INSUFFICIENT_BALANCE,3,42.57,0,False,False,0,0,0,0.18576,1292,40,37,3,0.925,3515.84,0.9174,48,NETBANKING,DIGITAL_SERVICES,LARGE,1610.3,0.8922,0.1078,8,5,8
EVT_00003780,RETRY_LATER,True,ALLOWED,0.714252,1,846.56,CHECKOUT_ABANDONMENT,2026-08-23 07:27:48,CUS_000111,MER_00046,846.56,INR,WALLET,MOBILE,AT_RISK,,0,70.05,824,True,False,0,0,0,0.764252,437,23,22,1,0.9565,1833.46,0.7983,50,UPI,SAAS,MEDIUM,17647.99,0.9849,0.0151,7,6,8
EVT_00003799,RETRY_LATER,True,ALLOWED,0.509413,1,7996.89,SUBSCRIPTION_FAILURE,2026-08-05 23:40:03,CUS_000356,MER_00162,7996.89,INR,CARD,DESKTOP,AT_RISK,,0,22.99,0,False,False,287,23,1,0.559413,1488,30,29,1,0.9667,6205.77,0.7294,87,CARD,DIGITAL_SERVICES,LARGE,1610.3,0.8922,0.1078,23,2,8
EVT_00003801,RETRY_LATER,True,ALLOWED,0.793974,1,9332.6,PAYMENT_FAILURE,2026-08-11 12:33:47,CUS_000548,MER_00048,9332.6,INR,UPI,MOBILE,FAILED,TIMEOUT,0,61.4,0,False,False,0,0,0,0.673974,898,47,46,1,0.9787,6683.43,0.7146,2,CARD,EDUCATION,MEDIUM,7641.54,0.8998,0.1002,12,1,8
EVT_00003815,ALTERNATIVE_PAYMENT,True,ALLOWED,0.534296,1,965.45,CHECKOUT_ABANDONMENT,2026-08-02 18:56:03,CUS_000297,MER_00117,965.45,INR,CARD,MOBILE,AT_RISK,,0,7.71,591,False,False,0,0,0,0.504296,1279,14,12,2,0.8571,1468.14,0.6603,50,CARD,TRAVEL,SMALL,11500.96,0.8461,0.1539,18,6,8
EVT_00003816,RETRY_LATER,True,ALLOWED,0.665889,1,4385.37,PAYMENT_FAILURE,2026-08-03 13:54:15,CUS_001764,MER_00123,4385.37,INR,WALLET,MOBILE,FAILED,BANK_TECHNICAL_ERROR,0,20.76,0,False,False,0,0,0,0.545889,914,51,29,22,0.5686,4186.42,0.6093,8,UPI,EDUCATION,SMALL,1684.78,0.9279,0.0721,13,0,8
EVT_00003836,HUMAN_ESCALATION,True,ALLOWED,0.210192,1,17007.75,SUBSCRIPTION_FAILURE,2026-08-12 10:10:41,CUS_000338,MER_00135,17007.75,INR,CARD,MOBILE,AT_RISK,,0,65.65,0,False,False,783,14,3,0.310192,496,65,55,10,0.8462,12320.44,0.9426,78,CARD,FOOD_DELIVERY,SMALL,9749.43,0.833,0.167,10,2,8
EVT_00003845,RETRY_LATER,True,ALLOWED,0.705536,1,6049.92,CHECKOUT_ABANDONMENT,2026-08-16 02:15:13,CUS_001461,MER_00162,6049.92,INR,UPI,MOBILE,AT_RISK,,0,45.37,519,True,False,0,0,0,0.755536,1191,33,31,2,0.9394,5564.16,0.5882,16,CARD,DIGITAL_SERVICES,LARGE,1610.3,0.8922,0.1078,2,6,8
EVT_00003849,RETRY_LATER,True,ALLOWED,0.707077,1,7571.05,CHECKOUT_ABANDONMENT,2026-08-20 13:08:14,CUS_001663,MER_00018,7571.05,INR,UPI,DESKTOP,AT_RISK,,0,15.95,629,True,False,0,0,0,0.757077,302,77,72,5,0.9351,3537.77,0.7326,18,CARD,E_COMMERCE,SMALL,8469.12,0.8917,0.1083,13,3,8
EVT_00003860,RECOVERY_REMINDER,True,ALLOWED,0.290497,1,4552.5,SUBSCRIPTION_FAILURE,2026-08-28 00:46:54,CUS_000308,MER_00071,4552.5,INR,UPI,TABLET,AT_RISK,,0,60.01,0,False,False,612,1,2,0.270497,844,13,12,1,0.9231,3182.83,0.7198,81,CARD,TRAVEL,MEDIUM,1476.19,0.8534,0.1466,0,4,8
EVT_00003865,ALTERNATIVE_PAYMENT,True,ALLOWED,0.774889,1,6491.88,CHECKOUT_ABANDONMENT,2026-08-27 06:55:47,CUS_001787,MER_00144,6491.88,INR,CARD,DESKTOP,AT_RISK,,0,19.94,822,True,False,0,0,0,0.744889,321,14,13,1,0.9286,4474.46,0.3615,29,NETBANKING,E_COMMERCE,SMALL,11138.28,0.8359,0.1641,6,3,8
EVT_00003866,RETRY_LATER,True,ALLOWED,0.634392,1,5278.17,CHECKOUT_ABANDONMENT,2026-08-04 01:32:01,CUS_001219,MER_00180,5278.17,INR,UPI,MOBILE,AT_RISK,,0,62.29,62,True,False,0,0,0,0.684392,1219,78,72,6,0.9231,5859.5,0.9622,4,UPI,EDUCATION,SMALL,8065.97,0.802,0.198,1,1,8
EVT_00003869,ALTERNATIVE_PAYMENT,True,ALLOWED,0.394602,1,27035.33,PAYMENT_FAILURE,2026-08-08 18:27:02,CUS_001754,MER_00101,27035.33,INR,CARD,MOBILE,FAILED,ISSUER_DECLINE,2,36.45,0,False,False,0,0,0,0.214602,610,22,19,3,0.8636,20784.87,0.8098,54,CARD,FOOD_DELIVERY,SMALL,3940.25,0.8648,0.1352,18,5,8
EVT_00003877,HUMAN_ESCALATION,True,ALLOWED,0.127817,1,2982.38,PAYMENT_FAILURE,2026-08-28 02:49:17,CUS_001375,MER_00141,2982.38,INR,UPI,MOBILE,FAILED,INSUFFICIENT_BALANCE,2,36.91,0,False,False,0,0,0,0.227817,1334,54,52,2,0.963,3808.36,0.7547,13,UPI,E_COMMERCE,MEDIUM,5168.9,0.7,0.3,2,4,8
EVT_00003904,RETRY_LATER,True,ALLOWED,0.44058,0,0.0,SUBSCRIPTION_FAILURE,2026-08-29 01:32:29,CUS_001404,MER_00122,4081.62,INR,WALLET,MOBILE,AT_RISK,,0,34.67,0,False,False,693,13,1,0.49058,504,78,67,11,0.859,4227.85,0.8689,87,UPI,TRAVEL,LARGE,1261.74,0.7975,0.2025,1,5,8
EVT_00003914,RETRY_LATER,True,ALLOWED,0.636094,1,1432.19,CHECKOUT_ABANDONMENT,2026-08-06 04:11:34,CUS_001250,MER_00186,1432.19,INR,UPI,TABLET,AT_RISK,,0,67.48,561,True,False,0,0,0,0.686094,1467,32,23,9,0.7188,3535.52,0.9006,6,NETBANKING,SAAS,LARGE,6624.61,0.9305,0.0695,4,3,8
EVT_00003923,RETRY_LATER,True,ALLOWED,0.281316,0,0.0,PAYMENT_FAILURE,2026-08-14 19:01:47,CUS_001559,MER_00136,8295.13,INR,CARD,MOBILE,FAILED,ISSUER_DECLINE,0,17.78,0,False,False,0,0,0,0.331316,1492,14,12,2,0.8571,8461.39,0.7467,83,CARD,TRAVEL,MEDIUM,1391.97,0.9802,0.0198,19,4,8
EVT_00003931,RETRY_LATER,True,ALLOWED,0.544769,1,4374.64,PAYMENT_FAILURE,2026-08-11 11:03:13,CUS_001397,MER_00168,4374.64,INR,UPI,DESKTOP,FAILED,NETWORK_ERROR,1,20.71,0,False,False,0,0,0,0.524769,941,36,33,3,0.9167,2751.06,0.4566,63,CARD,RETAIL,LARGE,1697.36,0.8567,0.1433,11,1,8
EVT_00003933,RETRY_LATER,True,ALLOWED,0.736806,1,1841.37,PAYMENT_FAILURE,2026-08-15 19:00:13,CUS_000095,MER_00083,1841.37,INR,UPI,MOBILE,FAILED,BANK_TECHNICAL_ERROR,0,15.91,0,False,False,0,0,0,0.616806,1350,13,10,3,0.7692,2354.67,0.9486,49,UPI,FOOD_DELIVERY,MEDIUM,6899.34,0.9485,0.0515,19,5,8
EVT_00003936,RETRY_LATER,True,ALLOWED,0.72531,1,14618.31,CHECKOUT_ABANDONMENT,2026-08-09 07:56:24,CUS_001010,MER_00181,14618.31,INR,CARD,TABLET,AT_RISK,,0,14.12,890,True,False,0,0,0,0.77531,794,65,65,0,1.0,14946.54,0.6519,24,WALLET,TRAVEL,SMALL,3734.39,0.8092,0.1908,7,6,8
EVT_00003942,HUMAN_ESCALATION,True,ALLOWED,0.096739,1,14049.02,PAYMENT_FAILURE,2026-08-03 20:23:15,CUS_000464,MER_00168,14049.02,INR,UPI,MOBILE,FAILED,INSUFFICIENT_BALANCE,3,9.95,0,False,False,0,0,0,0.196739,646,47,43,4,0.9149,4930.04,0.6277,67,NETBANKING,RETAIL,LARGE,1697.36,0.8567,0.1433,20,0,8
EVT_00003945,ALTERNATIVE_PAYMENT,True,ALLOWED,0.781404,1,3780.2,CHECKOUT_ABANDONMENT,2026-08-17 21:05:17,CUS_001126,MER_00008,3780.2,INR,CARD,TABLET,AT_RISK,,0,46.66,741,True,True,0,0,0,0.751404,1270,71,67,4,0.9437,3121.4,0.6276,78,CARD,DIGITAL_SERVICES,MEDIUM,6017.04,0.8847,0.1153,21,0,8
EVT_00003957,RECOVERY_REMINDER,True,ALLOWED,0.288249,1,2807.5,PAYMENT_FAILURE,2026-08-07 21:51:22,CUS_000673,MER_00024,2807.5,INR,UPI,MOBILE,FAILED,ISSUER_DECLINE,1,67.18,0,False,False,0,0,0,0.268249,965,68,64,4,0.9412,2008.28,0.8641,64,NETBANKING,DIGITAL_SERVICES,SMALL,6952.02,0.952,0.048,21,4,8
EVT_00003963,ALTERNATIVE_PAYMENT,True,ALLOWED,0.72847,1,10481.13,CHECKOUT_ABANDONMENT,2026-08-21 22:40:56,CUS_000188,MER_00163,10481.13,INR,WALLET,TABLET,AT_RISK,,0,44.37,263,True,False,0,0,0,0.69847,590,21,16,5,0.7619,10177.06,0.3398,71,CARD,E_COMMERCE,SMALL,1788.31,0.8092,0.1908,22,4,8
EVT_00003964,ALTERNATIVE_PAYMENT,True,ALLOWED,0.445474,1,4073.28,PAYMENT_FAILURE,2026-08-24 01:03:20,CUS_001902,MER_00111,4073.28,INR,UPI,MOBILE,FAILED,PAYMENT_LIMIT,2,38.86,0,False,False,0,0,0,0.265474,810,76,67,9,0.8816,3828.67,0.8432,50,UPI,SAAS,SMALL,5915.71,0.9052,0.0948,1,0,8
EVT_00003973,ALTERNATIVE_PAYMENT,True,ALLOWED,0.35937,1,3241.34,SUBSCRIPTION_FAILURE,2026-08-28 03:20:22,CUS_000381,MER_00120,3241.34,INR,CARD,MOBILE,AT_RISK,,0,18.95,0,False,False,558,6,3,0.32937,37,15,14,1,0.9333,3894.29,0.6679,10,UPI,E_COMMERCE,SMALL,2459.82,0.952,0.048,3,4,8
EVT_00003976,RETRY_LATER,False,RETRY_LIMIT_REACHED,0.0,0,0.0,PAYMENT_FAILURE,2026-08-14 11:15:40,CUS_000795,MER_00142,947.69,INR,UPI,MOBILE,FAILED,INSUFFICIENT_BALANCE,3,28.36,0,False,False,0,0,0,0.164284,664,6,5,1,0.8333,2096.22,0.6199,70,NETBANKING,RETAIL,MEDIUM,2317.11,0.8986,0.1014,11,4,8
EVT_00003999,RETRY_LATER,False,RETRY_LIMIT_REACHED,0.0,0,0.0,PAYMENT_FAILURE,2026-08-28 00:18:43,CUS_001004,MER_00063,3018.91,INR,NETBANKING,MOBILE,FAILED,ISSUER_DECLINE,3,71.76,0,False,False,0,0,0,0.129249,1333,76,67,9,0.8816,2009.06,0.8078,82,CARD,E_COMMERCE,SMALL,3066.57,0.806,0.194,0,4,8
EVT_00004004,RETRY_LATER,True,ALLOWED,0.680415,1,2669.04,CHECKOUT_ABANDONMENT,2026-08-22 02:26:01,CUS_001651,MER_00014,2669.04,INR,CARD,MOBILE,AT_RISK,,0,58.59,244,True,True,0,0,0,0.730415,308,10,9,1,0.9,6330.55,0.4463,19,UPI,FOOD_DELIVERY,SMALL,3627.04,0.8438,0.1562,2,5,8
EVT_00004005,RETRY_LATER,True,ALLOWED,0.01,0,0.0,PAYMENT_FAILURE,2026-08-12 01:17:45,CUS_001084,MER_00187,6215.19,INR,UPI,MOBILE,FAILED,INSUFFICIENT_BALANCE,2,62.34,0,False,False,0,0,0,0.239408,847,20,17,3,0.85,5354.49,0.7029,79,UPI,FOOD_DELIVERY,LARGE,11630.69,0.9524,0.0476,1,2,8
EVT_00004014,ALTERNATIVE_PAYMENT,True,ALLOWED,0.515638,1,1204.78,PAYMENT_FAILURE,2026-08-27 05:07:26,CUS_000576,MER_00082,1204.78,INR,CARD,MOBILE,FAILED,PAYMENT_LIMIT,0,49.23,0,False,False,0,0,0,0.335638,579,27,17,10,0.6296,2604.04,0.8345,39,UPI,DIGITAL_SERVICES,SMALL,5119.5,0.9572,0.0428,5,3,8
EVT_00004015,ALTERNATIVE_PAYMENT,True,ALLOWED,0.629815,1,3785.63,SUBSCRIPTION_FAILURE,2026-08-29 13:27:45,CUS_001923,MER_00161,3785.63,INR,CARD,MOBILE,AT_RISK,,0,22.95,0,False,False,48,10,0,0.599815,1243,38,29,9,0.7632,5392.31,0.8944,19,CARD,SAAS,SMALL,3979.68,0.9713,0.0287,13,5,8
EVT_00004021,RETRY_LATER,True,ALLOWED,0.270377,1,6418.96,PAYMENT_FAILURE,2026-08-03 07:19:07,CUS_000165,MER_00114,6418.96,INR,NETBANKING,MOBILE,FAILED,INSUFFICIENT_BALANCE,0,1.6,0,False,False,0,0,0,0.320377,644,76,59,17,0.7763,12067.62,0.8304,18,CARD,FOOD_DELIVERY,MEDIUM,5161.89,0.7179,0.2821,7,0,8
EVT_00004024,HUMAN_ESCALATION,True,ALLOWED,0.379823,1,3924.85,PAYMENT_FAILURE,2026-08-17 14:32:09,CUS_001960,MER_00156,3924.85,INR,CARD,MOBILE,FAILED,TIMEOUT,2,13.01,0,False,False,0,0,0,0.479823,305,18,17,1,0.9444,5546.9,0.8037,8,NETBANKING,FOOD_DELIVERY,MEDIUM,16696.36,0.898,0.102,14,0,8
EVT_00004038,RETRY_LATER,False,RETRY_LIMIT_REACHED,0.0,0,0.0,PAYMENT_FAILURE,2026-08-05 13:48:17,CUS_001088,MER_00062,10944.81,INR,UPI,MOBILE,FAILED,TIMEOUT,3,39.38,0,False,False,0,0,0,0.419192,1485,14,13,1,0.9286,2869.74,0.8883,73,UPI,SAAS,SMALL,1825.36,0.9707,0.0293,13,2,8
EVT_00004046,RETRY_LATER,False,RETRY_LIMIT_REACHED,0.0,0,0.0,PAYMENT_FAILURE,2026-08-20 02:24:27,CUS_001162,MER_00140,5088.25,INR,CARD,MOBILE,FAILED,EXPIRED_PAYMENT_METHOD,3,12.07,0,False,False,0,0,0,0.247333,763,71,67,4,0.9437,6158.92,0.982,88,UPI,EDUCATION,MEDIUM,8286.12,0.9696,0.0304,2,3,8
EVT_00004050,RETRY_LATER,True,ALLOWED,0.581521,1,21686.8,SUBSCRIPTION_FAILURE,2026-08-02 05:44:08,CUS_001464,MER_00117,21686.8,INR,NETBANKING,MOBILE,AT_RISK,,0,41.67,0,False,False,717,17,0,0.631521,104,5,4,1,0.8,7862.87,0.7823,1,NETBANKING,TRAVEL,SMALL,11500.96,0.8461,0.1539,5,6,8
EVT_00004053,RECOVERY_REMINDER,True,ALLOWED,0.621803,1,1388.47,PAYMENT_FAILURE,2026-08-07 03:29:16,CUS_000790,MER_00057,1388.47,INR,UPI,DESKTOP,FAILED,TIMEOUT,0,15.96,0,False,False,0,0,0,0.601803,48,66,54,12,0.8182,1657.02,0.6609,36,UPI,E_COMMERCE,MEDIUM,11931.59,0.9085,0.0915,3,4,8
EVT_00004058,ALTERNATIVE_PAYMENT,True,ALLOWED,0.438944,1,16525.74,PAYMENT_FAILURE,2026-08-21 10:24:29,CUS_001307,MER_00008,16525.74,INR,CARD,TABLET,FAILED,TIMEOUT,3,36.24,0,False,False,0,0,0,0.408944,404,22,20,2,0.9091,7713.8,0.9697,78,UPI,DIGITAL_SERVICES,MEDIUM,6017.04,0.8847,0.1153,10,4,8
EVT_00004074,RETRY_LATER,True,ALLOWED,0.197594,0,0.0,SUBSCRIPTION_FAILURE,2026-08-04 22:27:54,CUS_000417,MER_00032,598.53,INR,CARD,DESKTOP,AT_RISK,,0,41.27,0,False,False,726,16,3,0.247594,1454,49,37,12,0.7551,1284.58,0.628,82,NETBANKING,TRAVEL,SMALL,7142.77,0.8186,0.1814,22,1,8
EVT_00004081,RETRY_LATER,True,ALLOWED,0.470233,0,0.0,SUBSCRIPTION_FAILURE,2026-08-02 10:19:09,CUS_001353,MER_00107,790.48,INR,UPI,MOBILE,AT_RISK,,0,12.06,0,False,False,74,10,1,0.520233,758,9,8,1,0.8889,595.55,0.7658,32,UPI,E_COMMERCE,SMALL,15795.0,0.9309,0.0691,10,6,8
EVT_00004082,RETRY_LATER,True,ALLOWED,0.127969,1,2679.25,PAYMENT_FAILURE,2026-08-28 21:29:17,CUS_001124,MER_00122,2679.25,INR,NETBANKING,MOBILE,FAILED,INSUFFICIENT_BALANCE,1,45.02,0,False,False,0,0,0,0.277969,388,49,42,7,0.8571,2513.45,0.8455,83,UPI,TRAVEL,LARGE,1261.74,0.7975,0.2025,21,4,8
EVT_00004083,ALTERNATIVE_PAYMENT,True,ALLOWED,0.447621,1,6917.45,PAYMENT_FAILURE,2026-08-23 22:50:02,CUS_000105,MER_00110,6917.45,INR,WALLET,MOBILE,FAILED,ISSUER_DECLINE,1,63.36,0,False,False,0,0,0,0.267621,1201,69,63,6,0.913,5086.63,0.813,23,UPI,FOOD_DELIVERY,MEDIUM,25287.45,0.9495,0.0505,22,6,8
EVT_00004084,RETRY_LATER,True,ALLOWED,0.532549,1,34499.46,CHECKOUT_ABANDONMENT,2026-08-21 15:33:51,CUS_000165,MER_00004,34499.46,INR,UPI,TABLET,AT_RISK,,0,23.78,568,False,True,0,0,0,0.582549,644,76,59,17,0.7763,12067.62,0.8304,18,CARD,EDUCATION,MEDIUM,2207.0,0.9735,0.0265,15,4,8
EVT_00004120,RETRY_LATER,False,RETRY_LIMIT_REACHED,0.0,0,0.0,PAYMENT_FAILURE,2026-08-27 09:41:39,CUS_001788,MER_00123,11105.63,INR,UPI,MOBILE,FAILED,INSUFFICIENT_BALANCE,3,7.9,0,False,False,0,0,0,0.222419,175,2,2,0,1.0,5027.01,0.9242,48,CARD,EDUCATION,SMALL,1684.78,0.9279,0.0721,9,3,8
EVT_00004125,RETRY_LATER,True,ALLOWED,0.326328,1,13554.49,SUBSCRIPTION_FAILURE,2026-08-09 08:18:22,CUS_000569,MER_00065,13554.49,INR,CARD,DESKTOP,AT_RISK,,0,6.53,0,False,False,618,3,1,0.376328,974,30,29,1,0.9667,17881.35,0.8227,60,CARD,DIGITAL_SERVICES,MEDIUM,5883.79,0.7053,0.2947,8,6,8
EVT_00004131,RETRY_LATER,True,ALLOWED,0.620033,0,0.0,SUBSCRIPTION_FAILURE,2026-08-10 21:13:31,CUS_000780,MER_00138,6677.38,INR,UPI,MOBILE,AT_RISK,,0,70.48,0,False,False,485,16,0,0.670033,1280,4,4,0,1.0,7649.58,0.7136,85,WALLET,E_COMMERCE,MEDIUM,9578.85,0.8707,0.1293,21,0,8
EVT_00004132,ALTERNATIVE_PAYMENT,True,ALLOWED,0.404034,1,1387.11,PAYMENT_FAILURE,2026-08-04 12:21:13,CUS_000999,MER_00126,1387.11,INR,UPI,DESKTOP,FAILED,ISSUER_DECLINE,1,15.51,0,False,False,0,0,0,0.224034,1443,35,29,6,0.8286,1511.22,0.5885,33,UPI,DIGITAL_SERVICES,SMALL,2499.99,0.8824,0.1176,12,1,8
EVT_00004133,RETRY_LATER,True,ALLOWED,0.792215,1,12256.85,PAYMENT_FAILURE,2026-08-07 18:12:22,CUS_000561,MER_00035,12256.85,INR,CARD,MOBILE,FAILED,NETWORK_ERROR,0,41.51,0,False,False,0,0,0,0.672215,818,46,45,1,0.9783,6492.86,0.7863,54,UPI,DIGITAL_SERVICES,SMALL,1661.67,0.979,0.021,18,4,8
EVT_00004138,ALTERNATIVE_PAYMENT,True,ALLOWED,0.749192,1,10256.67,CHECKOUT_ABANDONMENT,2026-08-17 12:22:01,CUS_001046,MER_00068,10256.67,INR,CARD,MOBILE,AT_RISK,,0,47.41,455,True,False,0,0,0,0.719192,255,70,57,13,0.8143,5782.92,0.6472,44,CARD,TRAVEL,MEDIUM,5113.13,0.8393,0.1607,12,0,8
EVT_00004141,RECOVERY_REMINDER,True,ALLOWED,0.344209,1,2752.67,SUBSCRIPTION_FAILURE,2026-08-21 00:19:54,CUS_000195,MER_00060,2752.67,INR,CARD,DESKTOP,AT_RISK,,0,7.28,0,False,False,484,12,3,0.324209,1440,52,47,5,0.9038,4105.75,0.5672,14,UPI,FOOD_DELIVERY,LARGE,5310.7,0.9841,0.0159,0,4,8
EVT_00004142,ALTERNATIVE_PAYMENT,True,ALLOWED,0.452387,1,9524.93,SUBSCRIPTION_FAILURE,2026-08-09 22:00:44,CUS_001290,MER_00185,9524.93,INR,UPI,MOBILE,AT_RISK,,0,57.94,0,False,False,620,12,2,0.422387,944,15,13,2,0.8667,11112.93,0.6763,51,UPI,TRAVEL,SMALL,6499.82,0.9334,0.0666,22,6,8
EVT_00004146,RETRY_LATER,False,RETRY_LIMIT_REACHED,0.0,0,0.0,PAYMENT_FAILURE,2026-08-12 09:56:38,CUS_000473,MER_00124,1044.29,INR,UPI,MOBILE,FAILED,EXPIRED_PAYMENT_METHOD,3,11.4,0,False,False,0,0,0,0.190785,665,33,29,4,0.8788,2360.96,0.5448,4,NETBANKING,TRAVEL,SMALL,2268.54,0.7268,0.2732,9,2,8
EVT_00004153,ALTERNATIVE_PAYMENT,True,ALLOWED,0.591161,1,1316.58,CHECKOUT_ABANDONMENT,2026-08-11 01:15:23,CUS_000398,MER_00075,1316.58,INR,UPI,DESKTOP,AT_RISK,,0,58.18,681,False,False,0,0,0,0.561161,318,23,22,1,0.9565,2370.17,0.8442,47,UPI,EDUCATION,SMALL,18185.27,0.9412,0.0588,1,1,8
EVT_00004155,RETRY_LATER,True,ALLOWED,0.811022,0,0.0,PAYMENT_FAILURE,2026-08-09 05:13:30,CUS_001816,MER_00091,6742.12,INR,CARD,MOBILE,FAILED,TIMEOUT,0,7.58,0,False,False,0,0,0,0.691022,192,6,6,0,1.0,12475.79,0.507,62,UPI,EDUCATION,SMALL,20175.16,0.9906,0.0094,5,6,8
EVT_00004164,RETRY_LATER,False,RETRY_LIMIT_REACHED,0.0,0,0.0,PAYMENT_FAILURE,2026-08-29 22:41:45,CUS_000877,MER_00117,1637.14,INR,UPI,DESKTOP,FAILED,EXPIRED_PAYMENT_METHOD,3,46.3,0,False,False,0,0,0,0.218403,823,53,49,4,0.9245,3118.14,0.7588,88,NETBANKING,TRAVEL,SMALL,11500.96,0.8461,0.1539,22,5,8
EVT_00004169,RETRY_LATER,True,ALLOWED,0.423805,1,5320.3,SUBSCRIPTION_FAILURE,2026-08-03 20:47:01,CUS_000476,MER_00026,5320.3,INR,NETBANKING,DESKTOP,AT_RISK,,0,52.53,0,False,False,250,5,0,0.473805,1183,34,32,2,0.9412,3111.76,0.7167,29,UPI,SAAS,LARGE,6343.17,0.7939,0.2061,20,0,8
EVT_00004181,RETRY_LATER,True,ALLOWED,0.195878,1,15041.07,PAYMENT_FAILURE,2026-08-12 21:31:26,CUS_001248,MER_00032,15041.07,INR,UPI,DESKTOP,FAILED,PAYMENT_LIMIT,1,1.82,0,False,False,0,0,0,0.345878,713,8,7,1,0.875,7491.31,0.7254,73,UPI,TRAVEL,SMALL,7142.77,0.8186,0.1814,21,2,8
EVT_00004187,RECOVERY_REMINDER,True,ALLOWED,0.550673,1,5638.58,SUBSCRIPTION_FAILURE,2026-08-13 15:01:21,CUS_000861,MER_00151,5638.58,INR,WALLET,MOBILE,AT_RISK,,0,16.27,0,False,False,540,9,1,0.530673,1453,16,14,2,0.875,6823.78,0.7244,66,CARD,TRAVEL,MEDIUM,1657.94,0.9487,0.0513,15,3,8
EVT_00004201,RECOVERY_REMINDER,True,ALLOWED,0.222122,1,11397.33,PAYMENT_FAILURE,2026-08-25 22:09:15,CUS_000486,MER_00068,11397.33,INR,CARD,MOBILE,FAILED,ISSUER_DECLINE,2,60.8,0,False,False,0,0,0,0.202122,371,29,27,2,0.931,9671.56,0.9319,26,NETBANKING,TRAVEL,MEDIUM,5113.13,0.8393,0.1607,22,1,8
EVT_00004205,RECOVERY_REMINDER,True,ALLOWED,0.523618,1,5092.18,PAYMENT_FAILURE,2026-08-16 10:27:13,CUS_001936,MER_00105,5092.18,INR,WALLET,MOBILE,FAILED,BANK_TECHNICAL_ERROR,2,14.07,0,False,False,0,0,0,0.503618,270,68,63,5,0.9265,2365.18,0.8423,70,UPI,SAAS,LARGE,3288.97,0.911,0.089,10,6,8
EVT_00004207,ALTERNATIVE_PAYMENT,True,ALLOWED,0.511265,1,14161.57,PAYMENT_FAILURE,2026-08-22 11:07:55,CUS_001646,MER_00111,14161.57,INR,CARD,DESKTOP,FAILED,BANK_TECHNICAL_ERROR,2,46.37,0,False,False,0,0,0,0.481265,463,42,34,8,0.8095,7635.85,0.8967,75,NETBANKING,SAAS,SMALL,5915.71,0.9052,0.0948,11,5,8
EVT_00004221,RETRY_LATER,True,ALLOWED,0.481454,1,7413.05,SUBSCRIPTION_FAILURE,2026-08-26 22:39:51,CUS_000859,MER_00076,7413.05,INR,UPI,MOBILE,AT_RISK,,0,12.05,0,False,False,699,21,1,0.531454,1013,58,55,3,0.9483,4462.48,0.719,88,WALLET,RETAIL,SMALL,3701.29,0.793,0.207,22,2,8
EVT_00004229,RETRY_LATER,False,RETRY_LIMIT_REACHED,0.0,0,0.0,PAYMENT_FAILURE,2026-08-28 18:20:34,CUS_001204,MER_00123,4800.06,INR,CARD,MOBILE,FAILED,EXPIRED_PAYMENT_METHOD,3,48.16,0,False,False,0,0,0,0.233325,1149,12,11,1,0.9167,5528.4,0.7852,20,CARD,EDUCATION,SMALL,1684.78,0.9279,0.0721,18,4,8
EVT_00004235,ALTERNATIVE_PAYMENT,True,ALLOWED,0.491263,1,3754.02,CHECKOUT_ABANDONMENT,2026-08-08 21:15:23,CUS_000218,MER_00027,3754.02,INR,UPI,DESKTOP,AT_RISK,,0,51.26,395,False,False,0,0,0,0.461263,171,79,59,20,0.7468,4146.19,0.9756,59,CARD,DIGITAL_SERVICES,SMALL,12097.35,0.8025,0.1975,21,5,8
EVT_00004242,RETRY_LATER,False,RETRY_LIMIT_REACHED,0.0,0,0.0,PAYMENT_FAILURE,2026-08-21 01:29:45,CUS_000825,MER_00037,5108.65,INR,UPI,MOBILE,FAILED,INSUFFICIENT_BALANCE,3,28.72,0,False,False,0,0,0,0.19348,946,49,44,5,0.898,3460.52,0.6276,34,UPI,E_COMMERCE,SMALL,979.69,0.9742,0.0258,1,4,8
EVT_00004249,RETRY_LATER,True,ALLOWED,0.350059,0,0.0,PAYMENT_FAILURE,2026-08-19 09:02:46,CUS_001006,MER_00134,10956.95,INR,WALLET,MOBILE,FAILED,INSUFFICIENT_BALANCE,0,62.29,0,False,False,0,0,0,0.400059,1383,30,26,4,0.8667,21289.01,0.7253,86,NETBANKING,EDUCATION,SMALL,5486.16,0.9252,0.0748,9,2,8
EVT_00004250,ALTERNATIVE_PAYMENT,True,ALLOWED,0.454046,1,1650.96,PAYMENT_FAILURE,2026-08-13 16:17:49,CUS_000664,MER_00057,1650.96,INR,CARD,MOBILE,FAILED,PAYMENT_LIMIT,2,17.18,0,False,False,0,0,0,0.274046,327,40,37,3,0.925,3983.25,0.7722,51,UPI,E_COMMERCE,MEDIUM,11931.59,0.9085,0.0915,16,3,8
EVT_00004265,RETRY_LATER,True,ALLOWED,0.01,0,0.0,PAYMENT_FAILURE,2026-08-11 21:19:38,CUS_000037,MER_00094,6208.3,INR,CARD,MOBILE,FAILED,ISSUER_DECLINE,2,12.73,0,False,False,0,0,0,0.208265,1291,47,44,3,0.9362,5181.52,0.4368,83,CARD,DIGITAL_SERVICES,SMALL,1903.89,0.9415,0.0585,21,1,8
EVT_00004266,RETRY_LATER,True,ALLOWED,0.330461,0,0.0,SUBSCRIPTION_FAILURE,2026-08-14 03:22:16,CUS_001907,MER_00043,8345.92,INR,CARD,DESKTOP,AT_RISK,,0,0.68,0,False,False,703,10,2,0.380461,465,57,48,9,0.8421,6510.94,0.7989,17,CARD,TRAVEL,SMALL,10675.23,0.776,0.224,3,4,8
EVT_00004273,ALTERNATIVE_PAYMENT,True,ALLOWED,0.767173,1,3411.84,CHECKOUT_ABANDONMENT,2026-08-03 19:44:34,CUS_000368,MER_00080,3411.84,INR,CARD,MOBILE,AT_RISK,,0,67.77,759,True,False,0,0,0,0.737173,494,14,12,2,0.8571,6934.08,0.8497,81,NETBANKING,EDUCATION,SMALL,3258.46,0.9582,0.0418,19,0,8
EVT_00004274,ALTERNATIVE_PAYMENT,True,ALLOWED,0.329034,1,3060.49,PAYMENT_FAILURE,2026-08-30 02:00:51,CUS_001953,MER_00143,3060.49,INR,UPI,MOBILE,FAILED,ISSUER_DECLINE,2,6.35,0,False,False,0,0,0,0.149034,135,58,39,19,0.6724,3238.86,0.4446,73,UPI,RETAIL,MEDIUM,1410.83,0.967,0.033,2,6,8
EVT_00004287,RETRY_LATER,True,ALLOWED,0.675808,1,12285.78,CHECKOUT_ABANDONMENT,2026-08-11 16:11:09,CUS_001057,MER_00192,12285.78,INR,CARD,MOBILE,AT_RISK,,0,10.14,212,True,True,0,0,0,0.725808,690,64,49,15,0.7656,10964.29,0.6474,31,CARD,TRAVEL,MEDIUM,20196.01,0.9465,0.0535,16,1,8
EVT_00004294,HUMAN_ESCALATION,True,ALLOWED,0.201438,1,4154.01,PAYMENT_FAILURE,2026-08-07 16:55:32,CUS_000540,MER_00002,4154.01,INR,CARD,MOBILE,FAILED,EXPIRED_PAYMENT_METHOD,2,58.44,0,False,False,0,0,0,0.301438,61,40,38,2,0.95,3603.04,0.7833,1,UPI,E_COMMERCE,LARGE,9205.47,0.8725,0.1275,16,4,8
EVT_00004303,RECOVERY_REMINDER,True,ALLOWED,0.570092,1,9699.15,PAYMENT_FAILURE,2026-08-13 10:21:53,CUS_000758,MER_00011,9699.15,INR,CARD,MOBILE,FAILED,BANK_TECHNICAL_ERROR,1,10.02,0,False,False,0,0,0,0.550092,593,51,41,10,0.8039,11338.35,0.8664,32,CARD,DIGITAL_SERVICES,SMALL,11685.15,0.879,0.121,10,3,8
EVT_00004306,RETRY_LATER,True,ALLOWED,0.701825,1,1444.86,CHECKOUT_ABANDONMENT,2026-08-17 15:24:51,CUS_001840,MER_00144,1444.86,INR,CARD,TABLET,AT_RISK,,0,50.85,819,True,True,0,0,0,0.751825,842,76,75,1,0.9868,3549.93,0.6169,89,UPI,E_COMMERCE,SMALL,11138.28,0.8359,0.1641,15,0,8
EVT_00004333,RETRY_LATER,True,ALLOWED,0.683448,1,2852.95,CHECKOUT_ABANDONMENT,2026-08-16 09:04:47,CUS_000414,MER_00079,2852.95,INR,NETBANKING,MOBILE,AT_RISK,,0,26.65,212,True,False,0,0,0,0.733448,223,48,42,6,0.875,2060.56,0.9304,70,UPI,FOOD_DELIVERY,LARGE,412.23,0.9077,0.0923,9,6,8
EVT_00004341,RETRY_LATER,True,ALLOWED,0.701546,1,10747.58,CHECKOUT_ABANDONMENT,2026-08-25 21:15:41,CUS_000812,MER_00005,10747.58,INR,CARD,MOBILE,AT_RISK,,0,68.39,742,True,False,0,0,0,0.751546,1322,23,20,3,0.8696,9485.18,0.334,45,WALLET,EDUCATION,SMALL,832.59,0.9375,0.0625,21,1,8
EVT_00004349,RECOVERY_REMINDER,True,ALLOWED,0.325553,1,3928.57,SUBSCRIPTION_FAILURE,2026-08-12 20:25:49,CUS_000866,MER_00107,3928.57,INR,UPI,DESKTOP,AT_RISK,,0,51.77,0,False,False,57,5,2,0.305553,1056,3,3,0,1.0,2812.62,0.8648,71,UPI,E_COMMERCE,SMALL,15795.0,0.9309,0.0691,20,2,8
EVT_00004351,ALTERNATIVE_PAYMENT,True,ALLOWED,0.637065,1,1293.03,SUBSCRIPTION_FAILURE,2026-08-25 13:23:39,CUS_001742,MER_00049,1293.03,INR,UPI,DESKTOP,AT_RISK,,0,28.92,0,False,False,325,19,0,0.607065,1123,24,21,3,0.875,1272.35,0.6158,70,UPI,EDUCATION,SMALL,8781.92,0.8307,0.1693,13,1,8
EVT_00004358,ALTERNATIVE_PAYMENT,True,ALLOWED,0.42605,1,17459.87,PAYMENT_FAILURE,2026-08-12 19:25:02,CUS_001000,MER_00132,17459.87,INR,UPI,MOBILE,FAILED,PAYMENT_LIMIT,2,0.83,0,False,False,0,0,0,0.24605,783,53,40,13,0.7547,16529.49,0.7933,4,CARD,RETAIL,MEDIUM,27235.71,0.8482,0.1518,19,2,8
EVT_00004359,RETRY_LATER,False,RETRY_LIMIT_REACHED,0.0,0,0.0,PAYMENT_FAILURE,2026-08-13 11:47:11,CUS_001891,MER_00008,3999.08,INR,UPI,MOBILE,FAILED,TIMEOUT,3,40.45,0,False,False,0,0,0,0.356486,302,45,38,7,0.8444,2599.29,0.6386,46,CARD,DIGITAL_SERVICES,MEDIUM,6017.04,0.8847,0.1153,11,3,8
EVT_00004360,RETRY_LATER,True,ALLOWED,0.685822,1,13090.71,CHECKOUT_ABANDONMENT,2026-08-22 09:42:12,CUS_001483,MER_00042,13090.71,INR,CARD,MOBILE,AT_RISK,,0,47.2,741,True,False,0,0,0,0.735822,456,63,49,14,0.7778,7918.8,0.7462,75,CARD,E_COMMERCE,SMALL,2406.16,0.9772,0.0228,9,5,8
EVT_00004363,RECOVERY_REMINDER,True,ALLOWED,0.520257,1,5070.8,PAYMENT_FAILURE,2026-08-21 12:43:42,CUS_001657,MER_00012,5070.8,INR,UPI,DESKTOP,FAILED,BANK_TECHNICAL_ERROR,2,58.51,0,False,False,0,0,0,0.500257,1275,41,38,3,0.9268,4802.68,0.8244,27,UPI,FOOD_DELIVERY,MEDIUM,4480.78,0.8939,0.1061,12,4,8
EVT_00004379,RETRY_LATER,True,ALLOWED,0.514496,1,19269.81,SUBSCRIPTION_FAILURE,2026-08-14 18:48:28,CUS_001022,MER_00072,19269.81,INR,NETBANKING,DESKTOP,AT_RISK,,0,52.47,0,False,False,549,12,1,0.564496,135,11,10,1,0.9091,19581.71,0.8256,46,UPI,TRAVEL,MEDIUM,4974.21,0.8851,0.1149,18,4,8
EVT_00004410,ALTERNATIVE_PAYMENT,True,ALLOWED,0.845863,1,32344.54,CHECKOUT_ABANDONMENT,2026-08-28 21:38:38,CUS_001995,MER_00178,32344.54,INR,NETBANKING,MOBILE,AT_RISK,,0,24.81,331,True,False,0,0,0,0.815863,1138,41,40,1,0.9756,44428.82,0.4185,10,UPI,EDUCATION,SMALL,7809.93,0.9459,0.0541,21,4,8
EVT_00004411,RETRY_LATER,True,ALLOWED,0.683597,1,3073.19,CHECKOUT_ABANDONMENT,2026-08-29 21:23:44,CUS_000172,MER_00012,3073.19,INR,CARD,DESKTOP,AT_RISK,,0,71.98,618,True,True,0,0,0,0.733597,162,59,52,7,0.8814,6381.4,0.7667,40,UPI,FOOD_DELIVERY,MEDIUM,4480.78,0.8939,0.1061,21,5,8
EVT_00004420,RETRY_LATER,True,ALLOWED,0.01,0,0.0,PAYMENT_FAILURE,2026-08-25 05:18:44,CUS_000560,MER_00008,3512.94,INR,NETBANKING,MOBILE,FAILED,ISSUER_DECLINE,2,42.42,0,False,False,0,0,0,0.206843,1281,47,46,1,0.9787,1917.48,0.7015,42,NETBANKING,DIGITAL_SERVICES,MEDIUM,6017.04,0.8847,0.1153,5,1,8
EVT_00004423,RECOVERY_REMINDER,True,ALLOWED,0.252937,1,7372.92,PAYMENT_FAILURE,2026-08-26 08:40:40,CUS_002000,MER_00167,7372.92,INR,UPI,TABLET,FAILED,ISSUER_DECLINE,1,28.06,0,False,False,0,0,0,0.232937,442,42,35,7,0.8333,3400.94,0.9563,46,CARD,EDUCATION,SMALL,8093.76,0.8619,0.1381,8,2,8
EVT_00004437,RETRY_LATER,True,ALLOWED,0.225065,0,0.0,SUBSCRIPTION_FAILURE,2026-08-23 05:38:57,CUS_000555,MER_00027,2462.58,INR,CARD,MOBILE,AT_RISK,,0,64.63,0,False,False,326,14,3,0.275065,1477,78,66,12,0.8462,1748.31,0.6435,69,CARD,DIGITAL_SERVICES,SMALL,12097.35,0.8025,0.1975,5,6,8
EVT_00004441,RETRY_LATER,False,RETRY_LIMIT_REACHED,0.0,0,0.0,PAYMENT_FAILURE,2026-08-17 01:22:06,CUS_000127,MER_00144,2682.99,INR,CARD,MOBILE,FAILED,ISSUER_DECLINE,3,69.89,0,False,False,0,0,0,0.118214,146,25,20,5,0.8,1619.39,0.9059,79,CARD,E_COMMERCE,SMALL,11138.28,0.8359,0.1641,1,0,8
EVT_00004449,RETRY_LATER,True,ALLOWED,0.615109,1,2262.67,SUBSCRIPTION_FAILURE,2026-08-28 01:49:32,CUS_000126,MER_00139,2262.67,INR,UPI,MOBILE,AT_RISK,,0,51.1,0,False,False,185,18,0,0.665109,860,21,20,1,0.9524,2148.27,0.2807,56,UPI,FOOD_DELIVERY,SMALL,4070.36,0.9874,0.0126,1,4,8
EVT_00004456,RETRY_LATER,True,ALLOWED,0.786996,1,4334.94,PAYMENT_FAILURE,2026-08-17 04:56:01,CUS_000773,MER_00183,4334.94,INR,CARD,MOBILE,FAILED,BANK_TECHNICAL_ERROR,0,20.28,0,False,False,0,0,0,0.666996,37,17,16,1,0.9412,5073.34,0.7944,62,UPI,DIGITAL_SERVICES,SMALL,7807.06,0.8681,0.1319,4,0,8
EVT_00004460,RETRY_LATER,True,ALLOWED,0.453145,1,2341.87,PAYMENT_FAILURE,2026-08-14 12:50:10,CUS_000322,MER_00115,2341.87,INR,CARD,DESKTOP,FAILED,EXPIRED_PAYMENT_METHOD,0,30.83,0,False,False,0,0,0,0.503145,188,3,3,0,1.0,5114.13,0.8163,56,UPI,E_COMMERCE,MEDIUM,4625.14,0.9927,0.0073,12,4,8
EVT_00004464,RETRY_LATER,True,ALLOWED,0.356679,1,5475.69,PAYMENT_FAILURE,2026-08-19 16:13:07,CUS_000387,MER_00052,5475.69,INR,UPI,MOBILE,FAILED,INSUFFICIENT_BALANCE,0,13.55,0,False,False,0,0,0,0.406679,129,76,68,8,0.8947,2388.61,0.8286,28,CARD,RETAIL,LARGE,8899.2,0.9756,0.0244,16,2,8
EVT_00004471,RETRY_LATER,True,ALLOWED,0.238219,0,0.0,SUBSCRIPTION_FAILURE,2026-08-07 00:47:51,CUS_001780,MER_00022,9067.23,INR,UPI,DESKTOP,AT_RISK,,0,59.5,0,False,False,381,1,2,0.288219,1036,36,34,2,0.9444,5955.71,0.7308,25,UPI,DIGITAL_SERVICES,LARGE,2602.03,0.8671,0.1329,0,4,8
EVT_00004472,RECOVERY_REMINDER,True,ALLOWED,0.397655,1,5092.83,PAYMENT_FAILURE,2026-08-16 23:08:00,CUS_001974,MER_00181,5092.83,INR,UPI,MOBILE,FAILED,INSUFFICIENT_BALANCE,0,52.27,0,False,False,0,0,0,0.377655,531,21,19,2,0.9048,9049.83,0.6761,44,CARD,TRAVEL,SMALL,3734.39,0.8092,0.1908,23,6,8
EVT_00004488,ALTERNATIVE_PAYMENT,True,ALLOWED,0.320911,1,2945.65,SUBSCRIPTION_FAILURE,2026-08-26 21:51:07,CUS_000748,MER_00142,2945.65,INR,UPI,DESKTOP,AT_RISK,,0,47.81,0,False,False,501,19,3,0.290911,492,64,54,10,0.8438,2960.63,0.7242,54,UPI,RETAIL,MEDIUM,2317.11,0.8986,0.1014,21,2,8
EVT_00004491,RETRY_LATER,True,ALLOWED,0.716436,1,7513.54,CHECKOUT_ABANDONMENT,2026-08-04 08:00:41,CUS_001513,MER_00112,7513.54,INR,NETBANKING,MOBILE,AT_RISK,,0,34.94,122,True,False,0,0,0,0.766436,1123,11,11,0,1.0,6197.83,0.7021,7,UPI,DIGITAL_SERVICES,SMALL,3201.31,0.8352,0.1648,8,1,8
EVT_00004498,RETRY_LATER,True,ALLOWED,0.774144,1,5289.51,PAYMENT_FAILURE,2026-08-08 03:17:45,CUS_000181,MER_00087,5289.51,INR,NETBANKING,MOBILE,FAILED,BANK_TECHNICAL_ERROR,0,7.14,0,False,False,0,0,0,0.654144,1408,56,51,5,0.9107,4905.16,0.9255,35,UPI,TRAVEL,MEDIUM,26627.4,0.8417,0.1583,3,5,8
EVT_00004510,RETRY_LATER,True,ALLOWED,0.01,0,0.0,PAYMENT_FAILURE,2026-08-27 13:06:33,CUS_001726,MER_00064,7418.38,INR,CARD,DESKTOP,FAILED,INSUFFICIENT_BALANCE,2,13.88,0,False,False,0,0,0,0.211352,1180,79,58,21,0.7342,7110.72,0.8016,77,NETBANKING,TRAVEL,SMALL,4568.4,0.9534,0.0466,13,3,8
EVT_00004513,ALTERNATIVE_PAYMENT,True,ALLOWED,0.459908,1,3118.45,PAYMENT_FAILURE,2026-08-04 00:00:28,CUS_000994,MER_00169,3118.45,INR,UPI,MOBILE,FAILED,NETWORK_ERROR,2,53.46,0,False,False,0,0,0,0.429908,664,68,58,10,0.8529,4682.69,0.5197,46,NETBANKING,FOOD_DELIVERY,SMALL,4115.41,0.9528,0.0472,0,1,8
EVT_00004515,RETRY_LATER,False,RETRY_LIMIT_REACHED,0.0,0,0.0,PAYMENT_FAILURE,2026-08-06 01:08:16,CUS_001249,MER_00117,16332.96,INR,UPI,MOBILE,FAILED,ISSUER_DECLINE,3,7.97,0,False,False,0,0,0,0.15581,508,12,11,1,0.9167,25844.51,0.8833,1,UPI,TRAVEL,SMALL,11500.96,0.8461,0.1539,1,3,8
EVT_00004523,ALTERNATIVE_PAYMENT,True,ALLOWED,0.566246,1,2983.97,CHECKOUT_ABANDONMENT,2026-08-21 16:19:45,CUS_001604,MER_00089,2983.97,INR,UPI,MOBILE,AT_RISK,,0,54.35,652,False,False,0,0,0,0.536246,496,50,45,5,0.9,4910.4,0.6763,45,NETBANKING,SAAS,MEDIUM,416.38,0.9005,0.0995,16,4,8
EVT_00004539,RETRY_LATER,True,ALLOWED,0.675433,1,10613.54,CHECKOUT_ABANDONMENT,2026-08-08 12:42:58,CUS_000433,MER_00154,10613.54,INR,NETBANKING,MOBILE,AT_RISK,,0,6.24,879,True,False,0,0,0,0.725433,1244,13,10,3,0.7692,6498.97,0.8171,87,CARD,E_COMMERCE,SMALL,7670.89,0.9583,0.0417,12,5,8
EVT_00004546,RETRY_LATER,False,RETRY_LIMIT_REACHED,0.0,0,0.0,PAYMENT_FAILURE,2026-08-11 19:58:30,CUS_000720,MER_00199,7716.47,INR,CARD,MOBILE,FAILED,NETWORK_ERROR,3,3.01,0,False,False,0,0,0,0.350898,911,13,11,2,0.8462,8002.28,0.8739,15,UPI,SAAS,SMALL,1416.06,0.9293,0.0707,19,1,8
EVT_00004557,ALTERNATIVE_PAYMENT,True,ALLOWED,0.428092,1,2249.74,PAYMENT_FAILURE,2026-08-22 14:59:29,CUS_000130,MER_00025,2249.74,INR,CARD,MOBILE,FAILED,NETWORK_ERROR,2,69.78,0,False,False,0,0,0,0.398092,963,26,20,6,0.7692,3008.69,0.7995,77,UPI,DIGITAL_SERVICES,MEDIUM,770.56,0.9566,0.0434,14,5,8
EVT_00004571,RETRY_LATER,True,ALLOWED,0.01,0,0.0,PAYMENT_FAILURE,2026-08-24 23:55:05,CUS_000817,MER_00148,1937.11,INR,UPI,MOBILE,FAILED,INSUFFICIENT_BALANCE,2,2.25,0,False,False,0,0,0,0.256947,93,54,50,4,0.9259,1712.67,0.7993,64,CARD,RETAIL,MEDIUM,1547.37,0.9811,0.0189,23,0,8
EVT_00004574,ALTERNATIVE_PAYMENT,True,ALLOWED,0.385537,1,6231.39,PAYMENT_FAILURE,2026-08-04 17:24:52,CUS_001578,MER_00004,6231.39,INR,UPI,MOBILE,FAILED,TIMEOUT,3,4.0,0,False,False,0,0,0,0.355537,1204,68,53,15,0.7794,10091.22,0.7197,37,CARD,EDUCATION,MEDIUM,2207.0,0.9735,0.0265,17,1,8
EVT_00004580,ALTERNATIVE_PAYMENT,True,ALLOWED,0.63945,1,6111.28,CHECKOUT_ABANDONMENT,2026-08-16 18:26:50,CUS_000047,MER_00100,6111.28,INR,NETBANKING,MOBILE,AT_RISK,,0,9.98,100,True,False,0,0,0,0.60945,685,36,22,14,0.6111,8995.49,0.5173,45,CARD,EDUCATION,MEDIUM,10164.26,0.9653,0.0347,18,6,8
EVT_00004581,RETRY_LATER,True,ALLOWED,0.766297,1,5970.25,PAYMENT_FAILURE,2026-08-23 22:55:39,CUS_000333,MER_00128,5970.25,INR,CARD,DESKTOP,FAILED,BANK_TECHNICAL_ERROR,0,45.81,0,False,False,0,0,0,0.646297,485,22,18,4,0.8182,3309.86,0.625,31,CARD,TRAVEL,LARGE,637.62,0.9635,0.0365,22,6,8
EVT_00004594,RECOVERY_REMINDER,True,ALLOWED,0.212275,1,7472.44,PAYMENT_FAILURE,2026-08-10 11:27:43,CUS_000482,MER_00092,7472.44,INR,UPI,MOBILE,FAILED,ISSUER_DECLINE,2,8.58,0,False,False,0,0,0,0.192275,1249,68,62,6,0.9118,8303.45,0.6414,84,CARD,E_COMMERCE,SMALL,2690.26,0.8466,0.1534,11,0,8
EVT_00004601,RECOVERY_REMINDER,True,ALLOWED,0.58566,1,702.5,PAYMENT_FAILURE,2026-08-30 15:47:50,CUS_000939,MER_00033,702.5,INR,UPI,MOBILE,FAILED,BANK_TECHNICAL_ERROR,1,66.26,0,False,False,0,0,0,0.56566,708,72,67,5,0.9306,2372.12,0.6174,54,UPI,RETAIL,SMALL,1741.31,0.8328,0.1672,15,6,8
EVT_00004612,ALTERNATIVE_PAYMENT,True,ALLOWED,0.34203,1,7254.98,PAYMENT_FAILURE,2026-08-21 17:27:31,CUS_001892,MER_00005,7254.98,INR,UPI,MOBILE,FAILED,ISSUER_DECLINE,3,48.54,0,False,False,0,0,0,0.16203,390,74,71,3,0.9595,4530.89,0.6351,16,UPI,EDUCATION,SMALL,832.59,0.9375,0.0625,17,4,8
EVT_00004625,RETRY_LATER,True,ALLOWED,0.681541,1,1961.69,CHECKOUT_ABANDONMENT,2026-08-21 13:31:13,CUS_001386,MER_00159,1961.69,INR,UPI,MOBILE,AT_RISK,,0,27.0,385,True,False,0,0,0,0.731541,375,20,18,2,0.9,3799.72,0.715,82,UPI,EDUCATION,MEDIUM,1436.79,0.8598,0.1402,13,4,8
EVT_00004626,RECOVERY_REMINDER,True,ALLOWED,0.472429,1,3825.97,PAYMENT_FAILURE,2026-08-27 08:39:17,CUS_001429,MER_00072,3825.97,INR,UPI,DESKTOP,FAILED,TIMEOUT,1,59.26,0,False,False,0,0,0,0.452429,422,62,40,22,0.6452,2766.17,0.9164,85,WALLET,TRAVEL,MEDIUM,4974.21,0.8851,0.1149,8,3,8
EVT_00004630,ALTERNATIVE_PAYMENT,True,ALLOWED,0.655497,1,1879.8,PAYMENT_FAILURE,2026-08-13 00:32:52,CUS_001553,MER_00019,1879.8,INR,UPI,MOBILE,FAILED,EXPIRED_PAYMENT_METHOD,0,15.07,0,False,False,0,0,0,0.475497,813,75,73,2,0.9733,2216.48,0.899,36,UPI,FOOD_DELIVERY,MEDIUM,3617.98,0.9102,0.0898,0,3,8
EVT_00004634,RETRY_LATER,True,ALLOWED,0.58772,1,1727.11,SUBSCRIPTION_FAILURE,2026-08-08 12:50:20,CUS_001838,MER_00019,1727.11,INR,UPI,MOBILE,AT_RISK,,0,21.99,0,False,False,576,9,0,0.63772,477,48,44,4,0.9167,1893.32,0.5146,38,UPI,FOOD_DELIVERY,MEDIUM,3617.98,0.9102,0.0898,12,5,8
EVT_00004655,ALTERNATIVE_PAYMENT,True,ALLOWED,0.648747,1,17525.41,PAYMENT_FAILURE,2026-08-26 13:55:06,CUS_000771,MER_00164,17525.41,INR,CARD,MOBILE,FAILED,BANK_TECHNICAL_ERROR,0,35.5,0,False,False,0,0,0,0.618747,988,53,38,15,0.717,18944.26,0.883,51,UPI,EDUCATION,LARGE,10820.21,0.8606,0.1394,13,2,8
EVT_00004658,HUMAN_ESCALATION,True,ALLOWED,0.423784,1,4010.82,PAYMENT_FAILURE,2026-08-20 21:42:12,CUS_000344,MER_00122,4010.82,INR,UPI,MOBILE,FAILED,TIMEOUT,1,61.87,0,False,False,0,0,0,0.523784,787,59,52,7,0.8814,3190.86,0.8317,55,WALLET,TRAVEL,LARGE,1261.74,0.7975,0.2025,21,3,8
EVT_00004659,ALTERNATIVE_PAYMENT,True,ALLOWED,0.517403,1,8096.14,PAYMENT_FAILURE,2026-08-08 21:53:09,CUS_000500,MER_00043,8096.14,INR,UPI,DESKTOP,FAILED,PAYMENT_LIMIT,1,27.25,0,False,False,0,0,0,0.337403,656,74,68,6,0.9189,6531.32,0.8568,60,CARD,TRAVEL,SMALL,10675.23,0.776,0.224,21,5,8
EVT_00004661,RETRY_LATER,True,ALLOWED,0.059777,0,0.0,PAYMENT_FAILURE,2026-08-05 04:22:43,CUS_000197,MER_00139,4525.91,INR,CARD,DESKTOP,FAILED,ISSUER_DECLINE,1,65.14,0,False,False,0,0,0,0.209777,533,23,16,7,0.6957,2183.17,0.8683,54,NETBANKING,FOOD_DELIVERY,SMALL,4070.36,0.9874,0.0126,4,2,8
EVT_00004666,RECOVERY_REMINDER,True,ALLOWED,0.389843,1,4170.83,SUBSCRIPTION_FAILURE,2026-08-02 10:25:40,CUS_000907,MER_00047,4170.83,INR,CARD,MOBILE,AT_RISK,,0,27.89,0,False,False,443,15,2,0.369843,634,50,41,9,0.82,2956.79,0.8216,59,CARD,DIGITAL_SERVICES,SMALL,5866.47,0.813,0.187,10,6,8
EVT_00004667,RETRY_LATER,True,ALLOWED,0.616356,1,15134.75,CHECKOUT_ABANDONMENT,2026-08-16 09:17:48,CUS_001066,MER_00089,15134.75,INR,UPI,MOBILE,AT_RISK,,0,7.25,80,True,True,0,0,0,0.666356,600,44,33,11,0.75,14683.22,0.7862,77,UPI,SAAS,MEDIUM,416.38,0.9005,0.0995,9,6,8
EVT_00004694,RETRY_LATER,True,ALLOWED,0.664755,1,1906.18,CHECKOUT_ABANDONMENT,2026-08-04 15:05:26,CUS_001892,MER_00025,1906.18,INR,UPI,MOBILE,AT_RISK,,0,6.19,87,True,True,0,0,0,0.714755,390,74,71,3,0.9595,4530.89,0.6351,16,UPI,DIGITAL_SERVICES,MEDIUM,770.56,0.9566,0.0434,15,1,8
EVT_00004696,RETRY_LATER,True,ALLOWED,0.368503,1,8267.87,PAYMENT_FAILURE,2026-08-17 23:08:47,CUS_000919,MER_00027,8267.87,INR,CARD,DESKTOP,FAILED,TIMEOUT,2,5.4,0,False,False,0,0,0,0.448503,404,68,60,8,0.8824,7969.08,0.898,73,CARD,DIGITAL_SERVICES,SMALL,12097.35,0.8025,0.1975,23,0,8
EVT_00004698,RETRY_LATER,True,ALLOWED,0.76693,1,161.36,PAYMENT_FAILURE,2026-08-01 00:41:42,CUS_001269,MER_00151,161.36,INR,CARD,MOBILE,FAILED,NETWORK_ERROR,0,50.06,0,False,False,0,0,0,0.64693,1431,11,11,0,1.0,731.52,0.9195,27,UPI,TRAVEL,MEDIUM,1657.94,0.9487,0.0513,0,5,8
EVT_00004700,ALTERNATIVE_PAYMENT,True,ALLOWED,0.361262,1,1987.76,PAYMENT_FAILURE,2026-08-18 21:53:20,CUS_000157,MER_00193,1987.76,INR,NETBANKING,MOBILE,FAILED,ISSUER_DECLINE,2,55.4,0,False,False,0,0,0,0.181262,215,35,29,6,0.8286,2005.85,0.5738,45,CARD,DIGITAL_SERVICES,MEDIUM,8184.15,0.9805,0.0195,21,1,8
EVT_00004703,RECOVERY_REMINDER,True,ALLOWED,0.398753,1,33437.48,PAYMENT_FAILURE,2026-08-21 23:23:42,CUS_000535,MER_00088,33437.48,INR,UPI,MOBILE,FAILED,ISSUER_DECLINE,0,32.91,0,False,False,0,0,0,0.378753,878,64,56,8,0.875,24368.73,0.3159,88,UPI,SAAS,MEDIUM,2014.49,0.8916,0.1084,23,4,8
EVT_00004707,RETRY_LATER,True,ALLOWED,0.368592,1,5451.41,PAYMENT_FAILURE,2026-08-09 11:53:43,CUS_000928,MER_00060,5451.41,INR,UPI,MOBILE,FAILED,INSUFFICIENT_BALANCE,0,41.95,0,False,False,0,0,0,0.418592,472,26,24,2,0.9231,4143.23,0.8942,71,NETBANKING,FOOD_DELIVERY,LARGE,5310.7,0.9841,0.0159,11,6,8
EVT_00004716,RETRY_LATER,True,ALLOWED,0.726045,1,8759.69,CHECKOUT_ABANDONMENT,2026-08-13 02:43:26,CUS_000067,MER_00187,8759.69,INR,CARD,MOBILE,AT_RISK,,0,9.95,787,True,True,0,0,0,0.776045,1361,58,56,2,0.9655,5815.69,0.8155,79,CARD,FOOD_DELIVERY,LARGE,11630.69,0.9524,0.0476,2,3,8
EVT_00004721,RETRY_LATER,True,ALLOWED,0.761774,1,770.21,PAYMENT_FAILURE,2026-08-27 06:42:17,CUS_000463,MER_00084,770.21,INR,UPI,DESKTOP,FAILED,BANK_TECHNICAL_ERROR,0,23.56,0,False,False,0,0,0,0.641774,1130,38,35,3,0.9211,2438.35,0.7922,5,CARD,SAAS,LARGE,2123.34,0.8109,0.1891,6,3,8
EVT_00004730,ALTERNATIVE_PAYMENT,True,ALLOWED,0.204091,1,5974.23,PAYMENT_FAILURE,2026-08-21 15:20:16,CUS_000279,MER_00059,5974.23,INR,NETBANKING,MOBILE,FAILED,INSUFFICIENT_BALANCE,3,25.51,0,False,False,0,0,0,0.174091,125,30,25,5,0.8333,4092.25,0.7741,63,CARD,DIGITAL_SERVICES,SMALL,6166.34,0.923,0.077,15,4,8
EVT_00004736,RETRY_LATER,True,ALLOWED,0.59542,0,0.0,PAYMENT_FAILURE,2026-08-23 03:59:30,CUS_000811,MER_00106,3243.86,INR,NETBANKING,MOBILE,FAILED,TIMEOUT,1,20.36,0,False,False,0,0,0,0.57542,94,41,39,2,0.9512,5130.7,0.8955,10,CARD,SAAS,SMALL,2564.56,0.9372,0.0628,3,6,8
EVT_00004747,RETRY_LATER,True,ALLOWED,0.699055,1,4882.0,CHECKOUT_ABANDONMENT,2026-08-09 22:55:06,CUS_001233,MER_00115,4882.0,INR,CARD,TABLET,AT_RISK,,0,57.66,844,True,True,0,0,0,0.749055,1456,54,47,7,0.8704,4328.32,0.7317,69,CARD,E_COMMERCE,MEDIUM,4625.14,0.9927,0.0073,22,6,8
EVT_00004758,RETRY_LATER,True,ALLOWED,0.728192,1,9423.32,CHECKOUT_ABANDONMENT,2026-08-04 20:52:09,CUS_000561,MER_00034,9423.32,INR,NETBANKING,DESKTOP,AT_RISK,,0,14.19,694,True,False,0,0,0,0.778192,818,46,45,1,0.9783,6492.86,0.7863,54,UPI,FOOD_DELIVERY,MEDIUM,27974.45,0.9356,0.0644,20,1,8
EVT_00004760,RETRY_LATER,True,ALLOWED,0.491578,1,8982.64,CHECKOUT_ABANDONMENT,2026-08-24 13:32:24,CUS_000361,MER_00174,8982.64,INR,UPI,DESKTOP,AT_RISK,,0,53.13,292,False,False,0,0,0,0.541578,1273,52,43,9,0.8269,10712.68,0.974,47,CARD,E_COMMERCE,SMALL,39917.69,0.9894,0.0106,13,0,8
EVT_00004769,ALTERNATIVE_PAYMENT,True,ALLOWED,0.524114,1,7146.35,PAYMENT_FAILURE,2026-08-17 17:35:19,CUS_000096,MER_00085,7146.35,INR,CARD,MOBILE,FAILED,BANK_TECHNICAL_ERROR,1,4.38,0,False,False,0,0,0,0.494114,453,62,44,18,0.7097,6159.18,0.4147,66,UPI,EDUCATION,SMALL,4896.74,0.8068,0.1932,17,0,8
EVT_00004780,ALTERNATIVE_PAYMENT,True,ALLOWED,0.332301,1,9401.04,PAYMENT_FAILURE,2026-08-24 12:46:35,CUS_000829,MER_00114,9401.04,INR,WALLET,DESKTOP,FAILED,ISSUER_DECLINE,2,68.98,0,False,False,0,0,0,0.152301,1299,50,39,11,0.78,4767.17,0.3192,44,UPI,FOOD_DELIVERY,MEDIUM,5161.89,0.7179,0.2821,12,0,8
EVT_00004805,RETRY_LATER,True,ALLOWED,0.669436,1,899.66,CHECKOUT_ABANDONMENT,2026-08-21 19:35:02,CUS_001873,MER_00121,899.66,INR,CARD,MOBILE,AT_RISK,,0,34.84,613,True,False,0,0,0,0.719436,916,69,61,8,0.8841,1241.17,0.319,18,UPI,SAAS,SMALL,4761.05,0.8269,0.1731,19,4,8
EVT_00004808,RETRY_LATER,True,ALLOWED,0.677803,1,3973.23,CHECKOUT_ABANDONMENT,2026-08-07 16:53:33,CUS_001083,MER_00026,3973.23,INR,UPI,DESKTOP,AT_RISK,,0,19.92,408,True,False,0,0,0,0.727803,1438,22,20,2,0.9091,4483.67,0.4705,76,CARD,SAAS,LARGE,6343.17,0.7939,0.2061,16,4,8
EVT_00004810,RETRY_LATER,False,RETRY_LIMIT_REACHED,0.0,0,0.0,PAYMENT_FAILURE,2026-08-28 21:43:06,CUS_000757,MER_00052,21642.17,INR,CARD,DESKTOP,FAILED,ISSUER_DECLINE,3,29.74,0,False,False,0,0,0,0.18336,1114,70,66,4,0.9429,8476.38,0.884,45,UPI,RETAIL,LARGE,8899.2,0.9756,0.0244,21,4,8
EVT_00004813,RETRY_LATER,True,ALLOWED,0.309827,1,9329.58,SUBSCRIPTION_FAILURE,2026-08-23 09:58:01,CUS_001398,MER_00048,9329.58,INR,CARD,MOBILE,AT_RISK,,0,8.29,0,False,False,876,6,2,0.359827,990,76,54,22,0.7105,6855.51,0.7438,54,CARD,EDUCATION,MEDIUM,7641.54,0.8998,0.1002,9,6,8
EVT_00004815,ALTERNATIVE_PAYMENT,True,ALLOWED,0.573038,1,1874.05,CHECKOUT_ABANDONMENT,2026-08-19 07:10:42,CUS_001895,MER_00028,1874.05,INR,UPI,DESKTOP,AT_RISK,,0,68.18,802,False,False,0,0,0,0.543038,227,49,46,3,0.9388,4957.24,0.839,88,UPI,RETAIL,SMALL,5325.69,0.8758,0.1242,7,2,8
EVT_00004833,RETRY_LATER,True,ALLOWED,0.699501,1,2344.47,CHECKOUT_ABANDONMENT,2026-08-14 00:39:20,CUS_001179,MER_00115,2344.47,INR,UPI,MOBILE,AT_RISK,,0,70.16,621,True,False,0,0,0,0.749501,410,18,16,2,0.8889,6344.37,0.6907,62,UPI,E_COMMERCE,MEDIUM,4625.14,0.9927,0.0073,0,4,8
EVT_00004868,RECOVERY_REMINDER,True,ALLOWED,0.33959,1,1734.12,PAYMENT_FAILURE,2026-08-23 11:05:16,CUS_000867,MER_00027,1734.12,INR,CARD,MOBILE,FAILED,INSUFFICIENT_BALANCE,0,41.4,0,False,False,0,0,0,0.31959,1235,25,19,6,0.76,3070.08,0.6663,63,NETBANKING,DIGITAL_SERVICES,SMALL,12097.35,0.8025,0.1975,11,6,8
EVT_00004878,RETRY_LATER,True,ALLOWED,0.01,0,0.0,PAYMENT_FAILURE,2026-08-04 19:44:34,CUS_000997,MER_00192,1119.02,INR,WALLET,MOBILE,FAILED,INSUFFICIENT_BALANCE,2,25.01,0,False,False,0,0,0,0.236113,803,24,21,3,0.875,548.8,0.2384,33,UPI,TRAVEL,MEDIUM,20196.01,0.9465,0.0535,19,1,8
EVT_00004885,ALTERNATIVE_PAYMENT,True,ALLOWED,0.668929,1,7961.74,SUBSCRIPTION_FAILURE,2026-08-24 06:41:27,CUS_000298,MER_00059,7961.74,INR,UPI,MOBILE,AT_RISK,,0,70.55,0,False,False,871,22,0,0.638929,675,39,34,5,0.8718,7081.94,0.8272,70,CARD,DIGITAL_SERVICES,SMALL,6166.34,0.923,0.077,6,0,8
EVT_00004900,RETRY_LATER,False,RETRY_LIMIT_REACHED,0.0,0,0.0,PAYMENT_FAILURE,2026-08-22 22:49:01,CUS_000324,MER_00053,5464.38,INR,CARD,DESKTOP,FAILED,NETWORK_ERROR,3,63.24,0,False,False,0,0,0,0.364599,1376,52,47,5,0.9038,6682.24,0.5829,78,UPI,E_COMMERCE,SMALL,2869.11,0.924,0.076,22,5,8
EVT_00004902,RETRY_LATER,True,ALLOWED,0.01,0,0.0,PAYMENT_FAILURE,2026-08-08 06:25:12,CUS_001720,MER_00041,3227.09,INR,UPI,DESKTOP,FAILED,INSUFFICIENT_BALANCE,2,12.84,0,False,False,0,0,0,0.200977,790,21,16,5,0.7619,4729.91,0.7223,29,CARD,TRAVEL,MEDIUM,3690.69,0.8746,0.1254,6,5,8
EVT_00004907,RETRY_LATER,True,ALLOWED,0.01,0,0.0,PAYMENT_FAILURE,2026-08-12 00:35:02,CUS_001727,MER_00144,5104.08,INR,UPI,MOBILE,FAILED,ISSUER_DECLINE,2,28.2,0,False,False,0,0,0,0.158619,1426,9,7,2,0.7778,14336.36,0.7701,7,UPI,E_COMMERCE,SMALL,11138.28,0.8359,0.1641,0,2,8
EVT_00004912,RETRY_LATER,True,ALLOWED,0.703343,1,3717.29,CHECKOUT_ABANDONMENT,2026-08-27 01:32:24,CUS_000991,MER_00197,3717.29,INR,CARD,MOBILE,AT_RISK,,0,36.85,832,True,True,0,0,0,0.753343,533,37,34,3,0.9189,2694.47,0.1897,42,UPI,E_COMMERCE,SMALL,1239.03,0.945,0.055,1,3,8
EVT_00004936,RETRY_LATER,False,RETRY_LIMIT_REACHED,0.0,0,0.0,PAYMENT_FAILURE,2026-08-28 05:38:39,CUS_001638,MER_00136,5542.14,INR,UPI,DESKTOP,FAILED,PAYMENT_LIMIT,3,5.2,0,False,False,0,0,0,0.213674,944,40,35,5,0.875,4444.89,0.76,84,CARD,TRAVEL,MEDIUM,1391.97,0.9802,0.0198,5,4,8
EVT_00004950,RECOVERY_REMINDER,True,ALLOWED,0.66838,1,8576.22,CHECKOUT_ABANDONMENT,2026-08-30 19:45:37,CUS_000695,MER_00085,8576.22,INR,WALLET,MOBILE,AT_RISK,,0,31.61,186,False,False,0,0,0,0.51838,162,74,64,10,0.8649,6727.67,0.6682,35,NETBANKING,EDUCATION,SMALL,4896.74,0.8068,0.1932,19,6,8
EVT_00004972,RETRY_LATER,True,ALLOWED,0.01,0,0.0,PAYMENT_FAILURE,2026-08-14 06:22:50,CUS_000104,MER_00069,1324.71,INR,CARD,DESKTOP,FAILED,ISSUER_DECLINE,2,4.58,0,False,False,0,0,0,0.153708,40,11,9,2,0.8182,2041.65,0.7129,6,UPI,E_COMMERCE,SMALL,12615.7,0.7608,0.2392,6,4,8
EVT_00004986,ALTERNATIVE_PAYMENT,True,ALLOWED,0.680477,1,4833.55,SUBSCRIPTION_FAILURE,2026-08-05 04:46:32,CUS_001518,MER_00143,4833.55,INR,UPI,DESKTOP,AT_RISK,,0,24.29,0,False,False,415,12,0,0.650477,101,72,65,7,0.9028,1894.02,0.5618,63,CARD,RETAIL,MEDIUM,1410.83,0.967,0.033,4,2,8
EVT_00004988,ALTERNATIVE_PAYMENT,True,ALLOWED,0.315441,1,3466.86,SUBSCRIPTION_FAILURE,2026-08-24 02:09:11,CUS_000311,MER_00004,3466.86,INR,NETBANKING,MOBILE,AT_RISK,,0,17.89,0,False,False,587,9,3,0.285441,1009,23,18,5,0.7826,3595.27,0.429,24,UPI,EDUCATION,MEDIUM,2207.0,0.9735,0.0265,2,0,8
EVT_00005016,RETRY_LATER,True,ALLOWED,0.285052,1,1609.7,PAYMENT_FAILURE,2026-08-18 22:09:24,CUS_000283,MER_00041,1609.7,INR,UPI,MOBILE,FAILED,INSUFFICIENT_BALANCE,0,0.23,0,False,False,0,0,0,0.335052,1016,26,20,6,0.7692,4611.29,0.9085,33,NETBANKING,TRAVEL,MEDIUM,3690.69,0.8746,0.1254,22,1,8
EVT_00005019,RETRY_LATER,True,ALLOWED,0.743427,1,1833.02,PAYMENT_FAILURE,2026-08-27 14:56:14,CUS_000248,MER_00169,1833.02,INR,UPI,MOBILE,FAILED,BANK_TECHNICAL_ERROR,0,54.25,0,False,False,0,0,0,0.623427,641,14,11,3,0.7857,1216.78,0.6496,70,UPI,FOOD_DELIVERY,SMALL,4115.41,0.9528,0.0472,14,3,8
EVT_00005020,RETRY_LATER,True,ALLOWED,0.467955,1,28963.06,PAYMENT_FAILURE,2026-08-07 22:54:09,CUS_000363,MER_00096,28963.06,INR,UPI,MOBILE,FAILED,TIMEOUT,2,50.14,0,False,False,0,0,0,0.547955,358,76,71,5,0.9342,12781.59,0.8066,60,CARD,TRAVEL,MEDIUM,3014.41,0.9456,0.0544,22,4,8
EVT_00005029,RETRY_LATER,True,ALLOWED,0.594641,1,1807.01,PAYMENT_FAILURE,2026-08-21 21:27:15,CUS_001484,MER_00154,1807.01,INR,CARD,MOBILE,FAILED,TIMEOUT,1,42.25,0,False,False,0,0,0,0.574641,194,19,18,1,0.9474,2518.03,0.8344,62,CARD,E_COMMERCE,SMALL,7670.89,0.9583,0.0417,21,4,8
EVT_00005038,RETRY_LATER,False,RETRY_LIMIT_REACHED,0.0,0,0.0,PAYMENT_FAILURE,2026-08-10 08:59:53,CUS_001821,MER_00187,4266.21,INR,CARD,MOBILE,FAILED,ISSUER_DECLINE,3,30.41,0,False,False,0,0,0,0.147994,489,10,9,1,0.9,3110.57,0.904,13,UPI,FOOD_DELIVERY,LARGE,11630.69,0.9524,0.0476,8,0,8
EVT_00005077,RETRY_LATER,False,RETRY_LIMIT_REACHED,0.0,0,0.0,PAYMENT_FAILURE,2026-08-09 22:17:13,CUS_000229,MER_00121,5797.34,INR,UPI,MOBILE,FAILED,ISSUER_DECLINE,3,43.22,0,False,False,0,0,0,0.156368,833,23,23,0,1.0,3234.56,0.9388,47,UPI,SAAS,SMALL,4761.05,0.8269,0.1731,22,6,8
EVT_00005109,ALTERNATIVE_PAYMENT,True,ALLOWED,0.531813,1,3341.36,SUBSCRIPTION_FAILURE,2026-08-22 15:48:14,CUS_001520,MER_00198,3341.36,INR,CARD,MOBILE,AT_RISK,,0,71.94,0,False,False,348,3,0,0.501813,707,73,69,4,0.9452,2388.55,0.6808,5,UPI,DIGITAL_SERVICES,SMALL,5306.23,0.9513,0.0487,15,5,8
EVT_00005116,RETRY_LATER,True,ALLOWED,0.720727,1,10309.04,CHECKOUT_ABANDONMENT,2026-08-01 08:48:55,CUS_001675,MER_00145,10309.04,INR,CARD,MOBILE,AT_RISK,,0,35.08,404,True,False,0,0,0,0.770727,1084,52,49,3,0.9423,7977.61,0.9967,47,CARD,DIGITAL_SERVICES,SMALL,22876.16,0.9386,0.0614,8,5,8
EVT_00005120,RETRY_LATER,True,ALLOWED,0.345518,0,0.0,PAYMENT_FAILURE,2026-08-27 11:32:43,CUS_000944,MER_00086,6580.02,INR,CARD,MOBILE,FAILED,NETWORK_ERROR,2,28.24,0,False,False,0,0,0,0.425518,727,15,12,3,0.8,4770.18,0.8541,0,UPI,EDUCATION,LARGE,4399.36,0.9863,0.0137,11,3,8
EVT_00005127,RETRY_LATER,True,ALLOWED,0.266324,0,0.0,PAYMENT_FAILURE,2026-08-17 04:45:11,CUS_000504,MER_00188,7837.28,INR,UPI,MOBILE,FAILED,ISSUER_DECLINE,0,39.74,0,False,False,0,0,0,0.316324,1305,9,8,1,0.8889,5676.96,0.9505,87,UPI,RETAIL,SMALL,9937.08,0.8407,0.1593,4,0,8
EVT_00005133,ALTERNATIVE_PAYMENT,True,ALLOWED,0.600558,1,2015.62,PAYMENT_FAILURE,2026-08-28 13:24:58,CUS_001182,MER_00064,2015.62,INR,WALLET,MOBILE,FAILED,TIMEOUT,1,62.62,0,False,False,0,0,0,0.570558,1393,16,15,1,0.9375,2454.66,0.5775,48,NETBANKING,TRAVEL,SMALL,4568.4,0.9534,0.0466,13,4,8
EVT_00005144,ALTERNATIVE_PAYMENT,True,ALLOWED,0.783453,1,2949.35,CHECKOUT_ABANDONMENT,2026-08-23 10:49:41,CUS_000939,MER_00185,2949.35,INR,NETBANKING,TABLET,AT_RISK,,0,63.6,866,True,False,0,0,0,0.753453,708,72,67,5,0.9306,2372.12,0.6174,54,UPI,TRAVEL,SMALL,6499.82,0.9334,0.0666,10,6,8
EVT_00005148,RETRY_LATER,True,ALLOWED,0.496554,0,0.0,PAYMENT_FAILURE,2026-08-23 17:02:05,CUS_001401,MER_00161,340.54,INR,CARD,DESKTOP,FAILED,NETWORK_ERROR,1,35.36,0,False,False,0,0,0,0.476554,1286,65,49,16,0.7538,1381.17,0.8387,56,UPI,SAAS,SMALL,3979.68,0.9713,0.0287,17,6,8
EVT_00005156,RETRY_LATER,True,ALLOWED,0.360251,1,1351.02,PAYMENT_FAILURE,2026-08-25 14:48:30,CUS_000761,MER_00132,1351.02,INR,CARD,DESKTOP,FAILED,INSUFFICIENT_BALANCE,0,49.35,0,False,False,0,0,0,0.410251,288,11,11,0,1.0,2351.43,0.5115,25,UPI,RETAIL,MEDIUM,27235.71,0.8482,0.1518,14,1,8
EVT_00005167,ALTERNATIVE_PAYMENT,True,ALLOWED,0.289771,1,5293.9,SUBSCRIPTION_FAILURE,2026-08-10 05:25:41,CUS_000912,MER_00147,5293.9,INR,UPI,MOBILE,AT_RISK,,0,68.81,0,False,False,698,4,2,0.259771,299,8,7,1,0.875,3375.33,0.3522,4,NETBANKING,TRAVEL,MEDIUM,6423.31,0.8655,0.1345,5,0,8
EVT_00005170,HUMAN_ESCALATION,True,ALLOWED,0.115994,1,3042.39,PAYMENT_FAILURE,2026-08-07 01:12:22,CUS_000348,MER_00070,3042.39,INR,UPI,DESKTOP,FAILED,INSUFFICIENT_BALANCE,2,52.98,0,False,False,0,0,0,0.215994,1405,60,52,8,0.8667,2666.7,0.9154,61,CARD,DIGITAL_SERVICES,SMALL,32979.79,0.7942,0.2058,1,4,8
EVT_00005193,ALTERNATIVE_PAYMENT,True,ALLOWED,0.636506,1,2458.48,PAYMENT_FAILURE,2026-08-03 17:53:08,CUS_000214,MER_00197,2458.48,INR,UPI,MOBILE,FAILED,EXPIRED_PAYMENT_METHOD,0,26.62,0,False,False,0,0,0,0.456506,690,10,9,1,0.9,3092.43,0.6122,3,CARD,E_COMMERCE,SMALL,1239.03,0.945,0.055,17,0,8
EVT_00005198,ALTERNATIVE_PAYMENT,True,ALLOWED,0.531423,1,7086.08,PAYMENT_FAILURE,2026-08-16 17:35:05,CUS_000435,MER_00096,7086.08,INR,UPI,MOBILE,FAILED,BANK_TECHNICAL_ERROR,2,45.63,0,False,False,0,0,0,0.501423,667,36,32,4,0.8889,4754.64,0.6907,82,UPI,TRAVEL,MEDIUM,3014.41,0.9456,0.0544,17,6,8
EVT_00005199,RETRY_LATER,True,ALLOWED,0.715651,1,1816.57,PAYMENT_FAILURE,2026-08-06 06:06:06,CUS_001049,MER_00039,1816.57,INR,UPI,MOBILE,FAILED,TIMEOUT,0,57.57,0,False,False,0,0,0,0.595651,1012,14,12,2,0.8571,2265.92,0.3675,54,CARD,DIGITAL_SERVICES,SMALL,6776.92,0.7982,0.2018,6,3,8
EVT_00005217,RETRY_LATER,True,ALLOWED,0.767343,1,7792.89,PAYMENT_FAILURE,2026-08-14 11:36:59,CUS_000006,MER_00043,7792.89,INR,CARD,MOBILE,FAILED,BANK_TECHNICAL_ERROR,0,51.15,0,False,False,0,0,0,0.647343,1292,11,10,1,0.9091,10316.92,0.6482,6,NETBANKING,TRAVEL,SMALL,10675.23,0.776,0.224,11,4,8
EVT_00005220,ALTERNATIVE_PAYMENT,True,ALLOWED,0.390184,1,2611.51,PAYMENT_FAILURE,2026-08-15 04:12:08,CUS_001121,MER_00170,2611.51,INR,CARD,MOBILE,FAILED,BANK_TECHNICAL_ERROR,3,14.22,0,False,False,0,0,0,0.360184,50,50,41,9,0.82,5630.87,0.5829,55,CARD,EDUCATION,LARGE,584.64,0.8429,0.1571,4,5,8
EVT_00005228,ALTERNATIVE_PAYMENT,True,ALLOWED,0.431384,1,4005.92,PAYMENT_FAILURE,2026-08-07 12:55:59,CUS_001566,MER_00133,4005.92,INR,CARD,MOBILE,FAILED,BANK_TECHNICAL_ERROR,3,14.94,0,False,False,0,0,0,0.401384,698,21,20,1,0.9524,4910.75,0.7395,29,CARD,TRAVEL,SMALL,4316.96,0.7958,0.2042,12,4,8
EVT_00005241,RECOVERY_REMINDER,True,ALLOWED,0.342317,1,6919.37,PAYMENT_FAILURE,2026-08-13 12:27:37,CUS_000370,MER_00013,6919.37,INR,WALLET,MOBILE,FAILED,INSUFFICIENT_BALANCE,1,12.56,0,False,False,0,0,0,0.322317,1164,14,13,1,0.9286,8795.23,0.7333,25,WALLET,TRAVEL,SMALL,3031.81,0.8747,0.1253,12,3,8
EVT_00005242,ALTERNATIVE_PAYMENT,True,ALLOWED,0.376494,1,2962.61,PAYMENT_FAILURE,2026-08-26 02:48:46,CUS_000531,MER_00090,2962.61,INR,UPI,DESKTOP,FAILED,ISSUER_DECLINE,2,62.34,0,False,False,0,0,0,0.196494,909,73,67,6,0.9178,7200.01,0.8568,41,CARD,SAAS,LARGE,7209.68,0.9254,0.0746,2,2,8
EVT_00005245,RETRY_LATER,True,ALLOWED,0.527106,1,1322.46,PAYMENT_FAILURE,2026-08-22 20:47:03,CUS_001701,MER_00135,1322.46,INR,CARD,MOBILE,FAILED,BANK_TECHNICAL_ERROR,1,68.56,0,False,False,0,0,0,0.507106,420,13,10,3,0.7692,1529.6,0.3662,62,UPI,FOOD_DELIVERY,SMALL,9749.43,0.833,0.167,20,5,8
EVT_00005247,RECOVERY_REMINDER,True,ALLOWED,0.722783,1,14571.64,CHECKOUT_ABANDONMENT,2026-08-27 15:33:37,CUS_000405,MER_00175,14571.64,INR,UPI,DESKTOP,AT_RISK,,0,10.57,631,False,False,0,0,0,0.572783,763,31,27,4,0.871,16090.81,0.7807,56,UPI,RETAIL,SMALL,14742.91,0.995,0.005,15,3,8
EVT_00005249,ALTERNATIVE_PAYMENT,True,ALLOWED,0.446917,1,6820.96,PAYMENT_FAILURE,2026-08-25 12:02:10,CUS_000250,MER_00125,6820.96,INR,UPI,MOBILE,FAILED,BANK_TECHNICAL_ERROR,2,10.89,0,False,False,0,0,0,0.416917,91,34,25,9,0.7353,6015.41,0.836,32,UPI,E_COMMERCE,MEDIUM,4606.05,0.8105,0.1895,12,1,8
EVT_00005251,RETRY_LATER,True,ALLOWED,0.5394,1,7645.82,PAYMENT_FAILURE,2026-08-02 21:02:03,CUS_000220,MER_00022,7645.82,INR,CARD,DESKTOP,FAILED,NETWORK_ERROR,1,58.57,0,False,False,0,0,0,0.5194,1356,16,14,2,0.875,5869.83,0.7764,29,CARD,DIGITAL_SERVICES,LARGE,2602.03,0.8671,0.1329,21,6,8
EVT_00005264,RETRY_LATER,True,ALLOWED,0.650915,1,8537.8,CHECKOUT_ABANDONMENT,2026-08-09 09:31:35,CUS_000446,MER_00117,8537.8,INR,UPI,MOBILE,AT_RISK,,0,43.89,97,True,False,0,0,0,0.700915,1004,71,66,5,0.9296,5728.29,0.486,89,CARD,TRAVEL,SMALL,11500.96,0.8461,0.1539,9,6,8
EVT_00005267,RETRY_LATER,True,ALLOWED,0.693351,1,3716.67,CHECKOUT_ABANDONMENT,2026-08-08 09:13:44,CUS_001153,MER_00014,3716.67,INR,UPI,MOBILE,AT_RISK,,0,62.49,885,True,False,0,0,0,0.743351,663,16,15,1,0.9375,6820.42,0.5455,55,UPI,FOOD_DELIVERY,SMALL,3627.04,0.8438,0.1562,9,5,8
EVT_00005274,ALTERNATIVE_PAYMENT,True,ALLOWED,0.265842,1,4784.68,PAYMENT_FAILURE,2026-08-21 11:21:16,CUS_001043,MER_00169,4784.68,INR,CARD,DESKTOP,FAILED,INSUFFICIENT_BALANCE,2,11.57,0,False,False,0,0,0,0.235842,640,26,22,4,0.8462,3105.67,0.5003,10,CARD,FOOD_DELIVERY,SMALL,4115.41,0.9528,0.0472,11,4,8
EVT_00005283,ALTERNATIVE_PAYMENT,True,ALLOWED,0.481351,1,1722.68,PAYMENT_FAILURE,2026-08-17 11:51:35,CUS_001422,MER_00083,1722.68,INR,WALLET,DESKTOP,FAILED,ISSUER_DECLINE,0,5.16,0,False,False,0,0,0,0.301351,1492,63,52,11,0.8254,2117.22,0.5789,19,CARD,FOOD_DELIVERY,MEDIUM,6899.34,0.9485,0.0515,11,0,8
EVT_00005285,RETRY_LATER,True,ALLOWED,0.544145,1,3977.69,PAYMENT_FAILURE,2026-08-28 19:43:37,CUS_000013,MER_00072,3977.69,INR,CARD,TABLET,FAILED,BANK_TECHNICAL_ERROR,1,63.86,0,False,False,0,0,0,0.524145,1111,13,10,3,0.7692,4056.41,0.6597,76,UPI,TRAVEL,MEDIUM,4974.21,0.8851,0.1149,19,4,8
EVT_00005289,RETRY_LATER,False,RETRY_LIMIT_REACHED,0.0,0,0.0,PAYMENT_FAILURE,2026-08-12 06:56:06,CUS_000192,MER_00147,8590.73,INR,UPI,MOBILE,FAILED,TIMEOUT,3,41.07,0,False,False,0,0,0,0.386264,956,33,30,3,0.9091,10292.64,0.25,44,UPI,TRAVEL,MEDIUM,6423.31,0.8655,0.1345,6,2,8
EVT_00005295,ALTERNATIVE_PAYMENT,True,ALLOWED,0.513578,1,8302.96,SUBSCRIPTION_FAILURE,2026-08-12 03:14:06,CUS_001695,MER_00153,8302.96,INR,UPI,MOBILE,AT_RISK,,0,4.68,0,False,False,30,1,0,0.483578,265,32,29,3,0.9062,5197.52,0.625,78,NETBANKING,DIGITAL_SERVICES,MEDIUM,11301.58,0.8712,0.1288,3,2,8
EVT_00005302,RETRY_LATER,True,ALLOWED,0.402537,0,0.0,PAYMENT_FAILURE,2026-08-01 22:19:14,CUS_000643,MER_00040,11704.0,INR,CARD,MOBILE,FAILED,TIMEOUT,2,2.77,0,False,False,0,0,0,0.482537,1285,17,15,2,0.8824,9801.92,0.9254,9,NETBANKING,FOOD_DELIVERY,SMALL,7435.86,0.9306,0.0694,22,5,8
EVT_00005313,RETRY_LATER,True,ALLOWED,0.673409,1,2943.63,CHECKOUT_ABANDONMENT,2026-08-24 19:14:47,CUS_001891,MER_00089,2943.63,INR,UPI,TABLET,AT_RISK,,0,64.14,893,True,True,0,0,0,0.723409,302,45,38,7,0.8444,2599.29,0.6386,46,CARD,SAAS,MEDIUM,416.38,0.9005,0.0995,19,0,8
EVT_00005319,ALTERNATIVE_PAYMENT,True,ALLOWED,0.759981,1,20143.37,CHECKOUT_ABANDONMENT,2026-08-01 12:21:36,CUS_001709,MER_00014,20143.37,INR,UPI,MOBILE,AT_RISK,,0,6.37,99,True,False,0,0,0,0.729981,388,39,37,2,0.9487,19156.59,0.6914,54,UPI,FOOD_DELIVERY,SMALL,3627.04,0.8438,0.1562,12,5,8
EVT_00005321,RECOVERY_REMINDER,True,ALLOWED,0.600445,1,133156.89,PAYMENT_FAILURE,2026-08-05 12:03:58,CUS_000184,MER_00197,133156.89,INR,CARD,MOBILE,FAILED,TIMEOUT,2,14.63,0,False,False,0,0,0,0.580445,1053,51,45,6,0.8824,36547.62,0.8039,33,CARD,E_COMMERCE,SMALL,1239.03,0.945,0.055,12,2,8
EVT_00005329,RETRY_LATER,False,RETRY_LIMIT_REACHED,0.0,0,0.0,PAYMENT_FAILURE,2026-08-07 01:39:35,CUS_000641,MER_00020,2949.58,INR,CARD,DESKTOP,FAILED,ISSUER_DECLINE,3,29.11,0,False,False,0,0,0,0.158072,1016,19,18,1,0.9474,4158.56,0.617,35,CARD,FOOD_DELIVERY,LARGE,3635.97,0.9772,0.0228,1,4,8
EVT_00005348,RETRY_LATER,True,ALLOWED,0.01,0,0.0,PAYMENT_FAILURE,2026-08-02 13:21:59,CUS_001804,MER_00060,16776.06,INR,CARD,MOBILE,FAILED,ISSUER_DECLINE,2,14.48,0,False,False,0,0,0,0.249748,411,2,2,0,1.0,7467.71,0.8434,53,CARD,FOOD_DELIVERY,LARGE,5310.7,0.9841,0.0159,13,6,8
EVT_00005354,RETRY_LATER,True,ALLOWED,0.0948,0,0.0,PAYMENT_FAILURE,2026-08-01 13:09:28,CUS_001127,MER_00112,2399.7,INR,CARD,MOBILE,FAILED,ISSUER_DECLINE,1,63.16,0,False,False,0,0,0,0.2448,1285,66,61,5,0.9242,3240.18,0.938,78,UPI,DIGITAL_SERVICES,SMALL,3201.31,0.8352,0.1648,13,5,8
EVT_00005356,ALTERNATIVE_PAYMENT,True,ALLOWED,0.658466,1,20431.11,PAYMENT_FAILURE,2026-08-24 16:05:43,CUS_000905,MER_00083,20431.11,INR,UPI,MOBILE,FAILED,PAYMENT_LIMIT,0,56.47,0,False,False,0,0,0,0.478466,704,52,47,5,0.9038,7682.66,0.6044,76,NETBANKING,FOOD_DELIVERY,MEDIUM,6899.34,0.9485,0.0515,16,0,8
EVT_00005358,ALTERNATIVE_PAYMENT,True,ALLOWED,0.475991,1,1262.79,PAYMENT_FAILURE,2026-08-12 06:35:10,CUS_001203,MER_00188,1262.79,INR,CARD,MOBILE,FAILED,ISSUER_DECLINE,0,18.1,0,False,False,0,0,0,0.295991,1477,61,53,8,0.8689,1530.88,0.633,66,CARD,RETAIL,SMALL,9937.08,0.8407,0.1593,6,2,8
EVT_00005361,ALTERNATIVE_PAYMENT,True,ALLOWED,0.45011,1,9151.86,PAYMENT_FAILURE,2026-08-28 18:39:42,CUS_001940,MER_00045,9151.86,INR,UPI,DESKTOP,FAILED,BANK_TECHNICAL_ERROR,3,22.09,0,False,False,0,0,0,0.42011,335,41,36,5,0.878,5807.45,0.9088,85,NETBANKING,FOOD_DELIVERY,MEDIUM,1683.01,0.9677,0.0323,18,4,8
EVT_00005367,RETRY_LATER,True,ALLOWED,0.01,0,0.0,PAYMENT_FAILURE,2026-08-27 10:21:04,CUS_001049,MER_00140,2805.87,INR,CARD,MOBILE,FAILED,INSUFFICIENT_BALANCE,2,53.25,0,False,False,0,0,0,0.237649,1012,14,12,2,0.8571,2265.92,0.3675,54,CARD,EDUCATION,MEDIUM,8286.12,0.9696,0.0304,10,3,8
EVT_00005373,RETRY_LATER,False,RETRY_LIMIT_REACHED,0.0,0,0.0,PAYMENT_FAILURE,2026-08-29 23:42:39,CUS_000286,MER_00060,9390.78,INR,NETBANKING,DESKTOP,FAILED,TIMEOUT,3,65.38,0,False,False,0,0,0,0.421965,1408,66,62,4,0.9394,7702.09,0.7834,49,CARD,FOOD_DELIVERY,LARGE,5310.7,0.9841,0.0159,23,5,8
EVT_00005375,RECOVERY_REMINDER,True,ALLOWED,0.486385,1,5063.69,PAYMENT_FAILURE,2026-08-26 06:33:42,CUS_000993,MER_00192,5063.69,INR,UPI,MOBILE,FAILED,TIMEOUT,2,60.94,0,False,False,0,0,0,0.466385,319,16,14,2,0.875,4666.05,0.9529,72,CARD,TRAVEL,MEDIUM,20196.01,0.9465,0.0535,6,2,8
EVT_00005377,ALTERNATIVE_PAYMENT,True,ALLOWED,0.693827,1,10655.4,CHECKOUT_ABANDONMENT,2026-08-30 17:53:23,CUS_000727,MER_00158,10655.4,INR,UPI,DESKTOP,AT_RISK,,0,6.67,511,True,False,0,0,0,0.663827,1090,11,7,4,0.6364,12236.87,0.8192,72,NETBANKING,SAAS,MEDIUM,23542.32,0.8428,0.1572,17,6,8
EVT_00005379,RETRY_LATER,True,ALLOWED,0.685534,1,27543.57,CHECKOUT_ABANDONMENT,2026-08-18 09:22:51,CUS_000165,MER_00122,27543.57,INR,NETBANKING,MOBILE,AT_RISK,,0,36.98,578,True,False,0,0,0,0.735534,644,76,59,17,0.7763,12067.62,0.8304,18,CARD,TRAVEL,LARGE,1261.74,0.7975,0.2025,9,1,8
EVT_00005389,ALTERNATIVE_PAYMENT,True,ALLOWED,0.458889,1,11008.27,PAYMENT_FAILURE,2026-08-05 17:10:23,CUS_001316,MER_00025,11008.27,INR,UPI,MOBILE,FAILED,BANK_TECHNICAL_ERROR,3,51.7,0,False,False,0,0,0,0.428889,469,67,60,7,0.8955,13097.0,0.5395,40,CARD,DIGITAL_SERVICES,MEDIUM,770.56,0.9566,0.0434,17,2,8
EVT_00005391,RETRY_LATER,True,ALLOWED,0.220303,0,0.0,SUBSCRIPTION_FAILURE,2026-08-08 11:14:50,CUS_000210,MER_00078,842.41,INR,UPI,MOBILE,AT_RISK,,0,65.25,0,False,False,312,5,2,0.270303,1174,11,10,1,0.9091,2424.25,0.9132,15,NETBANKING,E_COMMERCE,LARGE,10945.16,0.9248,0.0752,11,5,8
EVT_00005401,HUMAN_ESCALATION,True,ALLOWED,0.230368,1,3102.93,PAYMENT_FAILURE,2026-08-15 02:38:16,CUS_000226,MER_00143,3102.93,INR,UPI,MOBILE,FAILED,NETWORK_ERROR,3,22.55,0,False,False,0,0,0,0.330368,479,49,39,10,0.7959,4467.29,0.9547,48,NETBANKING,RETAIL,MEDIUM,1410.83,0.967,0.033,2,5,8
EVT_00005404,RETRY_LATER,True,ALLOWED,0.776195,1,5019.12,PAYMENT_FAILURE,2026-08-19 21:57:21,CUS_000634,MER_00146,5019.12,INR,CARD,MOBILE,FAILED,BANK_TECHNICAL_ERROR,0,37.93,0,False,False,0,0,0,0.656195,587,45,40,5,0.8889,3980.61,0.2874,75,UPI,RETAIL,LARGE,2271.18,0.8973,0.1027,21,2,8
EVT_00005410,RETRY_LATER,True,ALLOWED,0.58368,1,2311.11,PAYMENT_FAILURE,2026-08-28 14:10:04,CUS_001486,MER_00122,2311.11,INR,NETBANKING,MOBILE,FAILED,TIMEOUT,1,3.99,0,False,False,0,0,0,0.56368,1298,3,3,0,1.0,2854.64,0.7992,28,UPI,TRAVEL,LARGE,1261.74,0.7975,0.2025,14,4,8
EVT_00005412,RETRY_LATER,True,ALLOWED,0.699945,1,1875.16,CHECKOUT_ABANDONMENT,2026-08-08 11:09:30,CUS_001868,MER_00118,1875.16,INR,WALLET,MOBILE,AT_RISK,,0,23.25,553,True,False,0,0,0,0.749945,1147,65,60,5,0.9231,776.29,0.9324,16,CARD,E_COMMERCE,MEDIUM,1563.87,0.9374,0.0626,11,5,8
EVT_00005415,RETRY_LATER,True,ALLOWED,0.424203,1,6653.09,PAYMENT_FAILURE,2026-08-15 17:41:53,CUS_001937,MER_00056,6653.09,INR,UPI,MOBILE,FAILED,BANK_TECHNICAL_ERROR,2,70.3,0,False,False,0,0,0,0.504203,577,42,38,4,0.9048,10759.72,0.5997,8,CARD,SAAS,SMALL,1706.75,0.9351,0.0649,17,5,8
EVT_00005420,RETRY_LATER,False,RETRY_LIMIT_REACHED,0.0,0,0.0,PAYMENT_FAILURE,2026-08-24 17:49:18,CUS_000837,MER_00096,4819.16,INR,UPI,MOBILE,FAILED,INSUFFICIENT_BALANCE,3,0.67,0,False,False,0,0,0,0.186081,1218,77,68,9,0.8831,4596.98,0.8678,10,CARD,TRAVEL,MEDIUM,3014.41,0.9456,0.0544,17,0,8
EVT_00005428,RETRY_LATER,True,ALLOWED,0.01,0,0.0,PAYMENT_FAILURE,2026-08-20 07:25:40,CUS_000143,MER_00045,8856.13,INR,CARD,MOBILE,FAILED,ISSUER_DECLINE,2,41.67,0,False,False,0,0,0,0.190698,436,77,64,13,0.8312,5121.33,0.6037,77,UPI,FOOD_DELIVERY,MEDIUM,1683.01,0.9677,0.0323,7,3,8
EVT_00005429,ALTERNATIVE_PAYMENT,True,ALLOWED,0.532411,1,3257.34,SUBSCRIPTION_FAILURE,2026-08-07 16:15:00,CUS_001770,MER_00003,3257.34,INR,UPI,DESKTOP,AT_RISK,,0,43.22,0,False,False,692,21,1,0.502411,319,27,24,3,0.8889,4215.74,0.7502,79,UPI,DIGITAL_SERVICES,SMALL,2951.94,0.8109,0.1891,16,4,8
EVT_00005436,ALTERNATIVE_PAYMENT,True,ALLOWED,0.645585,1,4466.18,PAYMENT_FAILURE,2026-08-10 09:45:18,CUS_000326,MER_00018,4466.18,INR,NETBANKING,MOBILE,FAILED,EXPIRED_PAYMENT_METHOD,0,54.62,0,False,False,0,0,0,0.465585,368,66,62,4,0.9394,3292.98,0.6195,26,UPI,E_COMMERCE,SMALL,8469.12,0.8917,0.1083,9,0,8
EVT_00005456,RECOVERY_REMINDER,True,ALLOWED,0.356368,1,4169.73,PAYMENT_FAILURE,2026-08-22 06:32:41,CUS_000598,MER_00060,4169.73,INR,UPI,MOBILE,FAILED,INSUFFICIENT_BALANCE,1,1.51,0,False,False,0,0,0,0.336368,1175,58,54,4,0.931,10090.5,0.8036,62,UPI,FOOD_DELIVERY,LARGE,5310.7,0.9841,0.0159,6,5,8
EVT_00005457,ALTERNATIVE_PAYMENT,True,ALLOWED,0.350896,1,3230.86,PAYMENT_FAILURE,2026-08-12 14:57:26,CUS_000412,MER_00156,3230.86,INR,WALLET,DESKTOP,FAILED,PAYMENT_LIMIT,3,71.63,0,False,False,0,0,0,0.170896,367,4,3,1,0.75,7467.01,0.7935,43,NETBANKING,FOOD_DELIVERY,MEDIUM,16696.36,0.898,0.102,14,2,8
EVT_00005458,RETRY_LATER,True,ALLOWED,0.61057,1,3982.34,CHECKOUT_ABANDONMENT,2026-08-04 10:06:13,CUS_001036,MER_00080,3982.34,INR,NETBANKING,DESKTOP,AT_RISK,,0,44.61,92,True,False,0,0,0,0.66057,1121,76,59,17,0.7763,7710.76,0.5473,39,UPI,EDUCATION,SMALL,3258.46,0.9582,0.0418,10,1,8
EVT_00005459,RETRY_LATER,True,ALLOWED,0.124658,0,0.0,PAYMENT_FAILURE,2026-08-13 19:43:56,CUS_000354,MER_00178,9881.4,INR,CARD,MOBILE,FAILED,ISSUER_DECLINE,1,8.77,0,False,False,0,0,0,0.274658,669,37,34,3,0.9189,4781.23,0.6105,6,UPI,EDUCATION,SMALL,7809.93,0.9459,0.0541,19,3,8
EVT_00005477,HUMAN_ESCALATION,True,ALLOWED,0.28,1,14497.19,PAYMENT_FAILURE,2026-08-24 06:11:17,CUS_000079,MER_00088,14497.19,INR,UPI,MOBILE,FAILED,NETWORK_ERROR,3,37.6,0,False,False,0,0,0,0.38,859,21,19,2,0.9048,6736.39,0.8746,82,CARD,SAAS,MEDIUM,2014.49,0.8916,0.1084,6,0,8
EVT_00005481,ALTERNATIVE_PAYMENT,True,ALLOWED,0.624892,1,15267.58,PAYMENT_FAILURE,2026-08-05 05:54:33,CUS_000196,MER_00160,15267.58,INR,UPI,MOBILE,FAILED,BANK_TECHNICAL_ERROR,1,35.12,0,False,False,0,0,0,0.594892,158,65,57,8,0.8769,9204.88,0.9643,43,CARD,RETAIL,MEDIUM,70458.78,0.9015,0.0985,5,2,8
EVT_00005488,RECOVERY_REMINDER,True,ALLOWED,0.487745,1,5960.15,PAYMENT_FAILURE,2026-08-13 00:33:24,CUS_001713,MER_00122,5960.15,INR,NETBANKING,TABLET,FAILED,TIMEOUT,1,30.1,0,False,False,0,0,0,0.467745,1323,64,46,18,0.7188,4671.37,0.4983,42,UPI,TRAVEL,LARGE,1261.74,0.7975,0.2025,0,3,8
EVT_00005489,ALTERNATIVE_PAYMENT,True,ALLOWED,0.357787,1,1538.56,PAYMENT_FAILURE,2026-08-23 05:54:45,CUS_001275,MER_00176,1538.56,INR,UPI,MOBILE,FAILED,ISSUER_DECLINE,2,70.46,0,False,False,0,0,0,0.177787,1151,20,17,3,0.85,1047.55,0.8044,74,WALLET,FOOD_DELIVERY,SMALL,1683.95,0.9165,0.0835,5,6,8
EVT_00005497,ALTERNATIVE_PAYMENT,True,ALLOWED,0.306833,1,1918.23,PAYMENT_FAILURE,2026-08-14 22:42:22,CUS_001097,MER_00191,1918.23,INR,NETBANKING,MOBILE,FAILED,INSUFFICIENT_BALANCE,1,42.14,0,False,False,0,0,0,0.276833,1258,14,11,3,0.7857,1903.83,0.4204,86,UPI,EDUCATION,SMALL,18406.03,0.9338,0.0662,22,4,8
EVT_00005502,RECOVERY_REMINDER,True,ALLOWED,0.284387,1,974.01,PAYMENT_FAILURE,2026-08-23 23:04:21,CUS_000362,MER_00074,974.01,INR,CARD,DESKTOP,FAILED,INSUFFICIENT_BALANCE,2,39.08,0,False,False,0,0,0,0.264387,1339,60,58,2,0.9667,1743.16,0.8537,30,UPI,FOOD_DELIVERY,MEDIUM,5401.12,0.9649,0.0351,23,6,8
EVT_00005509,RETRY_LATER,True,ALLOWED,0.481961,1,6029.93,PAYMENT_FAILURE,2026-08-20 03:18:51,CUS_000425,MER_00043,6029.93,INR,UPI,DESKTOP,FAILED,TIMEOUT,1,0.15,0,False,False,0,0,0,0.461961,643,28,20,8,0.7143,5122.73,0.6583,1,UPI,TRAVEL,SMALL,10675.23,0.776,0.224,3,3,8
EVT_00005528,RETRY_LATER,True,ALLOWED,0.623008,1,2191.33,CHECKOUT_ABANDONMENT,2026-08-10 04:25:42,CUS_001908,MER_00013,2191.33,INR,CARD,DESKTOP,AT_RISK,,0,14.34,20,True,False,0,0,0,0.673008,267,77,67,10,0.8701,3329.71,0.9468,45,CARD,TRAVEL,SMALL,3031.81,0.8747,0.1253,4,0,8
EVT_00005530,RETRY_LATER,True,ALLOWED,0.461285,1,2867.93,SUBSCRIPTION_FAILURE,2026-08-27 02:15:04,CUS_001199,MER_00182,2867.93,INR,NETBANKING,MOBILE,AT_RISK,,0,29.72,0,False,False,864,15,1,0.511285,1210,78,64,14,0.8205,2163.96,0.9118,74,UPI,DIGITAL_SERVICES,SMALL,4671.98,0.9884,0.0116,2,3,8
EVT_00005540,RETRY_LATER,True,ALLOWED,0.534511,0,0.0,PAYMENT_FAILURE,2026-08-10 21:08:55,CUS_000315,MER_00147,395.91,INR,CARD,DESKTOP,FAILED,BANK_TECHNICAL_ERROR,1,37.51,0,False,False,0,0,0,0.514511,388,18,14,4,0.7778,434.87,0.5933,88,CARD,TRAVEL,MEDIUM,6423.31,0.8655,0.1345,21,0,8
EVT_00005544,ALTERNATIVE_PAYMENT,True,ALLOWED,0.488254,1,19324.59,SUBSCRIPTION_FAILURE,2026-08-20 10:19:06,CUS_000189,MER_00179,19324.59,INR,WALLET,MOBILE,AT_RISK,,0,50.99,0,False,False,692,15,2,0.458254,380,37,36,1,0.973,8267.2,0.9612,49,NETBANKING,DIGITAL_SERVICES,SMALL,4183.78,0.7936,0.2064,10,3,8
EVT_00005553,RETRY_LATER,True,ALLOWED,0.12864,1,2463.08,SUBSCRIPTION_FAILURE,2026-08-20 12:02:46,CUS_000305,MER_00091,2463.08,INR,CARD,MOBILE,AT_RISK,,0,49.48,0,False,False,148,1,3,0.17864,827,73,59,14,0.8082,2766.18,0.3585,81,CARD,EDUCATION,SMALL,20175.16,0.9906,0.0094,12,3,8
EVT_00005565,RETRY_LATER,False,RETRY_LIMIT_REACHED,0.0,0,0.0,PAYMENT_FAILURE,2026-08-12 22:01:22,CUS_000252,MER_00105,1953.18,INR,NETBANKING,MOBILE,FAILED,INSUFFICIENT_BALANCE,3,28.45,0,False,False,0,0,0,0.178423,756,44,39,5,0.8864,3062.0,0.6298,2,CARD,SAAS,LARGE,3288.97,0.911,0.089,22,2,8
EVT_00005566,ALTERNATIVE_PAYMENT,True,ALLOWED,0.426644,1,2818.35,SUBSCRIPTION_FAILURE,2026-08-03 19:19:21,CUS_000036,MER_00017,2818.35,INR,UPI,MOBILE,AT_RISK,,0,51.83,0,False,False,54,12,2,0.396644,123,67,55,12,0.8209,3887.62,0.6693,20,CARD,E_COMMERCE,SMALL,2871.65,0.97,0.03,19,0,8
EVT_00005589,ALTERNATIVE_PAYMENT,True,ALLOWED,0.614504,1,18539.89,PAYMENT_FAILURE,2026-08-14 13:14:08,CUS_000255,MER_00194,18539.89,INR,WALLET,MOBILE,FAILED,TIMEOUT,1,51.41,0,False,False,0,0,0,0.584504,1001,24,23,1,0.9583,6502.66,0.6047,42,UPI,TRAVEL,LARGE,3878.8,0.7793,0.2207,13,4,8
EVT_00005604,RETRY_LATER,True,ALLOWED,0.702152,1,4404.23,CHECKOUT_ABANDONMENT,2026-08-08 18:20:23,CUS_000719,MER_00142,4404.23,INR,CARD,DESKTOP,AT_RISK,,0,51.22,121,True,False,0,0,0,0.752152,376,46,43,3,0.9348,4523.77,0.8854,69,WALLET,RETAIL,MEDIUM,2317.11,0.8986,0.1014,18,5,8
EVT_00005610,RETRY_LATER,True,ALLOWED,0.130386,0,0.0,SUBSCRIPTION_FAILURE,2026-08-10 18:42:56,CUS_000968,MER_00106,2835.32,INR,WALLET,MOBILE,AT_RISK,,0,34.22,0,False,False,139,3,3,0.180386,496,19,16,3,0.8421,8097.45,0.9029,85,UPI,SAAS,SMALL,2564.56,0.9372,0.0628,18,0,8
EVT_00005618,RETRY_LATER,True,ALLOWED,0.67578,1,4982.45,CHECKOUT_ABANDONMENT,2026-08-30 00:30:50,CUS_001223,MER_00001,4982.45,INR,CARD,MOBILE,AT_RISK,,0,57.19,284,True,False,0,0,0,0.72578,1443,62,49,13,0.7903,6996.29,0.8004,83,UPI,FOOD_DELIVERY,SMALL,6229.18,0.9913,0.0087,0,6,8
EVT_00005642,RETRY_LATER,True,ALLOWED,0.574959,1,33633.03,SUBSCRIPTION_FAILURE,2026-08-25 21:05:47,CUS_001590,MER_00064,33633.03,INR,NETBANKING,MOBILE,AT_RISK,,0,18.41,0,False,False,704,14,1,0.624959,73,72,68,4,0.9444,6588.43,0.4285,49,UPI,TRAVEL,SMALL,4568.4,0.9534,0.0466,21,1,8
EVT_00005646,RETRY_LATER,True,ALLOWED,0.687867,1,2094.07,CHECKOUT_ABANDONMENT,2026-08-30 05:02:43,CUS_000933,MER_00023,2094.07,INR,CARD,MOBILE,AT_RISK,,0,65.97,209,True,False,0,0,0,0.737867,408,13,12,1,0.9231,2788.58,0.7596,61,CARD,DIGITAL_SERVICES,SMALL,1219.34,0.8554,0.1446,5,6,8
EVT_00005656,RETRY_LATER,True,ALLOWED,0.605407,1,4928.25,SUBSCRIPTION_FAILURE,2026-08-21 00:02:26,CUS_001803,MER_00082,4928.25,INR,UPI,MOBILE,AT_RISK,,0,1.83,0,False,False,125,10,0,0.655407,698,64,59,5,0.9219,4029.07,0.7732,65,UPI,DIGITAL_SERVICES,SMALL,5119.5,0.9572,0.0428,0,4,8
EVT_00005661,ALTERNATIVE_PAYMENT,True,ALLOWED,0.744497,1,6532.47,CHECKOUT_ABANDONMENT,2026-08-28 09:58:27,CUS_001590,MER_00103,6532.47,INR,CARD,DESKTOP,AT_RISK,,0,33.46,91,True,True,0,0,0,0.714497,73,72,68,4,0.9444,6588.43,0.4285,49,UPI,FOOD_DELIVERY,SMALL,12886.43,0.9255,0.0745,9,4,8
EVT_00005680,ALTERNATIVE_PAYMENT,True,ALLOWED,0.496766,1,2206.95,CHECKOUT_ABANDONMENT,2026-08-16 18:26:03,CUS_001611,MER_00035,2206.95,INR,UPI,MOBILE,AT_RISK,,0,4.55,52,False,False,0,0,0,0.466766,1171,45,38,7,0.8444,3585.83,0.7207,14,UPI,DIGITAL_SERVICES,SMALL,1661.67,0.979,0.021,18,6,8
EVT_00005683,RETRY_LATER,True,ALLOWED,0.065793,0,0.0,PAYMENT_FAILURE,2026-08-15 10:53:44,CUS_001161,MER_00127,5168.57,INR,NETBANKING,MOBILE,FAILED,ISSUER_DECLINE,1,15.77,0,False,False,0,0,0,0.215793,886,10,8,2,0.8,4695.67,0.5395,60,CARD,SAAS,MEDIUM,11305.04,0.8287,0.1713,10,5,8
EVT_00005687,RETRY_LATER,True,ALLOWED,0.763768,1,4031.43,PAYMENT_FAILURE,2026-08-28 14:49:36,CUS_000487,MER_00124,4031.43,INR,CARD,MOBILE,FAILED,BANK_TECHNICAL_ERROR,0,65.86,0,False,False,0,0,0,0.643768,521,20,19,1,0.95,4432.97,0.4535,57,UPI,TRAVEL,SMALL,2268.54,0.7268,0.2732,14,4,8
EVT_00005693,RETRY_LATER,True,ALLOWED,0.407421,1,1934.04,CHECKOUT_ABANDONMENT,2026-08-22 08:41:35,CUS_001886,MER_00137,1934.04,INR,CARD,MOBILE,AT_RISK,,0,50.25,891,False,False,0,0,0,0.457421,293,33,22,11,0.6667,2494.9,0.8394,14,UPI,SAAS,MEDIUM,8339.15,0.9561,0.0439,8,5,8
EVT_00005695,RETRY_LATER,True,ALLOWED,0.704614,1,6517.36,CHECKOUT_ABANDONMENT,2026-08-09 01:14:35,CUS_001306,MER_00197,6517.36,INR,CARD,MOBILE,AT_RISK,,0,20.26,124,True,False,0,0,0,0.754614,1017,21,19,2,0.9048,8439.01,0.7426,17,CARD,E_COMMERCE,SMALL,1239.03,0.945,0.055,1,6,8
EVT_00005698,RETRY_LATER,False,RETRY_LIMIT_REACHED,0.0,0,0.0,PAYMENT_FAILURE,2026-08-09 17:11:26,CUS_000662,MER_00027,19560.34,INR,UPI,MOBILE,FAILED,EXPIRED_PAYMENT_METHOD,3,41.89,0,False,False,0,0,0,0.225273,1110,62,53,9,0.8548,16634.93,0.8028,61,CARD,DIGITAL_SERVICES,SMALL,12097.35,0.8025,0.1975,17,6,8
EVT_00005706,ALTERNATIVE_PAYMENT,True,ALLOWED,0.589566,1,11496.89,PAYMENT_FAILURE,2026-08-01 21:07:03,CUS_001390,MER_00114,11496.89,INR,CARD,DESKTOP,FAILED,EXPIRED_PAYMENT_METHOD,0,42.72,0,False,False,0,0,0,0.409566,1366,54,45,9,0.8333,10680.42,0.805,72,CARD,FOOD_DELIVERY,MEDIUM,5161.89,0.7179,0.2821,21,5,8
EVT_00005712,RETRY_LATER,True,ALLOWED,0.69161,1,5501.17,PAYMENT_FAILURE,2026-08-10 15:36:28,CUS_001466,MER_00018,5501.17,INR,CARD,MOBILE,FAILED,TIMEOUT,0,20.68,0,False,False,0,0,0,0.57161,194,60,43,17,0.7167,7847.47,0.7431,69,UPI,E_COMMERCE,SMALL,8469.12,0.8917,0.1083,15,0,8
EVT_00005733,HUMAN_ESCALATION,True,ALLOWED,0.439585,1,33069.78,SUBSCRIPTION_FAILURE,2026-08-06 02:15:05,CUS_001066,MER_00136,33069.78,INR,UPI,MOBILE,AT_RISK,,0,66.65,0,False,False,638,21,3,0.339585,600,44,33,11,0.75,14683.22,0.7862,77,UPI,TRAVEL,MEDIUM,1391.97,0.9802,0.0198,2,3,8
EVT_00005738,RETRY_LATER,True,ALLOWED,0.034061,0,0.0,PAYMENT_FAILURE,2026-08-21 16:45:17,CUS_000518,MER_00140,12631.16,INR,CARD,DESKTOP,FAILED,INSUFFICIENT_BALANCE,2,5.83,0,False,False,0,0,0,0.284061,127,42,40,2,0.9524,5737.73,0.8018,84,UPI,EDUCATION,MEDIUM,8286.12,0.9696,0.0304,16,4,8
EVT_00005748,RETRY_LATER,True,ALLOWED,0.704994,1,5931.8,CHECKOUT_ABANDONMENT,2026-08-17 17:33:39,CUS_001213,MER_00042,5931.8,INR,UPI,MOBILE,AT_RISK,,0,20.15,692,True,False,0,0,0,0.754994,707,28,25,3,0.8929,4698.14,0.6128,23,NETBANKING,E_COMMERCE,SMALL,2406.16,0.9772,0.0228,17,0,8
EVT_00005750,ALTERNATIVE_PAYMENT,True,ALLOWED,0.675457,1,2336.76,SUBSCRIPTION_FAILURE,2026-08-18 11:13:04,CUS_001588,MER_00168,2336.76,INR,UPI,MOBILE,AT_RISK,,0,60.7,0,False,False,306,15,0,0.645457,144,55,53,2,0.9636,3815.15,0.5222,33,CARD,RETAIL,LARGE,1697.36,0.8567,0.1433,11,1,8
EVT_00005764,ALTERNATIVE_PAYMENT,True,ALLOWED,0.594359,1,3719.49,PAYMENT_FAILURE,2026-08-01 18:09:47,CUS_000615,MER_00164,3719.49,INR,UPI,MOBILE,FAILED,PAYMENT_LIMIT,0,55.64,0,False,False,0,0,0,0.414359,1038,9,8,1,0.8889,3969.64,0.7963,25,CARD,EDUCATION,LARGE,10820.21,0.8606,0.1394,18,5,8
EVT_00005774,RETRY_LATER,True,ALLOWED,0.740977,1,18289.6,CHECKOUT_ABANDONMENT,2026-08-30 13:25:15,CUS_000155,MER_00096,18289.6,INR,NETBANKING,DESKTOP,AT_RISK,,0,8.26,850,True,False,0,0,0,0.790977,668,56,54,2,0.9643,27208.45,0.8072,16,UPI,TRAVEL,MEDIUM,3014.41,0.9456,0.0544,13,6,8
EVT_00005780,RETRY_LATER,True,ALLOWED,0.6852,1,4344.81,CHECKOUT_ABANDONMENT,2026-08-07 06:36:40,CUS_000920,MER_00071,4344.81,INR,WALLET,MOBILE,AT_RISK,,0,53.79,141,True,False,0,0,0,0.7352,965,30,27,3,0.9,2158.67,0.8111,61,NETBANKING,TRAVEL,MEDIUM,1476.19,0.8534,0.1466,6,4,8
EVT_00005784,ALTERNATIVE_PAYMENT,True,ALLOWED,0.768339,1,11168.39,CHECKOUT_ABANDONMENT,2026-08-23 15:15:23,CUS_000377,MER_00050,11168.39,INR,CARD,MOBILE,AT_RISK,,0,54.99,756,True,True,0,0,0,0.738339,1112,68,54,14,0.7941,8862.3,0.8172,74,UPI,SAAS,SMALL,2988.65,0.9869,0.0131,15,6,8
EVT_00005799,ALTERNATIVE_PAYMENT,True,ALLOWED,0.451005,1,8958.92,PAYMENT_FAILURE,2026-08-11 01:26:11,CUS_000839,MER_00177,8958.92,INR,NETBANKING,DESKTOP,FAILED,ISSUER_DECLINE,1,6.12,0,False,False,0,0,0,0.271005,51,18,17,1,0.9444,2973.68,0.6403,79,UPI,SAAS,SMALL,9080.37,0.8866,0.1134,1,1,8
EVT_00005800,RETRY_LATER,True,ALLOWED,0.485195,1,5870.12,CHECKOUT_ABANDONMENT,2026-08-20 09:08:46,CUS_000968,MER_00045,5870.12,INR,UPI,DESKTOP,AT_RISK,,0,7.87,165,False,True,0,0,0,0.535195,496,19,16,3,0.8421,8097.45,0.9029,85,UPI,FOOD_DELIVERY,MEDIUM,1683.01,0.9677,0.0323,9,3,8
EVT_00005803,RECOVERY_REMINDER,True,ALLOWED,0.613215,1,6978.37,PAYMENT_FAILURE,2026-08-20 23:39:00,CUS_001347,MER_00014,6978.37,INR,CARD,DESKTOP,FAILED,BANK_TECHNICAL_ERROR,1,11.15,0,False,False,0,0,0,0.593215,1287,48,46,2,0.9583,6482.02,0.418,38,WALLET,FOOD_DELIVERY,SMALL,3627.04,0.8438,0.1562,23,3,8
EVT_00005821,ALTERNATIVE_PAYMENT,True,ALLOWED,0.641973,1,8701.46,PAYMENT_FAILURE,2026-08-23 04:50:14,CUS_000350,MER_00143,8701.46,INR,CARD,TABLET,FAILED,TIMEOUT,1,13.31,0,False,False,0,0,0,0.611973,271,40,40,0,1.0,11085.9,0.9238,48,UPI,RETAIL,MEDIUM,1410.83,0.967,0.033,4,6,8
EVT_00005823,RETRY_LATER,True,ALLOWED,0.713951,1,5705.42,PAYMENT_FAILURE,2026-08-09 10:56:21,CUS_000843,MER_00003,5705.42,INR,CARD,DESKTOP,FAILED,TIMEOUT,0,66.73,0,False,False,0,0,0,0.593951,1366,61,50,11,0.8197,3658.65,0.399,28,UPI,DIGITAL_SERVICES,SMALL,2951.94,0.8109,0.1891,10,6,8
EVT_00005825,RETRY_LATER,True,ALLOWED,0.01,0,0.0,PAYMENT_FAILURE,2026-08-22 14:56:35,CUS_001708,MER_00032,10975.68,INR,WALLET,MOBILE,FAILED,ISSUER_DECLINE,2,3.17,0,False,False,0,0,0,0.152476,1371,60,43,17,0.7167,8634.62,0.6103,86,CARD,TRAVEL,SMALL,7142.77,0.8186,0.1814,14,5,8
EVT_00005830,RETRY_LATER,True,ALLOWED,0.124144,1,10643.04,PAYMENT_FAILURE,2026-08-18 20:07:05,CUS_001055,MER_00174,10643.04,INR,CARD,MOBILE,FAILED,ISSUER_DECLINE,1,71.74,0,False,False,0,0,0,0.274144,142,63,56,7,0.8889,11139.55,0.5798,14,UPI,E_COMMERCE,SMALL,39917.69,0.9894,0.0106,20,1,8
EVT_00005833,ALTERNATIVE_PAYMENT,True,ALLOWED,0.74739,1,4082.08,CHECKOUT_ABANDONMENT,2026-08-22 08:31:25,CUS_001232,MER_00073,4082.08,INR,UPI,DESKTOP,AT_RISK,,0,5.08,722,True,False,0,0,0,0.71739,1108,17,14,3,0.8235,2873.42,0.9151,65,UPI,FOOD_DELIVERY,MEDIUM,9905.73,0.8881,0.1119,8,5,8
EVT_00005846,ALTERNATIVE_PAYMENT,True,ALLOWED,0.388934,1,1508.81,PAYMENT_FAILURE,2026-08-22 18:37:01,CUS_001790,MER_00118,1508.81,INR,UPI,MOBILE,FAILED,TIMEOUT,3,55.09,0,False,False,0,0,0,0.358934,1137,25,21,4,0.84,2183.18,0.4861,75,CARD,E_COMMERCE,MEDIUM,1563.87,0.9374,0.0626,18,5,8
EVT_00005847,RETRY_LATER,True,ALLOWED,0.330527,1,2543.64,PAYMENT_FAILURE,2026-08-22 05:15:35,CUS_000890,MER_00200,2543.64,INR,WALLET,MOBILE,FAILED,INSUFFICIENT_BALANCE,0,48.27,0,False,False,0,0,0,0.380527,428,16,15,1,0.9375,3653.38,0.6707,44,UPI,TRAVEL,LARGE,3303.67,0.795,0.205,5,5,8
EVT_00005867,ALTERNATIVE_PAYMENT,True,ALLOWED,0.607336,1,9731.85,PAYMENT_FAILURE,2026-08-28 00:08:46,CUS_001607,MER_00179,9731.85,INR,CARD,MOBILE,FAILED,BANK_TECHNICAL_ERROR,1,57.43,0,False,False,0,0,0,0.577336,247,26,24,2,0.9231,4351.8,0.6003,14,CARD,DIGITAL_SERVICES,SMALL,4183.78,0.7936,0.2064,0,4,8
EVT_00005873,RETRY_LATER,True,ALLOWED,0.113207,1,2793.22,SUBSCRIPTION_FAILURE,2026-08-19 03:33:34,CUS_000843,MER_00127,2793.22,INR,WALLET,MOBILE,AT_RISK,,0,43.72,0,False,False,289,4,3,0.163207,1366,61,50,11,0.8197,3658.65,0.399,28,UPI,SAAS,MEDIUM,11305.04,0.8287,0.1713,3,2,8
EVT_00005882,RETRY_LATER,True,ALLOWED,0.445575,1,10442.9,PAYMENT_FAILURE,2026-08-15 16:31:06,CUS_000129,MER_00075,10442.9,INR,CARD,MOBILE,FAILED,TIMEOUT,2,57.38,0,False,False,0,0,0,0.525575,874,6,6,0,1.0,5311.89,0.8189,81,CARD,EDUCATION,SMALL,18185.27,0.9412,0.0588,16,5,8
EVT_00005896,ALTERNATIVE_PAYMENT,True,ALLOWED,0.677691,1,5135.34,CHECKOUT_ABANDONMENT,2026-08-09 08:58:26,CUS_000250,MER_00110,5135.34,INR,UPI,DESKTOP,AT_RISK,,0,19.67,99,True,False,0,0,0,0.647691,91,34,25,9,0.7353,6015.41,0.836,32,UPI,FOOD_DELIVERY,MEDIUM,25287.45,0.9495,0.0505,8,6,8
EVT_00005897,RETRY_LATER,True,ALLOWED,0.01,0,0.0,PAYMENT_FAILURE,2026-08-09 08:39:24,CUS_001435,MER_00093,2999.11,INR,NETBANKING,MOBILE,FAILED,INSUFFICIENT_BALANCE,2,30.05,0,False,False,0,0,0,0.216063,499,19,15,4,0.7895,2138.05,0.4142,14,UPI,RETAIL,MEDIUM,968.76,0.94,0.06,8,6,8
EVT_00005902,ALTERNATIVE_PAYMENT,True,ALLOWED,0.423341,1,2719.11,PAYMENT_FAILURE,2026-08-26 01:31:29,CUS_000917,MER_00018,2719.11,INR,CARD,TABLET,FAILED,PAYMENT_LIMIT,2,4.12,0,False,False,0,0,0,0.243341,828,50,41,9,0.82,3086.51,0.7497,62,UPI,E_COMMERCE,SMALL,8469.12,0.8917,0.1083,1,2,8
EVT_00005907,RETRY_LATER,True,ALLOWED,0.099623,0,0.0,PAYMENT_FAILURE,2026-08-26 15:54:26,CUS_000188,MER_00037,18216.78,INR,UPI,MOBILE,FAILED,ISSUER_DECLINE,1,5.28,0,False,False,0,0,0,0.249623,590,21,16,5,0.7619,10177.06,0.3398,71,CARD,E_COMMERCE,SMALL,979.69,0.9742,0.0258,15,2,8
EVT_00005927,RETRY_LATER,True,ALLOWED,0.447412,1,6014.87,CHECKOUT_ABANDONMENT,2026-08-11 23:36:34,CUS_001726,MER_00035,6014.87,INR,UPI,TABLET,AT_RISK,,0,60.4,248,False,True,0,0,0,0.497412,1180,79,58,21,0.7342,7110.72,0.8016,77,NETBANKING,DIGITAL_SERVICES,SMALL,1661.67,0.979,0.021,23,1,8
EVT_00005932,RETRY_LATER,True,ALLOWED,0.248309,0,0.0,PAYMENT_FAILURE,2026-08-15 08:25:30,CUS_001726,MER_00141,3833.82,INR,UPI,MOBILE,FAILED,INSUFFICIENT_BALANCE,0,44.52,0,False,False,0,0,0,0.298309,1180,79,58,21,0.7342,7110.72,0.8016,77,NETBANKING,E_COMMERCE,MEDIUM,5168.9,0.7,0.3,8,5,8
EVT_00005947,RETRY_LATER,True,ALLOWED,0.169725,0,0.0,SUBSCRIPTION_FAILURE,2026-08-05 02:23:39,CUS_000957,MER_00194,8928.75,INR,WALLET,MOBILE,AT_RISK,,0,38.24,0,False,False,253,1,2,0.219725,619,8,6,2,0.75,8090.83,0.895,76,CARD,TRAVEL,LARGE,3878.8,0.7793,0.2207,2,2,8
EVT_00005952,ALTERNATIVE_PAYMENT,True,ALLOWED,0.744574,1,3035.14,CHECKOUT_ABANDONMENT,2026-08-17 17:44:54,CUS_001670,MER_00147,3035.14,INR,WALLET,MOBILE,AT_RISK,,0,40.44,335,True,False,0,0,0,0.714574,1096,18,15,3,0.8333,5184.43,0.913,70,UPI,TRAVEL,MEDIUM,6423.31,0.8655,0.1345,17,0,8
EVT_00005953,RETRY_LATER,True,ALLOWED,0.01,0,0.0,PAYMENT_FAILURE,2026-08-29 15:43:31,CUS_000326,MER_00197,2878.62,INR,UPI,MOBILE,FAILED,INSUFFICIENT_BALANCE,2,1.61,0,False,False,0,0,0,0.257097,368,66,62,4,0.9394,3292.98,0.6195,26,UPI,E_COMMERCE,SMALL,1239.03,0.945,0.055,15,5,8
EVT_00005955,RETRY_LATER,True,ALLOWED,0.220438,0,0.0,PAYMENT_FAILURE,2026-08-17 22:06:14,CUS_001665,MER_00192,1386.12,INR,CARD,MOBILE,FAILED,EXPIRED_PAYMENT_METHOD,1,25.72,0,False,False,0,0,0,0.370438,802,41,37,4,0.9024,1784.01,0.9082,24,UPI,TRAVEL,MEDIUM,20196.01,0.9465,0.0535,22,0,8
EVT_00005958,RETRY_LATER,True,ALLOWED,0.540053,0,0.0,PAYMENT_FAILURE,2026-08-14 15:41:02,CUS_001390,MER_00129,12010.55,INR,UPI,MOBILE,FAILED,NETWORK_ERROR,1,26.34,0,False,False,0,0,0,0.520053,1366,54,45,9,0.8333,10680.42,0.805,72,CARD,TRAVEL,SMALL,6672.36,0.894,0.106,15,4,8
EVT_00005965,ALTERNATIVE_PAYMENT,True,ALLOWED,0.803758,1,7260.36,CHECKOUT_ABANDONMENT,2026-08-19 23:06:16,CUS_000671,MER_00110,7260.36,INR,CARD,DESKTOP,AT_RISK,,0,28.41,222,True,False,0,0,0,0.773758,1430,63,61,2,0.9683,4559.8,0.5121,11,CARD,FOOD_DELIVERY,MEDIUM,25287.45,0.9495,0.0505,23,2,8
EVT_00005972,RETRY_LATER,True,ALLOWED,0.607889,1,4189.69,PAYMENT_FAILURE,2026-08-04 21:58:30,CUS_001228,MER_00156,4189.69,INR,CARD,MOBILE,FAILED,BANK_TECHNICAL_ERROR,1,60.87,0,False,False,0,0,0,0.587889,1477,30,28,2,0.9333,2776.34,0.6818,51,UPI,FOOD_DELIVERY,MEDIUM,16696.36,0.898,0.102,21,1,8
EVT_00005975,RECOVERY_REMINDER,True,ALLOWED,0.237711,1,2196.63,PAYMENT_FAILURE,2026-08-29 07:07:38,CUS_001807,MER_00060,2196.63,INR,CARD,MOBILE,FAILED,INSUFFICIENT_BALANCE,2,57.32,0,False,False,0,0,0,0.217711,42,9,7,2,0.7778,3772.28,0.8841,7,UPI,FOOD_DELIVERY,LARGE,5310.7,0.9841,0.0159,7,5,8
EVT_00005982,HUMAN_ESCALATION,True,ALLOWED,0.496626,1,4392.74,PAYMENT_FAILURE,2026-08-01 11:54:07,CUS_001174,MER_00110,4392.74,INR,UPI,MOBILE,FAILED,BANK_TECHNICAL_ERROR,1,31.25,0,False,False,0,0,0,0.596626,290,28,26,2,0.9286,3589.43,0.664,54,UPI,FOOD_DELIVERY,MEDIUM,25287.45,0.9495,0.0505,11,5,8
EVT_00005990,ALTERNATIVE_PAYMENT,True,ALLOWED,0.387634,1,13100.34,PAYMENT_FAILURE,2026-08-27 10:01:12,CUS_001346,MER_00083,13100.34,INR,NETBANKING,DESKTOP,FAILED,NETWORK_ERROR,3,45.23,0,False,False,0,0,0,0.357634,1496,61,50,11,0.8197,9603.71,0.6622,47,UPI,FOOD_DELIVERY,MEDIUM,6899.34,0.9485,0.0515,10,3,8
EVT_00005999,ALTERNATIVE_PAYMENT,True,ALLOWED,0.718703,1,13313.13,SUBSCRIPTION_FAILURE,2026-08-20 19:01:32,CUS_001111,MER_00145,13313.13,INR,UPI,DESKTOP,AT_RISK,,0,19.32,0,False,False,419,6,0,0.688703,959,43,42,1,0.9767,5750.8,0.9227,27,CARD,DIGITAL_SERVICES,SMALL,22876.16,0.9386,0.0614,19,3,8
EVT_00006007,RETRY_LATER,True,ALLOWED,0.495925,1,6168.94,CHECKOUT_ABANDONMENT,2026-08-18 01:43:01,CUS_001007,MER_00067,6168.94,INR,UPI,MOBILE,AT_RISK,,0,8.47,718,False,False,0,0,0,0.545925,1279,48,44,4,0.9167,2586.54,0.9356,14,UPI,TRAVEL,SMALL,6615.57,0.8781,0.1219,1,1,8
EVT_00006009,RETRY_LATER,True,ALLOWED,0.685934,1,4341.25,CHECKOUT_ABANDONMENT,2026-08-16 07:34:02,CUS_000051,MER_00145,4341.25,INR,UPI,MOBILE,AT_RISK,,0,46.13,320,True,False,0,0,0,0.735934,1147,14,12,2,0.8571,2346.65,0.7858,88,UPI,DIGITAL_SERVICES,SMALL,22876.16,0.9386,0.0614,7,6,8
EVT_00006017,RETRY_LATER,True,ALLOWED,0.320302,1,2795.96,SUBSCRIPTION_FAILURE,2026-08-19 18:46:54,CUS_000690,MER_00171,2795.96,INR,CARD,DESKTOP,AT_RISK,,0,44.44,0,False,False,540,23,2,0.370302,1180,78,58,20,0.7436,3650.79,0.9831,7,UPI,E_COMMERCE,SMALL,2134.84,0.9759,0.0241,18,2,8
EVT_00006018,RETRY_LATER,True,ALLOWED,0.372843,1,13370.59,PAYMENT_FAILURE,2026-08-12 09:24:10,CUS_000935,MER_00145,13370.59,INR,CARD,DESKTOP,FAILED,INSUFFICIENT_BALANCE,0,69.55,0,False,False,0,0,0,0.422843,680,64,58,6,0.9062,4545.42,0.7525,57,WALLET,DIGITAL_SERVICES,SMALL,22876.16,0.9386,0.0614,9,2,8
EVT_00006035,ALTERNATIVE_PAYMENT,True,ALLOWED,0.538776,1,12000.02,PAYMENT_FAILURE,2026-08-08 07:44:54,CUS_001420,MER_00118,12000.02,INR,UPI,MOBILE,FAILED,PAYMENT_LIMIT,1,63.29,0,False,False,0,0,0,0.358776,730,23,20,3,0.8696,6450.98,0.8611,21,CARD,E_COMMERCE,MEDIUM,1563.87,0.9374,0.0626,7,5,8
EVT_00006048,RETRY_LATER,True,ALLOWED,0.319967,0,0.0,PAYMENT_FAILURE,2026-08-20 03:46:17,CUS_000301,MER_00026,8697.7,INR,WALLET,DESKTOP,FAILED,NETWORK_ERROR,2,32.49,0,False,False,0,0,0,0.399967,564,22,18,4,0.8182,6340.43,0.8077,15,WALLET,SAAS,LARGE,6343.17,0.7939,0.2061,3,3,8
EVT_00006050,ALTERNATIVE_PAYMENT,True,ALLOWED,0.538193,1,4130.64,PAYMENT_FAILURE,2026-08-26 18:36:15,CUS_001683,MER_00196,4130.64,INR,CARD,DESKTOP,FAILED,ISSUER_DECLINE,0,36.21,0,False,False,0,0,0,0.358193,81,18,18,0,1.0,4597.98,0.6713,17,CARD,SAAS,SMALL,9200.06,0.9131,0.0869,18,2,8
EVT_00006060,RETRY_LATER,True,ALLOWED,0.452954,1,1873.64,CHECKOUT_ABANDONMENT,2026-08-29 10:08:34,CUS_000929,MER_00056,1873.64,INR,CARD,DESKTOP,AT_RISK,,0,52.64,500,False,True,0,0,0,0.502954,645,15,12,3,0.8,5035.42,0.5538,73,UPI,SAAS,SMALL,1706.75,0.9351,0.0649,10,5,8
EVT_00006067,RETRY_LATER,True,ALLOWED,0.34503,1,7860.33,PAYMENT_FAILURE,2026-08-27 13:51:11,CUS_000505,MER_00158,7860.33,INR,UPI,MOBILE,FAILED,TIMEOUT,2,48.22,0,False,False,0,0,0,0.42503,432,5,4,1,0.8,4157.02,0.9678,77,UPI,SAAS,MEDIUM,23542.32,0.8428,0.1572,13,3,8
EVT_00006075,RETRY_LATER,True,ALLOWED,0.397008,1,6870.6,PAYMENT_FAILURE,2026-08-29 17:12:00,CUS_000468,MER_00106,6870.6,INR,CARD,DESKTOP,FAILED,NETWORK_ERROR,2,53.69,0,False,False,0,0,0,0.477008,906,54,52,2,0.963,4502.79,0.7776,70,CARD,SAAS,SMALL,2564.56,0.9372,0.0628,17,5,8
EVT_00006094,RETRY_LATER,True,ALLOWED,0.225664,0,0.0,PAYMENT_FAILURE,2026-08-14 03:05:18,CUS_000703,MER_00098,2640.68,INR,UPI,TABLET,FAILED,EXPIRED_PAYMENT_METHOD,1,17.75,0,False,False,0,0,0,0.375664,276,18,17,1,0.9444,2392.33,0.8432,54,UPI,DIGITAL_SERVICES,SMALL,599.1,0.88,0.12,3,4,8
EVT_00006095,RETRY_LATER,True,ALLOWED,0.240343,1,2208.0,SUBSCRIPTION_FAILURE,2026-08-25 18:45:12,CUS_000988,MER_00076,2208.0,INR,UPI,MOBILE,AT_RISK,,0,10.73,0,False,False,520,22,3,0.290343,494,62,56,6,0.9032,3724.95,0.7421,69,UPI,RETAIL,SMALL,3701.29,0.793,0.207,18,1,8
EVT_00006098,ALTERNATIVE_PAYMENT,True,ALLOWED,0.62034,1,2313.17,SUBSCRIPTION_FAILURE,2026-08-19 04:43:53,CUS_001221,MER_00101,2313.17,INR,UPI,MOBILE,AT_RISK,,0,12.2,0,False,False,482,13,0,0.59034,985,56,45,11,0.8036,3614.13,0.9565,48,UPI,FOOD_DELIVERY,SMALL,3940.25,0.8648,0.1352,4,2,8
EVT_00006117,ALTERNATIVE_PAYMENT,True,ALLOWED,0.377425,1,12887.41,PAYMENT_FAILURE,2026-08-12 02:32:29,CUS_001339,MER_00197,12887.41,INR,CARD,MOBILE,FAILED,INSUFFICIENT_BALANCE,1,7.8,0,False,False,0,0,0,0.347425,1169,68,63,5,0.9265,6181.32,0.54,69,CARD,E_COMMERCE,SMALL,1239.03,0.945,0.055,2,2,8
EVT_00006121,RETRY_LATER,False,RETRY_LIMIT_REACHED,0.0,0,0.0,PAYMENT_FAILURE,2026-08-14 18:34:08,CUS_001370,MER_00022,7243.26,INR,NETBANKING,DESKTOP,FAILED,TIMEOUT,3,15.13,0,False,False,0,0,0,0.345498,962,10,8,2,0.8,4643.78,0.3979,67,CARD,DIGITAL_SERVICES,LARGE,2602.03,0.8671,0.1329,18,4,8
EVT_00006127,RETRY_LATER,True,ALLOWED,0.320856,0,0.0,SUBSCRIPTION_FAILURE,2026-08-20 02:30:46,CUS_000941,MER_00126,8893.26,INR,CARD,MOBILE,AT_RISK,,0,1.38,0,False,False,197,12,2,0.370856,1045,57,43,14,0.7544,7933.26,0.7323,47,UPI,DIGITAL_SERVICES,SMALL,2499.99,0.8824,0.1176,2,3,8
EVT_00006128,ALTERNATIVE_PAYMENT,True,ALLOWED,0.53045,1,2992.01,CHECKOUT_ABANDONMENT,2026-08-26 06:30:09,CUS_001189,MER_00117,2992.01,INR,UPI,MOBILE,AT_RISK,,0,61.01,20,False,False,0,0,0,0.50045,862,5,5,0,1.0,2996.25,0.6926,25,UPI,TRAVEL,SMALL,11500.96,0.8461,0.1539,6,2,8
EVT_00006131,RECOVERY_REMINDER,True,ALLOWED,0.314025,1,3308.59,PAYMENT_FAILURE,2026-08-05 19:11:18,CUS_001537,MER_00175,3308.59,INR,UPI,MOBILE,FAILED,ISSUER_DECLINE,1,37.75,0,False,False,0,0,0,0.294025,255,3,3,0,1.0,4780.89,0.6909,45,UPI,RETAIL,SMALL,14742.91,0.995,0.005,19,2,8
EVT_00006134,ALTERNATIVE_PAYMENT,True,ALLOWED,0.774267,1,2578.65,CHECKOUT_ABANDONMENT,2026-08-11 02:27:48,CUS_001492,MER_00040,2578.65,INR,UPI,DESKTOP,AT_RISK,,0,50.06,542,True,False,0,0,0,0.744267,749,51,46,5,0.902,3705.23,0.7041,41,UPI,FOOD_DELIVERY,SMALL,7435.86,0.9306,0.0694,2,1,8
EVT_00006139,RECOVERY_REMINDER,True,ALLOWED,0.557598,1,6232.5,PAYMENT_FAILURE,2026-08-16 07:53:17,CUS_000504,MER_00036,6232.5,INR,WALLET,MOBILE,FAILED,BANK_TECHNICAL_ERROR,1,54.93,0,False,False,0,0,0,0.537598,1305,9,8,1,0.8889,5676.96,0.9505,87,UPI,SAAS,MEDIUM,1103.05,0.7,0.3,7,6,8
EVT_00006141,ALTERNATIVE_PAYMENT,True,ALLOWED,0.330013,1,8075.47,PAYMENT_FAILURE,2026-08-10 13:42:53,CUS_001280,MER_00128,8075.47,INR,UPI,MOBILE,FAILED,ISSUER_DECLINE,3,13.97,0,False,False,0,0,0,0.150013,1302,58,51,7,0.8793,3554.15,0.9253,39,CARD,TRAVEL,LARGE,637.62,0.9635,0.0365,13,0,8
EVT_00006158,ALTERNATIVE_PAYMENT,True,ALLOWED,0.753339,1,2764.47,CHECKOUT_ABANDONMENT,2026-08-24 11:49:18,CUS_000441,MER_00191,2764.47,INR,CARD,MOBILE,AT_RISK,,0,30.27,859,True,False,0,0,0,0.723339,1460,29,24,5,0.8276,3249.78,0.4816,45,UPI,EDUCATION,SMALL,18406.03,0.9338,0.0662,11,0,8
EVT_00006165,ALTERNATIVE_PAYMENT,True,ALLOWED,0.593343,1,4539.21,PAYMENT_FAILURE,2026-08-05 07:52:02,CUS_000652,MER_00005,4539.21,INR,CARD,MOBILE,FAILED,BANK_TECHNICAL_ERROR,1,4.53,0,False,False,0,0,0,0.563343,989,70,59,11,0.8429,7746.76,0.4168,80,UPI,EDUCATION,SMALL,832.59,0.9375,0.0625,7,2,8
EVT_00006168,ALTERNATIVE_PAYMENT,True,ALLOWED,0.354099,1,1436.0,PAYMENT_FAILURE,2026-08-22 02:48:14,CUS_001421,MER_00078,1436.0,INR,UPI,DESKTOP,FAILED,ISSUER_DECLINE,2,42.63,0,False,False,0,0,0,0.174099,1426,41,34,7,0.8293,1498.53,0.6646,9,WALLET,E_COMMERCE,LARGE,10945.16,0.9248,0.0752,2,5,8
EVT_00006170,RECOVERY_REMINDER,True,ALLOWED,0.50169,1,2315.59,SUBSCRIPTION_FAILURE,2026-08-25 06:19:12,CUS_000899,MER_00108,2315.59,INR,UPI,DESKTOP,AT_RISK,,0,29.27,0,False,False,704,6,1,0.48169,133,63,51,12,0.8095,2605.08,0.7216,42,NETBANKING,RETAIL,SMALL,3048.05,0.8679,0.1321,6,1,8
EVT_00006176,ALTERNATIVE_PAYMENT,True,ALLOWED,0.647228,1,22610.07,PAYMENT_FAILURE,2026-08-01 01:41:42,CUS_000949,MER_00147,22610.07,INR,UPI,MOBILE,FAILED,TIMEOUT,1,63.52,0,False,False,0,0,0,0.617228,1423,42,41,1,0.9762,18180.57,0.7615,9,CARD,TRAVEL,MEDIUM,6423.31,0.8655,0.1345,1,5,8
EVT_00006180,RECOVERY_REMINDER,True,ALLOWED,0.235842,1,2054.74,PAYMENT_FAILURE,2026-08-02 04:40:51,CUS_001334,MER_00150,2054.74,INR,UPI,MOBILE,FAILED,INSUFFICIENT_BALANCE,2,13.83,0,False,False,0,0,0,0.215842,1216,68,58,10,0.8529,2386.85,0.5567,41,UPI,DIGITAL_SERVICES,LARGE,2957.32,0.8313,0.1687,4,6,8
EVT_00006187,RETRY_LATER,True,ALLOWED,0.373746,1,6573.4,PAYMENT_FAILURE,2026-08-13 11:55:20,CUS_000508,MER_00178,6573.4,INR,CARD,DESKTOP,FAILED,NETWORK_ERROR,2,21.94,0,False,False,0,0,0,0.453746,394,49,44,5,0.898,6827.91,0.4875,54,CARD,EDUCATION,SMALL,7809.93,0.9459,0.0541,11,3,8
EVT_00006191,RETRY_LATER,True,ALLOWED,0.728457,1,10155.91,CHECKOUT_ABANDONMENT,2026-08-19 14:07:26,CUS_001410,MER_00086,10155.91,INR,UPI,MOBILE,AT_RISK,,0,58.41,775,True,False,0,0,0,0.778457,446,38,36,2,0.9474,10700.32,0.8314,47,UPI,EDUCATION,LARGE,4399.36,0.9863,0.0137,14,2,8
EVT_00006199,RECOVERY_REMINDER,True,ALLOWED,0.449278,1,4224.21,SUBSCRIPTION_FAILURE,2026-08-28 10:01:57,CUS_000948,MER_00029,4224.21,INR,NETBANKING,MOBILE,AT_RISK,,0,65.64,0,False,False,451,17,2,0.429278,227,40,38,2,0.95,6057.83,0.9439,34,NETBANKING,FOOD_DELIVERY,SMALL,5041.91,0.8787,0.1213,10,4,8
EVT_00006204,RETRY_LATER,True,ALLOWED,0.732684,1,17183.95,PAYMENT_FAILURE,2026-08-22 02:34:37,CUS_001967,MER_00119,17183.95,INR,CARD,TABLET,FAILED,NETWORK_ERROR,0,14.68,0,False,False,0,0,0,0.612684,575,63,51,12,0.8095,7789.64,0.9808,48,UPI,FOOD_DELIVERY,MEDIUM,1203.04,0.9094,0.0906,2,5,8
EVT_00006217,RETRY_LATER,True,ALLOWED,0.674649,1,9838.04,CHECKOUT_ABANDONMENT,2026-08-23 19:34:38,CUS_001945,MER_00153,9838.04,INR,UPI,MOBILE,AT_RISK,,0,8.13,730,True,True,0,0,0,0.724649,588,11,9,2,0.8182,3712.33,0.7397,15,UPI,DIGITAL_SERVICES,MEDIUM,11301.58,0.8712,0.1288,19,6,8
EVT_00006219,RETRY_LATER,True,ALLOWED,0.389909,1,2250.89,PAYMENT_FAILURE,2026-08-20 17:47:42,CUS_001206,MER_00145,2250.89,INR,WALLET,MOBILE,FAILED,TIMEOUT,2,4.82,0,False,False,0,0,0,0.469909,1357,54,49,5,0.9074,3518.19,0.4021,72,CARD,DIGITAL_SERVICES,SMALL,22876.16,0.9386,0.0614,17,3,8
EVT_00006223,ALTERNATIVE_PAYMENT,True,ALLOWED,0.456673,1,6278.23,PAYMENT_FAILURE,2026-08-27 01:08:05,CUS_000189,MER_00060,6278.23,INR,UPI,MOBILE,FAILED,TIMEOUT,3,39.12,0,False,False,0,0,0,0.426673,380,37,36,1,0.973,8267.2,0.9612,49,NETBANKING,FOOD_DELIVERY,LARGE,5310.7,0.9841,0.0159,1,3,8
EVT_00006225,RETRY_LATER,True,ALLOWED,0.479382,1,5422.81,PAYMENT_FAILURE,2026-08-19 22:53:14,CUS_001427,MER_00065,5422.81,INR,CARD,MOBILE,FAILED,NETWORK_ERROR,1,33.99,0,False,False,0,0,0,0.459382,1017,38,31,7,0.8158,5039.1,0.9349,61,UPI,DIGITAL_SERVICES,MEDIUM,5883.79,0.7053,0.2947,22,2,8
EVT_00006230,RETRY_LATER,True,ALLOWED,0.775865,1,17376.01,PAYMENT_FAILURE,2026-08-11 03:58:29,CUS_001978,MER_00049,17376.01,INR,CARD,MOBILE,FAILED,NETWORK_ERROR,0,32.25,0,False,False,0,0,0,0.655865,533,78,76,2,0.9744,6843.16,0.7053,23,UPI,EDUCATION,SMALL,8781.92,0.8307,0.1693,3,1,8
EVT_00006249,RETRY_LATER,True,ALLOWED,0.01,0,0.0,PAYMENT_FAILURE,2026-08-11 03:33:50,CUS_000917,MER_00057,1292.07,INR,UPI,DESKTOP,FAILED,INSUFFICIENT_BALANCE,2,64.75,0,False,False,0,0,0,0.216653,828,50,41,9,0.82,3086.51,0.7497,62,UPI,E_COMMERCE,MEDIUM,11931.59,0.9085,0.0915,3,1,8
EVT_00006274,ALTERNATIVE_PAYMENT,True,ALLOWED,0.76902,1,3465.08,CHECKOUT_ABANDONMENT,2026-08-24 20:11:42,CUS_000625,MER_00060,3465.08,INR,UPI,MOBILE,AT_RISK,,0,38.06,164,True,True,0,0,0,0.73902,918,73,62,11,0.8493,3465.28,0.6569,13,CARD,FOOD_DELIVERY,LARGE,5310.7,0.9841,0.0159,20,0,8
EVT_00006298,ALTERNATIVE_PAYMENT,True,ALLOWED,0.596318,1,1304.4,SUBSCRIPTION_FAILURE,2026-08-14 05:29:50,CUS_001269,MER_00083,1304.4,INR,UPI,TABLET,AT_RISK,,0,27.87,0,False,False,892,13,1,0.566318,1431,11,11,0,1.0,731.52,0.9195,27,UPI,FOOD_DELIVERY,MEDIUM,6899.34,0.9485,0.0515,5,4,8
EVT_00006302,RETRY_LATER,True,ALLOWED,0.329604,1,989.14,SUBSCRIPTION_FAILURE,2026-08-21 23:46:22,CUS_000731,MER_00096,989.14,INR,CARD,DESKTOP,AT_RISK,,0,14.19,0,False,False,680,5,0,0.379604,1101,76,48,28,0.6316,4401.81,0.8009,59,WALLET,TRAVEL,MEDIUM,3014.41,0.9456,0.0544,23,4,8
EVT_00006312,RETRY_LATER,False,RETRY_LIMIT_REACHED,0.0,0,0.0,PAYMENT_FAILURE,2026-08-12 17:50:24,CUS_001895,MER_00178,5610.65,INR,NETBANKING,MOBILE,FAILED,INSUFFICIENT_BALANCE,3,27.48,0,False,False,0,0,0,0.200372,227,49,46,3,0.9388,4957.24,0.839,88,UPI,EDUCATION,SMALL,7809.93,0.9459,0.0541,17,2,8
EVT_00006313,RETRY_LATER,True,ALLOWED,0.094921,0,0.0,PAYMENT_FAILURE,2026-08-11 19:12:54,CUS_000709,MER_00182,2119.3,INR,UPI,DESKTOP,FAILED,ISSUER_DECLINE,1,13.95,0,False,False,0,0,0,0.244921,729,58,49,9,0.8448,1620.08,0.7837,5,UPI,DIGITAL_SERVICES,SMALL,4671.98,0.9884,0.0116,19,1,8
EVT_00006314,RETRY_LATER,False,RETRY_LIMIT_REACHED,0.0,0,0.0,PAYMENT_FAILURE,2026-08-08 20:32:06,CUS_000074,MER_00117,1552.81,INR,CARD,MOBILE,FAILED,ISSUER_DECLINE,3,21.32,0,False,False,0,0,0,0.115675,220,28,22,6,0.7857,2562.94,0.6765,87,WALLET,TRAVEL,SMALL,11500.96,0.8461,0.1539,20,5,8
EVT_00006323,ALTERNATIVE_PAYMENT,True,ALLOWED,0.770413,1,2528.62,CHECKOUT_ABANDONMENT,2026-08-28 17:44:32,CUS_001077,MER_00040,2528.62,INR,UPI,DESKTOP,AT_RISK,,0,14.66,192,True,False,0,0,0,0.740413,1075,9,8,1,0.8889,1928.93,0.4386,19,CARD,FOOD_DELIVERY,SMALL,7435.86,0.9306,0.0694,17,4,8
EVT_00006346,ALTERNATIVE_PAYMENT,True,ALLOWED,0.325799,1,9184.03,PAYMENT_FAILURE,2026-08-01 00:05:52,CUS_001593,MER_00178,9184.03,INR,UPI,MOBILE,FAILED,ISSUER_DECLINE,3,66.08,0,False,False,0,0,0,0.145799,593,78,67,11,0.859,11271.22,0.9058,37,UPI,EDUCATION,SMALL,7809.93,0.9459,0.0541,0,5,8
EVT_00006349,RETRY_LATER,True,ALLOWED,0.759023,1,7619.42,PAYMENT_FAILURE,2026-08-01 22:42:01,CUS_001603,MER_00025,7619.42,INR,UPI,MOBILE,FAILED,NETWORK_ERROR,0,53.27,0,False,False,0,0,0,0.639023,1244,13,12,1,0.9231,5233.01,0.6471,67,CARD,DIGITAL_SERVICES,MEDIUM,770.56,0.9566,0.0434,22,5,8
EVT_00006350,RECOVERY_REMINDER,True,ALLOWED,0.389383,1,4764.32,PAYMENT_FAILURE,2026-08-20 00:11:01,CUS_001568,MER_00159,4764.32,INR,CARD,MOBILE,FAILED,EXPIRED_PAYMENT_METHOD,1,43.06,0,False,False,0,0,0,0.369383,917,13,12,1,0.9231,2874.75,0.8483,36,CARD,EDUCATION,MEDIUM,1436.79,0.8598,0.1402,0,3,8
EVT_00006351,ALTERNATIVE_PAYMENT,True,ALLOWED,0.470243,1,6924.8,PAYMENT_FAILURE,2026-08-09 08:47:53,CUS_000693,MER_00098,6924.8,INR,UPI,MOBILE,FAILED,ISSUER_DECLINE,0,69.7,0,False,False,0,0,0,0.290243,1399,72,57,15,0.7917,6901.01,0.6562,65,WALLET,DIGITAL_SERVICES,SMALL,599.1,0.88,0.12,8,6,8
EVT_00006355,RETRY_LATER,False,RETRY_LIMIT_REACHED,0.0,0,0.0,PAYMENT_FAILURE,2026-08-14 17:35:28,CUS_001245,MER_00177,13518.34,INR,CARD,MOBILE,FAILED,BANK_TECHNICAL_ERROR,3,37.99,0,False,False,0,0,0,0.447127,1316,58,56,2,0.9655,8292.2,0.7816,6,CARD,SAAS,SMALL,9080.37,0.8866,0.1134,17,4,8
EVT_00006359,ALTERNATIVE_PAYMENT,True,ALLOWED,0.234463,1,9900.74,PAYMENT_FAILURE,2026-08-21 15:44:12,CUS_000502,MER_00181,9900.74,INR,UPI,MOBILE,FAILED,INSUFFICIENT_BALANCE,3,50.59,0,False,False,0,0,0,0.204463,988,8,8,0,1.0,5767.04,0.8283,83,UPI,TRAVEL,SMALL,3734.39,0.8092,0.1908,15,4,8
EVT_00006361,RETRY_LATER,False,RETRY_LIMIT_REACHED,0.0,0,0.0,PAYMENT_FAILURE,2026-08-11 10:58:19,CUS_000715,MER_00065,11176.98,INR,CARD,MOBILE,FAILED,INSUFFICIENT_BALANCE,3,27.09,0,False,False,0,0,0,0.176711,1382,41,38,3,0.9268,9723.93,0.4818,9,UPI,DIGITAL_SERVICES,MEDIUM,5883.79,0.7053,0.2947,10,1,8
EVT_00006368,RETRY_LATER,True,ALLOWED,0.392914,0,0.0,PAYMENT_FAILURE,2026-08-27 02:14:26,CUS_001714,MER_00056,7762.46,INR,CARD,DESKTOP,FAILED,EXPIRED_PAYMENT_METHOD,0,67.82,0,False,False,0,0,0,0.442914,1108,18,15,3,0.8333,5061.57,0.7774,74,CARD,SAAS,SMALL,1706.75,0.9351,0.0649,2,3,8
EVT_00006393,RETRY_LATER,True,ALLOWED,0.718673,1,33617.13,CHECKOUT_ABANDONMENT,2026-08-05 00:52:04,CUS_000637,MER_00075,33617.13,INR,UPI,MOBILE,AT_RISK,,0,39.94,195,True,True,0,0,0,0.768673,376,27,21,6,0.7778,10778.89,0.8137,18,UPI,EDUCATION,SMALL,18185.27,0.9412,0.0588,0,2,8
EVT_00006404,RETRY_LATER,True,ALLOWED,0.539791,1,485.4,PAYMENT_FAILURE,2026-08-20 16:12:35,CUS_000300,MER_00125,485.4,INR,WALLET,DESKTOP,FAILED,TIMEOUT,1,18.48,0,False,False,0,0,0,0.519791,61,71,63,8,0.8873,1434.66,0.5255,49,CARD,E_COMMERCE,MEDIUM,4606.05,0.8105,0.1895,16,3,8
EVT_00006414,ALTERNATIVE_PAYMENT,True,ALLOWED,0.663135,1,1108.11,PAYMENT_FAILURE,2026-08-20 09:39:42,CUS_000551,MER_00181,1108.11,INR,UPI,DESKTOP,FAILED,TIMEOUT,0,64.26,0,False,False,0,0,0,0.633135,1210,52,50,2,0.9615,1282.13,0.7712,80,CARD,TRAVEL,SMALL,3734.39,0.8092,0.1908,9,3,8
EVT_00006429,RETRY_LATER,True,ALLOWED,0.715504,1,10348.78,PAYMENT_FAILURE,2026-08-29 04:09:54,CUS_000642,MER_00088,10348.78,INR,CARD,DESKTOP,FAILED,TIMEOUT,0,16.59,0,False,False,0,0,0,0.595504,1377,40,30,10,0.75,8985.43,0.5651,7,WALLET,SAAS,MEDIUM,2014.49,0.8916,0.1084,4,5,8
EVT_00006433,RETRY_LATER,True,ALLOWED,0.304409,1,1608.42,PAYMENT_FAILURE,2026-08-03 08:21:37,CUS_001399,MER_00053,1608.42,INR,UPI,MOBILE,FAILED,ISSUER_DECLINE,0,30.24,0,False,False,0,0,0,0.354409,66,1,1,0,1.0,1900.23,0.5966,3,NETBANKING,E_COMMERCE,SMALL,2869.11,0.924,0.076,8,0,8
EVT_00006434,RETRY_LATER,True,ALLOWED,0.56164,1,3498.08,SUBSCRIPTION_FAILURE,2026-08-06 03:31:10,CUS_000274,MER_00117,3498.08,INR,CARD,MOBILE,AT_RISK,,0,43.76,0,False,False,319,19,0,0.61164,1439,37,32,5,0.8649,11819.32,0.7243,13,WALLET,TRAVEL,SMALL,11500.96,0.8461,0.1539,3,3,8
EVT_00006437,RETRY_LATER,True,ALLOWED,0.490731,1,13023.63,SUBSCRIPTION_FAILURE,2026-08-12 18:25:39,CUS_001307,MER_00155,13023.63,INR,UPI,DESKTOP,AT_RISK,,0,20.28,0,False,False,713,10,1,0.540731,404,22,20,2,0.9091,7713.8,0.9697,78,UPI,SAAS,SMALL,2912.27,0.843,0.157,18,2,8
EVT_00006441,RETRY_LATER,True,ALLOWED,0.762919,1,3015.75,PAYMENT_FAILURE,2026-08-18 03:29:29,CUS_000344,MER_00157,3015.75,INR,CARD,MOBILE,FAILED,BANK_TECHNICAL_ERROR,0,33.79,0,False,False,0,0,0,0.642919,787,59,52,7,0.8814,3190.86,0.8317,55,WALLET,E_COMMERCE,MEDIUM,5657.2,0.8635,0.1365,3,1,8
EVT_00006447,RETRY_LATER,True,ALLOWED,0.72197,1,7382.76,CHECKOUT_ABANDONMENT,2026-08-30 09:22:45,CUS_001816,MER_00028,7382.76,INR,CARD,DESKTOP,AT_RISK,,0,50.9,769,True,False,0,0,0,0.77197,192,6,6,0,1.0,12475.79,0.507,62,UPI,RETAIL,SMALL,5325.69,0.8758,0.1242,9,6,8
EVT_00006451,RETRY_LATER,False,RETRY_LIMIT_REACHED,0.0,0,0.0,PAYMENT_FAILURE,2026-08-14 06:49:39,CUS_000040,MER_00096,3281.0,INR,NETBANKING,MOBILE,FAILED,INSUFFICIENT_BALANCE,3,40.89,0,False,False,0,0,0,0.185071,958,36,32,4,0.8889,3581.7,0.7305,4,WALLET,TRAVEL,MEDIUM,3014.41,0.9456,0.0544,6,4,8
EVT_00006465,HUMAN_ESCALATION,True,ALLOWED,0.553089,1,27975.18,PAYMENT_FAILURE,2026-08-10 20:02:53,CUS_000655,MER_00011,27975.18,INR,WALLET,MOBILE,FAILED,TIMEOUT,3,18.02,0,False,False,0,0,0,0.453089,842,68,65,3,0.9559,15513.23,0.6568,53,UPI,DIGITAL_SERVICES,SMALL,11685.15,0.879,0.121,20,0,8
EVT_00006471,HUMAN_ESCALATION,True,ALLOWED,0.505627,1,1786.87,PAYMENT_FAILURE,2026-08-12 17:04:19,CUS_001238,MER_00027,1786.87,INR,UPI,MOBILE,FAILED,NETWORK_ERROR,0,48.67,0,False,False,0,0,0,0.605627,212,79,75,4,0.9494,3192.18,0.5902,16,WALLET,DIGITAL_SERVICES,SMALL,12097.35,0.8025,0.1975,17,2,8
EVT_00006476,RETRY_LATER,True,ALLOWED,0.688657,1,1349.32,PAYMENT_FAILURE,2026-08-29 04:14:30,CUS_000481,MER_00113,1349.32,INR,UPI,MOBILE,FAILED,TIMEOUT,0,60.36,0,False,False,0,0,0,0.568657,453,52,40,12,0.7692,2389.11,0.6748,78,UPI,DIGITAL_SERVICES,MEDIUM,844.23,0.8301,0.1699,4,5,8
EVT_00006478,RETRY_LATER,True,ALLOWED,0.176204,0,0.0,PAYMENT_FAILURE,2026-08-06 08:04:13,CUS_001574,MER_00105,629.43,INR,CARD,MOBILE,FAILED,INSUFFICIENT_BALANCE,1,67.1,0,False,False,0,0,0,0.326204,1225,27,26,1,0.963,1875.35,0.8392,33,CARD,SAAS,LARGE,3288.97,0.911,0.089,8,3,8
EVT_00006482,RETRY_LATER,True,ALLOWED,0.565211,1,6999.89,PAYMENT_FAILURE,2026-08-17 11:53:00,CUS_001945,MER_00086,6999.89,INR,UPI,MOBILE,FAILED,TIMEOUT,1,11.5,0,False,False,0,0,0,0.545211,588,11,9,2,0.8182,3712.33,0.7397,15,UPI,EDUCATION,LARGE,4399.36,0.9863,0.0137,11,0,8
EVT_00006493,RETRY_LATER,True,ALLOWED,0.674592,1,9870.74,CHECKOUT_ABANDONMENT,2026-08-16 07:03:25,CUS_001793,MER_00122,9870.74,INR,UPI,DESKTOP,AT_RISK,,0,49.97,691,True,False,0,0,0,0.724592,535,21,18,3,0.8571,6404.1,0.6134,87,CARD,TRAVEL,LARGE,1261.74,0.7975,0.2025,7,6,8
EVT_00006497,RETRY_LATER,True,ALLOWED,0.64724,1,1002.94,CHECKOUT_ABANDONMENT,2026-08-18 07:29:17,CUS_001669,MER_00058,1002.94,INR,WALLET,DESKTOP,AT_RISK,,0,17.78,90,True,True,0,0,0,0.69724,813,34,32,2,0.9412,1420.62,0.5876,47,UPI,SAAS,LARGE,1566.76,0.8967,0.1033,7,1,8
EVT_00006505,ALTERNATIVE_PAYMENT,True,ALLOWED,0.548747,1,2096.5,SUBSCRIPTION_FAILURE,2026-08-13 12:50:41,CUS_001041,MER_00013,2096.5,INR,CARD,MOBILE,AT_RISK,,0,35.4,0,False,False,561,15,1,0.518747,1068,32,29,3,0.9062,5352.8,0.9453,43,CARD,TRAVEL,SMALL,3031.81,0.8747,0.1253,12,3,8
EVT_00006506,ALTERNATIVE_PAYMENT,True,ALLOWED,0.405541,1,4496.91,PAYMENT_FAILURE,2026-08-18 15:41:58,CUS_000263,MER_00055,4496.91,INR,UPI,DESKTOP,FAILED,ISSUER_DECLINE,0,56.03,0,False,False,0,0,0,0.225541,470,3,2,1,0.6667,4597.86,0.9154,64,CARD,DIGITAL_SERVICES,LARGE,4613.21,0.7204,0.2796,15,1,8
EVT_00006525,RETRY_LATER,True,ALLOWED,0.416092,1,6313.9,PAYMENT_FAILURE,2026-08-09 23:38:51,CUS_001315,MER_00185,6313.9,INR,UPI,MOBILE,FAILED,EXPIRED_PAYMENT_METHOD,0,62.3,0,False,False,0,0,0,0.466092,1356,32,29,3,0.9062,5864.36,0.9763,35,UPI,TRAVEL,SMALL,6499.82,0.9334,0.0666,23,6,8
EVT_00006533,RETRY_LATER,True,ALLOWED,0.792636,1,937.09,PAYMENT_FAILURE,2026-08-21 02:40:59,CUS_001809,MER_00082,937.09,INR,UPI,MOBILE,FAILED,TIMEOUT,0,12.02,0,False,False,0,0,0,0.672636,162,41,41,0,1.0,2758.82,0.9191,15,NETBANKING,DIGITAL_SERVICES,SMALL,5119.5,0.9572,0.0428,2,4,8
EVT_00006544,RETRY_LATER,True,ALLOWED,0.634728,1,3524.84,PAYMENT_FAILURE,2026-08-29 18:53:23,CUS_000468,MER_00091,3524.84,INR,UPI,DESKTOP,FAILED,BANK_TECHNICAL_ERROR,1,45.42,0,False,False,0,0,0,0.614728,906,54,52,2,0.963,4502.79,0.7776,70,CARD,EDUCATION,SMALL,20175.16,0.9906,0.0094,18,5,8
EVT_00006551,RETRY_LATER,True,ALLOWED,0.547962,0,0.0,PAYMENT_FAILURE,2026-08-10 00:39:04,CUS_001503,MER_00017,2096.61,INR,CARD,MOBILE,FAILED,NETWORK_ERROR,1,34.45,0,False,False,0,0,0,0.527962,366,25,22,3,0.88,1669.44,0.7118,14,NETBANKING,E_COMMERCE,SMALL,2871.65,0.97,0.03,0,0,8
EVT_00006552,RETRY_LATER,True,ALLOWED,0.540336,1,20570.36,SUBSCRIPTION_FAILURE,2026-08-02 22:47:05,CUS_000666,MER_00097,20570.36,INR,NETBANKING,MOBILE,AT_RISK,,0,1.42,0,False,False,789,6,1,0.590336,1051,43,41,2,0.9535,10457.13,0.6602,89,UPI,E_COMMERCE,LARGE,5194.38,0.918,0.082,22,6,8
EVT_00006564,ALTERNATIVE_PAYMENT,True,ALLOWED,0.813915,1,16202.87,CHECKOUT_ABANDONMENT,2026-08-02 16:52:53,CUS_000281,MER_00109,16202.87,INR,UPI,TABLET,AT_RISK,,0,59.75,439,True,True,0,0,0,0.783915,435,61,59,2,0.9672,11455.2,0.8421,9,CARD,E_COMMERCE,SMALL,4316.36,0.9135,0.0865,16,6,8
EVT_00006578,RETRY_LATER,True,ALLOWED,0.62093,1,584.44,CHECKOUT_ABANDONMENT,2026-08-14 19:38:00,CUS_000099,MER_00120,584.44,INR,CARD,MOBILE,AT_RISK,,0,12.81,24,True,False,0,0,0,0.67093,966,60,50,10,0.8333,767.57,0.696,47,UPI,E_COMMERCE,SMALL,2459.82,0.952,0.048,19,4,8
EVT_00006604,RETRY_LATER,True,ALLOWED,0.704913,1,1428.84,CHECKOUT_ABANDONMENT,2026-08-24 05:47:15,CUS_000596,MER_00044,1428.84,INR,CARD,MOBILE,AT_RISK,,0,71.61,528,True,False,0,0,0,0.754913,1208,14,13,1,0.9286,1302.31,0.5532,17,UPI,TRAVEL,LARGE,2229.13,0.966,0.034,5,0,8
EVT_00006613,RETRY_LATER,True,ALLOWED,0.663612,1,1935.97,CHECKOUT_ABANDONMENT,2026-08-29 20:49:49,CUS_001906,MER_00183,1935.97,INR,NETBANKING,DESKTOP,AT_RISK,,0,18.61,658,True,True,0,0,0,0.713612,389,61,51,10,0.8361,3508.39,0.6473,47,UPI,DIGITAL_SERVICES,SMALL,7807.06,0.8681,0.1319,20,5,8
EVT_00006630,RETRY_LATER,True,ALLOWED,0.37471,1,4102.03,PAYMENT_FAILURE,2026-08-09 05:28:35,CUS_000464,MER_00015,4102.03,INR,UPI,MOBILE,FAILED,PAYMENT_LIMIT,0,1.93,0,False,False,0,0,0,0.42471,646,47,43,4,0.9149,4930.04,0.6277,67,NETBANKING,EDUCATION,SMALL,2436.77,0.8602,0.1398,5,6,8
EVT_00006635,RETRY_LATER,True,ALLOWED,0.706497,1,5484.45,PAYMENT_FAILURE,2026-08-23 02:18:43,CUS_000039,MER_00138,5484.45,INR,CARD,MOBILE,FAILED,NETWORK_ERROR,0,2.23,0,False,False,0,0,0,0.586497,436,79,66,13,0.8354,1385.78,0.7168,76,UPI,E_COMMERCE,MEDIUM,9578.85,0.8707,0.1293,2,6,8
EVT_00006649,RETRY_LATER,True,ALLOWED,0.657249,1,15820.86,CHECKOUT_ABANDONMENT,2026-08-18 10:00:36,CUS_000223,MER_00004,15820.86,INR,UPI,TABLET,AT_RISK,,0,60.1,630,True,False,0,0,0,0.707249,1064,3,2,1,0.6667,9142.36,0.8044,18,UPI,EDUCATION,MEDIUM,2207.0,0.9735,0.0265,10,1,8
EVT_00006650,RETRY_LATER,True,ALLOWED,0.012168,0,0.0,PAYMENT_FAILURE,2026-08-09 17:29:27,CUS_000882,MER_00130,2157.8,INR,UPI,MOBILE,FAILED,PAYMENT_LIMIT,2,68.13,0,False,False,0,0,0,0.262168,1281,19,17,2,0.8947,1824.33,0.592,53,UPI,FOOD_DELIVERY,MEDIUM,2704.71,0.8833,0.1167,17,6,8
EVT_00006655,ALTERNATIVE_PAYMENT,True,ALLOWED,0.652242,1,4603.36,SUBSCRIPTION_FAILURE,2026-08-18 13:30:03,CUS_001882,MER_00051,4603.36,INR,UPI,TABLET,AT_RISK,,0,7.37,0,False,False,211,8,0,0.622242,418,18,17,1,0.9444,3191.69,0.8801,27,NETBANKING,EDUCATION,MEDIUM,3095.23,0.7393,0.2607,13,1,8
EVT_00006659,RETRY_LATER,True,ALLOWED,0.01,0,0.0,PAYMENT_FAILURE,2026-08-09 13:48:23,CUS_001117,MER_00105,8356.37,INR,UPI,MOBILE,FAILED,ISSUER_DECLINE,2,58.63,0,False,False,0,0,0,0.171841,1493,50,39,11,0.78,6529.95,0.5406,13,UPI,SAAS,LARGE,3288.97,0.911,0.089,13,6,8
EVT_00006671,RETRY_LATER,True,ALLOWED,0.548434,1,845.75,PAYMENT_FAILURE,2026-08-11 10:09:49,CUS_000437,MER_00077,845.75,INR,UPI,MOBILE,FAILED,NETWORK_ERROR,1,60.3,0,False,False,0,0,0,0.528434,863,51,45,6,0.8824,1281.15,0.8053,67,NETBANKING,TRAVEL,MEDIUM,2007.39,0.9835,0.0165,10,1,8
EVT_00006672,HUMAN_ESCALATION,True,ALLOWED,0.329677,1,27989.65,PAYMENT_FAILURE,2026-08-30 18:27:28,CUS_000106,MER_00126,27989.65,INR,CARD,MOBILE,FAILED,EXPIRED_PAYMENT_METHOD,3,4.91,0,False,False,0,0,0,0.229677,1186,22,17,5,0.7727,29672.98,0.5848,10,CARD,DIGITAL_SERVICES,SMALL,2499.99,0.8824,0.1176,18,6,8
EVT_00006674,ALTERNATIVE_PAYMENT,True,ALLOWED,0.632202,1,17457.77,SUBSCRIPTION_FAILURE,2026-08-23 01:13:28,CUS_000851,MER_00055,17457.77,INR,CARD,MOBILE,AT_RISK,,0,49.16,0,False,False,853,19,0,0.602202,1470,16,13,3,0.8125,24542.93,0.771,21,NETBANKING,DIGITAL_SERVICES,LARGE,4613.21,0.7204,0.2796,1,6,8
EVT_00006675,ALTERNATIVE_PAYMENT,True,ALLOWED,0.785503,1,9894.87,CHECKOUT_ABANDONMENT,2026-08-12 00:19:26,CUS_000146,MER_00145,9894.87,INR,UPI,MOBILE,AT_RISK,,0,53.01,203,True,False,0,0,0,0.755503,1284,36,32,4,0.8889,7298.8,0.601,41,UPI,DIGITAL_SERVICES,SMALL,22876.16,0.9386,0.0614,0,2,8
EVT_00006683,RECOVERY_REMINDER,True,ALLOWED,0.380988,1,8943.94,SUBSCRIPTION_FAILURE,2026-08-04 00:19:41,CUS_000694,MER_00040,8943.94,INR,WALLET,DESKTOP,AT_RISK,,0,6.89,0,False,False,610,21,3,0.360988,1420,34,34,0,1.0,21042.32,0.5336,64,UPI,FOOD_DELIVERY,SMALL,7435.86,0.9306,0.0694,0,1,8
EVT_00006692,RETRY_LATER,True,ALLOWED,0.01,0,0.0,PAYMENT_FAILURE,2026-08-09 06:43:43,CUS_000234,MER_00149,5197.65,INR,CARD,MOBILE,FAILED,ISSUER_DECLINE,2,54.69,0,False,False,0,0,0,0.197573,1145,11,10,1,0.9091,2811.47,0.7682,53,NETBANKING,EDUCATION,SMALL,3023.4,0.9223,0.0777,6,6,8
EVT_00006698,RETRY_LATER,True,ALLOWED,0.377647,1,7413.28,PAYMENT_FAILURE,2026-08-09 21:55:20,CUS_000294,MER_00200,7413.28,INR,UPI,MOBILE,FAILED,TIMEOUT,2,13.71,0,False,False,0,0,0,0.457647,517,60,55,5,0.9167,22277.54,0.6359,82,CARD,TRAVEL,LARGE,3303.67,0.795,0.205,21,6,8
EVT_00006709,RETRY_LATER,True,ALLOWED,0.666831,1,1544.75,CHECKOUT_ABANDONMENT,2026-08-07 23:59:11,CUS_000767,MER_00156,1544.75,INR,CARD,MOBILE,AT_RISK,,0,68.34,320,True,False,0,0,0,0.716831,930,30,25,5,0.8333,839.68,0.76,69,CARD,FOOD_DELIVERY,MEDIUM,16696.36,0.898,0.102,23,4,8
EVT_00006714,RETRY_LATER,True,ALLOWED,0.286098,0,0.0,SUBSCRIPTION_FAILURE,2026-08-11 01:29:59,CUS_001129,MER_00133,1262.8,INR,UPI,MOBILE,AT_RISK,,0,48.69,0,False,False,456,9,2,0.336098,847,40,30,10,0.75,4272.04,0.7932,46,UPI,TRAVEL,SMALL,4316.96,0.7958,0.2042,1,1,8
EVT_00006715,ALTERNATIVE_PAYMENT,True,ALLOWED,0.671928,1,6079.33,PAYMENT_FAILURE,2026-08-18 03:23:43,CUS_000625,MER_00098,6079.33,INR,UPI,MOBILE,FAILED,BANK_TECHNICAL_ERROR,0,22.98,0,False,False,0,0,0,0.641928,918,73,62,11,0.8493,3465.28,0.6569,13,CARD,DIGITAL_SERVICES,SMALL,599.1,0.88,0.12,3,1,8
EVT_00006719,RETRY_LATER,True,ALLOWED,0.644209,1,417.04,CHECKOUT_ABANDONMENT,2026-08-15 11:56:52,CUS_000315,MER_00098,417.04,INR,CARD,MOBILE,AT_RISK,,0,55.17,527,True,False,0,0,0,0.694209,388,18,14,4,0.7778,434.87,0.5933,88,CARD,DIGITAL_SERVICES,SMALL,599.1,0.88,0.12,11,5,8
EVT_00006720,ALTERNATIVE_PAYMENT,True,ALLOWED,0.322314,1,3017.66,SUBSCRIPTION_FAILURE,2026-08-18 20:04:18,CUS_000554,MER_00193,3017.66,INR,UPI,MOBILE,AT_RISK,,0,9.63,0,False,False,114,3,2,0.292314,497,16,15,1,0.9375,5711.66,0.7739,37,UPI,DIGITAL_SERVICES,MEDIUM,8184.15,0.9805,0.0195,20,1,8
EVT_00006732,RETRY_LATER,True,ALLOWED,0.690282,1,7711.52,CHECKOUT_ABANDONMENT,2026-08-04 15:40:41,CUS_001084,MER_00195,7711.52,INR,CARD,MOBILE,AT_RISK,,0,57.85,553,True,False,0,0,0,0.740282,847,20,17,3,0.85,5354.49,0.7029,79,UPI,TRAVEL,LARGE,10413.1,0.9379,0.0621,15,1,8
EVT_00006736,RECOVERY_REMINDER,True,ALLOWED,0.249919,1,3110.08,PAYMENT_FAILURE,2026-08-01 16:28:59,CUS_001132,MER_00092,3110.08,INR,NETBANKING,DESKTOP,FAILED,INSUFFICIENT_BALANCE,2,13.13,0,False,False,0,0,0,0.229919,1015,37,33,4,0.8919,5410.66,0.6068,27,NETBANKING,E_COMMERCE,SMALL,2690.26,0.8466,0.1534,16,5,8
EVT_00006737,RETRY_LATER,True,ALLOWED,0.045671,0,0.0,PAYMENT_FAILURE,2026-08-23 23:48:39,CUS_000729,MER_00111,4539.23,INR,UPI,MOBILE,FAILED,PAYMENT_LIMIT,2,25.56,0,False,False,0,0,0,0.295671,747,46,45,1,0.9783,7993.93,0.8019,7,UPI,SAAS,SMALL,5915.71,0.9052,0.0948,23,6,8
EVT_00006744,RETRY_LATER,True,ALLOWED,0.274414,1,1178.8,PAYMENT_FAILURE,2026-08-05 03:15:07,CUS_001003,MER_00157,1178.8,INR,UPI,DESKTOP,FAILED,ISSUER_DECLINE,0,37.26,0,False,False,0,0,0,0.324414,850,74,70,4,0.9459,3718.44,0.567,23,UPI,E_COMMERCE,MEDIUM,5657.2,0.8635,0.1365,3,2,8
EVT_00006747,ALTERNATIVE_PAYMENT,True,ALLOWED,0.517157,1,4919.68,PAYMENT_FAILURE,2026-08-07 09:37:49,CUS_000328,MER_00121,4919.68,INR,UPI,MOBILE,FAILED,BANK_TECHNICAL_ERROR,2,48.72,0,False,False,0,0,0,0.487157,84,14,13,1,0.9286,8674.76,0.9066,25,CARD,SAAS,SMALL,4761.05,0.8269,0.1731,9,4,8
EVT_00006755,RECOVERY_REMINDER,True,ALLOWED,0.878388,1,2719.87,CHECKOUT_ABANDONMENT,2026-08-17 14:36:47,CUS_001405,MER_00008,2719.87,INR,WALLET,MOBILE,AT_RISK,,0,40.62,160,True,False,0,0,0,0.728388,290,31,27,4,0.871,3013.84,0.9196,21,UPI,DIGITAL_SERVICES,MEDIUM,6017.04,0.8847,0.1153,14,0,8
EVT_00006759,RETRY_LATER,True,ALLOWED,0.428735,1,7226.17,PAYMENT_FAILURE,2026-08-06 10:34:22,CUS_001288,MER_00081,7226.17,INR,WALLET,MOBILE,FAILED,TIMEOUT,2,36.06,0,False,False,0,0,0,0.508735,374,16,16,0,1.0,11312.53,0.8933,65,UPI,FOOD_DELIVERY,MEDIUM,42052.11,0.8971,0.1029,10,3,8
EVT_00006760,RETRY_LATER,True,ALLOWED,0.5242,1,1321.23,PAYMENT_FAILURE,2026-08-02 19:39:52,CUS_001879,MER_00069,1321.23,INR,UPI,MOBILE,FAILED,NETWORK_ERROR,1,71.04,0,False,False,0,0,0,0.5042,1098,15,14,1,0.9333,2335.88,0.8142,35,UPI,E_COMMERCE,SMALL,12615.7,0.7608,0.2392,19,6,8
EVT_00006769,ALTERNATIVE_PAYMENT,True,ALLOWED,0.611675,1,2529.95,PAYMENT_FAILURE,2026-08-11 07:47:14,CUS_001226,MER_00117,2529.95,INR,CARD,DESKTOP,FAILED,EXPIRED_PAYMENT_METHOD,0,69.76,0,False,False,0,0,0,0.431675,1455,61,54,7,0.8852,6356.37,0.8705,44,UPI,TRAVEL,SMALL,11500.96,0.8461,0.1539,7,1,8
EVT_00006771,ALTERNATIVE_PAYMENT,True,ALLOWED,0.450165,1,3405.24,PAYMENT_FAILURE,2026-08-27 07:57:47,CUS_001955,MER_00109,3405.24,INR,UPI,DESKTOP,FAILED,INSUFFICIENT_BALANCE,0,37.57,0,False,False,0,0,0,0.420165,1457,47,46,1,0.9787,2403.26,0.7006,17,UPI,E_COMMERCE,SMALL,4316.36,0.9135,0.0865,7,3,8
EVT_00006775,RETRY_LATER,True,ALLOWED,0.257561,0,0.0,SUBSCRIPTION_FAILURE,2026-08-15 16:02:32,CUS_000631,MER_00087,2149.19,INR,UPI,DESKTOP,AT_RISK,,0,3.2,0,False,False,333,9,3,0.307561,1113,74,69,5,0.9324,2620.16,0.5423,21,CARD,TRAVEL,MEDIUM,26627.4,0.8417,0.1583,16,5,8
EVT_00006776,RETRY_LATER,True,ALLOWED,0.590143,1,1145.47,SUBSCRIPTION_FAILURE,2026-08-23 09:12:36,CUS_001182,MER_00088,1145.47,INR,NETBANKING,MOBILE,AT_RISK,,0,52.93,0,False,False,449,15,0,0.640143,1393,16,15,1,0.9375,2454.66,0.5775,48,NETBANKING,SAAS,MEDIUM,2014.49,0.8916,0.1084,9,6,8
EVT_00006779,RETRY_LATER,True,ALLOWED,0.148106,1,36795.59,PAYMENT_FAILURE,2026-08-08 02:10:58,CUS_000241,MER_00181,36795.59,INR,NETBANKING,MOBILE,FAILED,ISSUER_DECLINE,1,4.99,0,False,False,0,0,0,0.298106,236,18,16,2,0.8889,18473.96,0.8344,21,UPI,TRAVEL,SMALL,3734.39,0.8092,0.1908,2,5,8
EVT_00006783,HUMAN_ESCALATION,True,ALLOWED,0.24537,1,2199.6,PAYMENT_FAILURE,2026-08-07 16:45:27,CUS_000242,MER_00173,2199.6,INR,NETBANKING,MOBILE,FAILED,TIMEOUT,3,24.93,0,False,False,0,0,0,0.34537,888,53,42,11,0.7925,2368.84,0.971,44,CARD,DIGITAL_SERVICES,MEDIUM,866.54,0.9435,0.0565,16,4,8
EVT_00006784,RETRY_LATER,True,ALLOWED,0.392546,1,4322.24,PAYMENT_FAILURE,2026-08-26 21:31:05,CUS_000519,MER_00057,4322.24,INR,UPI,MOBILE,FAILED,TIMEOUT,2,41.26,0,False,False,0,0,0,0.472546,728,12,11,1,0.9167,4096.44,0.9102,32,UPI,E_COMMERCE,MEDIUM,11931.59,0.9085,0.0915,21,2,8
EVT_00006787,RETRY_LATER,True,ALLOWED,0.33539,1,10641.71,PAYMENT_FAILURE,2026-08-16 14:41:53,CUS_000758,MER_00017,10641.71,INR,CARD,MOBILE,FAILED,INSUFFICIENT_BALANCE,0,11.4,0,False,False,0,0,0,0.38539,593,51,41,10,0.8039,11338.35,0.8664,32,CARD,E_COMMERCE,SMALL,2871.65,0.97,0.03,14,6,8
EVT_00006788,ALTERNATIVE_PAYMENT,True,ALLOWED,0.457186,1,2105.94,SUBSCRIPTION_FAILURE,2026-08-26 05:05:54,CUS_000568,MER_00105,2105.94,INR,NETBANKING,MOBILE,AT_RISK,,0,10.53,0,False,False,344,6,2,0.427186,396,51,48,3,0.9412,3248.96,0.7235,74,UPI,SAAS,LARGE,3288.97,0.911,0.089,5,2,8
EVT_00006802,ALTERNATIVE_PAYMENT,True,ALLOWED,0.462643,1,2601.34,PAYMENT_FAILURE,2026-08-05 16:24:39,CUS_001257,MER_00037,2601.34,INR,CARD,DESKTOP,FAILED,TIMEOUT,2,59.05,0,False,False,0,0,0,0.432643,356,14,11,3,0.7857,3472.53,0.5148,24,CARD,E_COMMERCE,SMALL,979.69,0.9742,0.0258,16,2,8
EVT_00006804,RETRY_LATER,True,ALLOWED,0.394145,1,1845.5,PAYMENT_FAILURE,2026-08-06 20:18:14,CUS_001078,MER_00028,1845.5,INR,UPI,MOBILE,FAILED,EXPIRED_PAYMENT_METHOD,0,24.22,0,False,False,0,0,0,0.444145,273,65,59,6,0.9077,5776.61,0.9407,45,CARD,RETAIL,SMALL,5325.69,0.8758,0.1242,20,3,8
EVT_00006806,ALTERNATIVE_PAYMENT,True,ALLOWED,0.585077,1,1014.55,PAYMENT_FAILURE,2026-08-29 23:29:28,CUS_000776,MER_00002,1014.55,INR,CARD,MOBILE,FAILED,PAYMENT_LIMIT,0,44.44,0,False,False,0,0,0,0.405077,1428,24,21,3,0.875,1726.51,0.7776,49,UPI,E_COMMERCE,LARGE,9205.47,0.8725,0.1275,23,5,8
EVT_00006816,RECOVERY_REMINDER,True,ALLOWED,0.41821,1,16796.18,PAYMENT_FAILURE,2026-08-15 01:47:00,CUS_001254,MER_00111,16796.18,INR,UPI,DESKTOP,FAILED,INSUFFICIENT_BALANCE,0,24.92,0,False,False,0,0,0,0.39821,1196,30,25,5,0.8333,18524.74,0.5681,31,CARD,SAAS,SMALL,5915.71,0.9052,0.0948,1,5,8
EVT_00006823,ALTERNATIVE_PAYMENT,True,ALLOWED,0.552566,1,27316.65,PAYMENT_FAILURE,2026-08-14 07:27:14,CUS_000496,MER_00016,27316.65,INR,CARD,DESKTOP,FAILED,TIMEOUT,2,8.25,0,False,False,0,0,0,0.522566,636,17,15,2,0.8824,13106.89,0.9168,37,NETBANKING,DIGITAL_SERVICES,MEDIUM,5120.98,0.9357,0.0643,7,4,8
EVT_00006824,RETRY_LATER,True,ALLOWED,0.254887,1,739.7,SUBSCRIPTION_FAILURE,2026-08-30 20:17:13,CUS_000785,MER_00026,739.7,INR,CARD,DESKTOP,AT_RISK,,0,2.51,0,False,False,711,11,3,0.304887,732,73,70,3,0.9589,1356.49,0.6299,58,CARD,SAAS,LARGE,6343.17,0.7939,0.2061,20,6,8
EVT_00006827,ALTERNATIVE_PAYMENT,True,ALLOWED,0.760108,1,3535.21,CHECKOUT_ABANDONMENT,2026-08-03 15:51:46,CUS_000762,MER_00074,3535.21,INR,CARD,DESKTOP,AT_RISK,,0,64.51,326,True,False,0,0,0,0.730108,842,35,29,6,0.8286,3177.07,0.5135,33,NETBANKING,FOOD_DELIVERY,MEDIUM,5401.12,0.9649,0.0351,15,0,8
EVT_00006836,RETRY_LATER,True,ALLOWED,0.755003,1,3225.08,PAYMENT_FAILURE,2026-08-28 00:53:34,CUS_000418,MER_00169,3225.08,INR,NETBANKING,MOBILE,FAILED,BANK_TECHNICAL_ERROR,0,60.24,0,False,False,0,0,0,0.635003,209,21,17,4,0.8095,2877.63,0.5336,8,CARD,FOOD_DELIVERY,SMALL,4115.41,0.9528,0.0472,0,4,8
EVT_00006858,ALTERNATIVE_PAYMENT,True,ALLOWED,0.60827,1,4062.88,PAYMENT_FAILURE,2026-08-29 20:21:41,CUS_000511,MER_00127,4062.88,INR,NETBANKING,DESKTOP,FAILED,EXPIRED_PAYMENT_METHOD,0,1.76,0,False,False,0,0,0,0.42827,1492,16,14,2,0.875,3107.34,0.7945,16,UPI,SAAS,MEDIUM,11305.04,0.8287,0.1713,20,5,8
EVT_00006868,RETRY_LATER,True,ALLOWED,0.834169,1,31492.08,PAYMENT_FAILURE,2026-08-18 16:48:14,CUS_000770,MER_00094,31492.08,INR,UPI,DESKTOP,FAILED,BANK_TECHNICAL_ERROR,0,41.65,0,False,False,0,0,0,0.714169,583,76,66,10,0.8684,28796.73,0.8613,7,UPI,DIGITAL_SERVICES,SMALL,1903.89,0.9415,0.0585,16,1,8
EVT_00006874,ALTERNATIVE_PAYMENT,True,ALLOWED,0.715821,1,1777.19,CHECKOUT_ABANDONMENT,2026-08-19 15:02:23,CUS_000481,MER_00113,1777.19,INR,CARD,DESKTOP,AT_RISK,,0,18.61,517,True,False,0,0,0,0.685821,453,52,40,12,0.7692,2389.11,0.6748,78,UPI,DIGITAL_SERVICES,MEDIUM,844.23,0.8301,0.1699,15,2,8
EVT_00006884,RECOVERY_REMINDER,True,ALLOWED,0.274177,1,2940.48,PAYMENT_FAILURE,2026-08-20 07:28:31,CUS_001291,MER_00010,2940.48,INR,UPI,MOBILE,FAILED,INSUFFICIENT_BALANCE,2,28.81,0,False,False,0,0,0,0.254177,373,32,29,3,0.9062,5861.38,0.8211,14,CARD,DIGITAL_SERVICES,MEDIUM,15078.75,0.9873,0.0127,7,3,8
EVT_00006886,HUMAN_ESCALATION,True,ALLOWED,0.299735,1,2455.09,SUBSCRIPTION_FAILURE,2026-08-08 16:19:05,CUS_001492,MER_00165,2455.09,INR,UPI,DESKTOP,AT_RISK,,0,30.29,0,False,False,109,20,2,0.399735,749,51,46,5,0.902,3705.23,0.7041,41,UPI,SAAS,SMALL,10559.09,0.8386,0.1614,16,5,8
EVT_00006896,RETRY_LATER,True,ALLOWED,0.753924,1,21743.99,CHECKOUT_ABANDONMENT,2026-08-10 08:56:04,CUS_000537,MER_00016,21743.99,INR,UPI,MOBILE,AT_RISK,,0,2.87,469,True,False,0,0,0,0.803924,699,26,26,0,1.0,6722.04,0.9495,80,UPI,DIGITAL_SERVICES,MEDIUM,5120.98,0.9357,0.0643,8,0,8
EVT_00006915,HUMAN_ESCALATION,True,ALLOWED,0.114931,1,1229.26,PAYMENT_FAILURE,2026-08-09 11:21:14,CUS_001049,MER_00024,1229.26,INR,UPI,MOBILE,FAILED,EXPIRED_PAYMENT_METHOD,3,11.68,0,False,False,0,0,0,0.214931,1012,14,12,2,0.8571,2265.92,0.3675,54,CARD,DIGITAL_SERVICES,SMALL,6952.02,0.952,0.048,11,6,8
EVT_00006945,RETRY_LATER,True,ALLOWED,0.028723,0,0.0,PAYMENT_FAILURE,2026-08-05 11:01:12,CUS_001719,MER_00106,2658.32,INR,UPI,MOBILE,FAILED,EXPIRED_PAYMENT_METHOD,2,4.96,0,False,False,0,0,0,0.278723,637,54,46,8,0.8519,1627.69,0.5009,31,UPI,SAAS,SMALL,2564.56,0.9372,0.0628,11,2,8
EVT_00006962,RETRY_LATER,True,ALLOWED,0.168305,0,0.0,PAYMENT_FAILURE,2026-08-10 21:28:00,CUS_001923,MER_00060,6134.94,INR,UPI,MOBILE,FAILED,PAYMENT_LIMIT,1,16.93,0,False,False,0,0,0,0.318305,1243,38,29,9,0.7632,5392.31,0.8944,19,CARD,FOOD_DELIVERY,LARGE,5310.7,0.9841,0.0159,21,0,8
EVT_00006979,ALTERNATIVE_PAYMENT,True,ALLOWED,0.420012,1,1781.78,PAYMENT_FAILURE,2026-08-21 11:26:35,CUS_000608,MER_00071,1781.78,INR,CARD,MOBILE,FAILED,BANK_TECHNICAL_ERROR,3,58.48,0,False,False,0,0,0,0.390012,785,21,19,2,0.9048,2526.63,0.9026,55,NETBANKING,TRAVEL,MEDIUM,1476.19,0.8534,0.1466,11,4,8
EVT_00006984,ALTERNATIVE_PAYMENT,True,ALLOWED,0.447312,1,11497.67,PAYMENT_FAILURE,2026-08-17 06:24:35,CUS_001053,MER_00178,11497.67,INR,CARD,MOBILE,FAILED,ISSUER_DECLINE,0,37.44,0,False,False,0,0,0,0.267312,767,60,39,21,0.65,4609.79,0.7089,62,UPI,EDUCATION,SMALL,7809.93,0.9459,0.0541,6,0,8
EVT_00006990,RECOVERY_REMINDER,True,ALLOWED,0.581782,1,6284.56,PAYMENT_FAILURE,2026-08-23 05:54:40,CUS_001540,MER_00083,6284.56,INR,UPI,DESKTOP,FAILED,NETWORK_ERROR,1,66.63,0,False,False,0,0,0,0.561782,941,66,63,3,0.9545,2334.52,0.8612,36,UPI,FOOD_DELIVERY,MEDIUM,6899.34,0.9485,0.0515,5,6,8
EVT_00006991,RETRY_LATER,True,ALLOWED,0.565414,1,4199.97,PAYMENT_FAILURE,2026-08-04 16:24:35,CUS_001891,MER_00132,4199.97,INR,UPI,TABLET,FAILED,BANK_TECHNICAL_ERROR,1,65.01,0,False,False,0,0,0,0.545414,302,45,38,7,0.8444,2599.29,0.6386,46,CARD,RETAIL,MEDIUM,27235.71,0.8482,0.1518,16,1,8
EVT_00007000,ALTERNATIVE_PAYMENT,True,ALLOWED,0.743875,1,3186.09,CHECKOUT_ABANDONMENT,2026-08-10 13:39:41,CUS_000285,MER_00055,3186.09,INR,UPI,DESKTOP,AT_RISK,,0,55.19,633,True,False,0,0,0,0.713875,678,54,49,5,0.9074,1502.12,0.6401,6,NETBANKING,DIGITAL_SERVICES,LARGE,4613.21,0.7204,0.2796,13,0,8
EVT_00007003,RETRY_LATER,True,ALLOWED,0.671548,1,2300.53,CHECKOUT_ABANDONMENT,2026-08-12 08:02:26,CUS_000075,MER_00063,2300.53,INR,UPI,DESKTOP,AT_RISK,,0,61.97,756,True,False,0,0,0,0.721548,1039,56,50,6,0.8929,2063.94,0.6972,49,CARD,E_COMMERCE,SMALL,3066.57,0.806,0.194,8,2,8
EVT_00007004,RETRY_LATER,True,ALLOWED,0.429169,1,5829.75,SUBSCRIPTION_FAILURE,2026-08-06 11:39:16,CUS_001710,MER_00081,5829.75,INR,WALLET,MOBILE,AT_RISK,,0,66.6,0,False,False,332,2,0,0.479169,341,68,61,7,0.8971,13874.83,0.547,53,UPI,FOOD_DELIVERY,MEDIUM,42052.11,0.8971,0.1029,11,3,8
EVT_00007010,ALTERNATIVE_PAYMENT,True,ALLOWED,0.402236,1,2321.37,PAYMENT_FAILURE,2026-08-29 18:57:58,CUS_000001,MER_00063,2321.37,INR,WALLET,TABLET,FAILED,TIMEOUT,3,18.54,0,False,False,0,0,0,0.372236,161,70,66,4,0.9429,4196.46,0.5433,23,UPI,E_COMMERCE,SMALL,3066.57,0.806,0.194,18,5,8
EVT_00007015,RETRY_LATER,True,ALLOWED,0.754902,1,33868.73,CHECKOUT_ABANDONMENT,2026-08-18 09:41:14,CUS_001327,MER_00007,33868.73,INR,CARD,MOBILE,AT_RISK,,0,5.22,795,True,False,0,0,0,0.804902,1028,13,12,1,0.9231,20602.96,0.7416,21,CARD,EDUCATION,SMALL,5075.52,0.9361,0.0639,9,1,8
EVT_00007046,ALTERNATIVE_PAYMENT,True,ALLOWED,0.740029,1,897.69,CHECKOUT_ABANDONMENT,2026-08-30 18:16:55,CUS_000774,MER_00156,897.69,INR,NETBANKING,DESKTOP,AT_RISK,,0,14.94,20,True,False,0,0,0,0.710029,1085,56,55,1,0.9821,1394.33,0.8476,71,UPI,FOOD_DELIVERY,MEDIUM,16696.36,0.898,0.102,18,6,8
EVT_00007049,RECOVERY_REMINDER,True,ALLOWED,0.75455,1,1637.95,CHECKOUT_ABANDONMENT,2026-08-20 00:07:24,CUS_001691,MER_00179,1637.95,INR,UPI,MOBILE,AT_RISK,,0,57.43,24,True,False,0,0,0,0.60455,1165,32,23,9,0.7188,2453.35,0.9243,33,CARD,DIGITAL_SERVICES,SMALL,4183.78,0.7936,0.2064,0,3,8
EVT_00007058,RETRY_LATER,True,ALLOWED,0.187394,0,0.0,PAYMENT_FAILURE,2026-08-29 17:00:35,CUS_001328,MER_00069,2049.22,INR,UPI,MOBILE,FAILED,ISSUER_DECLINE,0,10.12,0,False,False,0,0,0,0.237394,154,17,12,5,0.7059,1279.02,0.9167,56,CARD,E_COMMERCE,SMALL,12615.7,0.7608,0.2392,17,5,8
EVT_00007061,HUMAN_ESCALATION,True,ALLOWED,0.275308,1,4848.02,PAYMENT_FAILURE,2026-08-18 22:23:46,CUS_001212,MER_00006,4848.02,INR,CARD,DESKTOP,FAILED,TIMEOUT,3,32.45,0,False,False,0,0,0,0.375308,1179,22,20,2,0.9091,2472.79,0.7338,32,CARD,SAAS,SMALL,11987.91,0.8542,0.1458,22,1,8
EVT_00007064,RETRY_LATER,True,ALLOWED,0.801008,1,13108.85,PAYMENT_FAILURE,2026-08-07 02:53:35,CUS_001961,MER_00123,13108.85,INR,UPI,DESKTOP,FAILED,TIMEOUT,0,36.63,0,False,False,0,0,0,0.681008,1264,75,72,3,0.96,3939.72,0.5925,36,NETBANKING,EDUCATION,SMALL,1684.78,0.9279,0.0721,2,4,8
EVT_00007081,RETRY_LATER,True,ALLOWED,0.473716,1,3453.48,CHECKOUT_ABANDONMENT,2026-08-02 21:04:14,CUS_001084,MER_00103,3453.48,INR,CARD,MOBILE,AT_RISK,,0,9.84,569,False,False,0,0,0,0.523716,847,20,17,3,0.85,5354.49,0.7029,79,UPI,FOOD_DELIVERY,SMALL,12886.43,0.9255,0.0745,21,6,8
EVT_00007085,RETRY_LATER,True,ALLOWED,0.352562,0,0.0,PAYMENT_FAILURE,2026-08-10 00:27:06,CUS_000675,MER_00141,3134.96,INR,UPI,MOBILE,FAILED,PAYMENT_LIMIT,0,57.08,0,False,False,0,0,0,0.402562,944,74,70,4,0.9459,8866.54,0.496,43,CARD,E_COMMERCE,MEDIUM,5168.9,0.7,0.3,0,0,8
EVT_00007090,RETRY_LATER,True,ALLOWED,0.622065,1,1943.89,CHECKOUT_ABANDONMENT,2026-08-02 09:17:12,CUS_001490,MER_00057,1943.89,INR,CARD,MOBILE,AT_RISK,,0,11.26,879,True,False,0,0,0,0.672065,777,57,39,18,0.6842,2025.89,0.6795,20,UPI,E_COMMERCE,MEDIUM,11931.59,0.9085,0.0915,9,6,8
EVT_00007094,HUMAN_ESCALATION,True,ALLOWED,0.396797,1,3359.77,PAYMENT_FAILURE,2026-08-29 09:23:28,CUS_000638,MER_00086,3359.77,INR,NETBANKING,DESKTOP,FAILED,NETWORK_ERROR,1,44.59,0,False,False,0,0,0,0.496797,466,59,46,13,0.7797,1819.17,0.5042,7,UPI,EDUCATION,LARGE,4399.36,0.9863,0.0137,9,5,8
EVT_00007100,RECOVERY_REMINDER,True,ALLOWED,0.608922,1,3069.28,PAYMENT_FAILURE,2026-08-01 13:05:24,CUS_000702,MER_00170,3069.28,INR,CARD,MOBILE,FAILED,NETWORK_ERROR,0,53.04,0,False,False,0,0,0,0.588922,935,63,55,8,0.873,4583.31,0.7397,5,NETBANKING,EDUCATION,LARGE,584.64,0.8429,0.1571,13,5,8
EVT_00007113,RETRY_LATER,True,ALLOWED,0.66385,1,1846.85,CHECKOUT_ABANDONMENT,2026-08-19 12:56:24,CUS_001446,MER_00069,1846.85,INR,CARD,MOBILE,AT_RISK,,0,64.51,598,True,True,0,0,0,0.71385,82,57,51,6,0.8947,4812.35,0.596,14,UPI,E_COMMERCE,SMALL,12615.7,0.7608,0.2392,12,2,8
EVT_00007116,RETRY_LATER,True,ALLOWED,0.400238,1,6409.03,PAYMENT_FAILURE,2026-08-13 21:53:31,CUS_001317,MER_00160,6409.03,INR,UPI,MOBILE,FAILED,EXPIRED_PAYMENT_METHOD,0,31.9,0,False,False,0,0,0,0.450238,1073,50,44,6,0.88,3667.11,0.9415,10,NETBANKING,RETAIL,MEDIUM,70458.78,0.9015,0.0985,21,3,8
EVT_00007118,RETRY_LATER,True,ALLOWED,0.01,0,0.0,PAYMENT_FAILURE,2026-08-02 02:17:32,CUS_001508,MER_00059,10538.36,INR,UPI,MOBILE,FAILED,ISSUER_DECLINE,2,12.89,0,False,False,0,0,0,0.209728,735,65,60,5,0.9231,17433.71,0.927,48,UPI,DIGITAL_SERVICES,SMALL,6166.34,0.923,0.077,2,6,8
EVT_00007126,ALTERNATIVE_PAYMENT,True,ALLOWED,0.427329,1,3588.13,PAYMENT_FAILURE,2026-08-02 20:45:57,CUS_001734,MER_00111,3588.13,INR,UPI,MOBILE,FAILED,INSUFFICIENT_BALANCE,0,34.68,0,False,False,0,0,0,0.397329,1302,74,68,6,0.9189,4486.78,0.6791,30,NETBANKING,SAAS,SMALL,5915.71,0.9052,0.0948,20,6,8
EVT_00007133,ALTERNATIVE_PAYMENT,True,ALLOWED,0.684283,1,747.88,PAYMENT_FAILURE,2026-08-11 01:23:09,CUS_000700,MER_00030,747.88,INR,CARD,MOBILE,FAILED,BANK_TECHNICAL_ERROR,0,32.44,0,False,False,0,0,0,0.654283,169,10,9,1,0.9,636.17,0.7032,28,CARD,TRAVEL,LARGE,789.69,0.9193,0.0807,1,1,8
EVT_00007137,RETRY_LATER,False,RETRY_LIMIT_REACHED,0.0,0,0.0,PAYMENT_FAILURE,2026-08-02 23:48:48,CUS_000568,MER_00197,1530.19,INR,UPI,MOBILE,FAILED,ISSUER_DECLINE,3,64.32,0,False,False,0,0,0,0.151627,396,51,48,3,0.9412,3248.96,0.7235,74,UPI,E_COMMERCE,SMALL,1239.03,0.945,0.055,23,6,8
EVT_00007148,RETRY_LATER,True,ALLOWED,0.229016,0,0.0,SUBSCRIPTION_FAILURE,2026-08-22 17:34:08,CUS_000185,MER_00093,5065.11,INR,CARD,MOBILE,AT_RISK,,0,52.16,0,False,False,698,3,2,0.279016,758,51,46,5,0.902,5206.09,0.7335,26,UPI,RETAIL,MEDIUM,968.76,0.94,0.06,17,5,8
EVT_00007152,RETRY_LATER,False,RETRY_LIMIT_REACHED,0.0,0,0.0,PAYMENT_FAILURE,2026-08-15 19:34:06,CUS_001086,MER_00071,9363.32,INR,CARD,DESKTOP,FAILED,EXPIRED_PAYMENT_METHOD,3,58.31,0,False,False,0,0,0,0.199568,1263,29,23,6,0.7931,5593.63,0.5499,13,UPI,TRAVEL,MEDIUM,1476.19,0.8534,0.1466,19,5,8
EVT_00007164,RETRY_LATER,True,ALLOWED,0.112239,0,0.0,PAYMENT_FAILURE,2026-08-01 19:28:07,CUS_001269,MER_00033,439.65,INR,CARD,MOBILE,FAILED,ISSUER_DECLINE,1,16.75,0,False,False,0,0,0,0.262239,1431,11,11,0,1.0,731.52,0.9195,27,UPI,RETAIL,SMALL,1741.31,0.8328,0.1672,19,5,8
EVT_00007176,RETRY_LATER,False,RETRY_LIMIT_REACHED,0.0,0,0.0,PAYMENT_FAILURE,2026-08-10 16:10:30,CUS_000634,MER_00144,4319.4,INR,UPI,MOBILE,FAILED,NETWORK_ERROR,3,9.69,0,False,False,0,0,0,0.340799,587,45,40,5,0.8889,3980.61,0.2874,75,UPI,E_COMMERCE,SMALL,11138.28,0.8359,0.1641,16,0,8
EVT_00007179,RETRY_LATER,True,ALLOWED,0.50811,1,21023.5,SUBSCRIPTION_FAILURE,2026-08-14 16:09:41,CUS_000328,MER_00070,21023.5,INR,WALLET,TABLET,AT_RISK,,0,21.79,0,False,False,376,13,1,0.55811,84,14,13,1,0.9286,8674.76,0.9066,25,CARD,DIGITAL_SERVICES,SMALL,32979.79,0.7942,0.2058,16,4,8
EVT_00007184,RECOVERY_REMINDER,True,ALLOWED,0.416301,1,14714.78,SUBSCRIPTION_FAILURE,2026-08-28 05:46:29,CUS_000497,MER_00063,14714.78,INR,UPI,DESKTOP,AT_RISK,,0,49.21,0,False,False,133,8,2,0.396301,204,64,53,11,0.8281,6496.49,0.9144,68,WALLET,E_COMMERCE,SMALL,3066.57,0.806,0.194,5,4,8
EVT_00007193,ALTERNATIVE_PAYMENT,True,ALLOWED,0.228698,1,3965.91,PAYMENT_FAILURE,2026-08-14 13:05:09,CUS_001636,MER_00133,3965.91,INR,UPI,MOBILE,FAILED,INSUFFICIENT_BALANCE,2,54.38,0,False,False,0,0,0,0.198698,818,38,30,8,0.7895,4297.98,0.6451,28,UPI,TRAVEL,SMALL,4316.96,0.7958,0.2042,13,4,8
EVT_00007196,ALTERNATIVE_PAYMENT,True,ALLOWED,0.408743,1,4765.35,PAYMENT_FAILURE,2026-08-15 13:06:06,CUS_001016,MER_00029,4765.35,INR,UPI,MOBILE,FAILED,NETWORK_ERROR,3,19.39,0,False,False,0,0,0,0.378743,1260,37,36,1,0.973,4601.5,0.8095,40,CARD,FOOD_DELIVERY,SMALL,5041.91,0.8787,0.1213,13,5,8
EVT_00007200,ALTERNATIVE_PAYMENT,True,ALLOWED,0.771041,1,4349.54,CHECKOUT_ABANDONMENT,2026-08-19 14:29:18,CUS_000663,MER_00159,4349.54,INR,UPI,MOBILE,AT_RISK,,0,31.84,693,True,False,0,0,0,0.741041,81,12,11,1,0.9167,9747.35,0.5107,15,UPI,EDUCATION,MEDIUM,1436.79,0.8598,0.1402,14,2,8
EVT_00007204,RETRY_LATER,True,ALLOWED,0.01,0,0.0,PAYMENT_FAILURE,2026-08-09 12:59:26,CUS_000638,MER_00041,1729.43,INR,UPI,MOBILE,FAILED,PAYMENT_LIMIT,2,7.56,0,False,False,0,0,0,0.228205,466,59,46,13,0.7797,1819.17,0.5042,7,UPI,TRAVEL,MEDIUM,3690.69,0.8746,0.1254,12,6,8
EVT_00007208,RETRY_LATER,True,ALLOWED,0.371228,0,0.0,PAYMENT_FAILURE,2026-08-26 11:51:52,CUS_001947,MER_00109,646.39,INR,CARD,MOBILE,FAILED,INSUFFICIENT_BALANCE,0,50.26,0,False,False,0,0,0,0.421228,260,2,2,0,1.0,1258.88,0.782,1,UPI,E_COMMERCE,SMALL,4316.36,0.9135,0.0865,11,2,8
EVT_00007232,RETRY_LATER,True,ALLOWED,0.010452,0,0.0,PAYMENT_FAILURE,2026-08-22 19:20:31,CUS_001449,MER_00151,1496.88,INR,UPI,MOBILE,FAILED,INSUFFICIENT_BALANCE,2,44.26,0,False,False,0,0,0,0.260452,1116,48,46,2,0.9583,2876.78,0.8541,48,UPI,TRAVEL,MEDIUM,1657.94,0.9487,0.0513,19,5,8
EVT_00007240,RETRY_LATER,False,RETRY_LIMIT_REACHED,0.0,0,0.0,PAYMENT_FAILURE,2026-08-06 01:10:09,CUS_000829,MER_00169,3194.54,INR,CARD,MOBILE,FAILED,INSUFFICIENT_BALANCE,3,3.21,0,False,False,0,0,0,0.162354,1299,50,39,11,0.78,4767.17,0.3192,44,UPI,FOOD_DELIVERY,SMALL,4115.41,0.9528,0.0472,1,3,8
EVT_00007241,RETRY_LATER,True,ALLOWED,0.049453,0,0.0,PAYMENT_FAILURE,2026-08-22 05:39:39,CUS_000544,MER_00155,12914.73,INR,CARD,DESKTOP,FAILED,PAYMENT_LIMIT,2,54.97,0,False,False,0,0,0,0.299453,286,31,30,1,0.9677,10786.23,0.4869,41,UPI,SAAS,SMALL,2912.27,0.843,0.157,5,5,8
EVT_00007250,RETRY_LATER,True,ALLOWED,0.7131,1,1192.53,PAYMENT_FAILURE,2026-08-01 11:46:52,CUS_000454,MER_00178,1192.53,INR,UPI,MOBILE,FAILED,NETWORK_ERROR,0,9.11,0,False,False,0,0,0,0.5931,66,38,32,6,0.8421,3465.81,0.8792,82,NETBANKING,EDUCATION,SMALL,7809.93,0.9459,0.0541,11,5,8
EVT_00007255,RETRY_LATER,True,ALLOWED,0.342353,1,1641.73,SUBSCRIPTION_FAILURE,2026-08-20 09:33:53,CUS_001801,MER_00180,1641.73,INR,UPI,DESKTOP,AT_RISK,,0,24.98,0,False,False,703,2,0,0.392353,113,73,54,19,0.7397,2661.65,0.9178,25,UPI,EDUCATION,SMALL,8065.97,0.802,0.198,9,3,8
EVT_00007262,RETRY_LATER,True,ALLOWED,0.578096,1,6623.83,SUBSCRIPTION_FAILURE,2026-08-17 18:48:34,CUS_001144,MER_00102,6623.83,INR,NETBANKING,DESKTOP,AT_RISK,,0,3.77,0,False,False,862,13,0,0.628096,1271,45,37,8,0.8222,4084.25,0.8791,89,CARD,DIGITAL_SERVICES,MEDIUM,1989.33,0.9744,0.0256,18,0,8
EVT_00007274,ALTERNATIVE_PAYMENT,True,ALLOWED,0.327097,1,944.95,PAYMENT_FAILURE,2026-08-12 20:02:17,CUS_001781,MER_00122,944.95,INR,CARD,DESKTOP,FAILED,ISSUER_DECLINE,3,59.5,0,False,False,0,0,0,0.147097,98,5,5,0,1.0,1048.06,0.7676,87,UPI,TRAVEL,LARGE,1261.74,0.7975,0.2025,20,2,8
EVT_00007291,RETRY_LATER,True,ALLOWED,0.288395,0,0.0,PAYMENT_FAILURE,2026-08-16 05:43:29,CUS_000242,MER_00006,1243.36,INR,CARD,MOBILE,FAILED,INSUFFICIENT_BALANCE,0,56.07,0,False,False,0,0,0,0.338395,888,53,42,11,0.7925,2368.84,0.971,44,CARD,SAAS,SMALL,11987.91,0.8542,0.1458,5,6,8
EVT_00007302,RECOVERY_REMINDER,True,ALLOWED,0.839536,1,1439.04,CHECKOUT_ABANDONMENT,2026-08-23 17:27:26,CUS_000221,MER_00039,1439.04,INR,CARD,MOBILE,AT_RISK,,0,40.95,430,True,False,0,0,0,0.689536,217,75,60,15,0.8,1745.93,0.5735,1,UPI,DIGITAL_SERVICES,SMALL,6776.92,0.7982,0.2018,17,6,8
EVT_00007312,RETRY_LATER,True,ALLOWED,0.25358,1,4891.04,SUBSCRIPTION_FAILURE,2026-08-08 23:46:49,CUS_000220,MER_00088,4891.04,INR,NETBANKING,DESKTOP,AT_RISK,,0,57.8,0,False,False,470,20,3,0.30358,1356,16,14,2,0.875,5869.83,0.7764,29,CARD,SAAS,MEDIUM,2014.49,0.8916,0.1084,23,5,8
EVT_00007334,RETRY_LATER,True,ALLOWED,0.717044,1,6699.6,CHECKOUT_ABANDONMENT,2026-08-02 17:44:16,CUS_000370,MER_00077,6699.6,INR,NETBANKING,MOBILE,AT_RISK,,0,65.65,810,True,True,0,0,0,0.767044,1164,14,13,1,0.9286,8795.23,0.7333,25,WALLET,TRAVEL,MEDIUM,2007.39,0.9835,0.0165,17,6,8
EVT_00007340,ALTERNATIVE_PAYMENT,True,ALLOWED,0.451813,1,2218.36,PAYMENT_FAILURE,2026-08-05 03:58:03,CUS_000594,MER_00091,2218.36,INR,CARD,MOBILE,FAILED,TIMEOUT,2,29.22,0,False,False,0,0,0,0.421813,1469,8,6,2,0.75,2890.18,0.4928,14,UPI,EDUCATION,SMALL,20175.16,0.9906,0.0094,3,2,8
EVT_00007349,RETRY_LATER,True,ALLOWED,0.370553,1,5230.5,PAYMENT_FAILURE,2026-08-18 00:58:29,CUS_000073,MER_00039,5230.5,INR,UPI,MOBILE,FAILED,BANK_TECHNICAL_ERROR,2,58.84,0,False,False,0,0,0,0.450553,710,32,27,5,0.8438,1941.84,0.5828,55,CARD,DIGITAL_SERVICES,SMALL,6776.92,0.7982,0.2018,0,1,8
EVT_00007361,RETRY_LATER,True,ALLOWED,0.402478,1,1799.45,SUBSCRIPTION_FAILURE,2026-08-11 16:18:27,CUS_000842,MER_00065,1799.45,INR,NETBANKING,DESKTOP,AT_RISK,,0,29.53,0,False,False,527,14,1,0.452478,994,56,46,10,0.8214,1636.44,0.5564,30,CARD,DIGITAL_SERVICES,MEDIUM,5883.79,0.7053,0.2947,16,1,8
EVT_00007368,RETRY_LATER,True,ALLOWED,0.70687,1,2435.72,CHECKOUT_ABANDONMENT,2026-08-17 00:38:54,CUS_001103,MER_00033,2435.72,INR,WALLET,DESKTOP,AT_RISK,,0,60.69,430,True,False,0,0,0,0.75687,1380,2,2,0,1.0,2975.52,0.8504,88,CARD,RETAIL,SMALL,1741.31,0.8328,0.1672,0,0,8
EVT_00007372,ALTERNATIVE_PAYMENT,True,ALLOWED,0.349046,1,3375.64,PAYMENT_FAILURE,2026-08-08 08:23:33,CUS_001429,MER_00198,3375.64,INR,CARD,TABLET,FAILED,EXPIRED_PAYMENT_METHOD,3,69.81,0,False,False,0,0,0,0.169046,422,62,40,22,0.6452,2766.17,0.9164,85,WALLET,DIGITAL_SERVICES,SMALL,5306.23,0.9513,0.0487,8,5,8
EVT_00007385,RETRY_LATER,False,RETRY_LIMIT_REACHED,0.0,0,0.0,PAYMENT_FAILURE,2026-08-28 10:42:57,CUS_000456,MER_00089,11566.13,INR,CARD,DESKTOP,FAILED,BANK_TECHNICAL_ERROR,3,26.46,0,False,False,0,0,0,0.409426,846,38,33,5,0.8684,18918.89,0.7955,57,CARD,SAAS,MEDIUM,416.38,0.9005,0.0995,10,4,8
EVT_00007405,RETRY_LATER,True,ALLOWED,0.464426,1,6605.01,SUBSCRIPTION_FAILURE,2026-08-11 04:56:16,CUS_000896,MER_00126,6605.01,INR,CARD,MOBILE,AT_RISK,,0,5.35,0,False,False,747,10,1,0.514426,928,43,37,6,0.8605,5961.73,0.8852,55,NETBANKING,DIGITAL_SERVICES,SMALL,2499.99,0.8824,0.1176,4,1,8
EVT_00007413,RETRY_LATER,True,ALLOWED,0.428642,1,7293.54,SUBSCRIPTION_FAILURE,2026-08-25 17:47:11,CUS_000688,MER_00131,7293.54,INR,CARD,TABLET,AT_RISK,,0,18.0,0,False,False,829,9,1,0.478642,902,45,37,8,0.8222,8750.85,0.7928,68,UPI,DIGITAL_SERVICES,MEDIUM,6995.59,0.7666,0.2334,17,1,8
EVT_00007466,ALTERNATIVE_PAYMENT,True,ALLOWED,0.318117,1,597.52,SUBSCRIPTION_FAILURE,2026-08-12 08:55:26,CUS_000946,MER_00183,597.52,INR,CARD,DESKTOP,AT_RISK,,0,9.94,0,False,False,183,1,2,0.288117,205,9,9,0,1.0,902.63,0.5771,51,UPI,DIGITAL_SERVICES,SMALL,7807.06,0.8681,0.1319,8,2,8
EVT_00007467,RETRY_LATER,True,ALLOWED,0.256593,0,0.0,SUBSCRIPTION_FAILURE,2026-08-06 13:12:21,CUS_001102,MER_00041,22557.41,INR,UPI,DESKTOP,AT_RISK,,0,46.87,0,False,False,720,4,2,0.306593,719,11,10,1,0.9091,6235.81,0.7523,32,CARD,TRAVEL,MEDIUM,3690.69,0.8746,0.1254,13,3,8
EVT_00007472,RETRY_LATER,False,RETRY_LIMIT_REACHED,0.0,0,0.0,PAYMENT_FAILURE,2026-08-27 09:13:47,CUS_000154,MER_00165,1345.25,INR,CARD,DESKTOP,FAILED,INSUFFICIENT_BALANCE,3,58.88,0,False,False,0,0,0,0.169234,461,44,39,5,0.8864,3045.4,0.9114,76,UPI,SAAS,SMALL,10559.09,0.8386,0.1614,9,3,8
EVT_00007473,ALTERNATIVE_PAYMENT,True,ALLOWED,0.491025,1,1148.19,CHECKOUT_ABANDONMENT,2026-08-08 11:09:54,CUS_001304,MER_00036,1148.19,INR,UPI,DESKTOP,AT_RISK,,0,13.61,402,False,False,0,0,0,0.461025,1346,22,18,4,0.8182,1237.21,0.843,37,UPI,SAAS,MEDIUM,1103.05,0.7,0.3,11,5,8
EVT_00007482,RETRY_LATER,True,ALLOWED,0.451956,1,32320.42,SUBSCRIPTION_FAILURE,2026-08-17 22:03:26,CUS_000147,MER_00185,32320.42,INR,CARD,MOBILE,AT_RISK,,0,53.06,0,False,False,808,7,2,0.501956,80,14,13,1,0.9286,28426.09,0.3665,79,CARD,TRAVEL,SMALL,6499.82,0.9334,0.0666,22,0,8
EVT_00007501,RETRY_LATER,True,ALLOWED,0.371348,1,1111.6,PAYMENT_FAILURE,2026-08-04 09:11:19,CUS_001823,MER_00191,1111.6,INR,UPI,DESKTOP,FAILED,PAYMENT_LIMIT,0,0.83,0,False,False,0,0,0,0.421348,473,44,39,5,0.8864,1130.85,0.7282,79,NETBANKING,EDUCATION,SMALL,18406.03,0.9338,0.0662,9,1,8
EVT_00007504,HUMAN_ESCALATION,True,ALLOWED,0.233843,1,5392.75,PAYMENT_FAILURE,2026-08-15 18:12:49,CUS_001664,MER_00144,5392.75,INR,CARD,MOBILE,FAILED,ISSUER_DECLINE,0,60.25,0,False,False,0,0,0,0.333843,843,77,74,3,0.961,3758.46,0.7355,44,UPI,E_COMMERCE,SMALL,11138.28,0.8359,0.1641,18,5,8
EVT_00007508,RETRY_LATER,True,ALLOWED,0.739463,1,12076.05,PAYMENT_FAILURE,2026-08-16 12:06:41,CUS_001587,MER_00015,12076.05,INR,UPI,MOBILE,FAILED,NETWORK_ERROR,0,16.35,0,False,False,0,0,0,0.619463,1240,36,32,4,0.8889,14454.0,0.6717,36,WALLET,EDUCATION,SMALL,2436.77,0.8602,0.1398,12,6,8
EVT_00007510,HUMAN_ESCALATION,True,ALLOWED,0.430277,1,20214.6,PAYMENT_FAILURE,2026-08-01 06:40:28,CUS_001462,MER_00126,20214.6,INR,CARD,MOBILE,FAILED,PAYMENT_LIMIT,1,3.34,0,False,False,0,0,0,0.330277,489,75,57,18,0.76,6647.93,0.9154,52,UPI,DIGITAL_SERVICES,SMALL,2499.99,0.8824,0.1176,6,5,8
EVT_00007543,RETRY_LATER,False,RETRY_LIMIT_REACHED,0.0,0,0.0,PAYMENT_FAILURE,2026-08-23 13:23:29,CUS_000412,MER_00157,7637.72,INR,CARD,MOBILE,FAILED,ISSUER_DECLINE,3,70.37,0,False,False,0,0,0,0.117863,367,4,3,1,0.75,7467.01,0.7935,43,NETBANKING,E_COMMERCE,MEDIUM,5657.2,0.8635,0.1365,13,6,8
EVT_00007546,RETRY_LATER,True,ALLOWED,0.250471,1,16878.7,PAYMENT_FAILURE,2026-08-22 19:05:11,CUS_000803,MER_00138,16878.7,INR,NETBANKING,MOBILE,FAILED,EXPIRED_PAYMENT_METHOD,1,47.9,0,False,False,0,0,0,0.400471,787,79,73,6,0.9241,5951.47,0.5106,89,CARD,E_COMMERCE,MEDIUM,9578.85,0.8707,0.1293,19,5,8
EVT_00007548,RETRY_LATER,True,ALLOWED,0.672407,1,3981.12,CHECKOUT_ABANDONMENT,2026-08-12 20:25:56,CUS_000902,MER_00126,3981.12,INR,CARD,DESKTOP,AT_RISK,,0,53.45,154,True,False,0,0,0,0.722407,92,64,54,10,0.8438,1851.14,0.8195,47,CARD,DIGITAL_SERVICES,SMALL,2499.99,0.8824,0.1176,20,2,8
EVT_00007566,ALTERNATIVE_PAYMENT,True,ALLOWED,0.449169,1,8455.6,PAYMENT_FAILURE,2026-08-19 21:39:16,CUS_001342,MER_00180,8455.6,INR,WALLET,MOBILE,FAILED,PAYMENT_LIMIT,2,6.5,0,False,False,0,0,0,0.269169,231,25,23,2,0.92,6527.18,0.9126,1,NETBANKING,EDUCATION,SMALL,8065.97,0.802,0.198,21,2,8
EVT_00007576,RETRY_LATER,True,ALLOWED,0.614971,1,10406.26,PAYMENT_FAILURE,2026-08-13 02:33:11,CUS_000617,MER_00194,10406.26,INR,CARD,DESKTOP,FAILED,BANK_TECHNICAL_ERROR,1,0.35,0,False,False,0,0,0,0.594971,397,79,77,2,0.9747,7162.09,0.7793,38,NETBANKING,TRAVEL,LARGE,3878.8,0.7793,0.2207,2,3,8
EVT_00007579,ALTERNATIVE_PAYMENT,True,ALLOWED,0.610934,1,5251.02,PAYMENT_FAILURE,2026-08-20 10:49:47,CUS_000523,MER_00053,5251.02,INR,CARD,MOBILE,FAILED,EXPIRED_PAYMENT_METHOD,0,46.38,0,False,False,0,0,0,0.430934,312,17,14,3,0.8235,4929.54,0.8355,45,UPI,E_COMMERCE,SMALL,2869.11,0.924,0.076,10,3,8
EVT_00007588,ALTERNATIVE_PAYMENT,True,ALLOWED,0.763569,1,10756.75,CHECKOUT_ABANDONMENT,2026-08-25 03:31:14,CUS_001209,MER_00133,10756.75,INR,UPI,MOBILE,AT_RISK,,0,36.08,303,True,False,0,0,0,0.733569,448,34,30,4,0.8824,5844.84,0.7327,35,CARD,TRAVEL,SMALL,4316.96,0.7958,0.2042,3,1,8
EVT_00007589,RETRY_LATER,False,RETRY_LIMIT_REACHED,0.0,0,0.0,PAYMENT_FAILURE,2026-08-28 01:56:00,CUS_001758,MER_00188,1998.11,INR,NETBANKING,MOBILE,FAILED,PAYMENT_LIMIT,3,20.75,0,False,False,0,0,0,0.203468,924,44,41,3,0.9318,3254.62,0.7637,45,NETBANKING,RETAIL,SMALL,9937.08,0.8407,0.1593,1,4,8
EVT_00007595,RETRY_LATER,True,ALLOWED,0.775221,1,3361.7,PAYMENT_FAILURE,2026-08-01 02:28:41,CUS_000928,MER_00004,3361.7,INR,CARD,MOBILE,FAILED,TIMEOUT,0,40.44,0,False,False,0,0,0,0.655221,472,26,24,2,0.9231,4143.23,0.8942,71,NETBANKING,EDUCATION,MEDIUM,2207.0,0.9735,0.0265,2,5,8
EVT_00007606,RETRY_LATER,True,ALLOWED,0.752629,1,5608.32,PAYMENT_FAILURE,2026-08-04 02:00:37,CUS_001670,MER_00091,5608.32,INR,UPI,DESKTOP,FAILED,TIMEOUT,0,54.35,0,False,False,0,0,0,0.632629,1096,18,15,3,0.8333,5184.43,0.913,70,UPI,EDUCATION,SMALL,20175.16,0.9906,0.0094,2,1,8
EVT_00007608,RECOVERY_REMINDER,True,ALLOWED,0.322829,1,8937.95,PAYMENT_FAILURE,2026-08-03 22:22:29,CUS_000628,MER_00020,8937.95,INR,UPI,MOBILE,FAILED,ISSUER_DECLINE,1,55.44,0,False,False,0,0,0,0.302829,570,1,1,0,1.0,6684.77,0.6354,81,CARD,FOOD_DELIVERY,LARGE,3635.97,0.9772,0.0228,22,0,8
EVT_00007616,RECOVERY_REMINDER,True,ALLOWED,0.654467,1,1859.84,CHECKOUT_ABANDONMENT,2026-08-07 14:45:25,CUS_000063,MER_00104,1859.84,INR,CARD,MOBILE,AT_RISK,,0,70.93,240,False,False,0,0,0,0.504467,568,12,10,2,0.8333,3562.28,0.6532,62,NETBANKING,FOOD_DELIVERY,SMALL,12154.73,0.8804,0.1196,14,4,8
EVT_00007622,RETRY_LATER,False,RETRY_LIMIT_REACHED,0.0,0,0.0,PAYMENT_FAILURE,2026-08-03 04:54:55,CUS_000889,MER_00065,7981.91,INR,CARD,MOBILE,FAILED,NETWORK_ERROR,3,7.8,0,False,False,0,0,0,0.307679,53,12,10,2,0.8333,4241.76,0.7099,15,UPI,DIGITAL_SERVICES,MEDIUM,5883.79,0.7053,0.2947,4,0,8
EVT_00007624,RETRY_LATER,True,ALLOWED,0.648701,1,7004.79,PAYMENT_FAILURE,2026-08-30 22:18:36,CUS_000628,MER_00024,7004.79,INR,NETBANKING,DESKTOP,FAILED,BANK_TECHNICAL_ERROR,1,16.39,0,False,False,0,0,0,0.628701,570,1,1,0,1.0,6684.77,0.6354,81,CARD,DIGITAL_SERVICES,SMALL,6952.02,0.952,0.048,22,6,8
EVT_00007628,ALTERNATIVE_PAYMENT,True,ALLOWED,0.57224,1,3576.53,SUBSCRIPTION_FAILURE,2026-08-22 17:41:59,CUS_001297,MER_00057,3576.53,INR,CARD,MOBILE,AT_RISK,,0,17.86,0,False,False,444,9,1,0.54224,416,17,16,1,0.9412,3001.45,0.7533,23,UPI,E_COMMERCE,MEDIUM,11931.59,0.9085,0.0915,17,5,8
EVT_00007635,RETRY_LATER,False,RETRY_LIMIT_REACHED,0.0,0,0.0,PAYMENT_FAILURE,2026-08-10 09:27:42,CUS_000732,MER_00065,10974.53,INR,CARD,MOBILE,FAILED,ISSUER_DECLINE,3,0.17,0,False,False,0,0,0,0.141557,645,42,40,2,0.9524,9965.12,0.9649,89,CARD,DIGITAL_SERVICES,MEDIUM,5883.79,0.7053,0.2947,9,0,8
EVT_00007636,ALTERNATIVE_PAYMENT,True,ALLOWED,0.437579,1,3844.87,PAYMENT_FAILURE,2026-08-22 07:30:37,CUS_000927,MER_00084,3844.87,INR,UPI,MOBILE,FAILED,TIMEOUT,2,55.85,0,False,False,0,0,0,0.407579,825,49,39,10,0.7959,3317.34,0.7327,82,UPI,SAAS,LARGE,2123.34,0.8109,0.1891,7,5,8
EVT_00007647,HUMAN_ESCALATION,True,ALLOWED,0.22105,1,7544.99,PAYMENT_FAILURE,2026-08-06 08:11:06,CUS_000433,MER_00057,7544.99,INR,UPI,MOBILE,FAILED,NETWORK_ERROR,3,65.52,0,False,False,0,0,0,0.32105,1244,13,10,3,0.7692,6498.97,0.8171,87,CARD,E_COMMERCE,MEDIUM,11931.59,0.9085,0.0915,8,3,8
EVT_00007660,RETRY_LATER,True,ALLOWED,0.169819,1,6147.59,SUBSCRIPTION_FAILURE,2026-08-13 23:26:56,CUS_000591,MER_00057,6147.59,INR,UPI,MOBILE,AT_RISK,,0,56.07,0,False,False,150,3,3,0.219819,1207,6,6,0,1.0,3466.54,0.8816,32,UPI,E_COMMERCE,MEDIUM,11931.59,0.9085,0.0915,23,3,8
EVT_00007676,RETRY_LATER,True,ALLOWED,0.63011,1,2970.59,CHECKOUT_ABANDONMENT,2026-08-10 06:55:40,CUS_001469,MER_00102,2970.59,INR,UPI,MOBILE,AT_RISK,,0,25.78,439,True,True,0,0,0,0.68011,1172,42,28,14,0.6667,3236.17,0.8584,16,UPI,DIGITAL_SERVICES,MEDIUM,1989.33,0.9744,0.0256,6,0,8
EVT_00007684,RETRY_LATER,True,ALLOWED,0.417237,0,0.0,PAYMENT_FAILURE,2026-08-02 06:06:00,CUS_000561,MER_00081,8863.15,INR,UPI,DESKTOP,FAILED,PAYMENT_LIMIT,0,70.17,0,False,False,0,0,0,0.467237,818,46,45,1,0.9783,6492.86,0.7863,54,UPI,FOOD_DELIVERY,MEDIUM,42052.11,0.8971,0.1029,6,6,8
EVT_00007687,ALTERNATIVE_PAYMENT,True,ALLOWED,0.274072,1,5138.43,PAYMENT_FAILURE,2026-08-29 20:41:41,CUS_000488,MER_00189,5138.43,INR,CARD,DESKTOP,FAILED,ISSUER_DECLINE,3,23.57,0,False,False,0,0,0,0.094072,810,5,3,2,0.6,2342.23,0.7736,77,UPI,E_COMMERCE,LARGE,1688.36,0.8609,0.1391,20,5,8
EVT_00007688,RETRY_LATER,True,ALLOWED,0.01,0,0.0,PAYMENT_FAILURE,2026-08-15 19:07:48,CUS_000388,MER_00055,787.7,INR,CARD,MOBILE,FAILED,INSUFFICIENT_BALANCE,2,48.59,0,False,False,0,0,0,0.197578,1251,78,66,12,0.8462,1042.03,0.7074,48,NETBANKING,DIGITAL_SERVICES,LARGE,4613.21,0.7204,0.2796,19,5,8
EVT_00007690,RETRY_LATER,False,RETRY_LIMIT_REACHED,0.0,0,0.0,PAYMENT_FAILURE,2026-08-01 21:04:25,CUS_001917,MER_00117,2928.26,INR,NETBANKING,DESKTOP,FAILED,TIMEOUT,3,47.6,0,False,False,0,0,0,0.2893,444,6,4,2,0.6667,3840.15,0.708,74,WALLET,TRAVEL,SMALL,11500.96,0.8461,0.1539,21,5,8
EVT_00007691,RETRY_LATER,True,ALLOWED,0.363534,1,14799.41,PAYMENT_FAILURE,2026-08-17 07:11:38,CUS_000081,MER_00179,14799.41,INR,UPI,DESKTOP,FAILED,PAYMENT_LIMIT,0,4.56,0,False,False,0,0,0,0.413534,1412,66,56,10,0.8485,3383.73,0.8117,36,WALLET,DIGITAL_SERVICES,SMALL,4183.78,0.7936,0.2064,7,0,8
EVT_00007694,ALTERNATIVE_PAYMENT,True,ALLOWED,0.584304,1,13061.72,PAYMENT_FAILURE,2026-08-20 01:51:08,CUS_001837,MER_00114,13061.72,INR,CARD,DESKTOP,FAILED,PAYMENT_LIMIT,0,22.4,0,False,False,0,0,0,0.404304,1413,16,14,2,0.875,4429.85,0.8869,25,UPI,FOOD_DELIVERY,MEDIUM,5161.89,0.7179,0.2821,1,3,8
EVT_00007721,RETRY_LATER,True,ALLOWED,0.595046,1,4556.71,PAYMENT_FAILURE,2026-08-23 09:22:58,CUS_000664,MER_00155,4556.71,INR,UPI,DESKTOP,FAILED,BANK_TECHNICAL_ERROR,1,43.94,0,False,False,0,0,0,0.575046,327,40,37,3,0.925,3983.25,0.7722,51,UPI,SAAS,SMALL,2912.27,0.843,0.157,9,6,8
EVT_00007724,RETRY_LATER,True,ALLOWED,0.174918,0,0.0,PAYMENT_FAILURE,2026-08-27 11:44:31,CUS_000344,MER_00112,3347.86,INR,UPI,MOBILE,FAILED,PAYMENT_LIMIT,1,69.93,0,False,False,0,0,0,0.324918,787,59,52,7,0.8814,3190.86,0.8317,55,WALLET,DIGITAL_SERVICES,SMALL,3201.31,0.8352,0.1648,11,3,8
EVT_00007735,RETRY_LATER,True,ALLOWED,0.694173,1,1257.36,CHECKOUT_ABANDONMENT,2026-08-12 01:17:14,CUS_001301,MER_00192,1257.36,INR,UPI,MOBILE,AT_RISK,,0,42.49,182,True,False,0,0,0,0.744173,1146,51,46,5,0.902,4043.38,0.6083,74,NETBANKING,TRAVEL,MEDIUM,20196.01,0.9465,0.0535,1,2,8
EVT_00007741,RETRY_LATER,True,ALLOWED,0.400466,0,0.0,PAYMENT_FAILURE,2026-08-04 03:28:50,CUS_001008,MER_00110,542.55,INR,CARD,MOBILE,FAILED,TIMEOUT,2,67.26,0,False,False,0,0,0,0.480466,770,34,32,2,0.9412,683.59,0.9588,5,UPI,FOOD_DELIVERY,MEDIUM,25287.45,0.9495,0.0505,3,1,8
EVT_00007752,ALTERNATIVE_PAYMENT,True,ALLOWED,0.428208,1,18152.8,PAYMENT_FAILURE,2026-08-08 14:51:43,CUS_000879,MER_00148,18152.8,INR,UPI,DESKTOP,FAILED,ISSUER_DECLINE,1,61.46,0,False,False,0,0,0,0.248208,835,69,52,17,0.7536,14773.61,0.5846,23,CARD,RETAIL,MEDIUM,1547.37,0.9811,0.0189,14,5,8
EVT_00007753,RETRY_LATER,True,ALLOWED,0.214002,1,8901.27,PAYMENT_FAILURE,2026-08-27 08:09:00,CUS_001750,MER_00004,8901.27,INR,CARD,TABLET,FAILED,INSUFFICIENT_BALANCE,1,8.83,0,False,False,0,0,0,0.364002,1087,72,71,1,0.9861,4763.74,0.8283,38,UPI,EDUCATION,MEDIUM,2207.0,0.9735,0.0265,8,3,8
EVT_00007760,ALTERNATIVE_PAYMENT,True,ALLOWED,0.398515,1,16298.1,PAYMENT_FAILURE,2026-08-09 02:23:39,CUS_000143,MER_00165,16298.1,INR,NETBANKING,MOBILE,FAILED,EXPIRED_PAYMENT_METHOD,3,50.73,0,False,False,0,0,0,0.218515,436,77,64,13,0.8312,5121.33,0.6037,77,UPI,SAAS,SMALL,10559.09,0.8386,0.1614,2,6,8
EVT_00007763,RETRY_LATER,True,ALLOWED,0.340921,1,4055.68,PAYMENT_FAILURE,2026-08-17 21:06:56,CUS_001876,MER_00095,4055.68,INR,UPI,MOBILE,FAILED,PAYMENT_LIMIT,0,64.71,0,False,False,0,0,0,0.390921,207,48,36,12,0.75,3580.15,0.6249,64,UPI,EDUCATION,SMALL,7386.47,0.995,0.005,21,0,8
EVT_00007764,ALTERNATIVE_PAYMENT,True,ALLOWED,0.801377,1,2134.02,CHECKOUT_ABANDONMENT,2026-08-22 03:27:36,CUS_001996,MER_00106,2134.02,INR,UPI,MOBILE,AT_RISK,,0,70.22,612,True,False,0,0,0,0.771377,33,27,27,0,1.0,5097.43,0.7259,54,UPI,SAAS,SMALL,2564.56,0.9372,0.0628,3,5,8
EVT_00007766,ALTERNATIVE_PAYMENT,True,ALLOWED,0.420628,1,1920.56,SUBSCRIPTION_FAILURE,2026-08-29 10:14:50,CUS_000343,MER_00121,1920.56,INR,NETBANKING,MOBILE,AT_RISK,,0,35.59,0,False,False,138,18,2,0.390628,944,44,39,5,0.8864,2949.36,0.7725,20,CARD,SAAS,SMALL,4761.05,0.8269,0.1731,10,5,8
EVT_00007780,ALTERNATIVE_PAYMENT,True,ALLOWED,0.562929,1,2120.79,PAYMENT_FAILURE,2026-08-11 18:16:20,CUS_000999,MER_00044,2120.79,INR,UPI,MOBILE,FAILED,TIMEOUT,1,17.96,0,False,False,0,0,0,0.532929,1443,35,29,6,0.8286,1511.22,0.5885,33,UPI,TRAVEL,LARGE,2229.13,0.966,0.034,18,1,8
EVT_00007793,RETRY_LATER,True,ALLOWED,0.368615,1,4102.27,PAYMENT_FAILURE,2026-08-30 17:19:56,CUS_000284,MER_00029,4102.27,INR,CARD,MOBILE,FAILED,NETWORK_ERROR,2,10.1,0,False,False,0,0,0,0.448615,751,63,59,4,0.9365,4222.72,0.4478,32,UPI,FOOD_DELIVERY,SMALL,5041.91,0.8787,0.1213,17,6,8
EVT_00007804,RETRY_LATER,True,ALLOWED,0.257823,1,4531.41,SUBSCRIPTION_FAILURE,2026-08-17 01:37:57,CUS_001980,MER_00170,4531.41,INR,CARD,MOBILE,AT_RISK,,0,6.58,0,False,False,59,13,3,0.307823,1197,12,11,1,0.9167,4163.52,0.4183,42,UPI,EDUCATION,LARGE,584.64,0.8429,0.1571,1,0,8
EVT_00007806,RETRY_LATER,True,ALLOWED,0.366314,1,5074.39,PAYMENT_FAILURE,2026-08-18 13:14:16,CUS_001445,MER_00165,5074.39,INR,CARD,DESKTOP,FAILED,NETWORK_ERROR,2,20.46,0,False,False,0,0,0,0.446314,235,73,69,4,0.9452,10488.13,0.6959,84,UPI,SAAS,SMALL,10559.09,0.8386,0.1614,13,1,8
EVT_00007807,ALTERNATIVE_PAYMENT,True,ALLOWED,0.535288,1,1229.42,CHECKOUT_ABANDONMENT,2026-08-13 03:25:39,CUS_000122,MER_00134,1229.42,INR,UPI,MOBILE,AT_RISK,,0,19.64,481,False,True,0,0,0,0.505288,1012,76,62,14,0.8158,1102.54,0.5619,17,UPI,EDUCATION,SMALL,5486.16,0.9252,0.0748,3,3,8
EVT_00007812,RETRY_LATER,True,ALLOWED,0.383417,1,5430.5,SUBSCRIPTION_FAILURE,2026-08-19 23:15:39,CUS_001037,MER_00118,5430.5,INR,NETBANKING,DESKTOP,AT_RISK,,0,37.76,0,False,False,712,13,2,0.433417,1357,64,59,5,0.9219,4813.69,0.6533,52,UPI,E_COMMERCE,MEDIUM,1563.87,0.9374,0.0626,23,2,8
EVT_00007816,RETRY_LATER,True,ALLOWED,0.211877,0,0.0,SUBSCRIPTION_FAILURE,2026-08-30 15:52:47,CUS_000360,MER_00152,10023.24,INR,UPI,DESKTOP,AT_RISK,,0,47.16,0,False,False,497,4,2,0.261877,1130,17,14,3,0.8235,11403.8,0.7781,85,UPI,DIGITAL_SERVICES,SMALL,4325.9,0.9166,0.0834,15,6,8
EVT_00007818,RETRY_LATER,True,ALLOWED,0.486874,1,12810.68,PAYMENT_FAILURE,2026-08-22 21:05:04,CUS_000951,MER_00095,12810.68,INR,UPI,MOBILE,FAILED,BANK_TECHNICAL_ERROR,2,23.52,0,False,False,0,0,0,0.566874,167,3,3,0,1.0,11078.99,0.9377,32,UPI,EDUCATION,SMALL,7386.47,0.995,0.005,21,5,8
EVT_00007820,RETRY_LATER,True,ALLOWED,0.374853,0,0.0,PAYMENT_FAILURE,2026-08-08 01:58:45,CUS_000363,MER_00031,16001.73,INR,UPI,MOBILE,FAILED,INSUFFICIENT_BALANCE,0,37.54,0,False,False,0,0,0,0.424853,358,76,71,5,0.9342,12781.59,0.8066,60,CARD,FOOD_DELIVERY,LARGE,8241.74,0.8635,0.1365,1,5,8
EVT_00007834,ALTERNATIVE_PAYMENT,True,ALLOWED,0.466767,1,38989.22,PAYMENT_FAILURE,2026-08-16 04:43:11,CUS_001775,MER_00144,38989.22,INR,CARD,DESKTOP,FAILED,ISSUER_DECLINE,1,11.08,0,False,False,0,0,0,0.286767,1160,34,28,6,0.8235,17764.81,0.8284,47,UPI,E_COMMERCE,SMALL,11138.28,0.8359,0.1641,4,6,8
EVT_00007845,RETRY_LATER,True,ALLOWED,0.727997,1,4743.14,CHECKOUT_ABANDONMENT,2026-08-08 09:07:25,CUS_000229,MER_00120,4743.14,INR,UPI,DESKTOP,AT_RISK,,0,36.08,275,True,False,0,0,0,0.777997,833,23,23,0,1.0,3234.56,0.9388,47,UPI,E_COMMERCE,SMALL,2459.82,0.952,0.048,9,5,8
EVT_00007849,RECOVERY_REMINDER,True,ALLOWED,0.347634,1,1728.44,SUBSCRIPTION_FAILURE,2026-08-16 07:46:05,CUS_000416,MER_00136,1728.44,INR,UPI,DESKTOP,AT_RISK,,0,38.41,0,False,False,87,18,3,0.327634,1026,39,36,3,0.9231,1518.8,0.7892,29,UPI,TRAVEL,MEDIUM,1391.97,0.9802,0.0198,7,6,8
EVT_00007855,ALTERNATIVE_PAYMENT,True,ALLOWED,0.389736,1,63401.22,PAYMENT_FAILURE,2026-08-11 07:44:55,CUS_001847,MER_00117,63401.22,INR,UPI,MOBILE,FAILED,ISSUER_DECLINE,3,30.86,0,False,False,0,0,0,0.209736,621,61,57,4,0.9344,34682.83,0.6885,50,UPI,TRAVEL,SMALL,11500.96,0.8461,0.1539,7,1,8
EVT_00007856,RETRY_LATER,True,ALLOWED,0.400035,1,1663.69,PAYMENT_FAILURE,2026-08-15 22:14:01,CUS_001384,MER_00020,1663.69,INR,UPI,MOBILE,FAILED,TIMEOUT,2,48.19,0,False,False,0,0,0,0.480035,1348,73,67,6,0.9178,3422.72,0.6874,85,CARD,FOOD_DELIVERY,LARGE,3635.97,0.9772,0.0228,22,5,8
EVT_00007858,RETRY_LATER,True,ALLOWED,0.742438,1,4616.12,PAYMENT_FAILURE,2026-08-10 06:51:08,CUS_000331,MER_00172,4616.12,INR,CARD,MOBILE,FAILED,BANK_TECHNICAL_ERROR,0,48.74,0,False,False,0,0,0,0.622438,833,6,5,1,0.8333,5177.08,0.8771,37,CARD,E_COMMERCE,SMALL,8580.85,0.8235,0.1765,6,0,8
EVT_00007862,ALTERNATIVE_PAYMENT,True,ALLOWED,0.37885,1,4918.36,PAYMENT_FAILURE,2026-08-21 18:50:38,CUS_000277,MER_00189,4918.36,INR,UPI,MOBILE,FAILED,PAYMENT_LIMIT,3,15.11,0,False,False,0,0,0,0.19885,716,17,15,2,0.8824,3108.19,0.367,88,NETBANKING,E_COMMERCE,LARGE,1688.36,0.8609,0.1391,18,4,8
EVT_00007887,RECOVERY_REMINDER,True,ALLOWED,0.237025,1,4875.93,PAYMENT_FAILURE,2026-08-24 00:41:15,CUS_001653,MER_00047,4875.93,INR,UPI,DESKTOP,FAILED,INSUFFICIENT_BALANCE,2,36.17,0,False,False,0,0,0,0.217025,106,33,28,5,0.8485,10787.49,0.7395,43,CARD,DIGITAL_SERVICES,SMALL,5866.47,0.813,0.187,0,0,8
EVT_00007898,RETRY_LATER,True,ALLOWED,0.677247,1,1530.19,CHECKOUT_ABANDONMENT,2026-08-15 03:38:18,CUS_001828,MER_00157,1530.19,INR,UPI,DESKTOP,AT_RISK,,0,48.57,288,True,False,0,0,0,0.727247,1477,44,39,5,0.8864,1152.07,0.8021,57,CARD,E_COMMERCE,MEDIUM,5657.2,0.8635,0.1365,3,5,8
EVT_00007899,RETRY_LATER,False,RETRY_LIMIT_REACHED,0.0,0,0.0,PAYMENT_FAILURE,2026-08-28 15:13:27,CUS_001423,MER_00156,8304.55,INR,UPI,DESKTOP,FAILED,ISSUER_DECLINE,3,19.68,0,False,False,0,0,0,0.121473,895,48,36,12,0.75,11474.58,0.7168,28,NETBANKING,FOOD_DELIVERY,MEDIUM,16696.36,0.898,0.102,15,4,8
EVT_00007923,RETRY_LATER,True,ALLOWED,0.026271,1,6756.66,PAYMENT_FAILURE,2026-08-30 19:04:01,CUS_001598,MER_00063,6756.66,INR,CARD,DESKTOP,FAILED,EXPIRED_PAYMENT_METHOD,2,33.88,0,False,False,0,0,0,0.276271,1096,44,39,5,0.8864,8905.05,0.6959,23,UPI,E_COMMERCE,SMALL,3066.57,0.806,0.194,19,6,8
EVT_00007969,RECOVERY_REMINDER,True,ALLOWED,0.548066,1,6322.4,SUBSCRIPTION_FAILURE,2026-08-30 17:55:13,CUS_001881,MER_00106,6322.4,INR,CARD,MOBILE,AT_RISK,,0,7.14,0,False,False,206,12,1,0.528066,595,69,60,9,0.8696,9598.05,0.8304,86,UPI,SAAS,SMALL,2564.56,0.9372,0.0628,17,6,8
EVT_00007979,RETRY_LATER,True,ALLOWED,0.374667,1,7949.63,PAYMENT_FAILURE,2026-08-28 06:06:06,CUS_000344,MER_00013,7949.63,INR,UPI,DESKTOP,FAILED,PAYMENT_LIMIT,0,44.94,0,False,False,0,0,0,0.424667,787,59,52,7,0.8814,3190.86,0.8317,55,WALLET,TRAVEL,SMALL,3031.81,0.8747,0.1253,6,4,8
EVT_00007982,RETRY_LATER,True,ALLOWED,0.45312,1,115935.22,PAYMENT_FAILURE,2026-08-23 00:21:59,CUS_000770,MER_00137,115935.22,INR,WALLET,TABLET,FAILED,INSUFFICIENT_BALANCE,0,67.31,0,False,False,0,0,0,0.50312,583,76,66,10,0.8684,28796.73,0.8613,7,UPI,SAAS,MEDIUM,8339.15,0.9561,0.0439,0,6,8
EVT_00008004,RETRY_LATER,True,ALLOWED,0.738365,1,23286.79,CHECKOUT_ABANDONMENT,2026-08-27 17:28:30,CUS_001716,MER_00067,23286.79,INR,UPI,MOBILE,AT_RISK,,0,15.16,162,True,False,0,0,0,0.788365,1321,23,22,1,0.9565,9519.6,0.6746,26,UPI,TRAVEL,SMALL,6615.57,0.8781,0.1219,17,3,8
EVT_00008008,RETRY_LATER,True,ALLOWED,0.676486,1,20060.6,CHECKOUT_ABANDONMENT,2026-08-01 23:49:05,CUS_000177,MER_00049,20060.6,INR,UPI,MOBILE,AT_RISK,,0,71.14,149,True,False,0,0,0,0.726486,1084,9,7,2,0.7778,9528.72,0.6845,81,UPI,EDUCATION,SMALL,8781.92,0.8307,0.1693,23,5,8
EVT_00008010,RETRY_LATER,True,ALLOWED,0.310122,1,346486.79,PAYMENT_FAILURE,2026-08-30 17:55:17,CUS_001626,MER_00175,346486.79,INR,CARD,MOBILE,FAILED,INSUFFICIENT_BALANCE,1,13.6,0,False,False,0,0,0,0.460122,1489,59,57,2,0.9661,124595.25,0.553,8,WALLET,RETAIL,SMALL,14742.91,0.995,0.005,17,6,8
EVT_00008012,RETRY_LATER,False,RETRY_LIMIT_REACHED,0.0,0,0.0,PAYMENT_FAILURE,2026-08-13 17:30:13,CUS_001317,MER_00014,4251.0,INR,UPI,DESKTOP,FAILED,TIMEOUT,3,67.34,0,False,False,0,0,0,0.361825,1073,50,44,6,0.88,3667.11,0.9415,10,NETBANKING,FOOD_DELIVERY,SMALL,3627.04,0.8438,0.1562,17,3,8
EVT_00008017,RETRY_LATER,False,RETRY_LIMIT_REACHED,0.0,0,0.0,PAYMENT_FAILURE,2026-08-19 01:14:30,CUS_001573,MER_00114,12691.88,INR,UPI,MOBILE,FAILED,TIMEOUT,3,6.13,0,False,False,0,0,0,0.380952,1109,55,52,3,0.9455,4864.62,0.6511,70,CARD,FOOD_DELIVERY,MEDIUM,5161.89,0.7179,0.2821,1,2,8
EVT_00008022,RETRY_LATER,True,ALLOWED,0.01,0,0.0,PAYMENT_FAILURE,2026-08-30 15:03:34,CUS_000695,MER_00081,10900.62,INR,NETBANKING,DESKTOP,FAILED,INSUFFICIENT_BALANCE,2,69.7,0,False,False,0,0,0,0.243983,162,74,64,10,0.8649,6727.67,0.6682,35,NETBANKING,FOOD_DELIVERY,MEDIUM,42052.11,0.8971,0.1029,15,6,8
EVT_00008028,ALTERNATIVE_PAYMENT,True,ALLOWED,0.784128,1,11324.91,CHECKOUT_ABANDONMENT,2026-08-01 13:35:57,CUS_001459,MER_00155,11324.91,INR,NETBANKING,MOBILE,AT_RISK,,0,11.04,554,True,False,0,0,0,0.754128,417,67,62,5,0.9254,15295.52,0.8529,52,UPI,SAAS,SMALL,2912.27,0.843,0.157,13,5,8
EVT_00008069,ALTERNATIVE_PAYMENT,True,ALLOWED,0.504374,1,5931.81,PAYMENT_FAILURE,2026-08-29 02:59:28,CUS_000581,MER_00010,5931.81,INR,UPI,MOBILE,FAILED,NETWORK_ERROR,2,15.08,0,False,False,0,0,0,0.474374,167,31,29,2,0.9355,3788.62,0.7368,34,CARD,DIGITAL_SERVICES,MEDIUM,15078.75,0.9873,0.0127,2,5,8
EVT_00008070,RETRY_LATER,True,ALLOWED,0.649304,1,12466.53,CHECKOUT_ABANDONMENT,2026-08-13 18:20:10,CUS_000929,MER_00114,12466.53,INR,UPI,MOBILE,AT_RISK,,0,19.92,590,True,False,0,0,0,0.699304,645,15,12,3,0.8,5035.42,0.5538,73,UPI,FOOD_DELIVERY,MEDIUM,5161.89,0.7179,0.2821,18,3,8
EVT_00008071,RETRY_LATER,True,ALLOWED,0.389852,0,0.0,PAYMENT_FAILURE,2026-08-24 04:07:37,CUS_000344,MER_00174,2064.24,INR,CARD,MOBILE,FAILED,TIMEOUT,2,26.62,0,False,False,0,0,0,0.469852,787,59,52,7,0.8814,3190.86,0.8317,55,WALLET,E_COMMERCE,SMALL,39917.69,0.9894,0.0106,4,0,8
EVT_00008077,HUMAN_ESCALATION,True,ALLOWED,0.205819,1,6339.04,PAYMENT_FAILURE,2026-08-19 08:28:39,CUS_000874,MER_00074,6339.04,INR,CARD,MOBILE,FAILED,INSUFFICIENT_BALANCE,1,64.88,0,False,False,0,0,0,0.305819,213,18,15,3,0.8333,8466.24,0.8699,43,UPI,FOOD_DELIVERY,MEDIUM,5401.12,0.9649,0.0351,8,2,8
EVT_00008085,RETRY_LATER,False,RETRY_LIMIT_REACHED,0.0,0,0.0,PAYMENT_FAILURE,2026-08-29 06:59:29,CUS_000503,MER_00018,23065.42,INR,NETBANKING,TABLET,FAILED,ISSUER_DECLINE,3,16.3,0,False,False,0,0,0,0.1808,1445,60,58,2,0.9667,7863.47,0.4292,78,WALLET,E_COMMERCE,SMALL,8469.12,0.8917,0.1083,6,5,8
EVT_00008095,ALTERNATIVE_PAYMENT,True,ALLOWED,0.415939,1,4670.65,PAYMENT_FAILURE,2026-08-09 10:09:38,CUS_001013,MER_00142,4670.65,INR,CARD,MOBILE,FAILED,NETWORK_ERROR,2,26.55,0,False,False,0,0,0,0.385939,391,4,3,1,0.75,11766.93,0.6305,30,CARD,RETAIL,MEDIUM,2317.11,0.8986,0.1014,10,6,8
EVT_00008105,RETRY_LATER,True,ALLOWED,0.605955,1,88968.18,CHECKOUT_ABANDONMENT,2026-08-21 13:12:45,CUS_000061,MER_00126,88968.18,INR,CARD,MOBILE,AT_RISK,,0,7.87,394,False,False,0,0,0,0.655955,1386,71,66,5,0.9296,12218.24,0.309,75,WALLET,DIGITAL_SERVICES,SMALL,2499.99,0.8824,0.1176,13,4,8
EVT_00008110,ALTERNATIVE_PAYMENT,True,ALLOWED,0.388984,1,1404.15,PAYMENT_FAILURE,2026-08-07 10:25:07,CUS_001197,MER_00040,1404.15,INR,NETBANKING,DESKTOP,FAILED,BANK_TECHNICAL_ERROR,3,30.69,0,False,False,0,0,0,0.358984,1078,18,14,4,0.7778,4060.67,0.4221,62,CARD,FOOD_DELIVERY,SMALL,7435.86,0.9306,0.0694,10,4,8
EVT_00008119,RETRY_LATER,True,ALLOWED,0.636527,1,5941.04,SUBSCRIPTION_FAILURE,2026-08-02 07:31:08,CUS_001538,MER_00102,5941.04,INR,UPI,MOBILE,AT_RISK,,0,58.83,0,False,False,504,9,0,0.686527,192,11,11,0,1.0,6629.03,0.5255,68,UPI,DIGITAL_SERVICES,MEDIUM,1989.33,0.9744,0.0256,7,6,8
EVT_00008120,RETRY_LATER,True,ALLOWED,0.406479,1,17160.27,PAYMENT_FAILURE,2026-08-25 01:41:14,CUS_001660,MER_00035,17160.27,INR,CARD,DESKTOP,FAILED,NETWORK_ERROR,2,14.2,0,False,False,0,0,0,0.486479,402,39,35,4,0.8974,12164.82,0.7762,74,UPI,DIGITAL_SERVICES,SMALL,1661.67,0.979,0.021,1,1,8
EVT_00008139,RETRY_LATER,True,ALLOWED,0.831939,1,13434.8,PAYMENT_FAILURE,2026-08-24 12:17:19,CUS_001137,MER_00182,13434.8,INR,UPI,DESKTOP,FAILED,BANK_TECHNICAL_ERROR,0,28.99,0,False,False,0,0,0,0.711939,1095,46,44,2,0.9565,9353.96,0.8311,77,NETBANKING,DIGITAL_SERVICES,SMALL,4671.98,0.9884,0.0116,12,0,8
EVT_00008143,RECOVERY_REMINDER,True,ALLOWED,0.399345,1,24122.9,PAYMENT_FAILURE,2026-08-25 23:04:05,CUS_001360,MER_00166,24122.9,INR,CARD,MOBILE,FAILED,ISSUER_DECLINE,0,40.67,0,False,False,0,0,0,0.379345,567,42,38,4,0.9048,18534.16,0.596,3,CARD,EDUCATION,SMALL,9718.64,0.9553,0.0447,23,1,8
EVT_00008150,RETRY_LATER,True,ALLOWED,0.706069,1,6971.67,CHECKOUT_ABANDONMENT,2026-08-06 15:05:38,CUS_000131,MER_00056,6971.67,INR,UPI,DESKTOP,AT_RISK,,0,8.96,839,True,False,0,0,0,0.756069,861,57,52,5,0.9123,8378.88,0.5617,41,UPI,SAAS,SMALL,1706.75,0.9351,0.0649,15,3,8
EVT_00008164,RETRY_LATER,False,RETRY_LIMIT_REACHED,0.0,0,0.0,PAYMENT_FAILURE,2026-08-26 04:01:34,CUS_000173,MER_00139,2624.01,INR,UPI,MOBILE,FAILED,NETWORK_ERROR,3,20.89,0,False,False,0,0,0,0.281003,1164,79,50,29,0.6329,2012.82,0.7246,32,UPI,FOOD_DELIVERY,SMALL,4070.36,0.9874,0.0126,4,2,8
EVT_00008166,ALTERNATIVE_PAYMENT,True,ALLOWED,0.409198,1,1989.61,PAYMENT_FAILURE,2026-08-07 18:56:48,CUS_000358,MER_00083,1989.61,INR,CARD,MOBILE,FAILED,TIMEOUT,3,52.19,0,False,False,0,0,0,0.379198,1340,18,16,2,0.8889,3405.66,0.6016,67,CARD,FOOD_DELIVERY,MEDIUM,6899.34,0.9485,0.0515,18,4,8
EVT_00008167,RETRY_LATER,True,ALLOWED,0.785569,1,14023.17,PAYMENT_FAILURE,2026-08-10 09:13:40,CUS_001283,MER_00140,14023.17,INR,WALLET,DESKTOP,FAILED,BANK_TECHNICAL_ERROR,0,62.1,0,False,False,0,0,0,0.665569,608,77,63,14,0.8182,7770.17,0.6798,73,UPI,EDUCATION,MEDIUM,8286.12,0.9696,0.0304,9,0,8
EVT_00008182,ALTERNATIVE_PAYMENT,True,ALLOWED,0.529113,1,2614.27,CHECKOUT_ABANDONMENT,2026-08-12 08:27:40,CUS_000448,MER_00162,2614.27,INR,UPI,MOBILE,AT_RISK,,0,58.89,659,False,False,0,0,0,0.499113,1434,52,42,10,0.8077,5008.07,0.6911,0,WALLET,DIGITAL_SERVICES,LARGE,1610.3,0.8922,0.1078,8,2,8
EVT_00008187,RETRY_LATER,True,ALLOWED,0.686506,1,1890.89,CHECKOUT_ABANDONMENT,2026-08-19 08:26:48,CUS_001389,MER_00183,1890.89,INR,NETBANKING,MOBILE,AT_RISK,,0,25.35,872,True,False,0,0,0,0.736506,1339,23,21,2,0.913,2102.83,0.9232,70,UPI,DIGITAL_SERVICES,SMALL,7807.06,0.8681,0.1319,8,2,8
EVT_00008191,ALTERNATIVE_PAYMENT,True,ALLOWED,0.310964,1,2148.43,PAYMENT_FAILURE,2026-08-25 01:15:30,CUS_001257,MER_00025,2148.43,INR,NETBANKING,DESKTOP,FAILED,INSUFFICIENT_BALANCE,1,34.8,0,False,False,0,0,0,0.280964,356,14,11,3,0.7857,3472.53,0.5148,24,CARD,DIGITAL_SERVICES,MEDIUM,770.56,0.9566,0.0434,1,1,8
EVT_00008214,RETRY_LATER,True,ALLOWED,0.684874,1,9368.25,CHECKOUT_ABANDONMENT,2026-08-22 19:09:08,CUS_001085,MER_00029,9368.25,INR,WALLET,MOBILE,AT_RISK,,0,19.63,654,True,False,0,0,0,0.734874,324,27,23,4,0.8519,10934.71,0.9104,7,NETBANKING,FOOD_DELIVERY,SMALL,5041.91,0.8787,0.1213,19,5,8
EVT_00008216,ALTERNATIVE_PAYMENT,True,ALLOWED,0.569278,1,5487.52,PAYMENT_FAILURE,2026-08-28 03:51:44,CUS_000697,MER_00029,5487.52,INR,CARD,DESKTOP,FAILED,TIMEOUT,0,65.29,0,False,False,0,0,0,0.539278,1091,11,7,4,0.6364,5454.21,0.5094,29,NETBANKING,FOOD_DELIVERY,SMALL,5041.91,0.8787,0.1213,3,4,8
EVT_00008221,RETRY_LATER,True,ALLOWED,0.167516,0,0.0,PAYMENT_FAILURE,2026-08-02 18:37:54,CUS_000324,MER_00027,14208.92,INR,UPI,MOBILE,FAILED,INSUFFICIENT_BALANCE,1,56.6,0,False,False,0,0,0,0.317516,1376,52,47,5,0.9038,6682.24,0.5829,78,UPI,DIGITAL_SERVICES,SMALL,12097.35,0.8025,0.1975,18,6,8
EVT_00008225,ALTERNATIVE_PAYMENT,True,ALLOWED,0.625016,1,3840.94,PAYMENT_FAILURE,2026-08-20 16:25:50,CUS_000779,MER_00056,3840.94,INR,UPI,DESKTOP,FAILED,BANK_TECHNICAL_ERROR,1,61.62,0,False,False,0,0,0,0.595016,428,31,29,2,0.9355,5508.21,0.9541,62,UPI,SAAS,SMALL,1706.75,0.9351,0.0649,16,3,8
EVT_00008237,ALTERNATIVE_PAYMENT,True,ALLOWED,0.364846,1,4480.78,PAYMENT_FAILURE,2026-08-18 11:56:06,CUS_001848,MER_00124,4480.78,INR,CARD,MOBILE,FAILED,PAYMENT_LIMIT,3,15.31,0,False,False,0,0,0,0.184846,827,29,26,3,0.8966,3300.16,0.6695,16,UPI,TRAVEL,SMALL,2268.54,0.7268,0.2732,11,1,8
EVT_00008249,RETRY_LATER,True,ALLOWED,0.632023,1,7215.65,CHECKOUT_ABANDONMENT,2026-08-30 19:39:43,CUS_001466,MER_00165,7215.65,INR,CARD,MOBILE,AT_RISK,,0,69.78,648,True,False,0,0,0,0.682023,194,60,43,17,0.7167,7847.47,0.7431,69,UPI,SAAS,SMALL,10559.09,0.8386,0.1614,19,6,8
EVT_00008252,RETRY_LATER,True,ALLOWED,0.351348,0,0.0,PAYMENT_FAILURE,2026-08-29 09:49:00,CUS_001045,MER_00173,2379.73,INR,UPI,MOBILE,FAILED,NETWORK_ERROR,2,31.0,0,False,False,0,0,0,0.431348,1072,15,13,2,0.8667,2293.6,0.9729,75,WALLET,DIGITAL_SERVICES,MEDIUM,866.54,0.9435,0.0565,9,5,8
EVT_00008256,RETRY_LATER,True,ALLOWED,0.32913,1,882.95,SUBSCRIPTION_FAILURE,2026-08-28 00:52:58,CUS_000925,MER_00081,882.95,INR,NETBANKING,DESKTOP,AT_RISK,,0,18.98,0,False,False,602,10,2,0.37913,394,34,28,6,0.8235,2616.87,0.6313,8,UPI,FOOD_DELIVERY,MEDIUM,42052.11,0.8971,0.1029,0,4,8
EVT_00008260,RETRY_LATER,False,RETRY_LIMIT_REACHED,0.0,0,0.0,PAYMENT_FAILURE,2026-08-29 20:44:51,CUS_000910,MER_00099,5878.15,INR,UPI,MOBILE,FAILED,EXPIRED_PAYMENT_METHOD,3,13.17,0,False,False,0,0,0,0.192329,164,28,22,6,0.7857,8803.17,0.7927,21,CARD,E_COMMERCE,MEDIUM,3130.24,0.8534,0.1466,20,5,8
EVT_00008275,RETRY_LATER,True,ALLOWED,0.097008,0,0.0,PAYMENT_FAILURE,2026-08-23 20:15:15,CUS_000207,MER_00006,4335.55,INR,UPI,DESKTOP,FAILED,ISSUER_DECLINE,1,17.7,0,False,False,0,0,0,0.247008,1153,11,10,1,0.9091,4263.88,0.3115,19,UPI,SAAS,SMALL,11987.91,0.8542,0.1458,20,6,8
EVT_00008283,ALTERNATIVE_PAYMENT,True,ALLOWED,0.276602,1,3673.08,PAYMENT_FAILURE,2026-08-30 17:19:26,CUS_001603,MER_00054,3673.08,INR,UPI,DESKTOP,FAILED,INSUFFICIENT_BALANCE,2,0.99,0,False,False,0,0,0,0.246602,1244,13,12,1,0.9231,5233.01,0.6471,67,CARD,SAAS,SMALL,6765.64,0.896,0.104,17,6,8
EVT_00008286,RETRY_LATER,True,ALLOWED,0.433747,1,15675.35,PAYMENT_FAILURE,2026-08-09 21:48:46,CUS_000503,MER_00011,15675.35,INR,UPI,MOBILE,FAILED,TIMEOUT,2,50.29,0,False,False,0,0,0,0.513747,1445,60,58,2,0.9667,7863.47,0.4292,78,WALLET,DIGITAL_SERVICES,SMALL,11685.15,0.879,0.121,21,6,8
EVT_00008304,ALTERNATIVE_PAYMENT,True,ALLOWED,0.497757,1,1598.09,PAYMENT_FAILURE,2026-08-29 23:14:19,CUS_000473,MER_00178,1598.09,INR,CARD,MOBILE,FAILED,ISSUER_DECLINE,0,19.49,0,False,False,0,0,0,0.317757,665,33,29,4,0.8788,2360.96,0.5448,4,NETBANKING,EDUCATION,SMALL,7809.93,0.9459,0.0541,23,5,8
EVT_00008312,ALTERNATIVE_PAYMENT,True,ALLOWED,0.418336,1,4369.85,SUBSCRIPTION_FAILURE,2026-08-20 09:56:07,CUS_000896,MER_00033,4369.85,INR,CARD,MOBILE,AT_RISK,,0,27.57,0,False,False,613,13,2,0.388336,928,43,37,6,0.8605,5961.73,0.8852,55,NETBANKING,RETAIL,SMALL,1741.31,0.8328,0.1672,9,3,8
EVT_00008316,ALTERNATIVE_PAYMENT,True,ALLOWED,0.745968,1,3754.72,CHECKOUT_ABANDONMENT,2026-08-13 16:22:36,CUS_001276,MER_00128,3754.72,INR,UPI,DESKTOP,AT_RISK,,0,17.29,459,True,False,0,0,0,0.715968,1078,73,57,16,0.7808,5052.46,0.5922,23,CARD,TRAVEL,LARGE,637.62,0.9635,0.0365,16,3,8
EVT_00008320,ALTERNATIVE_PAYMENT,True,ALLOWED,0.441757,1,4176.31,PAYMENT_FAILURE,2026-08-22 00:27:17,CUS_001986,MER_00081,4176.31,INR,UPI,MOBILE,FAILED,BANK_TECHNICAL_ERROR,3,71.31,0,False,False,0,0,0,0.411757,1196,27,25,2,0.9259,7200.99,0.8466,2,UPI,FOOD_DELIVERY,MEDIUM,42052.11,0.8971,0.1029,0,5,8
EVT_00008336,RETRY_LATER,True,ALLOWED,0.718009,1,6488.1,CHECKOUT_ABANDONMENT,2026-08-03 10:49:23,CUS_001047,MER_00182,6488.1,INR,UPI,MOBILE,AT_RISK,,0,35.64,651,True,False,0,0,0,0.768009,381,58,54,4,0.931,6287.52,0.4687,68,UPI,DIGITAL_SERVICES,SMALL,4671.98,0.9884,0.0116,10,0,8
EVT_00008345,RETRY_LATER,True,ALLOWED,0.508158,0,0.0,SUBSCRIPTION_FAILURE,2026-08-22 17:44:06,CUS_000816,MER_00015,5052.77,INR,CARD,MOBILE,AT_RISK,,0,63.5,0,False,False,809,11,1,0.558158,1260,8,8,0,1.0,3816.21,0.5857,18,NETBANKING,EDUCATION,SMALL,2436.77,0.8602,0.1398,17,5,8
EVT_00008355,RETRY_LATER,True,ALLOWED,0.442722,1,15160.0,PAYMENT_FAILURE,2026-08-09 12:28:35,CUS_000219,MER_00110,15160.0,INR,NETBANKING,MOBILE,FAILED,TIMEOUT,2,14.97,0,False,False,0,0,0,0.522722,687,23,22,1,0.9565,10592.39,0.7774,59,UPI,FOOD_DELIVERY,MEDIUM,25287.45,0.9495,0.0505,12,6,8
EVT_00008363,RETRY_LATER,False,RETRY_LIMIT_REACHED,0.0,0,0.0,PAYMENT_FAILURE,2026-08-05 13:20:39,CUS_001633,MER_00101,2660.57,INR,UPI,DESKTOP,FAILED,INSUFFICIENT_BALANCE,3,61.45,0,False,False,0,0,0,0.199958,163,3,3,0,1.0,1708.49,0.5647,79,UPI,FOOD_DELIVERY,SMALL,3940.25,0.8648,0.1352,13,2,8
EVT_00008370,ALTERNATIVE_PAYMENT,True,ALLOWED,0.204442,1,1635.1,PAYMENT_FAILURE,2026-08-09 17:57:36,CUS_000555,MER_00137,1635.1,INR,UPI,MOBILE,FAILED,INSUFFICIENT_BALANCE,3,25.42,0,False,False,0,0,0,0.174442,1477,78,66,12,0.8462,1748.31,0.6435,69,CARD,SAAS,MEDIUM,8339.15,0.9561,0.0439,17,6,8
EVT_00008377,RETRY_LATER,True,ALLOWED,0.67389,1,31879.18,PAYMENT_FAILURE,2026-08-26 20:58:07,CUS_001610,MER_00086,31879.18,INR,UPI,DESKTOP,FAILED,BANK_TECHNICAL_ERROR,1,2.35,0,False,False,0,0,0,0.65389,215,54,48,6,0.8889,34714.52,0.5203,50,NETBANKING,EDUCATION,LARGE,4399.36,0.9863,0.0137,20,2,8
EVT_00008382,RETRY_LATER,True,ALLOWED,0.725855,1,5541.09,CHECKOUT_ABANDONMENT,2026-08-22 08:57:20,CUS_001631,MER_00042,5541.09,INR,CARD,MOBILE,AT_RISK,,0,55.94,263,True,False,0,0,0,0.775855,871,37,36,1,0.973,9976.34,0.9812,49,CARD,E_COMMERCE,SMALL,2406.16,0.9772,0.0228,8,5,8
EVT_00008396,RECOVERY_REMINDER,True,ALLOWED,0.354494,1,10609.16,PAYMENT_FAILURE,2026-08-10 11:39:43,CUS_000815,MER_00034,10609.16,INR,CARD,MOBILE,FAILED,ISSUER_DECLINE,0,45.72,0,False,False,0,0,0,0.334494,1173,16,14,2,0.875,6676.95,0.7971,32,CARD,FOOD_DELIVERY,MEDIUM,27974.45,0.9356,0.0644,11,0,8
EVT_00008408,RETRY_LATER,True,ALLOWED,0.654126,1,6815.44,CHECKOUT_ABANDONMENT,2026-08-26 02:03:41,CUS_000342,MER_00026,6815.44,INR,WALLET,MOBILE,AT_RISK,,0,7.94,195,True,False,0,0,0,0.704126,457,32,26,6,0.8125,8498.17,0.6483,31,CARD,SAAS,LARGE,6343.17,0.7939,0.2061,2,2,8
EVT_00008409,RETRY_LATER,True,ALLOWED,0.499443,1,3197.23,SUBSCRIPTION_FAILURE,2026-08-29 15:38:51,CUS_000151,MER_00077,3197.23,INR,CARD,MOBILE,AT_RISK,,0,25.24,0,False,False,488,15,1,0.549443,1287,26,24,2,0.9231,2243.82,0.5273,83,UPI,TRAVEL,MEDIUM,2007.39,0.9835,0.0165,15,5,8
EVT_00008413,RETRY_LATER,True,ALLOWED,0.01,0,0.0,PAYMENT_FAILURE,2026-08-08 02:44:55,CUS_001835,MER_00012,5472.3,INR,NETBANKING,MOBILE,FAILED,INSUFFICIENT_BALANCE,2,27.91,0,False,False,0,0,0,0.247851,632,12,11,1,0.9167,3523.87,0.3385,3,UPI,FOOD_DELIVERY,MEDIUM,4480.78,0.8939,0.1061,2,5,8
EVT_00008417,RETRY_LATER,True,ALLOWED,0.012402,0,0.0,PAYMENT_FAILURE,2026-08-05 07:30:10,CUS_000793,MER_00098,9502.73,INR,UPI,MOBILE,FAILED,INSUFFICIENT_BALANCE,2,15.12,0,False,False,0,0,0,0.262402,1092,58,55,3,0.9483,7762.33,0.7627,55,UPI,DIGITAL_SERVICES,SMALL,599.1,0.88,0.12,7,2,8
EVT_00008419,ALTERNATIVE_PAYMENT,True,ALLOWED,0.783669,1,1839.74,CHECKOUT_ABANDONMENT,2026-08-03 09:27:09,CUS_001633,MER_00032,1839.74,INR,CARD,DESKTOP,AT_RISK,,0,28.66,696,True,False,0,0,0,0.753669,163,3,3,0,1.0,1708.49,0.5647,79,UPI,TRAVEL,SMALL,7142.77,0.8186,0.1814,9,0,8
EVT_00008427,ALTERNATIVE_PAYMENT,True,ALLOWED,0.731395,1,16721.12,PAYMENT_FAILURE,2026-08-04 19:12:30,CUS_001494,MER_00199,16721.12,INR,CARD,DESKTOP,FAILED,BANK_TECHNICAL_ERROR,0,70.9,0,False,False,0,0,0,0.701395,519,59,55,4,0.9322,13941.31,0.7064,22,CARD,SAAS,SMALL,1416.06,0.9293,0.0707,19,1,8
EVT_00008446,ALTERNATIVE_PAYMENT,True,ALLOWED,0.690908,1,7159.78,PAYMENT_FAILURE,2026-08-26 16:10:22,CUS_001871,MER_00161,7159.78,INR,UPI,MOBILE,FAILED,EXPIRED_PAYMENT_METHOD,0,23.9,0,False,False,0,0,0,0.510908,93,4,4,0,1.0,3458.57,0.1549,68,CARD,SAAS,SMALL,3979.68,0.9713,0.0287,16,2,8
EVT_00008456,HUMAN_ESCALATION,True,ALLOWED,0.33526,1,2934.93,PAYMENT_FAILURE,2026-08-10 08:56:37,CUS_000398,MER_00052,2934.93,INR,UPI,MOBILE,FAILED,BANK_TECHNICAL_ERROR,3,29.64,0,False,False,0,0,0,0.43526,318,23,22,1,0.9565,2370.17,0.8442,47,UPI,RETAIL,LARGE,8899.2,0.9756,0.0244,8,0,8
EVT_00008457,RETRY_LATER,True,ALLOWED,0.746222,1,2721.5,PAYMENT_FAILURE,2026-08-14 01:39:28,CUS_001873,MER_00081,2721.5,INR,CARD,DESKTOP,FAILED,TIMEOUT,0,51.95,0,False,False,0,0,0,0.626222,916,69,61,8,0.8841,1241.17,0.319,18,UPI,FOOD_DELIVERY,MEDIUM,42052.11,0.8971,0.1029,1,4,8
EVT_00008460,HUMAN_ESCALATION,True,ALLOWED,0.62169,1,3610.83,CHECKOUT_ABANDONMENT,2026-08-19 05:47:07,CUS_001257,MER_00190,3610.83,INR,UPI,TABLET,AT_RISK,,0,14.9,779,True,False,0,0,0,0.72169,356,14,11,3,0.7857,3472.53,0.5148,24,CARD,RETAIL,MEDIUM,2490.76,0.9915,0.0085,5,2,8
EVT_00008462,ALTERNATIVE_PAYMENT,True,ALLOWED,0.31687,1,4354.89,PAYMENT_FAILURE,2026-08-08 18:02:13,CUS_001121,MER_00139,4354.89,INR,NETBANKING,DESKTOP,FAILED,ISSUER_DECLINE,3,0.55,0,False,False,0,0,0,0.13687,50,50,41,9,0.82,5630.87,0.5829,55,CARD,FOOD_DELIVERY,SMALL,4070.36,0.9874,0.0126,18,5,8
EVT_00008465,ALTERNATIVE_PAYMENT,True,ALLOWED,0.609385,1,21036.0,SUBSCRIPTION_FAILURE,2026-08-28 23:31:39,CUS_001249,MER_00078,21036.0,INR,CARD,MOBILE,AT_RISK,,0,25.12,0,False,False,659,11,1,0.579385,508,12,11,1,0.9167,25844.51,0.8833,1,UPI,E_COMMERCE,LARGE,10945.16,0.9248,0.0752,23,4,8
EVT_00008466,RETRY_LATER,False,RETRY_LIMIT_REACHED,0.0,0,0.0,PAYMENT_FAILURE,2026-08-23 09:54:42,CUS_000199,MER_00146,4783.52,INR,UPI,MOBILE,FAILED,ISSUER_DECLINE,3,59.21,0,False,False,0,0,0,0.137653,528,46,40,6,0.8696,4312.15,0.7139,45,CARD,RETAIL,LARGE,2271.18,0.8973,0.1027,9,6,8
EVT_00008478,RETRY_LATER,True,ALLOWED,0.687182,1,4076.44,CHECKOUT_ABANDONMENT,2026-08-04 08:12:12,CUS_001954,MER_00008,4076.44,INR,CARD,MOBILE,AT_RISK,,0,46.52,562,True,False,0,0,0,0.737182,713,37,33,4,0.8919,4202.39,0.5195,7,WALLET,DIGITAL_SERVICES,MEDIUM,6017.04,0.8847,0.1153,8,1,8
EVT_00008498,RETRY_LATER,True,ALLOWED,0.28765,1,20599.36,PAYMENT_FAILURE,2026-08-08 15:48:19,CUS_000086,MER_00126,20599.36,INR,CARD,MOBILE,FAILED,ISSUER_DECLINE,0,9.78,0,False,False,0,0,0,0.33765,1059,52,44,8,0.8462,6822.1,0.6468,32,UPI,DIGITAL_SERVICES,SMALL,2499.99,0.8824,0.1176,15,5,8
EVT_00008505,ALTERNATIVE_PAYMENT,True,ALLOWED,0.782017,1,5175.88,CHECKOUT_ABANDONMENT,2026-08-25 07:19:15,CUS_001209,MER_00086,5175.88,INR,UPI,MOBILE,AT_RISK,,0,21.75,184,True,False,0,0,0,0.752017,448,34,30,4,0.8824,5844.84,0.7327,35,CARD,EDUCATION,LARGE,4399.36,0.9863,0.0137,7,1,8
EVT_00008508,RETRY_LATER,True,ALLOWED,0.230263,0,0.0,SUBSCRIPTION_FAILURE,2026-08-11 12:10:02,CUS_001337,MER_00079,7848.21,INR,NETBANKING,MOBILE,AT_RISK,,0,31.1,0,False,False,839,4,2,0.280263,968,42,38,4,0.9048,8524.88,0.7614,83,UPI,FOOD_DELIVERY,LARGE,412.23,0.9077,0.0923,12,1,8
EVT_00008513,RETRY_LATER,True,ALLOWED,0.603864,1,9175.85,SUBSCRIPTION_FAILURE,2026-08-03 05:37:21,CUS_001235,MER_00049,9175.85,INR,CARD,MOBILE,AT_RISK,,0,14.46,0,False,False,123,6,0,0.653864,966,46,44,2,0.9565,3260.76,0.9729,72,CARD,EDUCATION,SMALL,8781.92,0.8307,0.1693,5,0,8
EVT_00008516,RECOVERY_REMINDER,True,ALLOWED,0.89136,1,4428.71,CHECKOUT_ABANDONMENT,2026-08-27 21:57:47,CUS_001973,MER_00162,4428.71,INR,UPI,DESKTOP,AT_RISK,,0,39.67,610,True,False,0,0,0,0.74136,1032,10,9,1,0.9,3107.21,0.5334,14,CARD,DIGITAL_SERVICES,LARGE,1610.3,0.8922,0.1078,21,3,8
EVT_00008524,HUMAN_ESCALATION,True,ALLOWED,0.393392,1,30390.59,PAYMENT_FAILURE,2026-08-28 23:35:54,CUS_000420,MER_00131,30390.59,INR,UPI,DESKTOP,FAILED,ISSUER_DECLINE,0,15.1,0,False,False,0,0,0,0.293392,774,34,24,10,0.7059,20540.38,0.5829,60,CARD,DIGITAL_SERVICES,MEDIUM,6995.59,0.7666,0.2334,23,4,8
EVT_00008538,ALTERNATIVE_PAYMENT,True,ALLOWED,0.640994,1,2988.06,PAYMENT_FAILURE,2026-08-06 04:05:03,CUS_000236,MER_00045,2988.06,INR,NETBANKING,DESKTOP,FAILED,BANK_TECHNICAL_ERROR,1,33.1,0,False,False,0,0,0,0.610994,1087,63,61,2,0.9683,2198.67,0.5842,52,WALLET,FOOD_DELIVERY,MEDIUM,1683.01,0.9677,0.0323,4,3,8
EVT_00008541,RETRY_LATER,True,ALLOWED,0.471753,0,0.0,CHECKOUT_ABANDONMENT,2026-08-07 17:00:43,CUS_001104,MER_00139,924.56,INR,CARD,MOBILE,AT_RISK,,0,71.1,194,False,False,0,0,0,0.521753,251,35,29,6,0.8286,2086.49,0.5735,65,CARD,FOOD_DELIVERY,SMALL,4070.36,0.9874,0.0126,17,4,8
EVT_00008544,RETRY_LATER,True,ALLOWED,0.185111,0,0.0,PAYMENT_FAILURE,2026-08-29 10:32:34,CUS_001299,MER_00128,5374.25,INR,CARD,DESKTOP,FAILED,INSUFFICIENT_BALANCE,1,47.36,0,False,False,0,0,0,0.335111,809,43,40,3,0.9302,5390.74,0.6678,80,UPI,TRAVEL,LARGE,637.62,0.9635,0.0365,10,5,8
EVT_00008557,HUMAN_ESCALATION,True,ALLOWED,0.26788,1,1197.78,PAYMENT_FAILURE,2026-08-04 13:23:21,CUS_001592,MER_00053,1197.78,INR,NETBANKING,MOBILE,FAILED,TIMEOUT,3,60.13,0,False,False,0,0,0,0.36788,539,24,21,3,0.875,1569.29,0.7378,68,CARD,E_COMMERCE,SMALL,2869.11,0.924,0.076,13,1,8
EVT_00008566,RETRY_LATER,True,ALLOWED,0.065381,0,0.0,PAYMENT_FAILURE,2026-08-27 08:53:58,CUS_000604,MER_00127,10026.1,INR,UPI,DESKTOP,FAILED,EXPIRED_PAYMENT_METHOD,2,61.13,0,False,False,0,0,0,0.315381,227,45,44,1,0.9778,18139.82,0.9792,88,UPI,SAAS,MEDIUM,11305.04,0.8287,0.1713,8,3,8
EVT_00008567,ALTERNATIVE_PAYMENT,True,ALLOWED,0.573746,1,10448.32,PAYMENT_FAILURE,2026-08-17 20:44:30,CUS_001688,MER_00200,10448.32,INR,NETBANKING,MOBILE,FAILED,TIMEOUT,1,64.31,0,False,False,0,0,0,0.543746,629,75,67,8,0.8933,6824.94,0.8992,5,UPI,TRAVEL,LARGE,3303.67,0.795,0.205,20,0,8
EVT_00008575,RECOVERY_REMINDER,True,ALLOWED,0.517038,1,60930.52,PAYMENT_FAILURE,2026-08-15 11:13:18,CUS_000888,MER_00190,60930.52,INR,WALLET,MOBILE,FAILED,INSUFFICIENT_BALANCE,0,69.91,0,False,False,0,0,0,0.497038,313,6,5,1,0.8333,30623.59,0.6112,77,UPI,RETAIL,MEDIUM,2490.76,0.9915,0.0085,11,5,8
EVT_00008576,HUMAN_ESCALATION,True,ALLOWED,0.584248,1,39908.07,PAYMENT_FAILURE,2026-08-23 13:35:54,CUS_000294,MER_00146,39908.07,INR,UPI,TABLET,FAILED,INSUFFICIENT_BALANCE,0,43.78,0,False,False,0,0,0,0.484248,517,60,55,5,0.9167,22277.54,0.6359,82,CARD,RETAIL,LARGE,2271.18,0.8973,0.1027,13,6,8
EVT_00008582,RECOVERY_REMINDER,True,ALLOWED,0.440996,1,4634.26,PAYMENT_FAILURE,2026-08-12 05:36:56,CUS_001064,MER_00055,4634.26,INR,UPI,DESKTOP,FAILED,EXPIRED_PAYMENT_METHOD,0,71.37,0,False,False,0,0,0,0.420996,1066,11,10,1,0.9091,2931.72,0.9003,66,CARD,DIGITAL_SERVICES,LARGE,4613.21,0.7204,0.2796,5,2,8
EVT_00008593,RETRY_LATER,True,ALLOWED,0.741725,1,7685.61,PAYMENT_FAILURE,2026-08-22 13:38:51,CUS_001778,MER_00126,7685.61,INR,WALLET,MOBILE,FAILED,BANK_TECHNICAL_ERROR,0,46.09,0,False,False,0,0,0,0.621725,269,68,53,15,0.7794,8482.44,0.8512,73,UPI,DIGITAL_SERVICES,SMALL,2499.99,0.8824,0.1176,13,5,8
EVT_00008594,RETRY_LATER,True,ALLOWED,0.016323,0,0.0,PAYMENT_FAILURE,2026-08-09 08:09:38,CUS_000668,MER_00128,983.97,INR,UPI,MOBILE,FAILED,INSUFFICIENT_BALANCE,2,71.13,0,False,False,0,0,0,0.266323,1295,77,75,2,0.974,1401.91,0.716,42,WALLET,TRAVEL,LARGE,637.62,0.9635,0.0365,8,6,8
EVT_00008617,RETRY_LATER,True,ALLOWED,0.749039,1,3956.62,PAYMENT_FAILURE,2026-08-01 15:56:29,CUS_000235,MER_00184,3956.62,INR,UPI,MOBILE,FAILED,TIMEOUT,0,68.55,0,False,False,0,0,0,0.629039,754,47,40,7,0.8511,4307.32,0.7967,16,UPI,E_COMMERCE,MEDIUM,7360.37,0.9586,0.0414,15,5,8
EVT_00008634,RETRY_LATER,True,ALLOWED,0.679898,1,3549.75,CHECKOUT_ABANDONMENT,2026-08-05 08:51:48,CUS_001601,MER_00039,3549.75,INR,WALLET,MOBILE,AT_RISK,,0,22.53,276,True,False,0,0,0,0.729898,473,36,33,3,0.9167,3409.39,0.5547,71,UPI,DIGITAL_SERVICES,SMALL,6776.92,0.7982,0.2018,8,2,8
EVT_00008641,RETRY_LATER,True,ALLOWED,0.59239,1,5291.36,SUBSCRIPTION_FAILURE,2026-08-11 16:20:30,CUS_000510,MER_00149,5291.36,INR,UPI,MOBILE,AT_RISK,,0,62.21,0,False,False,616,7,0,0.64239,377,10,9,1,0.9,5761.27,0.7464,59,CARD,EDUCATION,SMALL,3023.4,0.9223,0.0777,16,1,8
EVT_00008653,RETRY_LATER,True,ALLOWED,0.422497,1,602.75,PAYMENT_FAILURE,2026-08-02 06:47:05,CUS_000529,MER_00151,602.75,INR,CARD,DESKTOP,FAILED,TIMEOUT,2,33.61,0,False,False,0,0,0,0.502497,1375,7,7,0,1.0,1783.02,0.8108,70,UPI,TRAVEL,MEDIUM,1657.94,0.9487,0.0513,6,6,8
EVT_00008655,ALTERNATIVE_PAYMENT,True,ALLOWED,0.512513,1,15907.43,PAYMENT_FAILURE,2026-08-20 20:01:15,CUS_000652,MER_00120,15907.43,INR,UPI,MOBILE,FAILED,TIMEOUT,2,58.77,0,False,False,0,0,0,0.482513,989,70,59,11,0.8429,7746.76,0.4168,80,UPI,E_COMMERCE,SMALL,2459.82,0.952,0.048,20,3,8
EVT_00008675,ALTERNATIVE_PAYMENT,True,ALLOWED,0.331082,1,5262.15,SUBSCRIPTION_FAILURE,2026-08-27 15:33:19,CUS_000299,MER_00117,5262.15,INR,CARD,MOBILE,AT_RISK,,0,64.97,0,False,False,430,10,3,0.301082,448,18,16,2,0.8889,4303.3,0.7064,66,CARD,TRAVEL,SMALL,11500.96,0.8461,0.1539,15,3,8
EVT_00008676,ALTERNATIVE_PAYMENT,True,ALLOWED,0.750907,1,3884.47,CHECKOUT_ABANDONMENT,2026-08-11 01:44:03,CUS_001411,MER_00012,3884.47,INR,CARD,DESKTOP,AT_RISK,,0,38.73,83,True,False,0,0,0,0.720907,119,6,6,0,1.0,3373.46,0.6184,54,WALLET,FOOD_DELIVERY,MEDIUM,4480.78,0.8939,0.1061,1,1,8
EVT_00008684,RETRY_LATER,True,ALLOWED,0.733354,1,21993.71,CHECKOUT_ABANDONMENT,2026-08-23 03:14:24,CUS_001926,MER_00145,21993.71,INR,UPI,DESKTOP,AT_RISK,,0,3.47,507,True,False,0,0,0,0.783354,223,46,42,4,0.913,24253.18,0.8729,69,CARD,DIGITAL_SERVICES,SMALL,22876.16,0.9386,0.0614,3,6,8
EVT_00008698,HUMAN_ESCALATION,True,ALLOWED,0.312273,1,3462.16,PAYMENT_FAILURE,2026-08-18 10:10:52,CUS_000667,MER_00031,3462.16,INR,CARD,MOBILE,FAILED,BANK_TECHNICAL_ERROR,3,22.91,0,False,False,0,0,0,0.412273,769,20,19,1,0.95,6587.8,0.9696,60,CARD,FOOD_DELIVERY,LARGE,8241.74,0.8635,0.1365,10,1,8
EVT_00008713,ALTERNATIVE_PAYMENT,True,ALLOWED,0.570677,1,1467.89,PAYMENT_FAILURE,2026-08-12 03:47:56,CUS_001972,MER_00014,1467.89,INR,NETBANKING,MOBILE,FAILED,TIMEOUT,1,52.61,0,False,False,0,0,0,0.540677,1383,74,68,6,0.9189,1108.73,0.6733,75,UPI,FOOD_DELIVERY,SMALL,3627.04,0.8438,0.1562,3,2,8
EVT_00008723,ALTERNATIVE_PAYMENT,True,ALLOWED,0.59078,1,12002.67,CHECKOUT_ABANDONMENT,2026-08-14 05:13:36,CUS_001833,MER_00066,12002.67,INR,UPI,MOBILE,AT_RISK,,0,54.93,317,False,False,0,0,0,0.56078,895,64,56,8,0.875,12497.33,0.7815,75,CARD,FOOD_DELIVERY,SMALL,10924.95,0.9585,0.0415,5,4,8
EVT_00008725,ALTERNATIVE_PAYMENT,True,ALLOWED,0.39993,1,1809.23,PAYMENT_FAILURE,2026-08-03 15:05:04,CUS_000300,MER_00194,1809.23,INR,NETBANKING,TABLET,FAILED,BANK_TECHNICAL_ERROR,3,69.58,0,False,False,0,0,0,0.36993,61,71,63,8,0.8873,1434.66,0.5255,49,CARD,TRAVEL,LARGE,3878.8,0.7793,0.2207,15,0,8
EVT_00008727,ALTERNATIVE_PAYMENT,True,ALLOWED,0.605461,1,792.83,PAYMENT_FAILURE,2026-08-04 13:11:21,CUS_000904,MER_00001,792.83,INR,UPI,MOBILE,FAILED,TIMEOUT,1,6.12,0,False,False,0,0,0,0.575461,1329,49,46,3,0.9388,450.14,0.7175,45,NETBANKING,FOOD_DELIVERY,SMALL,6229.18,0.9913,0.0087,13,1,8
EVT_00008730,ALTERNATIVE_PAYMENT,True,ALLOWED,0.202243,1,4446.76,PAYMENT_FAILURE,2026-08-13 03:54:36,CUS_000929,MER_00182,4446.76,INR,UPI,MOBILE,FAILED,INSUFFICIENT_BALANCE,3,41.28,0,False,False,0,0,0,0.172243,645,15,12,3,0.8,5035.42,0.5538,73,UPI,DIGITAL_SERVICES,SMALL,4671.98,0.9884,0.0116,3,3,8
EVT_00008735,RETRY_LATER,True,ALLOWED,0.683709,1,1095.12,CHECKOUT_ABANDONMENT,2026-08-25 10:00:57,CUS_001454,MER_00074,1095.12,INR,UPI,MOBILE,AT_RISK,,0,60.92,271,True,False,0,0,0,0.733709,391,28,24,4,0.8571,2302.63,0.9101,12,NETBANKING,FOOD_DELIVERY,MEDIUM,5401.12,0.9649,0.0351,10,1,8
EVT_00008741,RETRY_LATER,True,ALLOWED,0.605518,1,2427.58,SUBSCRIPTION_FAILURE,2026-08-18 12:38:09,CUS_001743,MER_00045,2427.58,INR,WALLET,DESKTOP,AT_RISK,,0,6.29,0,False,False,421,23,0,0.655518,700,75,70,5,0.9333,2315.1,0.9738,42,UPI,FOOD_DELIVERY,MEDIUM,1683.01,0.9677,0.0323,12,1,8
EVT_00008746,HUMAN_ESCALATION,True,ALLOWED,0.311671,1,4356.64,PAYMENT_FAILURE,2026-08-25 12:42:27,CUS_000909,MER_00182,4356.64,INR,UPI,MOBILE,FAILED,INSUFFICIENT_BALANCE,0,24.05,0,False,False,0,0,0,0.411671,575,11,10,1,0.9091,3787.05,0.7526,58,CARD,DIGITAL_SERVICES,SMALL,4671.98,0.9884,0.0116,12,1,8
EVT_00008755,RECOVERY_REMINDER,True,ALLOWED,0.366374,1,1697.24,PAYMENT_FAILURE,2026-08-20 13:58:46,CUS_000744,MER_00029,1697.24,INR,NETBANKING,MOBILE,FAILED,EXPIRED_PAYMENT_METHOD,1,10.66,0,False,False,0,0,0,0.346374,427,75,65,10,0.8667,2622.88,0.781,11,UPI,FOOD_DELIVERY,SMALL,5041.91,0.8787,0.1213,13,3,8
EVT_00008759,ALTERNATIVE_PAYMENT,True,ALLOWED,0.582377,1,5939.1,CHECKOUT_ABANDONMENT,2026-08-14 01:04:47,CUS_000181,MER_00078,5939.1,INR,CARD,DESKTOP,AT_RISK,,0,12.89,179,False,False,0,0,0,0.552377,1408,56,51,5,0.9107,4905.16,0.9255,35,UPI,E_COMMERCE,LARGE,10945.16,0.9248,0.0752,1,4,8
EVT_00008765,ALTERNATIVE_PAYMENT,True,ALLOWED,0.833165,1,35512.46,CHECKOUT_ABANDONMENT,2026-08-15 17:31:06,CUS_000119,MER_00170,35512.46,INR,CARD,MOBILE,AT_RISK,,0,31.5,327,True,False,0,0,0,0.803165,390,44,42,2,0.9545,18877.88,0.9126,27,CARD,EDUCATION,LARGE,584.64,0.8429,0.1571,17,5,8
EVT_00008767,RETRY_LATER,True,ALLOWED,0.697274,1,1302.54,CHECKOUT_ABANDONMENT,2026-08-15 13:50:39,CUS_000596,MER_00176,1302.54,INR,CARD,MOBILE,AT_RISK,,0,45.97,851,True,False,0,0,0,0.747274,1208,14,13,1,0.9286,1302.31,0.5532,17,UPI,FOOD_DELIVERY,SMALL,1683.95,0.9165,0.0835,13,5,8
EVT_00008768,ALTERNATIVE_PAYMENT,True,ALLOWED,0.350056,1,2661.72,PAYMENT_FAILURE,2026-08-30 09:46:06,CUS_000827,MER_00189,2661.72,INR,WALLET,DESKTOP,FAILED,INSUFFICIENT_BALANCE,0,6.36,0,False,False,0,0,0,0.320056,1030,29,21,8,0.7241,8284.37,0.4549,81,UPI,E_COMMERCE,LARGE,1688.36,0.8609,0.1391,9,6,8
EVT_00008769,ALTERNATIVE_PAYMENT,True,ALLOWED,0.433629,1,14058.28,PAYMENT_FAILURE,2026-08-07 01:10:38,CUS_000858,MER_00043,14058.28,INR,UPI,MOBILE,FAILED,INSUFFICIENT_BALANCE,0,52.07,0,False,False,0,0,0,0.403629,114,62,58,4,0.9355,22234.64,0.734,64,WALLET,TRAVEL,SMALL,10675.23,0.776,0.224,1,4,8
EVT_00008779,RETRY_LATER,True,ALLOWED,0.022326,0,0.0,PAYMENT_FAILURE,2026-08-16 02:58:56,CUS_001346,MER_00111,6843.8,INR,UPI,MOBILE,FAILED,EXPIRED_PAYMENT_METHOD,2,36.02,0,False,False,0,0,0,0.272326,1496,61,50,11,0.8197,9603.71,0.6622,47,UPI,SAAS,SMALL,5915.71,0.9052,0.0948,2,6,8
EVT_00008790,RETRY_LATER,True,ALLOWED,0.538171,1,2923.58,PAYMENT_FAILURE,2026-08-26 12:27:25,CUS_001474,MER_00034,2923.58,INR,CARD,MOBILE,FAILED,TIMEOUT,1,26.99,0,False,False,0,0,0,0.518171,334,70,56,14,0.8,4063.61,0.8439,68,CARD,FOOD_DELIVERY,MEDIUM,27974.45,0.9356,0.0644,12,2,8
EVT_00008806,RECOVERY_REMINDER,True,ALLOWED,0.290232,1,5025.43,PAYMENT_FAILURE,2026-08-10 20:01:49,CUS_001404,MER_00044,5025.43,INR,UPI,MOBILE,FAILED,PAYMENT_LIMIT,2,59.42,0,False,False,0,0,0,0.270232,504,78,67,11,0.859,4227.85,0.8689,87,UPI,TRAVEL,LARGE,2229.13,0.966,0.034,20,0,8
EVT_00008812,RETRY_LATER,True,ALLOWED,0.715007,1,21350.06,CHECKOUT_ABANDONMENT,2026-08-23 03:32:55,CUS_000241,MER_00164,21350.06,INR,CARD,MOBILE,AT_RISK,,0,26.8,286,True,False,0,0,0,0.765007,236,18,16,2,0.8889,18473.96,0.8344,21,UPI,EDUCATION,LARGE,10820.21,0.8606,0.1394,3,6,8
EVT_00008814,RETRY_LATER,True,ALLOWED,0.01,0,0.0,PAYMENT_FAILURE,2026-08-04 04:33:55,CUS_001630,MER_00028,1361.52,INR,CARD,MOBILE,FAILED,INSUFFICIENT_BALANCE,2,63.82,0,False,False,0,0,0,0.227489,216,66,58,8,0.8788,2284.35,0.8246,44,UPI,RETAIL,SMALL,5325.69,0.8758,0.1242,4,1,8
EVT_00008818,ALTERNATIVE_PAYMENT,True,ALLOWED,0.457009,1,2099.34,PAYMENT_FAILURE,2026-08-04 10:06:22,CUS_000480,MER_00163,2099.34,INR,UPI,DESKTOP,FAILED,ISSUER_DECLINE,0,60.18,0,False,False,0,0,0,0.277009,190,11,9,2,0.8182,1606.23,0.5945,46,CARD,E_COMMERCE,SMALL,1788.31,0.8092,0.1908,10,1,8
EVT_00008820,RETRY_LATER,True,ALLOWED,0.01,0,0.0,PAYMENT_FAILURE,2026-08-15 03:27:48,CUS_000715,MER_00122,3626.48,INR,CARD,MOBILE,FAILED,ISSUER_DECLINE,2,69.08,0,False,False,0,0,0,0.183841,1382,41,38,3,0.9268,9723.93,0.4818,9,UPI,TRAVEL,LARGE,1261.74,0.7975,0.2025,3,5,8
EVT_00008836,RETRY_LATER,False,RETRY_LIMIT_REACHED,0.0,0,0.0,PAYMENT_FAILURE,2026-08-01 21:34:46,CUS_000630,MER_00038,10292.55,INR,UPI,MOBILE,FAILED,PAYMENT_LIMIT,3,43.51,0,False,False,0,0,0,0.175116,568,4,3,1,0.75,7136.74,0.8234,10,NETBANKING,RETAIL,MEDIUM,5118.25,0.8466,0.1534,21,5,8
EVT_00008844,HUMAN_ESCALATION,True,ALLOWED,0.531478,1,31793.46,PAYMENT_FAILURE,2026-08-19 13:29:44,CUS_001487,MER_00086,31793.46,INR,WALLET,DESKTOP,FAILED,TIMEOUT,3,7.13,0,False,False,0,0,0,0.431478,268,27,22,5,0.8148,23724.05,0.8106,48,UPI,EDUCATION,LARGE,4399.36,0.9863,0.0137,13,2,8
EVT_00008851,ALTERNATIVE_PAYMENT,True,ALLOWED,0.584147,1,35551.41,PAYMENT_FAILURE,2026-08-28 11:31:08,CUS_001261,MER_00071,35551.41,INR,UPI,DESKTOP,FAILED,PAYMENT_LIMIT,1,36.14,0,False,False,0,0,0,0.404147,421,35,31,4,0.8857,25484.97,0.807,85,CARD,TRAVEL,MEDIUM,1476.19,0.8534,0.1466,11,4,8
EVT_00008861,RETRY_LATER,True,ALLOWED,0.366553,1,3167.25,PAYMENT_FAILURE,2026-08-20 08:51:57,CUS_000128,MER_00003,3167.25,INR,CARD,MOBILE,FAILED,BANK_TECHNICAL_ERROR,2,70.82,0,False,False,0,0,0,0.446553,1154,50,42,8,0.84,4049.86,0.6251,26,CARD,DIGITAL_SERVICES,SMALL,2951.94,0.8109,0.1891,8,3,8
EVT_00008863,RETRY_LATER,True,ALLOWED,0.22987,0,0.0,PAYMENT_FAILURE,2026-08-12 09:09:18,CUS_000770,MER_00016,21373.93,INR,CARD,MOBILE,FAILED,PAYMENT_LIMIT,1,24.29,0,False,False,0,0,0,0.37987,583,76,66,10,0.8684,28796.73,0.8613,7,UPI,DIGITAL_SERVICES,MEDIUM,5120.98,0.9357,0.0643,9,2,8
EVT_00008884,ALTERNATIVE_PAYMENT,True,ALLOWED,0.513782,1,16149.91,PAYMENT_FAILURE,2026-08-28 20:18:38,CUS_000155,MER_00126,16149.91,INR,UPI,MOBILE,FAILED,EXPIRED_PAYMENT_METHOD,2,62.88,0,False,False,0,0,0,0.333782,668,56,54,2,0.9643,27208.45,0.8072,16,UPI,DIGITAL_SERVICES,SMALL,2499.99,0.8824,0.1176,20,4,8
EVT_00008886,RETRY_LATER,True,ALLOWED,0.52406,0,0.0,PAYMENT_FAILURE,2026-08-09 06:54:38,CUS_001199,MER_00024,2888.9,INR,CARD,MOBILE,FAILED,NETWORK_ERROR,1,60.83,0,False,False,0,0,0,0.50406,1210,78,64,14,0.8205,2163.96,0.9118,74,UPI,DIGITAL_SERVICES,SMALL,6952.02,0.952,0.048,6,6,8
EVT_00008910,ALTERNATIVE_PAYMENT,True,ALLOWED,0.294542,1,5350.67,SUBSCRIPTION_FAILURE,2026-08-29 19:49:01,CUS_000630,MER_00098,5350.67,INR,CARD,MOBILE,AT_RISK,,0,37.09,0,False,False,591,19,3,0.264542,568,4,3,1,0.75,7136.74,0.8234,10,NETBANKING,DIGITAL_SERVICES,SMALL,599.1,0.88,0.12,19,5,8
EVT_00008912,RETRY_LATER,True,ALLOWED,0.534122,1,4817.32,PAYMENT_FAILURE,2026-08-07 08:05:52,CUS_000352,MER_00131,4817.32,INR,UPI,DESKTOP,FAILED,TIMEOUT,1,68.23,0,False,False,0,0,0,0.514122,96,60,52,8,0.8667,2295.04,0.4388,2,CARD,DIGITAL_SERVICES,MEDIUM,6995.59,0.7666,0.2334,8,4,8
EVT_00008915,RETRY_LATER,True,ALLOWED,0.306574,0,0.0,PAYMENT_FAILURE,2026-08-24 19:55:34,CUS_000805,MER_00172,10593.57,INR,NETBANKING,MOBILE,FAILED,ISSUER_DECLINE,0,43.74,0,False,False,0,0,0,0.356574,1115,14,14,0,1.0,7683.88,0.8676,43,CARD,E_COMMERCE,SMALL,8580.85,0.8235,0.1765,19,0,8
EVT_00008919,RETRY_LATER,True,ALLOWED,0.445444,1,9873.72,CHECKOUT_ABANDONMENT,2026-08-06 06:42:23,CUS_001733,MER_00033,9873.72,INR,UPI,MOBILE,AT_RISK,,0,29.32,176,False,True,0,0,0,0.495444,1058,32,25,7,0.7812,7683.89,0.7343,22,UPI,RETAIL,SMALL,1741.31,0.8328,0.1672,6,3,8
EVT_00008932,RETRY_LATER,True,ALLOWED,0.595794,1,148107.55,SUBSCRIPTION_FAILURE,2026-08-04 10:14:58,CUS_001847,MER_00098,148107.55,INR,NETBANKING,MOBILE,AT_RISK,,0,13.89,0,False,False,210,13,1,0.645794,621,61,57,4,0.9344,34682.83,0.6885,50,UPI,DIGITAL_SERVICES,SMALL,599.1,0.88,0.12,10,1,8
EVT_00008935,ALTERNATIVE_PAYMENT,True,ALLOWED,0.437344,1,16086.1,PAYMENT_FAILURE,2026-08-22 12:40:11,CUS_000359,MER_00114,16086.1,INR,UPI,MOBILE,FAILED,ISSUER_DECLINE,1,14.59,0,False,False,0,0,0,0.257344,163,50,47,3,0.94,8752.36,0.5219,2,CARD,FOOD_DELIVERY,MEDIUM,5161.89,0.7179,0.2821,12,5,8
EVT_00008936,RETRY_LATER,True,ALLOWED,0.782608,1,1592.82,PAYMENT_FAILURE,2026-08-26 16:13:40,CUS_001182,MER_00008,1592.82,INR,UPI,MOBILE,FAILED,BANK_TECHNICAL_ERROR,0,6.13,0,False,False,0,0,0,0.662608,1393,16,15,1,0.9375,2454.66,0.5775,48,NETBANKING,DIGITAL_SERVICES,MEDIUM,6017.04,0.8847,0.1153,16,2,8
EVT_00008943,ALTERNATIVE_PAYMENT,True,ALLOWED,0.743054,1,26533.23,PAYMENT_FAILURE,2026-08-03 13:57:14,CUS_001033,MER_00152,26533.23,INR,NETBANKING,MOBILE,FAILED,BANK_TECHNICAL_ERROR,0,39.0,0,False,False,0,0,0,0.713054,1104,45,41,4,0.9111,16748.88,0.2684,6,CARD,DIGITAL_SERVICES,SMALL,4325.9,0.9166,0.0834,13,0,8
EVT_00008946,RETRY_LATER,True,ALLOWED,0.350796,1,3414.19,SUBSCRIPTION_FAILURE,2026-08-20 23:42:09,CUS_001080,MER_00168,3414.19,INR,UPI,MOBILE,AT_RISK,,0,11.1,0,False,False,385,14,2,0.400796,1259,36,32,4,0.8889,5444.67,0.4885,10,UPI,RETAIL,LARGE,1697.36,0.8567,0.1433,23,3,8
EVT_00008947,ALTERNATIVE_PAYMENT,True,ALLOWED,0.501432,1,5460.11,PAYMENT_FAILURE,2026-08-24 13:19:27,CUS_001431,MER_00011,5460.11,INR,CARD,TABLET,FAILED,ISSUER_DECLINE,0,57.87,0,False,False,0,0,0,0.321432,721,20,18,2,0.9,5390.06,0.7627,3,CARD,DIGITAL_SERVICES,SMALL,11685.15,0.879,0.121,13,0,8
EVT_00008965,RETRY_LATER,True,ALLOWED,0.710969,1,979.9,CHECKOUT_ABANDONMENT,2026-08-27 08:47:23,CUS_000654,MER_00011,979.9,INR,UPI,DESKTOP,AT_RISK,,0,58.45,152,True,False,0,0,0,0.760969,1212,30,30,0,1.0,2149.85,0.7865,50,CARD,DIGITAL_SERVICES,SMALL,11685.15,0.879,0.121,8,3,8
EVT_00008968,ALTERNATIVE_PAYMENT,True,ALLOWED,0.303802,1,586.17,PAYMENT_FAILURE,2026-08-12 21:00:19,CUS_001282,MER_00084,586.17,INR,UPI,MOBILE,FAILED,INSUFFICIENT_BALANCE,1,64.81,0,False,False,0,0,0,0.273802,1116,60,51,9,0.85,801.37,0.6905,80,NETBANKING,SAAS,LARGE,2123.34,0.8109,0.1891,21,2,8
EVT_00008973,RETRY_LATER,True,ALLOWED,0.704192,1,2048.53,CHECKOUT_ABANDONMENT,2026-08-20 17:09:35,CUS_000551,MER_00018,2048.53,INR,UPI,MOBILE,AT_RISK,,0,18.89,828,True,False,0,0,0,0.754192,1210,52,50,2,0.9615,1282.13,0.7712,80,CARD,E_COMMERCE,SMALL,8469.12,0.8917,0.1083,17,3,8
EVT_00008985,ALTERNATIVE_PAYMENT,True,ALLOWED,0.391628,1,3922.56,PAYMENT_FAILURE,2026-08-25 07:05:35,CUS_001400,MER_00104,3922.56,INR,NETBANKING,DESKTOP,FAILED,TIMEOUT,3,31.43,0,False,False,0,0,0,0.361628,470,58,50,8,0.8621,4862.91,0.9133,0,CARD,FOOD_DELIVERY,SMALL,12154.73,0.8804,0.1196,7,1,8
EVT_00008987,RETRY_LATER,True,ALLOWED,0.796472,1,4815.62,PAYMENT_FAILURE,2026-08-06 09:26:42,CUS_000206,MER_00120,4815.62,INR,WALLET,MOBILE,FAILED,BANK_TECHNICAL_ERROR,0,71.62,0,False,False,0,0,0,0.676472,420,64,59,5,0.9219,3418.34,0.4829,46,UPI,E_COMMERCE,SMALL,2459.82,0.952,0.048,9,3,8
EVT_00009004,RETRY_LATER,True,ALLOWED,0.50941,1,2256.61,SUBSCRIPTION_FAILURE,2026-08-27 19:31:09,CUS_000401,MER_00160,2256.61,INR,CARD,MOBILE,AT_RISK,,0,25.58,0,False,False,258,19,1,0.55941,1497,1,1,0,1.0,1695.98,0.6042,63,NETBANKING,RETAIL,MEDIUM,70458.78,0.9015,0.0985,19,3,8
EVT_00009019,RETRY_LATER,True,ALLOWED,0.708467,1,5684.16,CHECKOUT_ABANDONMENT,2026-08-22 19:08:39,CUS_001527,MER_00004,5684.16,INR,CARD,MOBILE,AT_RISK,,0,22.4,829,True,False,0,0,0,0.758467,498,11,10,1,0.9091,8911.76,0.9452,2,UPI,EDUCATION,MEDIUM,2207.0,0.9735,0.0265,19,5,8
EVT_00009025,RETRY_LATER,True,ALLOWED,0.349008,1,8990.93,PAYMENT_FAILURE,2026-08-12 11:34:51,CUS_001527,MER_00101,8990.93,INR,WALLET,MOBILE,FAILED,INSUFFICIENT_BALANCE,0,9.73,0,False,False,0,0,0,0.399008,498,11,10,1,0.9091,8911.76,0.9452,2,UPI,FOOD_DELIVERY,SMALL,3940.25,0.8648,0.1352,11,2,8
EVT_00009030,RETRY_LATER,True,ALLOWED,0.568352,1,6467.54,PAYMENT_FAILURE,2026-08-18 12:11:19,CUS_000086,MER_00150,6467.54,INR,CARD,MOBILE,FAILED,BANK_TECHNICAL_ERROR,1,63.37,0,False,False,0,0,0,0.548352,1059,52,44,8,0.8462,6822.1,0.6468,32,UPI,DIGITAL_SERVICES,LARGE,2957.32,0.8313,0.1687,12,1,8
EVT_00009051,RETRY_LATER,True,ALLOWED,0.475049,1,7438.04,SUBSCRIPTION_FAILURE,2026-08-28 04:11:44,CUS_000562,MER_00076,7438.04,INR,UPI,DESKTOP,AT_RISK,,0,39.32,0,False,False,723,10,1,0.525049,93,29,27,2,0.931,7691.89,0.9309,71,CARD,RETAIL,SMALL,3701.29,0.793,0.207,4,4,8
EVT_00009058,RETRY_LATER,True,ALLOWED,0.709654,1,6025.4,CHECKOUT_ABANDONMENT,2026-08-22 16:35:34,CUS_000255,MER_00072,6025.4,INR,CARD,MOBILE,AT_RISK,,0,64.58,159,True,False,0,0,0,0.759654,1001,24,23,1,0.9583,6502.66,0.6047,42,UPI,TRAVEL,MEDIUM,4974.21,0.8851,0.1149,16,5,8
EVT_00009066,RETRY_LATER,True,ALLOWED,0.521746,1,13885.47,PAYMENT_FAILURE,2026-08-16 09:54:21,CUS_000047,MER_00096,13885.47,INR,CARD,DESKTOP,FAILED,BANK_TECHNICAL_ERROR,1,23.34,0,False,False,0,0,0,0.501746,685,36,22,14,0.6111,8995.49,0.5173,45,CARD,TRAVEL,MEDIUM,3014.41,0.9456,0.0544,9,6,8
EVT_00009073,ALTERNATIVE_PAYMENT,True,ALLOWED,0.606934,1,5040.91,PAYMENT_FAILURE,2026-08-09 22:18:09,CUS_001936,MER_00014,5040.91,INR,CARD,MOBILE,FAILED,BANK_TECHNICAL_ERROR,1,29.58,0,False,False,0,0,0,0.576934,270,68,63,5,0.9265,2365.18,0.8423,70,UPI,FOOD_DELIVERY,SMALL,3627.04,0.8438,0.1562,22,6,8
EVT_00009087,RETRY_LATER,True,ALLOWED,0.404716,1,708.45,PAYMENT_FAILURE,2026-08-13 03:23:27,CUS_000578,MER_00041,708.45,INR,UPI,DESKTOP,FAILED,EXPIRED_PAYMENT_METHOD,0,57.37,0,False,False,0,0,0,0.454716,799,36,34,2,0.9444,1596.38,0.6265,69,UPI,TRAVEL,MEDIUM,3690.69,0.8746,0.1254,3,3,8
EVT_00009093,ALTERNATIVE_PAYMENT,True,ALLOWED,0.567773,1,18100.87,PAYMENT_FAILURE,2026-08-30 18:09:40,CUS_000741,MER_00058,18100.87,INR,WALLET,MOBILE,FAILED,PAYMENT_LIMIT,1,29.39,0,False,False,0,0,0,0.387773,1231,15,14,1,0.9333,11106.96,0.3228,36,CARD,SAAS,LARGE,1566.76,0.8967,0.1033,18,6,8
EVT_00009097,ALTERNATIVE_PAYMENT,True,ALLOWED,0.776076,1,5942.49,CHECKOUT_ABANDONMENT,2026-08-06 07:27:57,CUS_001219,MER_00189,5942.49,INR,CARD,MOBILE,AT_RISK,,0,53.74,542,True,False,0,0,0,0.746076,1219,78,72,6,0.9231,5859.5,0.9622,4,UPI,E_COMMERCE,LARGE,1688.36,0.8609,0.1391,7,3,8
EVT_00009099,ALTERNATIVE_PAYMENT,True,ALLOWED,0.360751,1,3433.93,SUBSCRIPTION_FAILURE,2026-08-29 21:27:42,CUS_001162,MER_00195,3433.93,INR,NETBANKING,DESKTOP,AT_RISK,,0,71.08,0,False,False,804,16,3,0.330751,763,71,67,4,0.9437,6158.92,0.982,88,UPI,TRAVEL,LARGE,10413.1,0.9379,0.0621,21,5,8
EVT_00009101,ALTERNATIVE_PAYMENT,True,ALLOWED,0.515836,1,2456.37,PAYMENT_FAILURE,2026-08-23 02:57:02,CUS_000744,MER_00034,2456.37,INR,CARD,MOBILE,FAILED,PAYMENT_LIMIT,1,20.7,0,False,False,0,0,0,0.335836,427,75,65,10,0.8667,2622.88,0.781,11,UPI,FOOD_DELIVERY,MEDIUM,27974.45,0.9356,0.0644,2,6,8
EVT_00009103,RETRY_LATER,True,ALLOWED,0.183555,1,25177.93,PAYMENT_FAILURE,2026-08-29 02:35:27,CUS_001258,MER_00123,25177.93,INR,UPI,DESKTOP,FAILED,INSUFFICIENT_BALANCE,1,13.44,0,False,False,0,0,0,0.333555,846,16,13,3,0.8125,11982.93,0.7608,68,UPI,EDUCATION,SMALL,1684.78,0.9279,0.0721,2,5,8
EVT_00009105,RETRY_LATER,True,ALLOWED,0.53661,0,0.0,PAYMENT_FAILURE,2026-08-04 13:29:40,CUS_001467,MER_00062,885.45,INR,CARD,MOBILE,FAILED,TIMEOUT,1,41.08,0,False,False,0,0,0,0.51661,964,43,34,9,0.7907,1032.93,0.6093,60,NETBANKING,SAAS,SMALL,1825.36,0.9707,0.0293,13,1,8
EVT_00009115,RETRY_LATER,True,ALLOWED,0.372816,1,1388.99,PAYMENT_FAILURE,2026-08-12 03:26:09,CUS_000210,MER_00015,1388.99,INR,NETBANKING,MOBILE,FAILED,TIMEOUT,2,60.0,0,False,False,0,0,0,0.452816,1174,11,10,1,0.9091,2424.25,0.9132,15,NETBANKING,EDUCATION,SMALL,2436.77,0.8602,0.1398,3,2,8
EVT_00009154,RETRY_LATER,True,ALLOWED,0.752337,1,26474.5,PAYMENT_FAILURE,2026-08-10 14:56:45,CUS_000342,MER_00162,26474.5,INR,UPI,MOBILE,FAILED,NETWORK_ERROR,0,58.85,0,False,False,0,0,0,0.632337,457,32,26,6,0.8125,8498.17,0.6483,31,CARD,DIGITAL_SERVICES,LARGE,1610.3,0.8922,0.1078,14,0,8
EVT_00009178,RETRY_LATER,True,ALLOWED,0.584827,1,5972.71,PAYMENT_FAILURE,2026-08-22 04:46:59,CUS_001793,MER_00089,5972.71,INR,WALLET,DESKTOP,FAILED,BANK_TECHNICAL_ERROR,1,67.25,0,False,False,0,0,0,0.564827,535,21,18,3,0.8571,6404.1,0.6134,87,CARD,SAAS,MEDIUM,416.38,0.9005,0.0995,4,5,8
EVT_00009179,ALTERNATIVE_PAYMENT,True,ALLOWED,0.796539,1,15152.26,CHECKOUT_ABANDONMENT,2026-08-06 08:55:12,CUS_000741,MER_00147,15152.26,INR,UPI,DESKTOP,AT_RISK,,0,49.09,179,True,True,0,0,0,0.766539,1231,15,14,1,0.9333,11106.96,0.3228,36,CARD,TRAVEL,MEDIUM,6423.31,0.8655,0.1345,8,3,8
EVT_00009203,RETRY_LATER,True,ALLOWED,0.781288,1,19512.96,PAYMENT_FAILURE,2026-08-04 00:18:30,CUS_000395,MER_00082,19512.96,INR,CARD,TABLET,FAILED,TIMEOUT,0,31.49,0,False,False,0,0,0,0.661288,1088,38,32,6,0.8421,10239.59,0.847,46,CARD,DIGITAL_SERVICES,SMALL,5119.5,0.9572,0.0428,0,1,8
EVT_00009210,ALTERNATIVE_PAYMENT,True,ALLOWED,0.391084,1,593.84,PAYMENT_FAILURE,2026-08-24 22:13:48,CUS_000452,MER_00132,593.84,INR,CARD,MOBILE,FAILED,EXPIRED_PAYMENT_METHOD,3,6.99,0,False,False,0,0,0,0.211084,1389,71,64,7,0.9014,1204.51,0.5874,60,UPI,RETAIL,MEDIUM,27235.71,0.8482,0.1518,22,0,8
EVT_00009218,RETRY_LATER,True,ALLOWED,0.142634,0,0.0,PAYMENT_FAILURE,2026-08-11 05:05:05,CUS_000692,MER_00123,6130.44,INR,UPI,MOBILE,FAILED,INSUFFICIENT_BALANCE,1,50.07,0,False,False,0,0,0,0.292634,1198,48,39,9,0.8125,13758.9,0.8116,31,NETBANKING,EDUCATION,SMALL,1684.78,0.9279,0.0721,5,1,8
EVT_00009225,RETRY_LATER,True,ALLOWED,0.039641,0,0.0,PAYMENT_FAILURE,2026-08-14 04:29:22,CUS_000750,MER_00065,5861.29,INR,UPI,MOBILE,FAILED,ISSUER_DECLINE,1,28.81,0,False,False,0,0,0,0.189641,261,77,58,19,0.7532,5921.74,0.8826,43,NETBANKING,DIGITAL_SERVICES,MEDIUM,5883.79,0.7053,0.2947,4,4,8
EVT_00009241,RETRY_LATER,True,ALLOWED,0.641427,1,12024.69,CHECKOUT_ABANDONMENT,2026-08-23 04:38:35,CUS_000032,MER_00180,12024.69,INR,UPI,DESKTOP,AT_RISK,,0,29.19,389,True,False,0,0,0,0.691427,364,15,11,4,0.7333,16447.32,0.9204,63,CARD,EDUCATION,SMALL,8065.97,0.802,0.198,4,6,8
EVT_00009254,RETRY_LATER,True,ALLOWED,0.160226,0,0.0,PAYMENT_FAILURE,2026-08-09 05:10:07,CUS_000606,MER_00030,4554.91,INR,CARD,MOBILE,FAILED,INSUFFICIENT_BALANCE,1,71.18,0,False,False,0,0,0,0.310226,818,60,53,7,0.8833,7697.32,0.8487,3,UPI,TRAVEL,LARGE,789.69,0.9193,0.0807,5,6,8
EVT_00009257,RETRY_LATER,True,ALLOWED,0.245324,1,2705.34,PAYMENT_FAILURE,2026-08-26 03:58:56,CUS_001486,MER_00029,2705.34,INR,CARD,MOBILE,FAILED,EXPIRED_PAYMENT_METHOD,1,40.37,0,False,False,0,0,0,0.395324,1298,3,3,0,1.0,2854.64,0.7992,28,UPI,FOOD_DELIVERY,SMALL,5041.91,0.8787,0.1213,3,2,8
EVT_00009258,RETRY_LATER,True,ALLOWED,0.76892,1,2457.45,PAYMENT_FAILURE,2026-08-02 19:10:43,CUS_001904,MER_00107,2457.45,INR,WALLET,MOBILE,FAILED,NETWORK_ERROR,0,68.74,0,False,False,0,0,0,0.64892,395,1,1,0,1.0,3560.76,0.8429,50,UPI,E_COMMERCE,SMALL,15795.0,0.9309,0.0691,19,6,8
EVT_00009261,ALTERNATIVE_PAYMENT,True,ALLOWED,0.431705,1,4902.07,PAYMENT_FAILURE,2026-08-02 11:48:19,CUS_000055,MER_00161,4902.07,INR,NETBANKING,MOBILE,FAILED,ISSUER_DECLINE,1,19.5,0,False,False,0,0,0,0.251705,761,57,49,8,0.8596,1770.59,0.9461,1,UPI,SAAS,SMALL,3979.68,0.9713,0.0287,11,6,8
EVT_00009264,ALTERNATIVE_PAYMENT,True,ALLOWED,0.518554,1,4834.46,PAYMENT_FAILURE,2026-08-29 01:49:24,CUS_000986,MER_00138,4834.46,INR,CARD,DESKTOP,FAILED,EXPIRED_PAYMENT_METHOD,1,33.93,0,False,False,0,0,0,0.338554,989,52,43,9,0.8269,4773.67,0.625,85,UPI,E_COMMERCE,MEDIUM,9578.85,0.8707,0.1293,1,5,8
EVT_00009273,RETRY_LATER,True,ALLOWED,0.458737,1,7505.27,SUBSCRIPTION_FAILURE,2026-08-02 17:54:42,CUS_000083,MER_00122,7505.27,INR,CARD,MOBILE,AT_RISK,,0,6.83,0,False,False,359,17,1,0.508737,266,26,23,3,0.8846,10450.19,0.7998,29,CARD,TRAVEL,LARGE,1261.74,0.7975,0.2025,17,6,8
EVT_00009275,RETRY_LATER,True,ALLOWED,0.553186,1,5457.02,PAYMENT_FAILURE,2026-08-01 06:01:25,CUS_001344,MER_00050,5457.02,INR,NETBANKING,DESKTOP,FAILED,TIMEOUT,1,8.21,0,False,False,0,0,0,0.533186,875,49,39,10,0.7959,2877.74,0.5992,24,CARD,SAAS,SMALL,2988.65,0.9869,0.0131,6,5,8
EVT_00009284,ALTERNATIVE_PAYMENT,True,ALLOWED,0.183642,1,3644.2,SUBSCRIPTION_FAILURE,2026-08-18 09:35:04,CUS_001530,MER_00169,3644.2,INR,NETBANKING,MOBILE,AT_RISK,,0,26.7,0,False,False,849,4,3,0.153642,1380,10,7,3,0.7,3007.54,0.7519,56,UPI,FOOD_DELIVERY,SMALL,4115.41,0.9528,0.0472,9,1,8
EVT_00009290,RETRY_LATER,True,ALLOWED,0.423601,1,2462.38,CHECKOUT_ABANDONMENT,2026-08-22 06:33:49,CUS_000033,MER_00041,2462.38,INR,CARD,DESKTOP,AT_RISK,,0,11.2,348,False,False,0,0,0,0.473601,165,8,6,2,0.75,4278.21,0.8098,51,UPI,TRAVEL,MEDIUM,3690.69,0.8746,0.1254,6,5,8
EVT_00009295,ALTERNATIVE_PAYMENT,True,ALLOWED,0.623145,1,19255.37,PAYMENT_FAILURE,2026-08-22 02:15:07,CUS_000976,MER_00124,19255.37,INR,WALLET,MOBILE,FAILED,EXPIRED_PAYMENT_METHOD,0,46.43,0,False,False,0,0,0,0.443145,361,38,33,5,0.8684,21980.49,0.7924,87,NETBANKING,TRAVEL,SMALL,2268.54,0.7268,0.2732,2,5,8
EVT_00009296,RECOVERY_REMINDER,True,ALLOWED,0.403749,1,1637.26,SUBSCRIPTION_FAILURE,2026-08-05 18:03:44,CUS_001609,MER_00079,1637.26,INR,UPI,MOBILE,AT_RISK,,0,63.04,0,False,False,887,4,1,0.383749,377,49,47,2,0.9592,2043.25,0.4717,26,UPI,FOOD_DELIVERY,LARGE,412.23,0.9077,0.0923,18,2,8
EVT_00009301,RETRY_LATER,True,ALLOWED,0.169233,0,0.0,PAYMENT_FAILURE,2026-08-12 06:17:09,CUS_001116,MER_00156,4179.89,INR,NETBANKING,MOBILE,FAILED,INSUFFICIENT_BALANCE,1,65.66,0,False,False,0,0,0,0.319233,750,40,37,3,0.925,10734.18,0.7386,84,UPI,FOOD_DELIVERY,MEDIUM,16696.36,0.898,0.102,6,2,8
EVT_00009312,RETRY_LATER,False,RETRY_LIMIT_REACHED,0.0,0,0.0,PAYMENT_FAILURE,2026-08-03 13:52:31,CUS_000948,MER_00062,5855.63,INR,CARD,MOBILE,FAILED,EXPIRED_PAYMENT_METHOD,3,52.67,0,False,False,0,0,0,0.2507,227,40,38,2,0.95,6057.83,0.9439,34,NETBANKING,SAAS,SMALL,1825.36,0.9707,0.0293,13,0,8
EVT_00009318,RECOVERY_REMINDER,True,ALLOWED,0.482601,1,1355.54,SUBSCRIPTION_FAILURE,2026-08-17 15:56:48,CUS_001428,MER_00126,1355.54,INR,CARD,MOBILE,AT_RISK,,0,31.02,0,False,False,814,15,1,0.462601,1356,70,53,17,0.7571,1484.67,0.9013,8,UPI,DIGITAL_SERVICES,SMALL,2499.99,0.8824,0.1176,15,0,8
EVT_00009328,RETRY_LATER,True,ALLOWED,0.692419,1,15550.09,CHECKOUT_ABANDONMENT,2026-08-23 12:34:19,CUS_000427,MER_00072,15550.09,INR,UPI,MOBILE,AT_RISK,,0,33.95,88,True,False,0,0,0,0.742419,1300,13,13,0,1.0,9324.48,0.8557,88,CARD,TRAVEL,MEDIUM,4974.21,0.8851,0.1149,12,6,8
EVT_00009338,RETRY_LATER,True,ALLOWED,0.583158,1,15037.01,SUBSCRIPTION_FAILURE,2026-08-17 02:08:17,CUS_001012,MER_00046,15037.01,INR,UPI,MOBILE,AT_RISK,,0,4.75,0,False,False,659,7,0,0.633158,1205,40,31,9,0.775,10326.94,0.7881,81,CARD,SAAS,MEDIUM,17647.99,0.9849,0.0151,2,0,8
EVT_00009339,RETRY_LATER,True,ALLOWED,0.411685,1,4922.54,PAYMENT_FAILURE,2026-08-28 09:43:09,CUS_000020,MER_00115,4922.54,INR,CARD,DESKTOP,FAILED,TIMEOUT,2,41.45,0,False,False,0,0,0,0.491685,692,37,34,3,0.9189,4501.19,0.6754,77,UPI,E_COMMERCE,MEDIUM,4625.14,0.9927,0.0073,9,4,8
EVT_00009368,ALTERNATIVE_PAYMENT,True,ALLOWED,0.364999,1,9838.8,SUBSCRIPTION_FAILURE,2026-08-03 18:19:03,CUS_000606,MER_00175,9838.8,INR,CARD,DESKTOP,AT_RISK,,0,15.07,0,False,False,582,6,3,0.334999,818,60,53,7,0.8833,7697.32,0.8487,3,UPI,RETAIL,SMALL,14742.91,0.995,0.005,18,0,8
EVT_00009377,RETRY_LATER,True,ALLOWED,0.594415,1,4852.79,SUBSCRIPTION_FAILURE,2026-08-30 14:50:20,CUS_001843,MER_00097,4852.79,INR,CARD,DESKTOP,AT_RISK,,0,40.67,0,False,False,482,10,0,0.644415,1230,45,41,4,0.9111,5324.79,0.6769,15,CARD,E_COMMERCE,LARGE,5194.38,0.918,0.082,14,6,8
EVT_00009383,ALTERNATIVE_PAYMENT,True,ALLOWED,0.396352,1,3845.19,PAYMENT_FAILURE,2026-08-24 17:47:33,CUS_001372,MER_00193,3845.19,INR,CARD,MOBILE,FAILED,INSUFFICIENT_BALANCE,0,8.79,0,False,False,0,0,0,0.366352,534,19,15,4,0.7895,1208.87,0.5056,47,CARD,DIGITAL_SERVICES,MEDIUM,8184.15,0.9805,0.0195,17,0,8
EVT_00009387,RETRY_LATER,True,ALLOWED,0.733718,1,6070.52,CHECKOUT_ABANDONMENT,2026-08-04 23:23:28,CUS_000816,MER_00042,6070.52,INR,CARD,DESKTOP,AT_RISK,,0,9.95,603,True,True,0,0,0,0.783718,1260,8,8,0,1.0,3816.21,0.5857,18,NETBANKING,E_COMMERCE,SMALL,2406.16,0.9772,0.0228,23,1,8
EVT_00009396,RETRY_LATER,True,ALLOWED,0.31414,1,5595.92,PAYMENT_FAILURE,2026-08-17 11:48:24,CUS_000860,MER_00176,5595.92,INR,CARD,MOBILE,FAILED,INSUFFICIENT_BALANCE,0,19.48,0,False,False,0,0,0,0.36414,1207,36,29,7,0.8056,7917.51,0.7013,19,CARD,FOOD_DELIVERY,SMALL,1683.95,0.9165,0.0835,11,0,8
EVT_00009424,ALTERNATIVE_PAYMENT,True,ALLOWED,0.337383,1,3937.78,PAYMENT_FAILURE,2026-08-04 22:16:13,CUS_001250,MER_00014,3937.78,INR,UPI,TABLET,FAILED,TIMEOUT,3,65.2,0,False,False,0,0,0,0.307383,1467,32,23,9,0.7188,3535.52,0.9006,6,NETBANKING,FOOD_DELIVERY,SMALL,3627.04,0.8438,0.1562,22,1,8
EVT_00009429,RETRY_LATER,True,ALLOWED,0.01,0,0.0,PAYMENT_FAILURE,2026-08-08 08:49:22,CUS_001806,MER_00064,6391.17,INR,CARD,MOBILE,FAILED,ISSUER_DECLINE,2,2.82,0,False,False,0,0,0,0.190153,96,68,58,10,0.8529,4185.36,0.5683,54,CARD,TRAVEL,SMALL,4568.4,0.9534,0.0466,8,5,8
EVT_00009430,ALTERNATIVE_PAYMENT,True,ALLOWED,0.596195,1,5562.15,SUBSCRIPTION_FAILURE,2026-08-17 23:48:41,CUS_000176,MER_00050,5562.15,INR,UPI,MOBILE,AT_RISK,,0,62.55,0,False,False,468,18,1,0.566195,708,61,58,3,0.9508,5488.05,0.6872,41,UPI,SAAS,SMALL,2988.65,0.9869,0.0131,23,0,8
EVT_00009433,RECOVERY_REMINDER,True,ALLOWED,0.279356,1,1839.91,PAYMENT_FAILURE,2026-08-11 22:48:23,CUS_000044,MER_00060,1839.91,INR,NETBANKING,MOBILE,FAILED,ISSUER_DECLINE,1,32.4,0,False,False,0,0,0,0.259356,551,60,54,6,0.9,1275.5,0.5543,87,NETBANKING,FOOD_DELIVERY,LARGE,5310.7,0.9841,0.0159,22,1,8
EVT_00009436,RETRY_LATER,True,ALLOWED,0.389345,0,0.0,PAYMENT_FAILURE,2026-08-22 15:15:39,CUS_000324,MER_00110,4587.8,INR,CARD,MOBILE,FAILED,PAYMENT_LIMIT,0,51.79,0,False,False,0,0,0,0.439345,1376,52,47,5,0.9038,6682.24,0.5829,78,UPI,FOOD_DELIVERY,MEDIUM,25287.45,0.9495,0.0505,15,5,8
EVT_00009448,ALTERNATIVE_PAYMENT,True,ALLOWED,0.562261,1,869.31,SUBSCRIPTION_FAILURE,2026-08-14 14:29:26,CUS_001409,MER_00088,869.31,INR,UPI,MOBILE,AT_RISK,,0,12.19,0,False,False,290,10,0,0.532261,32,53,34,19,0.6415,1572.93,0.73,47,CARD,SAAS,MEDIUM,2014.49,0.8916,0.1084,14,4,8
EVT_00009450,RECOVERY_REMINDER,True,ALLOWED,0.518375,1,4103.08,PAYMENT_FAILURE,2026-08-08 12:11:48,CUS_001834,MER_00144,4103.08,INR,CARD,DESKTOP,FAILED,TIMEOUT,1,8.89,0,False,False,0,0,0,0.498375,135,53,42,11,0.7925,4402.57,0.7637,30,CARD,E_COMMERCE,SMALL,11138.28,0.8359,0.1641,12,5,8
EVT_00009452,RETRY_LATER,False,RETRY_LIMIT_REACHED,0.0,0,0.0,PAYMENT_FAILURE,2026-08-01 19:18:35,CUS_001827,MER_00157,4001.57,INR,UPI,MOBILE,FAILED,ISSUER_DECLINE,3,55.48,0,False,False,0,0,0,0.150628,184,27,26,1,0.963,2817.22,0.7653,18,NETBANKING,E_COMMERCE,MEDIUM,5657.2,0.8635,0.1365,19,5,8
EVT_00009464,ALTERNATIVE_PAYMENT,True,ALLOWED,0.362046,1,1444.66,PAYMENT_FAILURE,2026-08-29 13:28:19,CUS_001109,MER_00127,1444.66,INR,UPI,MOBILE,FAILED,ISSUER_DECLINE,2,52.96,0,False,False,0,0,0,0.182046,1412,72,66,6,0.9167,3509.4,0.8766,57,UPI,SAAS,MEDIUM,11305.04,0.8287,0.1713,13,5,8
EVT_00009466,RETRY_LATER,True,ALLOWED,0.706454,1,8581.67,CHECKOUT_ABANDONMENT,2026-08-12 00:37:00,CUS_000516,MER_00084,8581.67,INR,CARD,MOBILE,AT_RISK,,0,71.07,777,True,False,0,0,0,0.756454,184,65,63,2,0.9692,9757.44,0.7886,10,UPI,SAAS,LARGE,2123.34,0.8109,0.1891,0,2,8
EVT_00009483,RECOVERY_REMINDER,True,ALLOWED,0.321673,1,788.41,PAYMENT_FAILURE,2026-08-10 23:04:15,CUS_001007,MER_00099,788.41,INR,UPI,MOBILE,FAILED,INSUFFICIENT_BALANCE,1,63.63,0,False,False,0,0,0,0.301673,1279,48,44,4,0.9167,2586.54,0.9356,14,UPI,E_COMMERCE,MEDIUM,3130.24,0.8534,0.1466,23,0,8
EVT_00009487,RETRY_LATER,True,ALLOWED,0.62067,1,4645.85,PAYMENT_FAILURE,2026-08-26 20:39:18,CUS_001424,MER_00066,4645.85,INR,NETBANKING,MOBILE,FAILED,TIMEOUT,1,42.01,0,False,False,0,0,0,0.60067,1021,31,31,0,1.0,2364.08,0.6801,34,NETBANKING,FOOD_DELIVERY,SMALL,10924.95,0.9585,0.0415,20,2,8
EVT_00009492,RECOVERY_REMINDER,True,ALLOWED,0.424473,1,4752.7,PAYMENT_FAILURE,2026-08-02 17:26:17,CUS_000925,MER_00070,4752.7,INR,UPI,DESKTOP,FAILED,EXPIRED_PAYMENT_METHOD,0,56.98,0,False,False,0,0,0,0.404473,394,34,28,6,0.8235,2616.87,0.6313,8,UPI,DIGITAL_SERVICES,SMALL,32979.79,0.7942,0.2058,17,6,8
EVT_00009494,RETRY_LATER,True,ALLOWED,0.01,0,0.0,PAYMENT_FAILURE,2026-08-23 12:57:29,CUS_000047,MER_00031,6916.95,INR,NETBANKING,MOBILE,FAILED,INSUFFICIENT_BALANCE,2,55.53,0,False,False,0,0,0,0.171025,685,36,22,14,0.6111,8995.49,0.5173,45,CARD,FOOD_DELIVERY,LARGE,8241.74,0.8635,0.1365,12,6,8
EVT_00009500,RETRY_LATER,True,ALLOWED,0.077739,1,24472.11,PAYMENT_FAILURE,2026-08-18 12:56:35,CUS_000294,MER_00066,24472.11,INR,CARD,DESKTOP,FAILED,PAYMENT_LIMIT,2,3.69,0,False,False,0,0,0,0.327739,517,60,55,5,0.9167,22277.54,0.6359,82,CARD,FOOD_DELIVERY,SMALL,10924.95,0.9585,0.0415,12,1,8
EVT_00009506,RECOVERY_REMINDER,True,ALLOWED,0.647442,1,2362.92,CHECKOUT_ABANDONMENT,2026-08-22 08:05:33,CUS_001592,MER_00069,2362.92,INR,CARD,MOBILE,AT_RISK,,0,56.68,406,False,False,0,0,0,0.497442,539,24,21,3,0.875,1569.29,0.7378,68,CARD,E_COMMERCE,SMALL,12615.7,0.7608,0.2392,8,5,8
EVT_00009510,RETRY_LATER,True,ALLOWED,0.713867,1,6395.81,CHECKOUT_ABANDONMENT,2026-08-17 17:16:37,CUS_001091,MER_00150,6395.81,INR,NETBANKING,MOBILE,AT_RISK,,0,39.37,799,True,False,0,0,0,0.763867,769,28,28,0,1.0,12709.56,0.6443,14,UPI,DIGITAL_SERVICES,LARGE,2957.32,0.8313,0.1687,17,0,8
EVT_00009516,RETRY_LATER,True,ALLOWED,0.64148,1,19155.66,PAYMENT_FAILURE,2026-08-11 19:31:49,CUS_000522,MER_00177,19155.66,INR,CARD,DESKTOP,FAILED,TIMEOUT,1,15.55,0,False,False,0,0,0,0.62148,244,4,4,0,1.0,17936.71,0.8567,78,UPI,SAAS,SMALL,9080.37,0.8866,0.1134,19,1,8
EVT_00009520,HUMAN_ESCALATION,True,ALLOWED,0.267396,1,5805.53,PAYMENT_FAILURE,2026-08-10 17:15:09,CUS_001641,MER_00001,5805.53,INR,UPI,MOBILE,FAILED,TIMEOUT,3,54.17,0,False,False,0,0,0,0.367396,1090,57,46,11,0.807,2739.39,0.6994,30,CARD,FOOD_DELIVERY,SMALL,6229.18,0.9913,0.0087,17,0,8
EVT_00009534,RETRY_LATER,True,ALLOWED,0.399183,0,0.0,PAYMENT_FAILURE,2026-08-28 08:06:07,CUS_001459,MER_00010,17308.67,INR,UPI,MOBILE,FAILED,INSUFFICIENT_BALANCE,0,0.93,0,False,False,0,0,0,0.449183,417,67,62,5,0.9254,15295.52,0.8529,52,UPI,DIGITAL_SERVICES,MEDIUM,15078.75,0.9873,0.0127,8,4,8
EVT_00009545,RETRY_LATER,True,ALLOWED,0.546155,1,1163.55,PAYMENT_FAILURE,2026-08-04 01:01:42,CUS_001973,MER_00056,1163.55,INR,CARD,MOBILE,FAILED,NETWORK_ERROR,1,5.27,0,False,False,0,0,0,0.526155,1032,10,9,1,0.9,3107.21,0.5334,14,CARD,SAAS,SMALL,1706.75,0.9351,0.0649,1,1,8
EVT_00009552,ALTERNATIVE_PAYMENT,True,ALLOWED,0.49306,1,1329.12,SUBSCRIPTION_FAILURE,2026-08-29 07:18:38,CUS_001463,MER_00088,1329.12,INR,UPI,DESKTOP,AT_RISK,,0,1.25,0,False,False,483,14,1,0.46306,99,69,52,17,0.7536,2223.73,0.7682,20,UPI,SAAS,MEDIUM,2014.49,0.8916,0.1084,7,5,8
EVT_00009553,RECOVERY_REMINDER,True,ALLOWED,0.353984,1,2342.0,PAYMENT_FAILURE,2026-08-16 03:53:20,CUS_000567,MER_00015,2342.0,INR,UPI,DESKTOP,FAILED,ISSUER_DECLINE,0,58.91,0,False,False,0,0,0,0.333984,365,64,62,2,0.9688,11031.86,0.8736,75,UPI,EDUCATION,SMALL,2436.77,0.8602,0.1398,3,6,8
EVT_00009554,ALTERNATIVE_PAYMENT,True,ALLOWED,0.550049,1,17079.1,PAYMENT_FAILURE,2026-08-24 03:31:09,CUS_000992,MER_00122,17079.1,INR,UPI,MOBILE,FAILED,TIMEOUT,1,71.7,0,False,False,0,0,0,0.520049,837,51,40,11,0.7843,16121.74,0.7168,49,NETBANKING,TRAVEL,LARGE,1261.74,0.7975,0.2025,3,0,8
EVT_00009555,RETRY_LATER,False,RETRY_LIMIT_REACHED,0.0,0,0.0,PAYMENT_FAILURE,2026-08-12 11:54:48,CUS_001372,MER_00009,1185.51,INR,UPI,TABLET,FAILED,TIMEOUT,3,64.52,0,False,False,0,0,0,0.321202,534,19,15,4,0.7895,1208.87,0.5056,47,CARD,SAAS,MEDIUM,2469.96,0.8258,0.1742,11,2,8
EVT_00009556,RETRY_LATER,True,ALLOWED,0.719912,1,6894.45,CHECKOUT_ABANDONMENT,2026-08-23 08:28:36,CUS_000057,MER_00107,6894.45,INR,UPI,MOBILE,AT_RISK,,0,33.63,711,True,False,0,0,0,0.769912,833,59,57,2,0.9661,3701.31,0.8473,30,UPI,E_COMMERCE,SMALL,15795.0,0.9309,0.0691,8,6,8
EVT_00009563,RETRY_LATER,True,ALLOWED,0.663899,1,21356.51,CHECKOUT_ABANDONMENT,2026-08-10 23:54:41,CUS_000078,MER_00038,21356.51,INR,UPI,DESKTOP,AT_RISK,,0,48.1,119,True,False,0,0,0,0.713899,363,35,31,4,0.8857,15422.15,0.6772,51,NETBANKING,RETAIL,MEDIUM,5118.25,0.8466,0.1534,23,0,8
EVT_00009564,RETRY_LATER,True,ALLOWED,0.652257,1,23427.67,CHECKOUT_ABANDONMENT,2026-08-16 01:04:02,CUS_000402,MER_00085,23427.67,INR,UPI,DESKTOP,AT_RISK,,0,50.09,249,True,True,0,0,0,0.702257,1172,45,31,14,0.6889,17285.85,0.7847,18,CARD,EDUCATION,SMALL,4896.74,0.8068,0.1932,1,6,8
EVT_00009582,RETRY_LATER,True,ALLOWED,0.71186,1,9153.62,CHECKOUT_ABANDONMENT,2026-08-22 10:23:12,CUS_001212,MER_00064,9153.62,INR,CARD,MOBILE,AT_RISK,,0,51.74,702,True,False,0,0,0,0.76186,1179,22,20,2,0.9091,2472.79,0.7338,32,CARD,TRAVEL,SMALL,4568.4,0.9534,0.0466,10,5,8
EVT_00009593,ALTERNATIVE_PAYMENT,True,ALLOWED,0.499303,1,2188.8,PAYMENT_FAILURE,2026-08-23 13:46:46,CUS_001810,MER_00026,2188.8,INR,CARD,MOBILE,FAILED,BANK_TECHNICAL_ERROR,2,44.0,0,False,False,0,0,0,0.469303,1440,48,44,4,0.9167,2840.29,0.9197,3,UPI,SAAS,LARGE,6343.17,0.7939,0.2061,13,6,8
EVT_00009597,ALTERNATIVE_PAYMENT,True,ALLOWED,0.472518,1,5353.23,PAYMENT_FAILURE,2026-08-05 07:35:38,CUS_000773,MER_00096,5353.23,INR,CARD,DESKTOP,FAILED,PAYMENT_LIMIT,2,5.6,0,False,False,0,0,0,0.292518,37,17,16,1,0.9412,5073.34,0.7944,62,UPI,TRAVEL,MEDIUM,3014.41,0.9456,0.0544,7,2,8
EVT_00009601,RETRY_LATER,True,ALLOWED,0.614664,1,3858.94,PAYMENT_FAILURE,2026-08-17 23:04:13,CUS_001648,MER_00199,3858.94,INR,CARD,MOBILE,FAILED,BANK_TECHNICAL_ERROR,1,29.27,0,False,False,0,0,0,0.594664,1005,48,45,3,0.9375,3549.38,0.7651,28,UPI,SAAS,SMALL,1416.06,0.9293,0.0707,23,0,8
EVT_00009612,RETRY_LATER,True,ALLOWED,0.678265,1,6204.97,CHECKOUT_ABANDONMENT,2026-08-29 17:46:51,CUS_000504,MER_00085,6204.97,INR,UPI,MOBILE,AT_RISK,,0,70.11,787,True,False,0,0,0,0.728265,1305,9,8,1,0.8889,5676.96,0.9505,87,UPI,EDUCATION,SMALL,4896.74,0.8068,0.1932,17,5,8
EVT_00009650,RETRY_LATER,True,ALLOWED,0.707543,1,3545.46,CHECKOUT_ABANDONMENT,2026-08-18 03:17:45,CUS_000346,MER_00172,3545.46,INR,CARD,DESKTOP,AT_RISK,,0,49.69,893,True,False,0,0,0,0.757543,406,21,21,0,1.0,6624.69,0.945,55,UPI,E_COMMERCE,SMALL,8580.85,0.8235,0.1765,3,1,8
EVT_00009662,ALTERNATIVE_PAYMENT,True,ALLOWED,0.377116,1,3321.04,PAYMENT_FAILURE,2026-08-22 15:02:35,CUS_001407,MER_00047,3321.04,INR,UPI,MOBILE,FAILED,BANK_TECHNICAL_ERROR,3,25.42,0,False,False,0,0,0,0.347116,540,29,23,6,0.7931,2656.42,0.7102,10,UPI,DIGITAL_SERVICES,SMALL,5866.47,0.813,0.187,15,5,8
EVT_00009673,ALTERNATIVE_PAYMENT,True,ALLOWED,0.578267,1,4334.96,PAYMENT_FAILURE,2026-08-15 07:46:45,CUS_000579,MER_00108,4334.96,INR,UPI,DESKTOP,FAILED,NETWORK_ERROR,1,13.07,0,False,False,0,0,0,0.548267,1343,77,75,2,0.974,4117.73,0.8635,41,CARD,RETAIL,SMALL,3048.05,0.8679,0.1321,7,5,8
EVT_00009684,ALTERNATIVE_PAYMENT,True,ALLOWED,0.773348,1,6353.31,CHECKOUT_ABANDONMENT,2026-08-03 09:45:05,CUS_000584,MER_00112,6353.31,INR,UPI,MOBILE,AT_RISK,,0,50.04,146,True,False,0,0,0,0.743348,106,53,49,4,0.9245,8071.05,0.4778,89,UPI,DIGITAL_SERVICES,SMALL,3201.31,0.8352,0.1648,9,0,8
EVT_00009688,RETRY_LATER,True,ALLOWED,0.370071,1,5895.67,PAYMENT_FAILURE,2026-08-27 23:24:20,CUS_001703,MER_00016,5895.67,INR,CARD,MOBILE,FAILED,PAYMENT_LIMIT,0,62.72,0,False,False,0,0,0,0.420071,1032,20,17,3,0.85,4868.04,0.3734,23,UPI,DIGITAL_SERVICES,MEDIUM,5120.98,0.9357,0.0643,23,3,8
EVT_00009694,RECOVERY_REMINDER,True,ALLOWED,0.869053,1,1981.81,CHECKOUT_ABANDONMENT,2026-08-22 02:19:38,CUS_001150,MER_00180,1981.81,INR,UPI,MOBILE,AT_RISK,,0,9.08,618,True,False,0,0,0,0.719053,1282,9,8,1,0.8889,2266.02,0.3455,47,CARD,EDUCATION,SMALL,8065.97,0.802,0.198,2,5,8
EVT_00009697,RECOVERY_REMINDER,True,ALLOWED,0.826474,1,8965.55,CHECKOUT_ABANDONMENT,2026-08-22 01:56:58,CUS_000267,MER_00163,8965.55,INR,UPI,MOBILE,AT_RISK,,0,68.91,27,True,False,0,0,0,0.676474,687,54,47,7,0.8704,13606.79,0.9414,64,UPI,E_COMMERCE,SMALL,1788.31,0.8092,0.1908,1,5,8
EVT_00009701,RETRY_LATER,True,ALLOWED,0.640007,1,3116.07,CHECKOUT_ABANDONMENT,2026-08-07 05:34:10,CUS_001050,MER_00085,3116.07,INR,CARD,MOBILE,AT_RISK,,0,19.49,714,True,False,0,0,0,0.690007,205,56,44,12,0.7857,2835.15,0.7523,88,UPI,EDUCATION,SMALL,4896.74,0.8068,0.1932,5,4,8
EVT_00009704,RECOVERY_REMINDER,True,ALLOWED,0.505053,1,1821.48,PAYMENT_FAILURE,2026-08-11 15:08:53,CUS_000053,MER_00052,1821.48,INR,NETBANKING,MOBILE,FAILED,TIMEOUT,2,42.49,0,False,False,0,0,0,0.485053,564,29,27,2,0.931,5237.57,0.7282,84,CARD,RETAIL,LARGE,8899.2,0.9756,0.0244,15,1,8
EVT_00009706,RETRY_LATER,False,RETRY_LIMIT_REACHED,0.0,0,0.0,PAYMENT_FAILURE,2026-08-30 23:28:20,CUS_001412,MER_00177,1200.28,INR,UPI,DESKTOP,FAILED,TIMEOUT,3,47.51,0,False,False,0,0,0,0.39601,855,78,76,2,0.9744,772.82,0.8142,15,WALLET,SAAS,SMALL,9080.37,0.8866,0.1134,23,6,8
EVT_00009710,ALTERNATIVE_PAYMENT,True,ALLOWED,0.407251,1,5637.9,PAYMENT_FAILURE,2026-08-04 07:10:04,CUS_000843,MER_00146,5637.9,INR,UPI,MOBILE,FAILED,BANK_TECHNICAL_ERROR,3,48.23,0,False,False,0,0,0,0.377251,1366,61,50,11,0.8197,3658.65,0.399,28,UPI,RETAIL,LARGE,2271.18,0.8973,0.1027,7,1,8
EVT_00009713,RETRY_LATER,True,ALLOWED,0.417492,1,3692.9,PAYMENT_FAILURE,2026-08-17 22:16:41,CUS_000508,MER_00198,3692.9,INR,CARD,MOBILE,FAILED,BANK_TECHNICAL_ERROR,2,54.15,0,False,False,0,0,0,0.497492,394,49,44,5,0.898,6827.91,0.4875,54,CARD,DIGITAL_SERVICES,SMALL,5306.23,0.9513,0.0487,22,0,8
EVT_00009728,RETRY_LATER,True,ALLOWED,0.82151,1,10146.65,PAYMENT_FAILURE,2026-08-02 13:59:14,CUS_001531,MER_00096,10146.65,INR,UPI,MOBILE,FAILED,BANK_TECHNICAL_ERROR,0,48.95,0,False,False,0,0,0,0.70151,162,31,30,1,0.9677,8623.39,0.4825,41,NETBANKING,TRAVEL,MEDIUM,3014.41,0.9456,0.0544,13,6,8
EVT_00009729,ALTERNATIVE_PAYMENT,True,ALLOWED,0.788786,1,1785.66,CHECKOUT_ABANDONMENT,2026-08-28 00:04:43,CUS_001229,MER_00148,1785.66,INR,UPI,MOBILE,AT_RISK,,0,21.8,355,True,False,0,0,0,0.758786,256,59,55,4,0.9322,1791.46,0.7596,80,CARD,RETAIL,MEDIUM,1547.37,0.9811,0.0189,0,4,8
EVT_00009730,RETRY_LATER,True,ALLOWED,0.32821,1,5017.74,PAYMENT_FAILURE,2026-08-05 09:15:45,CUS_000634,MER_00170,5017.74,INR,UPI,MOBILE,FAILED,INSUFFICIENT_BALANCE,0,6.4,0,False,False,0,0,0,0.37821,587,45,40,5,0.8889,3980.61,0.2874,75,UPI,EDUCATION,LARGE,584.64,0.8429,0.1571,9,2,8
EVT_00009734,RETRY_LATER,False,RETRY_LIMIT_REACHED,0.0,0,0.0,PAYMENT_FAILURE,2026-08-02 14:15:22,CUS_001747,MER_00153,3591.07,INR,UPI,DESKTOP,FAILED,EXPIRED_PAYMENT_METHOD,3,52.17,0,False,False,0,0,0,0.182854,1482,36,27,9,0.75,4202.19,0.5398,27,UPI,DIGITAL_SERVICES,MEDIUM,11301.58,0.8712,0.1288,14,6,8
EVT_00009735,RECOVERY_REMINDER,True,ALLOWED,0.271361,1,7627.47,PAYMENT_FAILURE,2026-08-18 15:42:59,CUS_001431,MER_00116,7627.47,INR,UPI,MOBILE,FAILED,INSUFFICIENT_BALANCE,2,2.69,0,False,False,0,0,0,0.251361,721,20,18,2,0.9,5390.06,0.7627,3,CARD,E_COMMERCE,SMALL,2851.89,0.9217,0.0783,15,1,8
EVT_00009739,RETRY_LATER,True,ALLOWED,0.667319,1,6404.11,CHECKOUT_ABANDONMENT,2026-08-09 21:34:26,CUS_000860,MER_00162,6404.11,INR,CARD,MOBILE,AT_RISK,,0,20.05,214,True,False,0,0,0,0.717319,1207,36,29,7,0.8056,7917.51,0.7013,19,CARD,DIGITAL_SERVICES,LARGE,1610.3,0.8922,0.1078,21,6,8
EVT_00009743,RECOVERY_REMINDER,True,ALLOWED,0.327008,1,1429.33,PAYMENT_FAILURE,2026-08-13 14:34:45,CUS_000972,MER_00062,1429.33,INR,CARD,MOBILE,FAILED,PAYMENT_LIMIT,2,36.9,0,False,False,0,0,0,0.307008,645,5,5,0,1.0,1112.16,0.4326,58,UPI,SAAS,SMALL,1825.36,0.9707,0.0293,14,3,8
EVT_00009769,ALTERNATIVE_PAYMENT,True,ALLOWED,0.377962,1,2499.91,PAYMENT_FAILURE,2026-08-06 23:10:19,CUS_000521,MER_00194,2499.91,INR,CARD,MOBILE,FAILED,TIMEOUT,3,1.74,0,False,False,0,0,0,0.347962,556,35,31,4,0.8857,2073.52,0.7227,50,UPI,TRAVEL,LARGE,3878.8,0.7793,0.2207,23,3,8
EVT_00009779,RETRY_LATER,True,ALLOWED,0.701329,1,3664.27,CHECKOUT_ABANDONMENT,2026-08-20 13:07:00,CUS_000504,MER_00182,3664.27,INR,UPI,MOBILE,AT_RISK,,0,61.14,162,True,False,0,0,0,0.751329,1305,9,8,1,0.8889,5676.96,0.9505,87,UPI,DIGITAL_SERVICES,SMALL,4671.98,0.9884,0.0116,13,3,8
EVT_00009780,RETRY_LATER,True,ALLOWED,0.362049,1,3328.72,SUBSCRIPTION_FAILURE,2026-08-01 23:30:12,CUS_000458,MER_00181,3328.72,INR,NETBANKING,MOBILE,AT_RISK,,0,51.71,0,False,False,479,8,2,0.412049,961,74,70,4,0.9459,2706.2,0.947,53,CARD,TRAVEL,SMALL,3734.39,0.8092,0.1908,23,5,8
EVT_00009794,RETRY_LATER,True,ALLOWED,0.409317,1,4295.58,PAYMENT_FAILURE,2026-08-25 08:19:54,CUS_001990,MER_00059,4295.58,INR,UPI,MOBILE,FAILED,PAYMENT_LIMIT,0,7.15,0,False,False,0,0,0,0.459317,1387,38,37,1,0.9737,3867.29,0.8974,66,CARD,DIGITAL_SERVICES,SMALL,6166.34,0.923,0.077,8,1,8
EVT_00009797,RETRY_LATER,True,ALLOWED,0.657815,1,3212.11,PAYMENT_FAILURE,2026-08-10 01:36:34,CUS_000406,MER_00025,3212.11,INR,CARD,MOBILE,FAILED,TIMEOUT,0,33.28,0,False,False,0,0,0,0.537815,766,66,40,26,0.6061,4442.6,0.5778,84,NETBANKING,DIGITAL_SERVICES,MEDIUM,770.56,0.9566,0.0434,1,0,8
EVT_00009841,ALTERNATIVE_PAYMENT,True,ALLOWED,0.167855,1,1210.96,PAYMENT_FAILURE,2026-08-28 11:07:40,CUS_000550,MER_00144,1210.96,INR,CARD,MOBILE,FAILED,INSUFFICIENT_BALANCE,3,63.71,0,False,False,0,0,0,0.137855,1030,11,8,3,0.7273,2343.33,0.7237,48,UPI,E_COMMERCE,SMALL,11138.28,0.8359,0.1641,11,4,8
EVT_00009849,ALTERNATIVE_PAYMENT,True,ALLOWED,0.504201,1,11576.73,PAYMENT_FAILURE,2026-08-02 21:01:48,CUS_000311,MER_00109,11576.73,INR,CARD,MOBILE,FAILED,PAYMENT_LIMIT,1,41.58,0,False,False,0,0,0,0.324201,1009,23,18,5,0.7826,3595.27,0.429,24,UPI,E_COMMERCE,SMALL,4316.36,0.9135,0.0865,21,6,8
EVT_00009853,ALTERNATIVE_PAYMENT,True,ALLOWED,0.19117,1,1224.52,PAYMENT_FAILURE,2026-08-06 13:13:41,CUS_001139,MER_00151,1224.52,INR,UPI,MOBILE,FAILED,INSUFFICIENT_BALANCE,3,17.13,0,False,False,0,0,0,0.16117,1123,38,30,8,0.7895,2733.61,0.4813,18,UPI,TRAVEL,MEDIUM,1657.94,0.9487,0.0513,13,3,8
EVT_00009856,RETRY_LATER,True,ALLOWED,0.297039,0,0.0,SUBSCRIPTION_FAILURE,2026-08-15 06:33:32,CUS_001125,MER_00195,15115.03,INR,WALLET,MOBILE,AT_RISK,,0,42.3,0,False,False,512,8,3,0.347039,1265,35,32,3,0.9143,11951.93,0.7777,7,CARD,TRAVEL,LARGE,10413.1,0.9379,0.0621,6,5,8
EVT_00009863,ALTERNATIVE_PAYMENT,True,ALLOWED,0.40404,1,6347.36,PAYMENT_FAILURE,2026-08-09 01:21:42,CUS_000120,MER_00035,6347.36,INR,UPI,DESKTOP,FAILED,PAYMENT_LIMIT,3,37.01,0,False,False,0,0,0,0.22404,198,56,51,5,0.9107,4998.86,0.4406,29,NETBANKING,DIGITAL_SERVICES,SMALL,1661.67,0.979,0.021,1,6,8
EVT_00009868,ALTERNATIVE_PAYMENT,True,ALLOWED,0.185715,1,3779.48,PAYMENT_FAILURE,2026-08-29 08:03:24,CUS_001035,MER_00065,3779.48,INR,CARD,DESKTOP,FAILED,INSUFFICIENT_BALANCE,3,27.08,0,False,False,0,0,0,0.155715,127,8,7,1,0.875,3733.29,0.3836,81,CARD,DIGITAL_SERVICES,MEDIUM,5883.79,0.7053,0.2947,8,5,8
EVT_00009871,RETRY_LATER,True,ALLOWED,0.718865,1,5275.32,CHECKOUT_ABANDONMENT,2026-08-05 13:04:07,CUS_000359,MER_00115,5275.32,INR,UPI,MOBILE,AT_RISK,,0,14.74,898,True,False,0,0,0,0.768865,163,50,47,3,0.94,8752.36,0.5219,2,CARD,E_COMMERCE,MEDIUM,4625.14,0.9927,0.0073,13,2,8
EVT_00009876,RETRY_LATER,True,ALLOWED,0.425805,1,10708.33,PAYMENT_FAILURE,2026-08-05 10:53:06,CUS_000588,MER_00045,10708.33,INR,UPI,TABLET,FAILED,EXPIRED_PAYMENT_METHOD,0,24.25,0,False,False,0,0,0,0.475805,175,26,23,3,0.8846,6960.81,0.4726,13,NETBANKING,FOOD_DELIVERY,MEDIUM,1683.01,0.9677,0.0323,10,2,8
EVT_00009883,RETRY_LATER,False,RETRY_LIMIT_REACHED,0.0,0,0.0,PAYMENT_FAILURE,2026-08-30 17:31:06,CUS_001728,MER_00088,8324.76,INR,UPI,TABLET,FAILED,ISSUER_DECLINE,3,8.93,0,False,False,0,0,0,0.139096,867,42,36,6,0.8571,7540.19,0.9134,3,UPI,SAAS,MEDIUM,2014.49,0.8916,0.1084,17,6,8
EVT_00009886,HUMAN_ESCALATION,True,ALLOWED,0.229277,1,1575.21,PAYMENT_FAILURE,2026-08-30 17:29:11,CUS_000552,MER_00033,1575.21,INR,CARD,MOBILE,FAILED,TIMEOUT,3,66.62,0,False,False,0,0,0,0.329277,608,26,21,5,0.8077,892.13,0.7572,58,UPI,RETAIL,SMALL,1741.31,0.8328,0.1672,17,6,8
EVT_00009900,RETRY_LATER,True,ALLOWED,0.01,0,0.0,PAYMENT_FAILURE,2026-08-10 08:43:42,CUS_001250,MER_00042,3874.53,INR,UPI,MOBILE,FAILED,INSUFFICIENT_BALANCE,2,71.33,0,False,False,0,0,0,0.204843,1467,32,23,9,0.7188,3535.52,0.9006,6,NETBANKING,E_COMMERCE,SMALL,2406.16,0.9772,0.0228,8,0,8
EVT_00009921,RETRY_LATER,True,ALLOWED,0.701488,1,3204.58,CHECKOUT_ABANDONMENT,2026-08-09 19:42:53,CUS_000953,MER_00167,3204.58,INR,UPI,MOBILE,AT_RISK,,0,17.95,307,True,False,0,0,0,0.751488,933,75,72,3,0.96,4065.84,0.6427,59,CARD,EDUCATION,SMALL,8093.76,0.8619,0.1381,19,6,8
EVT_00009928,RETRY_LATER,True,ALLOWED,0.426627,1,7947.0,PAYMENT_FAILURE,2026-08-08 10:06:49,CUS_001846,MER_00139,7947.0,INR,UPI,MOBILE,FAILED,EXPIRED_PAYMENT_METHOD,0,61.98,0,False,False,0,0,0,0.476627,936,38,34,4,0.8947,4512.31,0.7404,72,CARD,FOOD_DELIVERY,SMALL,4070.36,0.9874,0.0126,10,5,8
EVT_00009933,RETRY_LATER,True,ALLOWED,0.01,0,0.0,PAYMENT_FAILURE,2026-08-12 08:30:53,CUS_000349,MER_00183,1340.85,INR,CARD,DESKTOP,FAILED,PAYMENT_LIMIT,2,62.7,0,False,False,0,0,0,0.235347,295,16,13,3,0.8125,3656.36,0.9025,61,UPI,DIGITAL_SERVICES,SMALL,7807.06,0.8681,0.1319,8,2,8
EVT_00009948,RETRY_LATER,True,ALLOWED,0.72392,1,1478.15,CHECKOUT_ABANDONMENT,2026-08-16 02:40:19,CUS_000314,MER_00128,1478.15,INR,NETBANKING,MOBILE,AT_RISK,,0,3.14,875,True,False,0,0,0,0.77392,443,5,5,0,1.0,2492.04,0.4173,40,UPI,TRAVEL,LARGE,637.62,0.9635,0.0365,2,6,8
EVT_00009949,RETRY_LATER,True,ALLOWED,0.335104,1,12128.96,SUBSCRIPTION_FAILURE,2026-08-20 22:25:50,CUS_001708,MER_00182,12128.96,INR,CARD,MOBILE,AT_RISK,,0,70.64,0,False,False,667,10,2,0.385104,1371,60,43,17,0.7167,8634.62,0.6103,86,CARD,DIGITAL_SERVICES,SMALL,4671.98,0.9884,0.0116,22,3,8
EVT_00009953,RETRY_LATER,True,ALLOWED,0.689955,1,8391.69,CHECKOUT_ABANDONMENT,2026-08-22 08:52:31,CUS_000989,MER_00104,8391.69,INR,UPI,MOBILE,AT_RISK,,0,57.69,294,True,False,0,0,0,0.739955,392,72,63,9,0.875,11512.54,0.6934,56,UPI,FOOD_DELIVERY,SMALL,12154.73,0.8804,0.1196,8,5,8
EVT_00009962,RETRY_LATER,True,ALLOWED,0.285141,1,3661.72,SUBSCRIPTION_FAILURE,2026-08-08 10:53:29,CUS_000972,MER_00006,3661.72,INR,CARD,DESKTOP,AT_RISK,,0,22.29,0,False,False,496,10,3,0.335141,645,5,5,0,1.0,1112.16,0.4326,58,UPI,SAAS,SMALL,11987.91,0.8542,0.1458,10,5,8
EVT_00009975,RETRY_LATER,True,ALLOWED,0.607343,1,823.1,PAYMENT_FAILURE,2026-08-04 00:47:40,CUS_001805,MER_00106,823.1,INR,UPI,MOBILE,FAILED,TIMEOUT,1,28.64,0,False,False,0,0,0,0.587343,218,2,2,0,1.0,2401.36,0.8722,83,UPI,SAAS,SMALL,2564.56,0.9372,0.0628,0,1,8
EVT_00009985,RETRY_LATER,True,ALLOWED,0.342678,0,0.0,PAYMENT_FAILURE,2026-08-14 00:25:39,CUS_000158,MER_00022,2953.09,INR,UPI,MOBILE,FAILED,NETWORK_ERROR,2,6.57,0,False,False,0,0,0,0.422678,848,50,44,6,0.88,3355.88,0.7314,35,WALLET,DIGITAL_SERVICES,LARGE,2602.03,0.8671,0.1329,0,4,8
EVT_00009993,RETRY_LATER,True,ALLOWED,0.754656,1,1649.19,PAYMENT_FAILURE,2026-08-13 15:30:00,CUS_001553,MER_00109,1649.19,INR,UPI,DESKTOP,FAILED,NETWORK_ERROR,0,37.87,0,False,False,0,0,0,0.634656,813,75,73,2,0.9733,2216.48,0.899,36,UPI,E_COMMERCE,SMALL,4316.36,0.9135,0.0865,15,3,8
EVT_00010000,ALTERNATIVE_PAYMENT,True,ALLOWED,0.728749,1,5311.95,CHECKOUT_ABANDONMENT,2026-08-25 05:41:24,CUS_000796,MER_00032,5311.95,INR,UPI,MOBILE,AT_RISK,,0,66.78,71,True,False,0,0,0,0.698749,464,73,70,3,0.9589,4782.27,0.8408,54,UPI,TRAVEL,SMALL,7142.77,0.8186,0.1814,5,1,8
