event_id,action,allowed,policy_reason,simulated_success_probability,recovery_success,revenue_recovered,event_type,timestamp,customer_id,merchant_id,amount,currency,payment_method,device_type,payment_status,failure_type,retry_count,previous_attempt_hours,checkout_duration_seconds,payment_page_reached,payment_attempted,subscription_age_days,successful_cycles,failed_cycles,true_recovery_probability,customer_tenure_days,total_transactions,successful_transactions,failed_transactions,historical_success_rate,avg_transaction_amount,previous_recovery_success_rate,days_since_last_success,preferred_payment_method,merchant_category,merchant_size,avg_transaction_amount_merchant,historical_success_rate_merchant,historical_failure_rate,event_hour,day_of_week,month,log_amount,customer_success_rate,customer_avg_transaction_amount,merchant_success_rate,amount_per_customer_transaction,high_value,strong_customer_history,repeated_failure,chosen_action,chosen_probability,chosen_net_value,decision_explanation,actual_recovered
EVT_00002432,ALTERNATIVE_PAYMENT,True,ALLOWED,0.546575,0,0.0,PAYMENT_FAILURE,2026-08-21 12:31:51,CUS_001338,MER_00065,25708.46,INR,CARD,MOBILE,FAILED,TIMEOUT,2,63.48,0,False,False,0,0,0,0.516575,465,4,4,0,1.0,13277.06,0.756,21,UPI,DIGITAL_SERVICES,MEDIUM,5883.79,0.7053,0.2947,12,4,8,10.154614296538774,1.0,13277.06,0.7053,6427.115,1,1,1,HUMAN_ESCALATION,0.533079051667085,13454.641476621187,high-value case eligible for human escalation; multiple previous attempts reduce retry priority; strong customer payment history; high-value transaction; decision margin is narrow,25708.46
EVT_00002150,ALTERNATIVE_PAYMENT,True,ALLOWED,0.573822,1,52028.64,PAYMENT_FAILURE,2026-08-08 15:28:49,CUS_001472,MER_00069,52028.64,INR,UPI,DESKTOP,FAILED,TIMEOUT,2,63.01,0,False,False,0,0,0,0.543822,1056,59,52,7,0.8814,12224.73,0.3087,29,UPI,E_COMMERCE,SMALL,12615.7,0.7608,0.2392,15,5,8,10.859568835175269,0.8814,12224.73,0.7608,881.8413559322033,1,0,1,HUMAN_ESCALATION,0.559875342231392,28879.55262583389,high-value case eligible for human escalation; multiple previous attempts reduce retry priority; high-value transaction,0.0
EVT_00008004,ALTERNATIVE_PAYMENT,True,ALLOWED,0.818365,1,23286.79,CHECKOUT_ABANDONMENT,2026-08-27 17:28:30,CUS_001716,MER_00067,23286.79,INR,UPI,MOBILE,AT_RISK,,0,15.16,162,True,False,0,0,0,0.788365,1321,23,22,1,0.9565,9519.6,0.6746,26,UPI,TRAVEL,SMALL,6615.57,0.8781,0.1219,17,3,8,10.05568446786505,0.9565,9519.6,0.8781,1012.4691304347826,1,1,0,RECOVERY_REMINDER,0.930510858891318,21666.610963721756,reminder has strong predicted recovery value; strong customer payment history; high-value transaction,23286.79
EVT_00000867,ALTERNATIVE_PAYMENT,True,ALLOWED,0.564409,0,0.0,SUBSCRIPTION_FAILURE,2026-08-18 01:03:53,CUS_001561,MER_00045,11874.22,INR,UPI,MOBILE,AT_RISK,,0,8.84,0,False,False,344,9,1,0.534409,457,6,5,1,0.8333,10719.51,0.8859,34,UPI,FOOD_DELIVERY,MEDIUM,1683.01,0.9677,0.0323,1,1,8,9.382209155047022,0.8333,10719.51,0.9677,1979.0366666666666,1,0,0,RECOVERY_REMINDER,0.47583100476003454,5648.122033341697,reminder has strong predicted recovery value; high-value transaction; decision margin is narrow,11874.22
EVT_00007752,ALTERNATIVE_PAYMENT,True,ALLOWED,0.428208,1,18152.8,PAYMENT_FAILURE,2026-08-08 14:51:43,CUS_000879,MER_00148,18152.8,INR,UPI,DESKTOP,FAILED,ISSUER_DECLINE,1,61.46,0,False,False,0,0,0,0.248208,835,69,52,17,0.7536,14773.61,0.5846,23,CARD,RETAIL,MEDIUM,1547.37,0.9811,0.0189,14,5,8,9.806635184170098,0.7536,14773.61,0.9811,263.0840579710145,1,0,0,RECOVERY_REMINDER,0.5005780225746768,9084.892728193592,reminder has strong predicted recovery value; high-value transaction; decision margin is narrow,0.0
EVT_00001529,ALTERNATIVE_PAYMENT,True,ALLOWED,0.801502,1,14700.02,CHECKOUT_ABANDONMENT,2026-08-08 13:56:23,CUS_000008,MER_00134,14700.02,INR,CARD,MOBILE,AT_RISK,,0,36.48,262,True,False,0,0,0,0.771502,1055,13,12,1,0.9231,10710.78,0.8482,32,WALLET,EDUCATION,SMALL,5486.16,0.9252,0.0748,13,5,8,9.595672158114711,0.9231,10710.78,0.9252,1130.7707692307692,1,1,0,RECOVERY_REMINDER,0.9421634610231768,13847.821720309921,reminder has strong predicted recovery value; strong customer payment history; high-value transaction,14700.02
EVT_00003093,ALTERNATIVE_PAYMENT,True,ALLOWED,0.653668,1,3468.47,PAYMENT_FAILURE,2026-08-27 18:55:14,CUS_000302,MER_00010,3468.47,INR,UPI,MOBILE,FAILED,EXPIRED_PAYMENT_METHOD,0,30.34,0,False,False,0,0,0,0.473668,1244,12,11,1,0.9167,3628.63,0.7024,57,CARD,DIGITAL_SERVICES,MEDIUM,15078.75,0.9873,0.0127,18,3,8,8.151757123523145,0.9167,3628.63,0.9873,289.03916666666663,0,1,0,ALTERNATIVE_PAYMENT,0.6933225500787074,2399.768465271494,alternative payment has strongest net expected value; strong customer payment history,3468.47
EVT_00005245,ALTERNATIVE_PAYMENT,True,ALLOWED,0.537106,0,0.0,PAYMENT_FAILURE,2026-08-22 20:47:03,CUS_001701,MER_00135,1322.46,INR,CARD,MOBILE,FAILED,BANK_TECHNICAL_ERROR,1,68.56,0,False,False,0,0,0,0.507106,420,13,10,3,0.7692,1529.6,0.3662,62,UPI,FOOD_DELIVERY,SMALL,9749.43,0.833,0.167,20,5,8,7.188004798316593,0.7692,1529.6,0.833,101.72769230769231,0,0,0,ALTERNATIVE_PAYMENT,0.5747488850819873,755.0824105655249,alternative payment has strongest net expected value,0.0
EVT_00006007,ALTERNATIVE_PAYMENT,True,ALLOWED,0.575925,1,6168.94,CHECKOUT_ABANDONMENT,2026-08-18 01:43:01,CUS_001007,MER_00067,6168.94,INR,UPI,MOBILE,AT_RISK,,0,8.47,718,False,False,0,0,0,0.545925,1279,48,44,4,0.9167,2586.54,0.9356,14,UPI,TRAVEL,SMALL,6615.57,0.8781,0.1219,1,1,8,8.727444392378892,0.9167,2586.54,0.8781,128.51958333333332,0,1,0,RECOVERY_REMINDER,0.7509453686756071,4630.5369226377,reminder has strong predicted recovery value; strong customer payment history,6168.94
EVT_00001910,ALTERNATIVE_PAYMENT,True,ALLOWED,0.826318,1,18307.96,CHECKOUT_ABANDONMENT,2026-08-08 13:27:57,CUS_000183,MER_00080,18307.96,INR,UPI,TABLET,AT_RISK,,0,40.51,641,True,False,0,0,0,0.796318,761,48,47,1,0.9792,3845.62,0.7417,3,CARD,EDUCATION,SMALL,3258.46,0.9582,0.0418,13,5,8,9.81514583649232,0.9792,3845.62,0.9582,381.4158333333333,1,1,0,RECOVERY_REMINDER,0.8774450764061139,16062.229361040076,reminder has strong predicted recovery value; strong customer payment history; high-value transaction,18307.96
EVT_00004634,ALTERNATIVE_PAYMENT,True,ALLOWED,0.66772,1,1727.11,SUBSCRIPTION_FAILURE,2026-08-08 12:50:20,CUS_001838,MER_00019,1727.11,INR,UPI,MOBILE,AT_RISK,,0,21.99,0,False,False,576,9,0,0.63772,477,48,44,4,0.9167,1893.32,0.5146,38,UPI,FOOD_DELIVERY,MEDIUM,3617.98,0.9102,0.0898,12,5,8,7.454783604745361,0.9167,1893.32,0.9102,35.98145833333333,0,1,0,ALTERNATIVE_PAYMENT,0.5857126808147097,1006.5902281618933,alternative payment has strongest net expected value; strong customer payment history,1727.11
EVT_00003216,ALTERNATIVE_PAYMENT,True,ALLOWED,0.311716,0,0.0,SUBSCRIPTION_FAILURE,2026-08-27 19:14:40,CUS_000304,MER_00140,4335.57,INR,NETBANKING,DESKTOP,AT_RISK,,0,38.69,0,False,False,586,4,2,0.281716,1347,70,63,7,0.9,6407.5,0.5711,83,UPI,EDUCATION,MEDIUM,8286.12,0.9696,0.0304,19,3,8,8.37483899204427,0.9,6407.5,0.9696,61.93671428571428,0,1,0,RECOVERY_REMINDER,0.4534857831051478,1964.1193566571856,reminder has strong predicted recovery value; strong customer payment history,0.0
EVT_00000698,ALTERNATIVE_PAYMENT,True,ALLOWED,0.419928,0,0.0,PAYMENT_FAILURE,2026-08-08 15:32:50,CUS_000670,MER_00128,36193.4,INR,CARD,MOBILE,FAILED,INSUFFICIENT_BALANCE,1,29.44,0,False,False,0,0,0,0.389928,224,77,68,9,0.8831,54872.69,0.6093,55,CARD,TRAVEL,LARGE,637.62,0.9635,0.0365,15,5,8,10.496659689714585,0.8831,54872.69,0.9635,470.04415584415585,1,0,0,HUMAN_ESCALATION,0.4755785643881433,16962.805212325824,high-value case eligible for human escalation; high-value transaction,36193.4
EVT_00009650,ALTERNATIVE_PAYMENT,True,ALLOWED,0.787543,1,3545.46,CHECKOUT_ABANDONMENT,2026-08-18 03:17:45,CUS_000346,MER_00172,3545.46,INR,CARD,DESKTOP,AT_RISK,,0,49.69,893,True,False,0,0,0,0.757543,406,21,21,0,1.0,6624.69,0.945,55,UPI,E_COMMERCE,SMALL,8580.85,0.8235,0.1765,3,1,8,8.173705201853032,1.0,6624.69,0.8235,168.83142857142857,0,1,0,RECOVERY_REMINDER,0.9120803384474678,3231.7443567519595,reminder has strong predicted recovery value; strong customer payment history,3545.46
EVT_00009450,ALTERNATIVE_PAYMENT,True,ALLOWED,0.528375,0,0.0,PAYMENT_FAILURE,2026-08-08 12:11:48,CUS_001834,MER_00144,4103.08,INR,CARD,DESKTOP,FAILED,TIMEOUT,1,8.89,0,False,False,0,0,0,0.498375,135,53,42,11,0.7925,4402.57,0.7637,30,CARD,E_COMMERCE,SMALL,11138.28,0.8359,0.1641,12,5,8,8.319736879838004,0.7925,4402.57,0.8359,77.41660377358491,0,0,0,RETRY_LATER,0.49933819296451615,2047.824552788847,delayed retry has strong predicted recovery value; decision margin is narrow,0.0
EVT_00009004,ALTERNATIVE_PAYMENT,True,ALLOWED,0.58941,1,2256.61,SUBSCRIPTION_FAILURE,2026-08-27 19:31:09,CUS_000401,MER_00160,2256.61,INR,CARD,MOBILE,AT_RISK,,0,25.58,0,False,False,258,19,1,0.55941,1497,1,1,0,1.0,1695.98,0.6042,63,NETBANKING,RETAIL,MEDIUM,70458.78,0.9015,0.0985,19,3,8,7.722062010571376,1.0,1695.98,0.9015,2256.61,0,1,0,RECOVERY_REMINDER,0.5774117102244306,1300.9930394095525,reminder has strong predicted recovery value; strong customer payment history,0.0
EVT_00001297,ALTERNATIVE_PAYMENT,True,ALLOWED,0.445539,1,9399.55,PAYMENT_FAILURE,2026-08-22 20:02:18,CUS_001911,MER_00196,9399.55,INR,UPI,DESKTOP,FAILED,PAYMENT_LIMIT,2,55.95,0,False,False,0,0,0,0.265539,139,19,16,3,0.8421,9054.19,0.5551,35,UPI,SAAS,SMALL,9200.06,0.9131,0.0869,20,5,8,9.148523477184712,0.8421,9054.19,0.9131,494.7131578947368,0,0,1,ALTERNATIVE_PAYMENT,0.40334620049074643,3786.2727788227953,alternative payment has strongest net expected value; multiple previous attempts reduce retry priority,9399.55
EVT_00000254,ALTERNATIVE_PAYMENT,True,ALLOWED,0.297165,1,1302.17,PAYMENT_FAILURE,2026-08-08 11:26:44,CUS_000122,MER_00084,1302.17,INR,CARD,DESKTOP,FAILED,ISSUER_DECLINE,3,14.33,0,False,False,0,0,0,0.117165,1012,76,62,14,0.8158,1102.54,0.5619,17,UPI,SAAS,LARGE,2123.34,0.8109,0.1891,11,5,8,7.172555036765038,0.8158,1102.54,0.8109,17.133815789473687,0,0,1,ALTERNATIVE_PAYMENT,0.38531579154284484,496.7466642733463,alternative payment has strongest net expected value; multiple previous attempts reduce retry priority,1302.17
EVT_00006715,ALTERNATIVE_PAYMENT,True,ALLOWED,0.671928,1,6079.33,PAYMENT_FAILURE,2026-08-18 03:23:43,CUS_000625,MER_00098,6079.33,INR,UPI,MOBILE,FAILED,BANK_TECHNICAL_ERROR,0,22.98,0,False,False,0,0,0,0.641928,918,73,62,11,0.8493,3465.28,0.6569,13,CARD,DIGITAL_SERVICES,SMALL,599.1,0.88,0.12,3,1,8,8.712814249803095,0.8493,3465.28,0.88,83.27849315068494,0,0,0,RETRY_LATER,0.6478593108049341,3937.55054395576,delayed retry has strong predicted recovery value,0.0
EVT_00005391,ALTERNATIVE_PAYMENT,True,ALLOWED,0.300303,0,0.0,SUBSCRIPTION_FAILURE,2026-08-08 11:14:50,CUS_000210,MER_00078,842.41,INR,UPI,MOBILE,AT_RISK,,0,65.25,0,False,False,312,5,2,0.270303,1174,11,10,1,0.9091,2424.25,0.9132,15,NETBANKING,E_COMMERCE,LARGE,10945.16,0.9248,0.0752,11,5,8,6.737453198012385,0.9091,2424.25,0.9248,76.58272727272727,0,1,0,RECOVERY_REMINDER,0.43446743126949605,363.99970877573617,reminder has strong predicted recovery value; strong customer payment history,0.0
EVT_00002070,ALTERNATIVE_PAYMENT,True,ALLOWED,0.236123,0,0.0,PAYMENT_FAILURE,2026-08-27 20:10:44,CUS_000815,MER_00082,17828.47,INR,UPI,DESKTOP,FAILED,INSUFFICIENT_BALANCE,3,68.86,0,False,False,0,0,0,0.206123,1173,16,14,2,0.875,6676.95,0.7971,32,CARD,DIGITAL_SERVICES,SMALL,5119.5,0.9572,0.0428,20,3,8,9.788607985233106,0.875,6676.95,0.9572,1114.279375,1,0,1,ALTERNATIVE_PAYMENT,0.2891489450293872,5150.0832919880795,alternative payment has strongest net expected value; multiple previous attempts reduce retry priority; high-value transaction,0.0
EVT_00007473,ALTERNATIVE_PAYMENT,True,ALLOWED,0.491025,1,1148.19,CHECKOUT_ABANDONMENT,2026-08-08 11:09:54,CUS_001304,MER_00036,1148.19,INR,UPI,DESKTOP,AT_RISK,,0,13.61,402,False,False,0,0,0,0.461025,1346,22,18,4,0.8182,1237.21,0.843,37,UPI,SAAS,MEDIUM,1103.05,0.7,0.3,11,5,8,7.04681262536174,0.8182,1237.21,0.7,52.19045454545455,0,0,0,RECOVERY_REMINDER,0.7199743764438189,824.6673792890284,reminder has strong predicted recovery value,0.0
EVT_00006441,ALTERNATIVE_PAYMENT,True,ALLOWED,0.672919,1,3015.75,PAYMENT_FAILURE,2026-08-18 03:29:29,CUS_000344,MER_00157,3015.75,INR,CARD,MOBILE,FAILED,BANK_TECHNICAL_ERROR,0,33.79,0,False,False,0,0,0,0.642919,787,59,52,7,0.8814,3190.86,0.8317,55,WALLET,E_COMMERCE,MEDIUM,5657.2,0.8635,0.1365,3,1,8,8.01193537195371,0.8814,3190.86,0.8635,51.11440677966102,0,0,0,RETRY_LATER,0.6566013517485026,1979.1455265355469,delayed retry has strong predicted recovery value,3015.75
EVT_00005412,ALTERNATIVE_PAYMENT,True,ALLOWED,0.779945,1,1875.16,CHECKOUT_ABANDONMENT,2026-08-08 11:09:30,CUS_001868,MER_00118,1875.16,INR,WALLET,MOBILE,AT_RISK,,0,23.25,553,True,False,0,0,0,0.749945,1147,65,60,5,0.9231,776.29,0.9324,16,CARD,E_COMMERCE,MEDIUM,1563.87,0.9374,0.0626,11,5,8,7.53698241377585,0.9231,776.29,0.9374,28.848615384615385,0,1,0,RECOVERY_REMINDER,0.8763502872419117,1641.2970046245432,reminder has strong predicted recovery value; strong customer payment history,1875.16
EVT_00000123,ALTERNATIVE_PAYMENT,True,ALLOWED,0.571971,1,7414.18,SUBSCRIPTION_FAILURE,2026-08-27 21:33:49,CUS_000083,MER_00100,7414.18,INR,UPI,DESKTOP,AT_RISK,,0,26.97,0,False,False,811,23,1,0.541971,266,26,23,3,0.8846,10450.19,0.7998,29,CARD,EDUCATION,MEDIUM,10164.26,0.9653,0.0347,21,3,8,8.9112845293954,0.8846,10450.19,0.9653,285.16076923076923,0,0,0,ALTERNATIVE_PAYMENT,0.516539269587427,3824.71512178971,alternative payment has strongest net expected value,7414.18
EVT_00004539,ALTERNATIVE_PAYMENT,True,ALLOWED,0.755433,1,10613.54,CHECKOUT_ABANDONMENT,2026-08-08 12:42:58,CUS_000433,MER_00154,10613.54,INR,NETBANKING,MOBILE,AT_RISK,,0,6.24,879,True,False,0,0,0,0.725433,1244,13,10,3,0.7692,6498.97,0.8171,87,CARD,E_COMMERCE,SMALL,7670.89,0.9583,0.0417,12,5,8,9.269980038294934,0.7692,6498.97,0.9583,816.426153846154,1,0,0,RECOVERY_REMINDER,0.8430495889867081,8945.740534693987,reminder has strong predicted recovery value; high-value transaction,10613.54
EVT_00003136,ALTERNATIVE_PAYMENT,True,ALLOWED,0.616921,0,0.0,PAYMENT_FAILURE,2026-08-08 11:09:28,CUS_000362,MER_00184,3932.33,INR,UPI,DESKTOP,FAILED,TIMEOUT,1,53.81,0,False,False,0,0,0,0.586921,1339,60,58,2,0.9667,1743.16,0.8537,30,UPI,E_COMMERCE,MEDIUM,7360.37,0.9586,0.0414,11,5,8,8.27724167432766,0.9667,1743.16,0.9586,65.53883333333333,0,1,0,RETRY_LATER,0.5693772546959532,2237.9792599585376,delayed retry has strong predicted recovery value; strong customer payment history; decision margin is narrow,0.0
EVT_00007349,ALTERNATIVE_PAYMENT,True,ALLOWED,0.480553,0,0.0,PAYMENT_FAILURE,2026-08-18 00:58:29,CUS_000073,MER_00039,5230.5,INR,UPI,MOBILE,FAILED,BANK_TECHNICAL_ERROR,2,58.84,0,False,False,0,0,0,0.450553,710,32,27,5,0.8438,1941.84,0.5828,55,CARD,DIGITAL_SERVICES,SMALL,6776.92,0.7982,0.2018,0,1,8,8.562453322821103,0.8438,1941.84,0.7982,163.453125,0,0,1,ALTERNATIVE_PAYMENT,0.44519898248192713,2323.6132778717197,alternative payment has strongest net expected value; multiple previous attempts reduce retry priority,0.0
EVT_00008498,ALTERNATIVE_PAYMENT,True,ALLOWED,0.51765,0,0.0,PAYMENT_FAILURE,2026-08-08 15:48:19,CUS_000086,MER_00126,20599.36,INR,CARD,MOBILE,FAILED,ISSUER_DECLINE,0,9.78,0,False,False,0,0,0,0.33765,1059,52,44,8,0.8462,6822.1,0.6468,32,UPI,DIGITAL_SERVICES,SMALL,2499.99,0.8824,0.1176,15,5,8,9.93306383035313,0.8462,6822.1,0.8824,396.14153846153846,1,0,0,ALTERNATIVE_PAYMENT,0.5669682407479874,11674.182899734462,alternative payment has strongest net expected value; high-value transaction,0.0
EVT_00002339,ALTERNATIVE_PAYMENT,True,ALLOWED,0.596492,0,0.0,PAYMENT_FAILURE,2026-08-17 22:29:32,CUS_001408,MER_00123,663.09,INR,CARD,DESKTOP,FAILED,BANK_TECHNICAL_ERROR,1,62.73,0,False,False,0,0,0,0.566492,1315,51,45,6,0.8824,2131.34,0.8473,20,NETBANKING,EDUCATION,SMALL,1684.78,0.9279,0.0721,22,0,8,6.498417682460099,0.8824,2131.34,0.9279,13.001764705882353,0,0,0,RETRY_LATER,0.5408541097504195,357.6349516344057,delayed retry has strong predicted recovery value; decision margin is narrow,0.0
EVT_00006314,ALTERNATIVE_PAYMENT,True,ALLOWED,0.295675,0,0.0,PAYMENT_FAILURE,2026-08-08 20:32:06,CUS_000074,MER_00117,1552.81,INR,CARD,MOBILE,FAILED,ISSUER_DECLINE,3,21.32,0,False,False,0,0,0,0.115675,220,28,22,6,0.7857,2562.94,0.6765,87,WALLET,TRAVEL,SMALL,11500.96,0.8461,0.1539,20,5,8,7.3484652583303385,0.7857,2562.94,0.8461,55.457499999999996,0,0,1,ALTERNATIVE_PAYMENT,0.3922530951619326,604.0945286984005,alternative payment has strongest net expected value; multiple previous attempts reduce retry priority,0.0
EVT_00003109,ALTERNATIVE_PAYMENT,True,ALLOWED,0.542228,1,4022.23,SUBSCRIPTION_FAILURE,2026-08-08 19:47:32,CUS_000156,MER_00186,4022.23,INR,UPI,MOBILE,AT_RISK,,0,53.74,0,False,False,281,13,1,0.512228,1003,39,33,6,0.8462,6276.8,0.6529,0,NETBANKING,SAAS,LARGE,6624.61,0.9305,0.0695,19,5,8,8.299840341580799,0.8462,6276.8,0.9305,103.13410256410256,0,0,0,ALTERNATIVE_PAYMENT,0.5642282967577819,2264.455982068053,alternative payment has strongest net expected value,4022.23
EVT_00000583,ALTERNATIVE_PAYMENT,True,ALLOWED,0.410425,1,723.45,PAYMENT_FAILURE,2026-08-27 13:25:02,CUS_001351,MER_00182,723.45,INR,NETBANKING,MOBILE,FAILED,INSUFFICIENT_BALANCE,0,24.87,0,False,False,0,0,0,0.380425,118,13,11,2,0.8462,1543.21,0.6706,2,UPI,DIGITAL_SERVICES,SMALL,4671.98,0.9884,0.0116,13,3,8,6.585412746266731,0.8462,1543.21,0.9884,55.650000000000006,0,0,0,ALTERNATIVE_PAYMENT,0.4906377595071941,349.9518871154796,alternative payment has strongest net expected value,723.45
EVT_00004900,ALTERNATIVE_PAYMENT,True,ALLOWED,0.394599,0,0.0,PAYMENT_FAILURE,2026-08-22 22:49:01,CUS_000324,MER_00053,5464.38,INR,CARD,DESKTOP,FAILED,NETWORK_ERROR,3,63.24,0,False,False,0,0,0,0.364599,1376,52,47,5,0.9038,6682.24,0.5829,78,UPI,E_COMMERCE,SMALL,2869.11,0.924,0.076,22,5,8,8.606188931587631,0.9038,6682.24,0.924,105.08423076923077,0,1,1,ALTERNATIVE_PAYMENT,0.39558914564114006,2156.649415658533,alternative payment has strongest net expected value; multiple previous attempts reduce retry priority; strong customer payment history,0.0
EVT_00002499,ALTERNATIVE_PAYMENT,True,ALLOWED,0.769444,0,0.0,CHECKOUT_ABANDONMENT,2026-08-08 19:37:08,CUS_000367,MER_00070,12937.09,INR,UPI,DESKTOP,AT_RISK,,0,54.77,247,True,True,0,0,0,0.739444,720,27,24,3,0.8889,8749.36,0.5481,10,UPI,DIGITAL_SERVICES,SMALL,32979.79,0.7942,0.2058,19,5,8,9.467930952832635,0.8889,8749.36,0.7942,479.1514814814815,1,0,0,RECOVERY_REMINDER,0.8803449644679988,11387.102036369302,reminder has strong predicted recovery value; high-value transaction,12937.09
EVT_00009601,ALTERNATIVE_PAYMENT,True,ALLOWED,0.624664,1,3858.94,PAYMENT_FAILURE,2026-08-17 23:04:13,CUS_001648,MER_00199,3858.94,INR,CARD,MOBILE,FAILED,BANK_TECHNICAL_ERROR,1,29.27,0,False,False,0,0,0,0.594664,1005,48,45,3,0.9375,3549.38,0.7651,28,UPI,SAAS,SMALL,1416.06,0.9293,0.0707,23,0,8,8.258406918296616,0.9375,3549.38,0.9293,80.39458333333333,0,1,0,RETRY_LATER,0.6727710230369917,2595.1830116383685,delayed retry has strong predicted recovery value; strong customer payment history,3858.94
EVT_00003602,ALTERNATIVE_PAYMENT,True,ALLOWED,0.694361,0,0.0,PAYMENT_FAILURE,2026-08-08 18:44:54,CUS_001380,MER_00136,14112.9,INR,UPI,MOBILE,FAILED,TIMEOUT,0,45.67,0,False,False,0,0,0,0.664361,825,32,28,4,0.875,4874.33,0.6105,87,UPI,TRAVEL,MEDIUM,1391.97,0.9802,0.0198,18,5,8,9.55491540637201,0.875,4874.33,0.9802,441.028125,1,0,0,RETRY_LATER,0.6142961213305154,8668.49973072543,delayed retry has strong predicted recovery value; high-value transaction; decision margin is narrow,14112.9
EVT_00006067,ALTERNATIVE_PAYMENT,True,ALLOWED,0.45503,1,7860.33,PAYMENT_FAILURE,2026-08-27 13:51:11,CUS_000505,MER_00158,7860.33,INR,UPI,MOBILE,FAILED,TIMEOUT,2,48.22,0,False,False,0,0,0,0.42503,432,5,4,1,0.8,4157.02,0.9678,77,UPI,SAAS,MEDIUM,23542.32,0.8428,0.1572,13,3,8,8.969711082304581,0.8,4157.02,0.8428,1572.066,0,0,1,ALTERNATIVE_PAYMENT,0.422636918724673,3317.065651359109,alternative payment has strongest net expected value; multiple previous attempts reduce retry priority,7860.33
EVT_00003869,ALTERNATIVE_PAYMENT,True,ALLOWED,0.394602,1,27035.33,PAYMENT_FAILURE,2026-08-08 18:27:02,CUS_001754,MER_00101,27035.33,INR,CARD,MOBILE,FAILED,ISSUER_DECLINE,2,36.45,0,False,False,0,0,0,0.214602,610,22,19,3,0.8636,20784.87,0.8098,54,CARD,FOOD_DELIVERY,SMALL,3940.25,0.8648,0.1352,18,5,8,10.204936796093378,0.8636,20784.87,0.8648,1228.8786363636364,1,0,1,RECOVERY_REMINDER,0.4323395098878909,11686.441321857394,reminder has strong predicted recovery value; multiple previous attempts reduce retry priority; high-value transaction; decision margin is narrow,0.0
EVT_00001751,ALTERNATIVE_PAYMENT,True,ALLOWED,0.550166,1,5230.72,PAYMENT_FAILURE,2026-08-17 23:07:55,CUS_000715,MER_00190,5230.72,INR,CARD,MOBILE,FAILED,BANK_TECHNICAL_ERROR,2,68.82,0,False,False,0,0,0,0.520166,1382,41,38,3,0.9268,9723.93,0.4818,9,UPI,RETAIL,MEDIUM,2490.76,0.9915,0.0085,23,0,8,8.562495374885387,0.9268,9723.93,0.9915,127.57853658536585,0,1,1,ALTERNATIVE_PAYMENT,0.4447337523034034,2321.2777328484585,alternative payment has strongest net expected value; multiple previous attempts reduce retry priority; strong customer payment history,5230.72
EVT_00002624,ALTERNATIVE_PAYMENT,True,ALLOWED,0.79613,1,3609.65,CHECKOUT_ABANDONMENT,2026-08-27 17:08:14,CUS_001158,MER_00199,3609.65,INR,UPI,DESKTOP,AT_RISK,,0,54.04,194,True,False,0,0,0,0.76613,1279,79,77,2,0.9747,6367.46,0.7912,71,NETBANKING,SAAS,SMALL,1416.06,0.9293,0.0707,17,3,8,8.19164309052056,0.9747,6367.46,0.9293,45.69177215189873,0,1,0,RECOVERY_REMINDER,0.9321552351041255,3362.7541443936066,reminder has strong predicted recovery value; strong customer payment history,3609.65
EVT_00005604,ALTERNATIVE_PAYMENT,True,ALLOWED,0.782152,1,4404.23,CHECKOUT_ABANDONMENT,2026-08-08 18:20:23,CUS_000719,MER_00142,4404.23,INR,CARD,DESKTOP,AT_RISK,,0,51.22,121,True,False,0,0,0,0.752152,376,46,43,3,0.9348,4523.77,0.8854,69,WALLET,RETAIL,MEDIUM,2317.11,0.8986,0.1014,18,5,8,8.390547750401078,0.9348,4523.77,0.8986,95.7441304347826,0,1,0,RECOVERY_REMINDER,0.947633257751208,4171.594822785602,reminder has strong predicted recovery value; strong customer payment history,4404.23
EVT_00008462,ALTERNATIVE_PAYMENT,True,ALLOWED,0.31687,1,4354.89,PAYMENT_FAILURE,2026-08-08 18:02:13,CUS_001121,MER_00139,4354.89,INR,NETBANKING,DESKTOP,FAILED,ISSUER_DECLINE,3,0.55,0,False,False,0,0,0,0.13687,50,50,41,9,0.82,5630.87,0.5829,55,CARD,FOOD_DELIVERY,SMALL,4070.36,0.9874,0.0126,18,5,8,8.379284231208748,0.82,5630.87,0.9874,87.0978,0,0,1,ALTERNATIVE_PAYMENT,0.3271461571054289,1419.6855281168612,alternative payment has strongest net expected value; multiple previous attempts reduce retry priority,4354.89
EVT_00002518,ALTERNATIVE_PAYMENT,True,ALLOWED,0.688453,1,6927.6,PAYMENT_FAILURE,2026-08-22 21:39:25,CUS_001916,MER_00096,6927.6,INR,UPI,MOBILE,FAILED,BANK_TECHNICAL_ERROR,0,7.57,0,False,False,0,0,0,0.658453,790,7,6,1,0.8571,4650.91,0.3053,87,NETBANKING,TRAVEL,MEDIUM,3014.41,0.9456,0.0544,21,5,8,8.8434130515731,0.8571,4650.91,0.9456,989.657142857143,0,0,0,ALTERNATIVE_PAYMENT,0.6597785304361363,4565.681747449378,alternative payment has strongest net expected value,6927.6
EVT_00004696,ALTERNATIVE_PAYMENT,True,ALLOWED,0.478503,1,8267.87,PAYMENT_FAILURE,2026-08-17 23:08:47,CUS_000919,MER_00027,8267.87,INR,CARD,DESKTOP,FAILED,TIMEOUT,2,5.4,0,False,False,0,0,0,0.448503,404,68,60,8,0.8824,7969.08,0.898,73,CARD,DIGITAL_SERVICES,SMALL,12097.35,0.8025,0.1975,23,0,8,9.020253140229617,0.8824,7969.08,0.8025,121.58632352941177,0,0,1,RECOVERY_REMINDER,0.4880320810683499,4032.9858021025784,reminder has strong predicted recovery value; multiple previous attempts reduce retry priority; decision margin is narrow,8267.87
EVT_00001100,ALTERNATIVE_PAYMENT,True,ALLOWED,0.312636,0,0.0,PAYMENT_FAILURE,2026-08-08 17:57:52,CUS_000815,MER_00084,6593.31,INR,UPI,DESKTOP,FAILED,ISSUER_DECLINE,3,50.38,0,False,False,0,0,0,0.132636,1173,16,14,2,0.875,6676.95,0.7971,32,CARD,SAAS,LARGE,2123.34,0.8109,0.1891,17,5,8,8.793962434962173,0.875,6676.95,0.8109,412.081875,0,0,1,ALTERNATIVE_PAYMENT,0.3292547552030185,2165.878670027614,alternative payment has strongest net expected value; multiple previous attempts reduce retry priority,0.0
EVT_00008675,ALTERNATIVE_PAYMENT,True,ALLOWED,0.331082,1,5262.15,SUBSCRIPTION_FAILURE,2026-08-27 15:33:19,CUS_000299,MER_00117,5262.15,INR,CARD,MOBILE,AT_RISK,,0,64.97,0,False,False,430,10,3,0.301082,448,18,16,2,0.8889,4303.3,0.7064,66,CARD,TRAVEL,SMALL,11500.96,0.8461,0.1539,15,3,8,8.568484985802662,0.8889,4303.3,0.8461,292.34166666666664,0,0,0,RECOVERY_REMINDER,0.44979627642634107,2364.8954759968706,reminder has strong predicted recovery value,0.0
EVT_00003004,ALTERNATIVE_PAYMENT,True,ALLOWED,0.615067,0,0.0,PAYMENT_FAILURE,2026-08-08 17:00:05,CUS_000725,MER_00196,617.88,INR,CARD,TABLET,FAILED,NETWORK_ERROR,0,63.5,0,False,False,0,0,0,0.585067,1185,63,53,10,0.8413,1711.65,0.6092,14,UPI,SAAS,SMALL,9200.06,0.9131,0.0869,17,5,8,6.427911392824875,0.8413,1711.65,0.9131,9.807619047619047,0,0,0,RETRY_LATER,0.6363750009873635,392.2033856100722,delayed retry has strong predicted recovery value,617.88
EVT_00009430,ALTERNATIVE_PAYMENT,True,ALLOWED,0.596195,1,5562.15,SUBSCRIPTION_FAILURE,2026-08-17 23:48:41,CUS_000176,MER_00050,5562.15,INR,UPI,MOBILE,AT_RISK,,0,62.55,0,False,False,468,18,1,0.566195,708,61,58,3,0.9508,5488.05,0.6872,41,UPI,SAAS,SMALL,2988.65,0.9869,0.0131,23,0,8,8.623919773580191,0.9508,5488.05,0.9869,91.18278688524589,0,1,0,ALTERNATIVE_PAYMENT,0.6317554375477933,3508.9185069564583,alternative payment has strongest net expected value; strong customer payment history,5562.15
EVT_00006886,ALTERNATIVE_PAYMENT,True,ALLOWED,0.429735,0,0.0,SUBSCRIPTION_FAILURE,2026-08-08 16:19:05,CUS_001492,MER_00165,2455.09,INR,UPI,DESKTOP,AT_RISK,,0,30.29,0,False,False,109,20,2,0.399735,749,51,46,5,0.902,3705.23,0.7041,41,UPI,SAAS,SMALL,10559.09,0.8386,0.1614,16,5,8,7.806325933546764,0.902,3705.23,0.8386,48.13901960784314,0,1,0,RETRY_LATER,0.4718032907971034,1157.3195412030607,delayed retry has strong predicted recovery value; strong customer payment history; decision margin is narrow,0.0
EVT_00005247,ALTERNATIVE_PAYMENT,True,ALLOWED,0.602783,0,0.0,CHECKOUT_ABANDONMENT,2026-08-27 15:33:37,CUS_000405,MER_00175,14571.64,INR,UPI,DESKTOP,AT_RISK,,0,10.57,631,False,False,0,0,0,0.572783,763,31,27,4,0.871,16090.81,0.7807,56,UPI,RETAIL,SMALL,14742.91,0.995,0.005,15,3,8,9.586901077010287,0.871,16090.81,0.995,470.05290322580646,1,0,0,RECOVERY_REMINDER,0.6697192576968592,9756.907924225861,reminder has strong predicted recovery value; high-value transaction,14571.64
EVT_00002450,ALTERNATIVE_PAYMENT,True,ALLOWED,0.74853,1,3295.16,CHECKOUT_ABANDONMENT,2026-08-08 16:10:57,CUS_002000,MER_00177,3295.16,INR,CARD,MOBILE,AT_RISK,,0,45.79,326,True,False,0,0,0,0.71853,442,42,35,7,0.8333,3400.94,0.9563,46,CARD,SAAS,SMALL,9080.37,0.8866,0.1134,16,5,8,8.100513433540476,0.8333,3400.94,0.8866,78.45619047619047,0,0,0,RECOVERY_REMINDER,0.947927521834399,3121.572852847838,reminder has strong predicted recovery value,3295.16
EVT_00007818,ALTERNATIVE_PAYMENT,True,ALLOWED,0.596874,1,12810.68,PAYMENT_FAILURE,2026-08-22 21:05:04,CUS_000951,MER_00095,12810.68,INR,UPI,MOBILE,FAILED,BANK_TECHNICAL_ERROR,2,23.52,0,False,False,0,0,0,0.566874,167,3,3,0,1.0,11078.99,0.9377,32,UPI,EDUCATION,SMALL,7386.47,0.995,0.005,21,5,8,9.458112533832677,1.0,11078.99,0.995,4270.2266666666665,1,1,1,RECOVERY_REMINDER,0.4846032647828458,6206.097352088307,reminder has strong predicted recovery value; multiple previous attempts reduce retry priority; strong customer payment history; high-value transaction,0.0
EVT_00005019,ALTERNATIVE_PAYMENT,True,ALLOWED,0.653427,1,1833.02,PAYMENT_FAILURE,2026-08-27 14:56:14,CUS_000248,MER_00169,1833.02,INR,UPI,MOBILE,FAILED,BANK_TECHNICAL_ERROR,0,54.25,0,False,False,0,0,0,0.623427,641,14,11,3,0.7857,1216.78,0.6496,70,UPI,FOOD_DELIVERY,SMALL,4115.41,0.9528,0.0472,14,3,8,7.514265557882359,0.7857,1216.78,0.9528,130.93,0,0,0,RETRY_LATER,0.6324975644806637,1158.3806856443462,delayed retry has strong predicted recovery value; decision margin is narrow,1833.02
EVT_00004510,ALTERNATIVE_PAYMENT,True,ALLOWED,0.241352,0,0.0,PAYMENT_FAILURE,2026-08-27 13:06:33,CUS_001726,MER_00064,7418.38,INR,CARD,DESKTOP,FAILED,INSUFFICIENT_BALANCE,2,13.88,0,False,False,0,0,0,0.211352,1180,79,58,21,0.7342,7110.72,0.8016,77,NETBANKING,TRAVEL,SMALL,4568.4,0.9534,0.0466,13,3,8,8.911850774718783,0.7342,7110.72,0.9534,93.90354430379747,0,0,1,RECOVERY_REMINDER,0.29657913675567044,2198.1367365255305,reminder has strong predicted recovery value; multiple previous attempts reduce retry priority,0.0
EVT_00007232,ALTERNATIVE_PAYMENT,True,ALLOWED,0.290452,0,0.0,PAYMENT_FAILURE,2026-08-22 19:20:31,CUS_001449,MER_00151,1496.88,INR,UPI,MOBILE,FAILED,INSUFFICIENT_BALANCE,2,44.26,0,False,False,0,0,0,0.260452,1116,48,46,2,0.9583,2876.78,0.8541,48,UPI,TRAVEL,MEDIUM,1657.94,0.9487,0.0513,19,5,8,7.311806054059364,0.9583,2876.78,0.9487,31.185000000000002,0,1,1,RECOVERY_REMINDER,0.28158094438577713,419.49288403218213,reminder has strong predicted recovery value; multiple previous attempts reduce retry priority; strong customer payment history; decision margin is narrow,0.0
EVT_00003388,ALTERNATIVE_PAYMENT,True,ALLOWED,0.776591,0,0.0,CHECKOUT_ABANDONMENT,2026-08-08 11:06:12,CUS_001710,MER_00153,9290.19,INR,WALLET,MOBILE,AT_RISK,,0,28.48,366,True,False,0,0,0,0.746591,341,68,61,7,0.8971,13874.83,0.547,53,UPI,DIGITAL_SERVICES,MEDIUM,11301.58,0.8712,0.1288,11,5,8,9.136821918329966,0.8971,13874.83,0.8712,136.6204411764706,0,0,0,RECOVERY_REMINDER,0.9442358259466761,8770.13022785155,reminder has strong predicted recovery value,0.0
EVT_00002237,ALTERNATIVE_PAYMENT,True,ALLOWED,0.676652,1,1063.42,PAYMENT_FAILURE,2026-08-18 08:23:36,CUS_001191,MER_00084,1063.42,INR,UPI,DESKTOP,FAILED,TIMEOUT,0,32.35,0,False,False,0,0,0,0.646652,640,1,1,0,1.0,1247.08,0.9212,23,NETBANKING,SAAS,LARGE,2123.34,0.8109,0.1891,8,1,8,6.970185328855604,1.0,1247.08,0.8109,1063.42,0,1,0,RETRY_LATER,0.5807250503887855,616.5546330844423,delayed retry has strong predicted recovery value; strong customer payment history; decision margin is narrow,1063.42
EVT_00001300,ALTERNATIVE_PAYMENT,True,ALLOWED,0.564094,1,2808.28,PAYMENT_FAILURE,2026-08-08 04:19:57,CUS_000036,MER_00087,2808.28,INR,NETBANKING,DESKTOP,FAILED,PAYMENT_LIMIT,0,6.67,0,False,False,0,0,0,0.384094,123,67,55,12,0.8209,3887.62,0.6693,20,CARD,TRAVEL,MEDIUM,26627.4,0.8417,0.1583,4,5,8,7.940683501737844,0.8209,3887.62,0.8417,41.91462686567164,0,0,0,ALTERNATIVE_PAYMENT,0.4652313003491133,1301.499756144408,alternative payment has strongest net expected value; decision margin is narrow,2808.28
EVT_00003999,ALTERNATIVE_PAYMENT,True,ALLOWED,0.309249,0,0.0,PAYMENT_FAILURE,2026-08-28 00:18:43,CUS_001004,MER_00063,3018.91,INR,NETBANKING,MOBILE,FAILED,ISSUER_DECLINE,3,71.76,0,False,False,0,0,0,0.129249,1333,76,67,9,0.8816,2009.06,0.8078,82,CARD,E_COMMERCE,SMALL,3066.57,0.806,0.194,0,4,8,8.012982308600344,0.8816,2009.06,0.806,39.7225,0,0,1,ALTERNATIVE_PAYMENT,0.3776434327114038,1135.071535446784,alternative payment has strongest net expected value; multiple previous attempts reduce retry priority,0.0
EVT_00002849,ALTERNATIVE_PAYMENT,True,ALLOWED,0.365013,1,9005.19,PAYMENT_FAILURE,2026-08-08 04:03:21,CUS_001179,MER_00175,9005.19,INR,CARD,MOBILE,FAILED,INSUFFICIENT_BALANCE,1,32.21,0,False,False,0,0,0,0.335013,410,18,16,2,0.8889,6344.37,0.6907,62,UPI,RETAIL,SMALL,14742.91,0.995,0.005,4,5,8,9.10566739768539,0.8889,6344.37,0.995,500.28833333333336,0,0,0,ALTERNATIVE_PAYMENT,0.5596467066968819,5034.724926679694,alternative payment has strongest net expected value,9005.19
EVT_00005379,ALTERNATIVE_PAYMENT,True,ALLOWED,0.765534,1,27543.57,CHECKOUT_ABANDONMENT,2026-08-18 09:22:51,CUS_000165,MER_00122,27543.57,INR,NETBANKING,MOBILE,AT_RISK,,0,36.98,578,True,False,0,0,0,0.735534,644,76,59,17,0.7763,12067.62,0.8304,18,CARD,TRAVEL,LARGE,1261.74,0.7975,0.2025,9,1,8,10.223560698966306,0.7763,12067.62,0.7975,362.4153947368421,1,0,0,RECOVERY_REMINDER,0.9226068952160579,25409.887600866154,reminder has strong predicted recovery value; high-value transaction,27543.57
EVT_00004498,ALTERNATIVE_PAYMENT,True,ALLOWED,0.684144,1,5289.51,PAYMENT_FAILURE,2026-08-08 03:17:45,CUS_000181,MER_00087,5289.51,INR,NETBANKING,MOBILE,FAILED,BANK_TECHNICAL_ERROR,0,7.14,0,False,False,0,0,0,0.654144,1408,56,51,5,0.9107,4905.16,0.9255,35,UPI,TRAVEL,MEDIUM,26627.4,0.8417,0.1583,3,5,8,8.573669928522943,0.9107,4905.16,0.8417,94.45553571428572,0,1,0,RETRY_LATER,0.6515286083711572,3445.26708926532,delayed retry has strong predicted recovery value; strong customer payment history,5289.51
EVT_00003860,ALTERNATIVE_PAYMENT,True,ALLOWED,0.300497,0,0.0,SUBSCRIPTION_FAILURE,2026-08-28 00:46:54,CUS_000308,MER_00071,4552.5,INR,UPI,TABLET,AT_RISK,,0,60.01,0,False,False,612,1,2,0.270497,844,13,12,1,0.9231,3182.83,0.7198,81,CARD,TRAVEL,MEDIUM,1476.19,0.8534,0.1466,0,4,8,8.423651447007874,0.9231,3182.83,0.8534,350.1923076923077,0,1,0,RECOVERY_REMINDER,0.3717578192516674,1690.427472143216,reminder has strong predicted recovery value; strong customer payment history; decision margin is narrow,4552.5
EVT_00008413,ALTERNATIVE_PAYMENT,True,ALLOWED,0.277851,0,0.0,PAYMENT_FAILURE,2026-08-08 02:44:55,CUS_001835,MER_00012,5472.3,INR,NETBANKING,MOBILE,FAILED,INSUFFICIENT_BALANCE,2,27.91,0,False,False,0,0,0,0.247851,632,12,11,1,0.9167,3523.87,0.3385,3,UPI,FOOD_DELIVERY,MEDIUM,4480.78,0.8939,0.1061,2,5,8,8.607637004185781,0.9167,3523.87,0.8939,456.02500000000003,0,1,1,ALTERNATIVE_PAYMENT,0.31717923344227805,1730.6999191661782,alternative payment has strongest net expected value; multiple previous attempts reduce retry priority; strong customer payment history,0.0
EVT_00005846,ALTERNATIVE_PAYMENT,True,ALLOWED,0.388934,1,1508.81,PAYMENT_FAILURE,2026-08-22 18:37:01,CUS_001790,MER_00118,1508.81,INR,UPI,MOBILE,FAILED,TIMEOUT,3,55.09,0,False,False,0,0,0,0.358934,1137,25,21,4,0.84,2183.18,0.4861,75,CARD,E_COMMERCE,MEDIUM,1563.87,0.9374,0.0626,18,5,8,7.319739094077417,0.84,2183.18,0.9374,60.352399999999996,0,0,1,ALTERNATIVE_PAYMENT,0.3643239713273461,544.6956511784131,alternative payment has strongest net expected value; multiple previous attempts reduce retry priority,1508.81
EVT_00009284,ALTERNATIVE_PAYMENT,True,ALLOWED,0.183642,1,3644.2,SUBSCRIPTION_FAILURE,2026-08-18 09:35:04,CUS_001530,MER_00169,3644.2,INR,NETBANKING,MOBILE,AT_RISK,,0,26.7,0,False,False,849,4,3,0.153642,1380,10,7,3,0.7,3007.54,0.7519,56,UPI,FOOD_DELIVERY,SMALL,4115.41,0.9528,0.0472,9,1,8,8.201166512621972,0.7,3007.54,0.9528,364.41999999999996,0,0,0,ALTERNATIVE_PAYMENT,0.3152844627929323,1143.959639310004,alternative payment has strongest net expected value; decision margin is narrow,3644.2
EVT_00000088,ALTERNATIVE_PAYMENT,True,ALLOWED,0.608018,1,1591.4,PAYMENT_FAILURE,2026-08-08 02:11:45,CUS_000716,MER_00148,1591.4,INR,NETBANKING,MOBILE,FAILED,TIMEOUT,1,42.56,0,False,False,0,0,0,0.578018,1204,37,35,2,0.9459,4243.52,0.8811,86,UPI,RETAIL,MEDIUM,1547.37,0.9811,0.0189,2,5,8,7.372997591126162,0.9459,4243.52,0.9811,43.01081081081081,0,1,0,ALTERNATIVE_PAYMENT,0.5931568434026009,938.9498005908991,alternative payment has strongest net expected value; strong customer payment history,1591.4
EVT_00004902,ALTERNATIVE_PAYMENT,True,ALLOWED,0.230977,0,0.0,PAYMENT_FAILURE,2026-08-08 06:25:12,CUS_001720,MER_00041,3227.09,INR,UPI,DESKTOP,FAILED,INSUFFICIENT_BALANCE,2,12.84,0,False,False,0,0,0,0.200977,790,21,16,5,0.7619,4729.91,0.7223,29,CARD,TRAVEL,MEDIUM,3690.69,0.8746,0.1254,6,5,8,8.079645910042062,0.7619,4729.91,0.8746,153.6709523809524,0,0,1,RECOVERY_REMINDER,0.2360918235585385,759.889562887524,reminder has strong predicted recovery value; multiple previous attempts reduce retry priority; decision margin is narrow,0.0
EVT_00008256,ALTERNATIVE_PAYMENT,True,ALLOWED,0.40913,1,882.95,SUBSCRIPTION_FAILURE,2026-08-28 00:52:58,CUS_000925,MER_00081,882.95,INR,NETBANKING,DESKTOP,AT_RISK,,0,18.98,0,False,False,602,10,2,0.37913,394,34,28,6,0.8235,2616.87,0.6313,8,UPI,FOOD_DELIVERY,MEDIUM,42052.11,0.8971,0.1029,0,4,8,6.784400499952032,0.8235,2616.87,0.8971,25.969117647058823,0,0,0,RECOVERY_REMINDER,0.5668091992330203,498.4641824627953,reminder has strong predicted recovery value,0.0
EVT_00007015,ALTERNATIVE_PAYMENT,True,ALLOWED,0.834902,1,33868.73,CHECKOUT_ABANDONMENT,2026-08-18 09:41:14,CUS_001327,MER_00007,33868.73,INR,CARD,MOBILE,AT_RISK,,0,5.22,795,True,False,0,0,0,0.804902,1028,13,12,1,0.9231,20602.96,0.7416,21,CARD,EDUCATION,SMALL,5075.52,0.9361,0.0639,9,1,8,10.43027697412371,0.9231,20602.96,0.9361,2605.2869230769234,1,1,0,RECOVERY_REMINDER,0.9231430293654231,31263.68201295959,reminder has strong predicted recovery value; strong customer payment history; high-value transaction,33868.73
EVT_00007820,ALTERNATIVE_PAYMENT,True,ALLOWED,0.454853,0,0.0,PAYMENT_FAILURE,2026-08-08 01:58:45,CUS_000363,MER_00031,16001.73,INR,UPI,MOBILE,FAILED,INSUFFICIENT_BALANCE,0,37.54,0,False,False,0,0,0,0.424853,358,76,71,5,0.9342,12781.59,0.8066,60,CARD,FOOD_DELIVERY,LARGE,8241.74,0.8635,0.1365,1,5,8,9.680514611667128,0.9342,12781.59,0.8635,210.54907894736843,1,1,0,RECOVERY_REMINDER,0.4927774099968895,7883.291064869527,reminder has strong predicted recovery value; strong customer payment history; high-value transaction; decision margin is narrow,0.0
EVT_00006836,ALTERNATIVE_PAYMENT,True,ALLOWED,0.665003,1,3225.08,PAYMENT_FAILURE,2026-08-28 00:53:34,CUS_000418,MER_00169,3225.08,INR,NETBANKING,MOBILE,FAILED,BANK_TECHNICAL_ERROR,0,60.24,0,False,False,0,0,0,0.635003,209,21,17,4,0.8095,2877.63,0.5336,8,CARD,FOOD_DELIVERY,SMALL,4115.41,0.9528,0.0472,0,4,8,8.079023056889765,0.8095,2877.63,0.9528,153.5752380952381,0,0,0,RETRY_LATER,0.6872550487900159,2215.4525127517045,delayed retry has strong predicted recovery value,3225.08
EVT_00006709,ALTERNATIVE_PAYMENT,True,ALLOWED,0.746831,0,0.0,CHECKOUT_ABANDONMENT,2026-08-07 23:59:11,CUS_000767,MER_00156,1544.75,INR,CARD,MOBILE,AT_RISK,,0,68.34,320,True,False,0,0,0,0.716831,930,30,25,5,0.8333,839.68,0.76,69,CARD,FOOD_DELIVERY,MEDIUM,16696.36,0.898,0.102,23,4,8,7.343264508438678,0.8333,839.68,0.898,51.49166666666667,0,0,0,RECOVERY_REMINDER,0.8571811288741815,1322.130548828392,reminder has strong predicted recovery value,1544.75
EVT_00002721,ALTERNATIVE_PAYMENT,True,ALLOWED,0.423749,0,0.0,PAYMENT_FAILURE,2026-08-22 17:58:39,CUS_000752,MER_00049,2255.53,INR,UPI,DESKTOP,FAILED,PAYMENT_LIMIT,2,24.28,0,False,False,0,0,0,0.243749,247,7,6,1,0.8571,5110.67,0.8638,24,WALLET,EDUCATION,SMALL,8781.92,0.8307,0.1693,17,5,8,7.7215835141044495,0.8571,5110.67,0.8307,322.21857142857147,0,0,1,ALTERNATIVE_PAYMENT,0.38061267646309244,853.4833101427989,alternative payment has strongest net expected value; multiple previous attempts reduce retry priority,0.0
EVT_00005020,ALTERNATIVE_PAYMENT,True,ALLOWED,0.577955,1,28963.06,PAYMENT_FAILURE,2026-08-07 22:54:09,CUS_000363,MER_00096,28963.06,INR,UPI,MOBILE,FAILED,TIMEOUT,2,50.14,0,False,False,0,0,0,0.547955,358,76,71,5,0.9342,12781.59,0.8066,60,CARD,TRAVEL,MEDIUM,3014.41,0.9456,0.0544,22,4,8,10.273811030043646,0.9342,12781.59,0.9456,381.09289473684214,1,1,1,RECOVERY_REMINDER,0.5097316402634023,14761.388080847339,reminder has strong predicted recovery value; multiple previous attempts reduce retry priority; strong customer payment history; high-value transaction; decision margin is narrow,0.0
EVT_00004449,ALTERNATIVE_PAYMENT,True,ALLOWED,0.695109,0,0.0,SUBSCRIPTION_FAILURE,2026-08-28 01:49:32,CUS_000126,MER_00139,2262.67,INR,UPI,MOBILE,AT_RISK,,0,51.1,0,False,False,185,18,0,0.665109,860,21,20,1,0.9524,2148.27,0.2807,56,UPI,FOOD_DELIVERY,SMALL,4070.36,0.9874,0.0126,1,4,8,7.724742668981779,0.9524,2148.27,0.9874,107.74619047619048,0,1,0,ALTERNATIVE_PAYMENT,0.6732675164343129,1518.3822114104269,alternative payment has strongest net expected value; strong customer payment history,0.0
EVT_00006649,ALTERNATIVE_PAYMENT,True,ALLOWED,0.737249,1,15820.86,CHECKOUT_ABANDONMENT,2026-08-18 10:00:36,CUS_000223,MER_00004,15820.86,INR,UPI,TABLET,AT_RISK,,0,60.1,630,True,False,0,0,0,0.707249,1064,3,2,1,0.6667,9142.36,0.8044,18,UPI,EDUCATION,MEDIUM,2207.0,0.9735,0.0265,10,1,8,9.669147807103311,0.6667,9142.36,0.9735,5273.62,1,0,0,RECOVERY_REMINDER,0.8048689591575736,12731.71912117769,reminder has strong predicted recovery value; high-value transaction; decision margin is narrow,15820.86
EVT_00003133,ALTERNATIVE_PAYMENT,True,ALLOWED,0.42657,1,7286.38,PAYMENT_FAILURE,2026-08-07 22:40:59,CUS_000614,MER_00116,7286.38,INR,UPI,DESKTOP,FAILED,NETWORK_ERROR,2,39.17,0,False,False,0,0,0,0.39657,596,48,36,12,0.75,6835.99,0.8335,80,UPI,E_COMMERCE,SMALL,2851.89,0.9217,0.0783,22,4,8,8.893899363970856,0.75,6835.99,0.9217,151.79958333333335,0,0,1,ALTERNATIVE_PAYMENT,0.42544862251967563,3094.980334154914,alternative payment has strongest net expected value; multiple previous attempts reduce retry priority,7286.38
EVT_00003957,ALTERNATIVE_PAYMENT,True,ALLOWED,0.448249,0,0.0,PAYMENT_FAILURE,2026-08-07 21:51:22,CUS_000673,MER_00024,2807.5,INR,UPI,MOBILE,FAILED,ISSUER_DECLINE,1,67.18,0,False,False,0,0,0,0.268249,965,68,64,4,0.9412,2008.28,0.8641,64,NETBANKING,DIGITAL_SERVICES,SMALL,6952.02,0.952,0.048,21,4,8,7.940405811972488,0.9412,2008.28,0.952,41.286764705882355,0,1,0,ALTERNATIVE_PAYMENT,0.5728775533574461,1603.3537310510299,alternative payment has strongest net expected value; strong customer payment history,0.0
EVT_00007589,ALTERNATIVE_PAYMENT,True,ALLOWED,0.383468,0,0.0,PAYMENT_FAILURE,2026-08-28 01:56:00,CUS_001758,MER_00188,1998.11,INR,NETBANKING,MOBILE,FAILED,PAYMENT_LIMIT,3,20.75,0,False,False,0,0,0,0.203468,924,44,41,3,0.9318,3254.62,0.7637,45,NETBANKING,RETAIL,SMALL,9937.08,0.8407,0.1593,1,4,8,7.600457360500199,0.9318,3254.62,0.8407,45.411590909090904,0,1,1,ALTERNATIVE_PAYMENT,0.3457056213549003,685.7578590854398,alternative payment has strongest net expected value; multiple previous attempts reduce retry priority; strong customer payment history,0.0
EVT_00006779,ALTERNATIVE_PAYMENT,True,ALLOWED,0.478106,1,36795.59,PAYMENT_FAILURE,2026-08-08 02:10:58,CUS_000241,MER_00181,36795.59,INR,NETBANKING,MOBILE,FAILED,ISSUER_DECLINE,1,4.99,0,False,False,0,0,0,0.298106,236,18,16,2,0.8889,18473.96,0.8344,21,UPI,TRAVEL,SMALL,3734.39,0.8092,0.1908,2,5,8,10.513160456820058,0.8889,18473.96,0.8092,2044.1994444444442,1,0,0,RECOVERY_REMINDER,0.5141387031889142,18916.03692567098,reminder has strong predicted recovery value; high-value transaction; decision margin is narrow,0.0
EVT_00000805,ALTERNATIVE_PAYMENT,True,ALLOWED,0.547532,0,0.0,SUBSCRIPTION_FAILURE,2026-08-18 04:58:03,CUS_000156,MER_00051,21441.48,INR,UPI,MOBILE,AT_RISK,,0,64.5,0,False,False,123,20,1,0.517532,1003,39,33,6,0.8462,6276.8,0.6529,0,NETBANKING,EDUCATION,MEDIUM,3095.23,0.7393,0.2607,4,1,8,9.973129280137082,0.8462,6276.8,0.7393,549.7815384615385,1,0,0,ALTERNATIVE_PAYMENT,0.5271382914206119,11297.625132729221,alternative payment has strongest net expected value; high-value transaction,0.0
EVT_00007546,ALTERNATIVE_PAYMENT,True,ALLOWED,0.580471,1,16878.7,PAYMENT_FAILURE,2026-08-22 19:05:11,CUS_000803,MER_00138,16878.7,INR,NETBANKING,MOBILE,FAILED,EXPIRED_PAYMENT_METHOD,1,47.9,0,False,False,0,0,0,0.400471,787,79,73,6,0.9241,5951.47,0.5106,89,CARD,E_COMMERCE,MEDIUM,9578.85,0.8707,0.1293,19,5,8,9.733866995480167,0.9241,5951.47,0.8707,213.65443037974686,1,1,0,ALTERNATIVE_PAYMENT,0.6224257067564432,10500.736776629978,alternative payment has strongest net expected value; strong customer payment history; high-value transaction,16878.7
EVT_00005958,ALTERNATIVE_PAYMENT,True,ALLOWED,0.550053,0,0.0,PAYMENT_FAILURE,2026-08-14 15:41:02,CUS_001390,MER_00129,12010.55,INR,UPI,MOBILE,FAILED,NETWORK_ERROR,1,26.34,0,False,False,0,0,0,0.520053,1366,54,45,9,0.8333,10680.42,0.805,72,CARD,TRAVEL,SMALL,6672.36,0.894,0.106,15,4,8,9.39362396586402,0.8333,10680.42,0.894,222.41759259259257,1,0,0,ALTERNATIVE_PAYMENT,0.6298780669742063,7560.182017297054,alternative payment has strongest net expected value; high-value transaction,0.0
EVT_00008516,ALTERNATIVE_PAYMENT,True,ALLOWED,0.77136,0,0.0,CHECKOUT_ABANDONMENT,2026-08-27 21:57:47,CUS_001973,MER_00162,4428.71,INR,UPI,DESKTOP,AT_RISK,,0,39.67,610,True,False,0,0,0,0.74136,1032,10,9,1,0.9,3107.21,0.5334,14,CARD,DIGITAL_SERVICES,LARGE,1610.3,0.8922,0.1078,21,3,8,8.396089398142452,0.9,3107.21,0.8922,442.871,0,1,0,RECOVERY_REMINDER,0.9379289619816538,4151.81537321777,reminder has strong predicted recovery value; strong customer payment history,4428.71
EVT_00009962,ALTERNATIVE_PAYMENT,True,ALLOWED,0.365141,0,0.0,SUBSCRIPTION_FAILURE,2026-08-08 10:53:29,CUS_000972,MER_00006,3661.72,INR,CARD,DESKTOP,AT_RISK,,0,22.29,0,False,False,496,10,3,0.335141,645,5,5,0,1.0,1112.16,0.4326,58,UPI,SAAS,SMALL,11987.91,0.8542,0.1458,10,5,8,8.205961319780682,1.0,1112.16,0.8542,732.3439999999999,0,1,0,RECOVERY_REMINDER,0.4948672818091539,1810.065423146215,reminder has strong predicted recovery value; strong customer payment history,3661.72
EVT_00001842,ALTERNATIVE_PAYMENT,True,ALLOWED,0.442274,0,0.0,PAYMENT_FAILURE,2026-08-18 05:17:11,CUS_000476,MER_00117,6174.89,INR,WALLET,DESKTOP,FAILED,BANK_TECHNICAL_ERROR,3,64.75,0,False,False,0,0,0,0.412274,1183,34,32,2,0.9412,3111.76,0.7167,29,UPI,TRAVEL,SMALL,11500.96,0.8461,0.1539,5,1,8,8.728408280665167,0.9412,3111.76,0.8461,181.6144117647059,0,1,1,ALTERNATIVE_PAYMENT,0.4027107331221801,2481.6944788488186,alternative payment has strongest net expected value; multiple previous attempts reduce retry priority; strong customer payment history,0.0
EVT_00009928,ALTERNATIVE_PAYMENT,True,ALLOWED,0.656627,0,0.0,PAYMENT_FAILURE,2026-08-08 10:06:49,CUS_001846,MER_00139,7947.0,INR,UPI,MOBILE,FAILED,EXPIRED_PAYMENT_METHOD,0,61.98,0,False,False,0,0,0,0.476627,936,38,34,4,0.8947,4512.31,0.7404,72,CARD,FOOD_DELIVERY,SMALL,4070.36,0.9874,0.0126,10,5,8,8.980675603671708,0.8947,4512.31,0.9874,209.1315789473684,0,0,0,ALTERNATIVE_PAYMENT,0.6789430524357065,5390.56043770656,alternative payment has strongest net expected value,0.0
EVT_00000027,ALTERNATIVE_PAYMENT,True,ALLOWED,0.702472,1,4235.78,PAYMENT_FAILURE,2026-08-27 22:12:04,CUS_000785,MER_00022,4235.78,INR,CARD,DESKTOP,FAILED,BANK_TECHNICAL_ERROR,0,42.52,0,False,False,0,0,0,0.672472,732,73,70,3,0.9589,1356.49,0.6299,58,CARD,DIGITAL_SERVICES,LARGE,2602.03,0.8671,0.1329,22,3,8,8.351558825747686,0.9589,1356.49,0.8671,58.02438356164383,0,1,0,RETRY_LATER,0.6521347396375492,2761.299287461938,delayed retry has strong predicted recovery value; strong customer payment history; decision margin is narrow,4235.78
EVT_00000399,ALTERNATIVE_PAYMENT,True,ALLOWED,0.761989,1,3885.6,CHECKOUT_ABANDONMENT,2026-08-08 09:48:39,CUS_001222,MER_00165,3885.6,INR,CARD,MOBILE,AT_RISK,,0,8.84,638,True,False,0,0,0,0.731989,843,20,18,2,0.9,4174.38,0.4407,83,UPI,SAAS,SMALL,10559.09,0.8386,0.1614,9,5,8,8.265290018430603,0.9,4174.38,0.8386,194.28,0,1,0,RECOVERY_REMINDER,0.8910727338752521,3460.3522147456792,reminder has strong predicted recovery value; strong customer payment history,3885.6
EVT_00008214,ALTERNATIVE_PAYMENT,True,ALLOWED,0.764874,1,9368.25,CHECKOUT_ABANDONMENT,2026-08-22 19:09:08,CUS_001085,MER_00029,9368.25,INR,WALLET,MOBILE,AT_RISK,,0,19.63,654,True,False,0,0,0,0.734874,324,27,23,4,0.8519,10934.71,0.9104,7,NETBANKING,FOOD_DELIVERY,SMALL,5041.91,0.8787,0.1213,19,5,8,9.145188329339447,0.8519,10934.71,0.8787,346.97222222222223,0,0,0,RECOVERY_REMINDER,0.9214978441792,8630.82217873179,reminder has strong predicted recovery value,9368.25
EVT_00005267,ALTERNATIVE_PAYMENT,True,ALLOWED,0.773351,1,3716.67,CHECKOUT_ABANDONMENT,2026-08-08 09:13:44,CUS_001153,MER_00014,3716.67,INR,UPI,MOBILE,AT_RISK,,0,62.49,885,True,False,0,0,0,0.743351,663,16,15,1,0.9375,6820.42,0.5455,55,UPI,FOOD_DELIVERY,SMALL,3627.04,0.8438,0.1562,9,5,8,8.220852406945768,0.9375,6820.42,0.8438,232.291875,0,1,0,RECOVERY_REMINDER,0.9343804380156205,3470.7837425595167,reminder has strong predicted recovery value; strong customer payment history,3716.67
EVT_00001481,ALTERNATIVE_PAYMENT,True,ALLOWED,0.371707,1,2460.5,PAYMENT_FAILURE,2026-08-27 22:31:44,CUS_001505,MER_00051,2460.5,INR,CARD,DESKTOP,FAILED,ISSUER_DECLINE,2,53.63,0,False,False,0,0,0,0.191707,908,2,2,0,1.0,1867.26,0.8311,29,CARD,EDUCATION,MEDIUM,3095.23,0.7393,0.2607,22,3,8,7.808526199198255,1.0,1867.26,0.7393,1230.25,0,1,1,ALTERNATIVE_PAYMENT,0.40780195008659403,998.3966981880646,alternative payment has strongest net expected value; multiple previous attempts reduce retry priority; strong customer payment history,2460.5
EVT_00003188,ALTERNATIVE_PAYMENT,True,ALLOWED,0.701122,1,1903.41,CHECKOUT_ABANDONMENT,2026-08-18 05:57:27,CUS_000661,MER_00179,1903.41,INR,UPI,DESKTOP,AT_RISK,,0,22.91,306,True,False,0,0,0,0.671122,289,35,26,9,0.7429,1392.65,0.7647,12,CARD,DIGITAL_SERVICES,SMALL,4183.78,0.7936,0.2064,5,1,8,7.551927528304267,0.7429,1392.65,0.7936,54.38314285714286,0,0,0,RECOVERY_REMINDER,0.8114315252771734,1542.4868795278248,reminder has strong predicted recovery value,1903.41
EVT_00007845,ALTERNATIVE_PAYMENT,True,ALLOWED,0.807997,1,4743.14,CHECKOUT_ABANDONMENT,2026-08-08 09:07:25,CUS_000229,MER_00120,4743.14,INR,UPI,DESKTOP,AT_RISK,,0,36.08,275,True,False,0,0,0,0.777997,833,23,23,0,1.0,3234.56,0.9388,47,UPI,E_COMMERCE,SMALL,2459.82,0.952,0.048,9,5,8,8.464665451203336,1.0,3234.56,0.952,206.22347826086957,0,1,0,RECOVERY_REMINDER,0.9138877205581935,4332.69740288839,reminder has strong predicted recovery value; strong customer payment history,4743.14
EVT_00005867,ALTERNATIVE_PAYMENT,True,ALLOWED,0.607336,1,9731.85,PAYMENT_FAILURE,2026-08-28 00:08:46,CUS_001607,MER_00179,9731.85,INR,CARD,MOBILE,FAILED,BANK_TECHNICAL_ERROR,1,57.43,0,False,False,0,0,0,0.577336,247,26,24,2,0.9231,4351.8,0.6003,14,CARD,DIGITAL_SERVICES,SMALL,4183.78,0.7936,0.2064,0,4,8,9.18326204082104,0.9231,4351.8,0.7936,374.3019230769231,0,1,0,RETRY_LATER,0.5941576301535237,5781.25293300957,delayed retry has strong predicted recovery value; strong customer payment history,0.0
EVT_00009429,ALTERNATIVE_PAYMENT,True,ALLOWED,0.370153,0,0.0,PAYMENT_FAILURE,2026-08-08 08:49:22,CUS_001806,MER_00064,6391.17,INR,CARD,MOBILE,FAILED,ISSUER_DECLINE,2,2.82,0,False,False,0,0,0,0.190153,96,68,58,10,0.8529,4185.36,0.5683,54,CARD,TRAVEL,SMALL,4568.4,0.9534,0.0466,8,5,8,8.762829082837131,0.8529,4185.36,0.9534,93.98779411764706,0,0,1,ALTERNATIVE_PAYMENT,0.39358019597995314,2510.437941141197,alternative payment has strongest net expected value; multiple previous attempts reduce retry priority,0.0
EVT_00003636,ALTERNATIVE_PAYMENT,True,ALLOWED,0.476724,1,30226.41,PAYMENT_FAILURE,2026-08-18 06:21:37,CUS_001254,MER_00010,30226.41,INR,UPI,DESKTOP,FAILED,ISSUER_DECLINE,1,31.09,0,False,False,0,0,0,0.296724,1196,30,25,5,0.8333,18524.74,0.5681,31,CARD,DIGITAL_SERVICES,MEDIUM,15078.75,0.9873,0.0127,6,1,8,10.316504407622746,0.8333,18524.74,0.9873,1007.547,1,0,0,ALTERNATIVE_PAYMENT,0.5357390108445339,16188.466994781327,alternative payment has strongest net expected value; high-value transaction,30226.41
EVT_00001035,ALTERNATIVE_PAYMENT,True,ALLOWED,0.77368,0,0.0,CHECKOUT_ABANDONMENT,2026-08-08 08:43:51,CUS_000891,MER_00078,529.43,INR,CARD,MOBILE,AT_RISK,,0,49.72,218,True,False,0,0,0,0.74368,176,12,11,1,0.9167,1590.26,0.5178,17,UPI,E_COMMERCE,LARGE,10945.16,0.9248,0.0752,8,5,8,6.273687998358108,0.9167,1590.26,0.9248,44.119166666666665,0,1,0,RECOVERY_REMINDER,0.8975318829984079,473.1803048158471,reminder has strong predicted recovery value; strong customer payment history,529.43
EVT_00007372,ALTERNATIVE_PAYMENT,True,ALLOWED,0.349046,1,3375.64,PAYMENT_FAILURE,2026-08-08 08:23:33,CUS_001429,MER_00198,3375.64,INR,CARD,TABLET,FAILED,EXPIRED_PAYMENT_METHOD,3,69.81,0,False,False,0,0,0,0.169046,422,62,40,22,0.6452,2766.17,0.9164,85,WALLET,DIGITAL_SERVICES,SMALL,5306.23,0.9513,0.0487,8,5,8,8.124636411208785,0.6452,2766.17,0.9513,54.4458064516129,0,0,1,ALTERNATIVE_PAYMENT,0.36269841075774123,1219.3392632902617,alternative payment has strongest net expected value; multiple previous attempts reduce retry priority,3375.64
EVT_00009688,ALTERNATIVE_PAYMENT,True,ALLOWED,0.600071,1,5895.67,PAYMENT_FAILURE,2026-08-27 23:24:20,CUS_001703,MER_00016,5895.67,INR,CARD,MOBILE,FAILED,PAYMENT_LIMIT,0,62.72,0,False,False,0,0,0,0.420071,1032,20,17,3,0.85,4868.04,0.3734,23,UPI,DIGITAL_SERVICES,MEDIUM,5120.98,0.9357,0.0643,23,3,8,8.682143063776687,0.85,4868.04,0.9357,294.7835,0,0,0,ALTERNATIVE_PAYMENT,0.5677536562964057,3342.28819881703,alternative payment has strongest net expected value,5895.67
EVT_00009019,ALTERNATIVE_PAYMENT,True,ALLOWED,0.788467,1,5684.16,CHECKOUT_ABANDONMENT,2026-08-22 19:08:39,CUS_001527,MER_00004,5684.16,INR,CARD,MOBILE,AT_RISK,,0,22.4,829,True,False,0,0,0,0.758467,498,11,10,1,0.9091,8911.76,0.9452,2,UPI,EDUCATION,MEDIUM,2207.0,0.9735,0.0265,19,5,8,8.64561455002782,0.9091,8911.76,0.9735,516.7418181818182,0,1,0,RECOVERY_REMINDER,0.8684655010770601,4934.496862602182,reminder has strong predicted recovery value; strong customer payment history,5684.16
EVT_00006497,ALTERNATIVE_PAYMENT,True,ALLOWED,0.72724,1,1002.94,CHECKOUT_ABANDONMENT,2026-08-18 07:29:17,CUS_001669,MER_00058,1002.94,INR,WALLET,DESKTOP,AT_RISK,,0,17.78,90,True,True,0,0,0,0.69724,813,34,32,2,0.9412,1420.62,0.5876,47,UPI,SAAS,LARGE,1566.76,0.8967,0.1033,7,1,8,6.911687537509742,0.9412,1420.62,0.8967,29.49823529411765,0,1,0,RECOVERY_REMINDER,0.8718059227352272,872.3690321480688,reminder has strong predicted recovery value; strong customer payment history,1002.94
EVT_00006035,ALTERNATIVE_PAYMENT,True,ALLOWED,0.538776,1,12000.02,PAYMENT_FAILURE,2026-08-08 07:44:54,CUS_001420,MER_00118,12000.02,INR,UPI,MOBILE,FAILED,PAYMENT_LIMIT,1,63.29,0,False,False,0,0,0,0.358776,730,23,20,3,0.8696,6450.98,0.8611,21,CARD,E_COMMERCE,MEDIUM,1563.87,0.9374,0.0626,7,5,8,9.392746925157843,0.8696,6450.98,0.9374,521.74,1,0,0,ALTERNATIVE_PAYMENT,0.5430936310992602,6512.134435063745,alternative payment has strongest net expected value; high-value transaction,12000.02
EVT_00001464,ALTERNATIVE_PAYMENT,True,ALLOWED,0.703948,1,1607.6,CHECKOUT_ABANDONMENT,2026-08-08 07:36:13,CUS_000800,MER_00171,1607.6,INR,WALLET,MOBILE,AT_RISK,,0,70.76,603,True,True,0,0,0,0.673948,680,32,21,11,0.6562,1553.29,0.6041,25,CARD,E_COMMERCE,SMALL,2134.84,0.9759,0.0241,7,5,8,7.383119514469969,0.6562,1553.29,0.9759,50.2375,0,0,0,RECOVERY_REMINDER,0.823816072563882,1322.3667182536967,reminder has strong predicted recovery value,1607.6
EVT_00009729,ALTERNATIVE_PAYMENT,True,ALLOWED,0.788786,1,1785.66,CHECKOUT_ABANDONMENT,2026-08-28 00:04:43,CUS_001229,MER_00148,1785.66,INR,UPI,MOBILE,AT_RISK,,0,21.8,355,True,False,0,0,0,0.758786,256,59,55,4,0.9322,1791.46,0.7596,80,CARD,RETAIL,MEDIUM,1547.37,0.9811,0.0189,0,4,8,7.488103234046493,0.9322,1791.46,0.9811,30.26542372881356,0,1,0,RECOVERY_REMINDER,0.8593900679110814,1532.5784686661018,reminder has strong predicted recovery value; strong customer payment history,1785.66
EVT_00001157,ALTERNATIVE_PAYMENT,True,ALLOWED,0.511666,0,0.0,PAYMENT_FAILURE,2026-08-18 07:52:18,CUS_000841,MER_00105,6844.02,INR,CARD,MOBILE,FAILED,EXPIRED_PAYMENT_METHOD,1,28.92,0,False,False,0,0,0,0.331666,454,35,27,8,0.7714,3080.32,0.7588,55,UPI,SAAS,LARGE,3288.97,0.911,0.089,7,1,8,8.831276659559041,0.7714,3080.32,0.911,195.5434285714286,0,0,0,ALTERNATIVE_PAYMENT,0.5451933730976465,3726.3143493477546,alternative payment has strongest net expected value,0.0
EVT_00000854,ALTERNATIVE_PAYMENT,True,ALLOWED,0.796075,1,9062.97,CHECKOUT_ABANDONMENT,2026-08-08 06:36:39,CUS_001312,MER_00186,9062.97,INR,UPI,MOBILE,AT_RISK,,0,43.07,215,True,True,0,0,0,0.766075,541,32,30,2,0.9375,14282.53,0.7802,2,NETBANKING,SAAS,LARGE,6624.61,0.9305,0.0695,6,5,8,9.112062492905366,0.9375,14282.53,0.9305,283.2178125,0,1,0,RECOVERY_REMINDER,0.9266176322104618,8395.907802194448,reminder has strong predicted recovery value; strong customer payment history,9062.97
EVT_00001136,ALTERNATIVE_PAYMENT,True,ALLOWED,0.75086,1,589.2,CHECKOUT_ABANDONMENT,2026-08-27 22:44:58,CUS_001408,MER_00158,589.2,INR,UPI,MOBILE,AT_RISK,,0,45.0,192,True,False,0,0,0,0.72086,1315,51,45,6,0.8824,2131.34,0.8473,20,NETBANKING,SAAS,MEDIUM,23542.32,0.8428,0.1572,22,3,8,6.380461462508839,0.8824,2131.34,0.8428,11.55294117647059,0,0,0,RECOVERY_REMINDER,0.8620289442457598,505.90745394960175,reminder has strong predicted recovery value,589.2
EVT_00008698,ALTERNATIVE_PAYMENT,True,ALLOWED,0.442273,0,0.0,PAYMENT_FAILURE,2026-08-18 10:10:52,CUS_000667,MER_00031,3462.16,INR,CARD,MOBILE,FAILED,BANK_TECHNICAL_ERROR,3,22.91,0,False,False,0,0,0,0.412273,769,20,19,1,0.95,6587.8,0.9696,60,CARD,FOOD_DELIVERY,LARGE,8241.74,0.8635,0.1365,10,1,8,8.14993674604952,0.95,6587.8,0.8635,173.108,0,1,1,ALTERNATIVE_PAYMENT,0.41240468382187817,1422.8110001407538,alternative payment has strongest net expected value; multiple previous attempts reduce retry priority; strong customer payment history,0.0
EVT_00004235,ALTERNATIVE_PAYMENT,True,ALLOWED,0.491263,1,3754.02,CHECKOUT_ABANDONMENT,2026-08-08 21:15:23,CUS_000218,MER_00027,3754.02,INR,UPI,DESKTOP,AT_RISK,,0,51.26,395,False,False,0,0,0,0.461263,171,79,59,20,0.7468,4146.19,0.9756,59,CARD,DIGITAL_SERVICES,SMALL,12097.35,0.8025,0.1975,21,5,8,8.230848890415741,0.7468,4146.19,0.8025,47.51924050632911,0,0,0,RECOVERY_REMINDER,0.7866300219744298,2951.024835092449,reminder has strong predicted recovery value,0.0
EVT_00009713,ALTERNATIVE_PAYMENT,True,ALLOWED,0.527492,0,0.0,PAYMENT_FAILURE,2026-08-17 22:16:41,CUS_000508,MER_00198,3692.9,INR,CARD,MOBILE,FAILED,BANK_TECHNICAL_ERROR,2,54.15,0,False,False,0,0,0,0.497492,394,49,44,5,0.898,6827.91,0.4875,54,CARD,DIGITAL_SERVICES,SMALL,5306.23,0.9513,0.0487,22,0,8,8.214438089466935,0.898,6827.91,0.9513,75.36530612244898,0,0,1,RETRY_LATER,0.40622927308197565,1499.1640825644279,delayed retry has strong predicted recovery value; multiple previous attempts reduce retry priority; decision margin is narrow,3692.9
EVT_00005530,ALTERNATIVE_PAYMENT,True,ALLOWED,0.541285,0,0.0,SUBSCRIPTION_FAILURE,2026-08-27 02:15:04,CUS_001199,MER_00182,2867.93,INR,NETBANKING,MOBILE,AT_RISK,,0,29.72,0,False,False,864,15,1,0.511285,1210,78,64,14,0.8205,2163.96,0.9118,74,UPI,DIGITAL_SERVICES,SMALL,4671.98,0.9884,0.0116,2,3,8,7.961694416938503,0.8205,2163.96,0.9884,36.76833333333333,0,0,0,ALTERNATIVE_PAYMENT,0.5921876338784645,1693.3526808290646,alternative payment has strongest net expected value,0.0
EVT_00008684,ALTERNATIVE_PAYMENT,True,ALLOWED,0.813354,1,21993.71,CHECKOUT_ABANDONMENT,2026-08-23 03:14:24,CUS_001926,MER_00145,21993.71,INR,UPI,DESKTOP,AT_RISK,,0,3.47,507,True,False,0,0,0,0.783354,223,46,42,4,0.913,24253.18,0.8729,69,CARD,DIGITAL_SERVICES,SMALL,22876.16,0.9386,0.0614,3,6,8,9.99855724888117,0.913,24253.18,0.9386,478.1241304347826,1,1,0,RECOVERY_REMINDER,0.8971670063751465,19730.030959783122,reminder has strong predicted recovery value; strong customer payment history; high-value transaction,21993.71
EVT_00003067,ALTERNATIVE_PAYMENT,True,ALLOWED,0.633973,1,4028.92,PAYMENT_FAILURE,2026-08-17 14:37:10,CUS_000199,MER_00140,4028.92,INR,WALLET,MOBILE,FAILED,EXPIRED_PAYMENT_METHOD,0,18.44,0,False,False,0,0,0,0.453973,528,46,40,6,0.8696,4312.15,0.7139,45,CARD,EDUCATION,MEDIUM,8286.12,0.9696,0.0304,14,0,8,8.301501803627067,0.8696,4312.15,0.9696,87.58521739130435,0,0,0,ALTERNATIVE_PAYMENT,0.5104506477747596,2051.5648238326844,alternative payment has strongest net expected value,4028.92
EVT_00002744,ALTERNATIVE_PAYMENT,True,ALLOWED,0.674585,0,0.0,CHECKOUT_ABANDONMENT,2026-08-09 15:22:19,CUS_000576,MER_00155,3152.0,INR,UPI,DESKTOP,AT_RISK,,0,10.54,290,True,True,0,0,0,0.644585,579,27,17,10,0.6296,2604.04,0.8345,39,UPI,SAAS,SMALL,2912.27,0.843,0.157,15,6,8,8.056109659545061,0.6296,2604.04,0.843,116.74074074074075,0,0,0,RECOVERY_REMINDER,0.8228294113778241,2591.5583046629013,reminder has strong predicted recovery value,0.0
EVT_00001456,ALTERNATIVE_PAYMENT,True,ALLOWED,0.210685,0,0.0,PAYMENT_FAILURE,2026-08-09 14:22:36,CUS_000159,MER_00109,2403.93,INR,CARD,MOBILE,FAILED,INSUFFICIENT_BALANCE,3,3.85,0,False,False,0,0,0,0.180685,772,65,58,7,0.8923,2369.31,0.9475,11,CARD,E_COMMERCE,SMALL,4316.36,0.9135,0.0865,14,6,8,7.785276076087166,0.8923,2369.31,0.9135,36.98353846153846,0,0,1,ALTERNATIVE_PAYMENT,0.2520799561065729,600.9825688832738,alternative payment has strongest net expected value; multiple previous attempts reduce retry priority,0.0
EVT_00004014,ALTERNATIVE_PAYMENT,True,ALLOWED,0.515638,1,1204.78,PAYMENT_FAILURE,2026-08-27 05:07:26,CUS_000576,MER_00082,1204.78,INR,CARD,MOBILE,FAILED,PAYMENT_LIMIT,0,49.23,0,False,False,0,0,0,0.335638,579,27,17,10,0.6296,2604.04,0.8345,39,UPI,DIGITAL_SERVICES,SMALL,5119.5,0.9572,0.0428,5,3,8,7.094881939419158,0.6296,2604.04,0.9572,44.62148148148148,0,0,0,ALTERNATIVE_PAYMENT,0.4455679786889361,531.8113893648564,alternative payment has strongest net expected value,1204.78
EVT_00004306,ALTERNATIVE_PAYMENT,True,ALLOWED,0.781825,1,1444.86,CHECKOUT_ABANDONMENT,2026-08-17 15:24:51,CUS_001840,MER_00144,1444.86,INR,CARD,TABLET,AT_RISK,,0,50.85,819,True,True,0,0,0,0.751825,842,76,75,1,0.9868,3549.93,0.6169,89,UPI,E_COMMERCE,SMALL,11138.28,0.8359,0.1641,15,0,8,7.276459579220955,0.9868,3549.93,0.8359,19.011315789473684,0,1,0,RECOVERY_REMINDER,0.9044262850157565,1304.769362167866,reminder has strong predicted recovery value; strong customer payment history,1444.86
EVT_00000847,ALTERNATIVE_PAYMENT,True,ALLOWED,0.84588,1,24952.23,CHECKOUT_ABANDONMENT,2026-08-09 14:00:13,CUS_001338,MER_00115,24952.23,INR,NETBANKING,MOBILE,AT_RISK,,0,12.06,340,True,False,0,0,0,0.81588,465,4,4,0,1.0,13277.06,0.756,21,UPI,E_COMMERCE,MEDIUM,4625.14,0.9927,0.0073,14,6,8,10.124758551718418,1.0,13277.06,0.9927,6238.0575,1,1,0,RECOVERY_REMINDER,0.8462135345836339,21112.91474404379,reminder has strong predicted recovery value; strong customer payment history; high-value transaction,24952.23
EVT_00006659,ALTERNATIVE_PAYMENT,True,ALLOWED,0.351841,0,0.0,PAYMENT_FAILURE,2026-08-09 13:48:23,CUS_001117,MER_00105,8356.37,INR,UPI,MOBILE,FAILED,ISSUER_DECLINE,2,58.63,0,False,False,0,0,0,0.171841,1493,50,39,11,0.78,6529.95,0.5406,13,UPI,SAAS,LARGE,3288.97,0.911,0.089,13,6,8,9.030899063282458,0.78,6529.95,0.911,167.12740000000002,0,0,1,ALTERNATIVE_PAYMENT,0.3685263238649579,3074.5423169554188,alternative payment has strongest net expected value; multiple previous attempts reduce retry priority,0.0
EVT_00004721,ALTERNATIVE_PAYMENT,True,ALLOWED,0.671774,0,0.0,PAYMENT_FAILURE,2026-08-27 06:42:17,CUS_000463,MER_00084,770.21,INR,UPI,DESKTOP,FAILED,BANK_TECHNICAL_ERROR,0,23.56,0,False,False,0,0,0,0.641774,1130,38,35,3,0.9211,2438.35,0.7922,5,CARD,SAAS,LARGE,2123.34,0.8109,0.1891,6,3,8,6.647960710017247,0.9211,2438.35,0.8109,20.268684210526317,0,1,0,RETRY_LATER,0.6474958688973802,497.7077931834512,delayed retry has strong predicted recovery value; strong customer payment history,770.21
EVT_00003611,ALTERNATIVE_PAYMENT,True,ALLOWED,0.287794,0,0.0,PAYMENT_FAILURE,2026-08-23 03:03:31,CUS_000328,MER_00123,6231.42,INR,CARD,DESKTOP,FAILED,INSUFFICIENT_BALANCE,2,44.81,0,False,False,0,0,0,0.257794,84,14,13,1,0.9286,8674.76,0.9066,25,CARD,EDUCATION,SMALL,1684.78,0.9279,0.0721,3,6,8,8.737519979374698,0.9286,8674.76,0.9279,445.1014285714286,0,1,1,ALTERNATIVE_PAYMENT,0.33255326560732246,2067.2790703707815,alternative payment has strongest net expected value; multiple previous attempts reduce retry priority; strong customer payment history,0.0
EVT_00005698,ALTERNATIVE_PAYMENT,True,ALLOWED,0.405273,0,0.0,PAYMENT_FAILURE,2026-08-09 17:11:26,CUS_000662,MER_00027,19560.34,INR,UPI,MOBILE,FAILED,EXPIRED_PAYMENT_METHOD,3,41.89,0,False,False,0,0,0,0.225273,1110,62,53,9,0.8548,16634.93,0.8028,61,CARD,DIGITAL_SERVICES,SMALL,12097.35,0.8025,0.1975,17,6,8,9.881310448399764,0.8548,16634.93,0.8025,315.4893548387097,1,0,1,ALTERNATIVE_PAYMENT,0.34725609982095823,6787.447379571882,alternative payment has strongest net expected value; multiple previous attempts reduce retry priority; high-value transaction,0.0
EVT_00007204,ALTERNATIVE_PAYMENT,True,ALLOWED,0.408205,0,0.0,PAYMENT_FAILURE,2026-08-09 12:59:26,CUS_000638,MER_00041,1729.43,INR,UPI,MOBILE,FAILED,PAYMENT_LIMIT,2,7.56,0,False,False,0,0,0,0.228205,466,59,46,13,0.7797,1819.17,0.5042,7,UPI,TRAVEL,MEDIUM,3690.69,0.8746,0.1254,12,6,8,7.456125211520464,0.7797,1819.17,0.8746,29.312372881355934,0,0,1,ALTERNATIVE_PAYMENT,0.3841633987042655,659.383706621118,alternative payment has strongest net expected value; multiple previous attempts reduce retry priority,0.0
EVT_00002871,ALTERNATIVE_PAYMENT,True,ALLOWED,0.335783,1,3360.17,PAYMENT_FAILURE,2026-08-09 12:34:47,CUS_001287,MER_00159,3360.17,INR,UPI,MOBILE,FAILED,INSUFFICIENT_BALANCE,1,45.98,0,False,False,0,0,0,0.305783,1364,11,10,1,0.9091,3297.27,0.5206,71,UPI,EDUCATION,MEDIUM,1436.79,0.8598,0.1402,12,6,8,8.12004440663044,0.9091,3297.27,0.8598,305.47,0,1,0,ALTERNATIVE_PAYMENT,0.4796985061819464,1606.868529517391,alternative payment has strongest net expected value; strong customer payment history,3360.17
EVT_00003865,ALTERNATIVE_PAYMENT,True,ALLOWED,0.774889,1,6491.88,CHECKOUT_ABANDONMENT,2026-08-27 06:55:47,CUS_001787,MER_00144,6491.88,INR,CARD,DESKTOP,AT_RISK,,0,19.94,822,True,False,0,0,0,0.744889,321,14,13,1,0.9286,4474.46,0.3615,29,NETBANKING,E_COMMERCE,SMALL,11138.28,0.8359,0.1641,6,3,8,8.77846147089615,0.9286,4474.46,0.8359,463.7057142857143,0,1,0,RECOVERY_REMINDER,0.8714544396439245,5655.377647635601,reminder has strong predicted recovery value; strong customer payment history,6491.88
EVT_00008355,ALTERNATIVE_PAYMENT,True,ALLOWED,0.552722,1,15160.0,PAYMENT_FAILURE,2026-08-09 12:28:35,CUS_000219,MER_00110,15160.0,INR,NETBANKING,MOBILE,FAILED,TIMEOUT,2,14.97,0,False,False,0,0,0,0.522722,687,23,22,1,0.9565,10592.39,0.7774,59,UPI,FOOD_DELIVERY,MEDIUM,25287.45,0.9495,0.0505,12,6,8,9.62648162008158,0.9565,10592.39,0.9495,659.1304347826087,1,1,1,RECOVERY_REMINDER,0.5079152699116096,7697.9954918600015,reminder has strong predicted recovery value; multiple previous attempts reduce retry priority; strong customer payment history; high-value transaction; decision margin is narrow,0.0
EVT_00003465,ALTERNATIVE_PAYMENT,True,ALLOWED,0.715454,1,1041.11,CHECKOUT_ABANDONMENT,2026-08-17 16:18:03,CUS_000282,MER_00051,1041.11,INR,UPI,TABLET,AT_RISK,,0,40.45,827,True,True,0,0,0,0.685454,745,28,23,5,0.8214,688.21,0.933,38,NETBANKING,EDUCATION,MEDIUM,3095.23,0.7393,0.2607,16,0,8,6.949002782960401,0.8214,688.21,0.7393,37.1825,0,0,0,RECOVERY_REMINDER,0.8253655051381728,857.2962810544029,reminder has strong predicted recovery value,1041.11
EVT_00004707,ALTERNATIVE_PAYMENT,True,ALLOWED,0.448592,1,5451.41,PAYMENT_FAILURE,2026-08-09 11:53:43,CUS_000928,MER_00060,5451.41,INR,UPI,MOBILE,FAILED,INSUFFICIENT_BALANCE,0,41.95,0,False,False,0,0,0,0.418592,472,26,24,2,0.9231,4143.23,0.8942,71,NETBANKING,FOOD_DELIVERY,LARGE,5310.7,0.9841,0.0159,11,6,8,8.603812991749734,0.9231,4143.23,0.9841,209.66961538461538,0,1,0,ALTERNATIVE_PAYMENT,0.5757927516092969,3133.882364050437,alternative payment has strongest net expected value; strong customer payment history,5451.41
EVT_00003042,ALTERNATIVE_PAYMENT,True,ALLOWED,0.383754,0,0.0,SUBSCRIPTION_FAILURE,2026-08-27 06:58:36,CUS_000496,MER_00189,29010.29,INR,CARD,DESKTOP,AT_RISK,,0,16.24,0,False,False,175,7,3,0.353754,636,17,15,2,0.8824,13106.89,0.9168,37,NETBANKING,E_COMMERCE,LARGE,1688.36,0.8609,0.1391,6,3,8,10.275440343551828,0.8824,13106.89,0.8609,1706.4876470588235,1,0,0,RECOVERY_REMINDER,0.5012842472707231,14540.401385755385,reminder has strong predicted recovery value; high-value transaction,29010.29
EVT_00006915,ALTERNATIVE_PAYMENT,True,ALLOWED,0.394931,0,0.0,PAYMENT_FAILURE,2026-08-09 11:21:14,CUS_001049,MER_00024,1229.26,INR,UPI,MOBILE,FAILED,EXPIRED_PAYMENT_METHOD,3,11.68,0,False,False,0,0,0,0.214931,1012,14,12,2,0.8571,2265.92,0.3675,54,CARD,DIGITAL_SERVICES,SMALL,6952.02,0.952,0.048,11,6,8,7.114980808142233,0.8571,2265.92,0.952,87.80428571428571,0,0,1,ALTERNATIVE_PAYMENT,0.38272983068410327,465.4744716667408,alternative payment has strongest net expected value; multiple previous attempts reduce retry priority,0.0
EVT_00009101,ALTERNATIVE_PAYMENT,True,ALLOWED,0.515836,1,2456.37,PAYMENT_FAILURE,2026-08-23 02:57:02,CUS_000744,MER_00034,2456.37,INR,CARD,MOBILE,FAILED,PAYMENT_LIMIT,1,20.7,0,False,False,0,0,0,0.335836,427,75,65,10,0.8667,2622.88,0.781,11,UPI,FOOD_DELIVERY,MEDIUM,27974.45,0.9356,0.0644,2,6,8,7.806846951334211,0.8667,2622.88,0.9356,32.751599999999996,0,0,0,ALTERNATIVE_PAYMENT,0.5302313486005503,1297.4443777619338,alternative payment has strongest net expected value,2456.37
EVT_00009510,ALTERNATIVE_PAYMENT,True,ALLOWED,0.793867,1,6395.81,CHECKOUT_ABANDONMENT,2026-08-17 17:16:37,CUS_001091,MER_00150,6395.81,INR,NETBANKING,MOBILE,AT_RISK,,0,39.37,799,True,False,0,0,0,0.763867,769,28,28,0,1.0,12709.56,0.6443,14,UPI,DIGITAL_SERVICES,LARGE,2957.32,0.8313,0.1687,17,0,8,8.7635547075865,1.0,12709.56,0.8313,228.42178571428573,0,1,0,RECOVERY_REMINDER,0.9375744667242102,5994.548150019371,reminder has strong predicted recovery value; strong customer payment history,6395.81
EVT_00005823,ALTERNATIVE_PAYMENT,True,ALLOWED,0.623951,0,0.0,PAYMENT_FAILURE,2026-08-09 10:56:21,CUS_000843,MER_00003,5705.42,INR,CARD,DESKTOP,FAILED,TIMEOUT,0,66.73,0,False,False,0,0,0,0.593951,1366,61,50,11,0.8197,3658.65,0.399,28,UPI,DIGITAL_SERVICES,SMALL,2951.94,0.8109,0.1891,10,6,8,8.649347135794361,0.8197,3658.65,0.8109,93.53147540983606,0,0,0,RETRY_LATER,0.7226705637341845,4122.139087740291,delayed retry has strong predicted recovery value,5705.42
EVT_00006771,ALTERNATIVE_PAYMENT,True,ALLOWED,0.450165,1,3405.24,PAYMENT_FAILURE,2026-08-27 07:57:47,CUS_001955,MER_00109,3405.24,INR,UPI,DESKTOP,FAILED,INSUFFICIENT_BALANCE,0,37.57,0,False,False,0,0,0,0.420165,1457,47,46,1,0.9787,2403.26,0.7006,17,UPI,E_COMMERCE,SMALL,4316.36,0.9135,0.0865,7,3,8,8.133364322627429,0.9787,2403.26,0.9135,72.45191489361702,0,1,0,RECOVERY_REMINDER,0.49010737832848095,1666.9332489792764,reminder has strong predicted recovery value; strong customer payment history; decision margin is narrow,3405.24
EVT_00009318,ALTERNATIVE_PAYMENT,True,ALLOWED,0.492601,0,0.0,SUBSCRIPTION_FAILURE,2026-08-17 15:56:48,CUS_001428,MER_00126,1355.54,INR,CARD,MOBILE,AT_RISK,,0,31.02,0,False,False,814,15,1,0.462601,1356,70,53,17,0.7571,1484.67,0.9013,8,UPI,DIGITAL_SERVICES,SMALL,2499.99,0.8824,0.1176,15,0,8,7.21269261931628,0.7571,1484.67,0.8824,19.364857142857144,0,0,0,RECOVERY_REMINDER,0.5408432132515291,731.1346092909777,reminder has strong predicted recovery value,1355.54
EVT_00008095,ALTERNATIVE_PAYMENT,True,ALLOWED,0.415939,1,4670.65,PAYMENT_FAILURE,2026-08-09 10:09:38,CUS_001013,MER_00142,4670.65,INR,CARD,MOBILE,FAILED,NETWORK_ERROR,2,26.55,0,False,False,0,0,0,0.385939,391,4,3,1,0.75,11766.93,0.6305,30,CARD,RETAIL,MEDIUM,2317.11,0.8986,0.1014,10,6,8,8.449267607318278,0.75,11766.93,0.8986,1167.6625,0,0,1,RECOVERY_REMINDER,0.44098108594900726,2057.6683090877304,reminder has strong predicted recovery value; multiple previous attempts reduce retry priority,0.0
EVT_00003638,ALTERNATIVE_PAYMENT,True,ALLOWED,0.400492,0,0.0,PAYMENT_FAILURE,2026-08-09 17:12:09,CUS_000587,MER_00155,1784.73,INR,UPI,MOBILE,FAILED,EXPIRED_PAYMENT_METHOD,3,10.19,0,False,False,0,0,0,0.220492,1043,30,28,2,0.9333,2101.26,0.9003,88,CARD,SAAS,SMALL,2912.27,0.843,0.157,17,6,8,7.4875825741963595,0.9333,2101.26,0.843,59.491,0,1,1,ALTERNATIVE_PAYMENT,0.3393522291014117,600.6521038441625,alternative payment has strongest net expected value; multiple previous attempts reduce retry priority; strong customer payment history,0.0
EVT_00006368,ALTERNATIVE_PAYMENT,True,ALLOWED,0.622914,0,0.0,PAYMENT_FAILURE,2026-08-27 02:14:26,CUS_001714,MER_00056,7762.46,INR,CARD,DESKTOP,FAILED,EXPIRED_PAYMENT_METHOD,0,67.82,0,False,False,0,0,0,0.442914,1108,18,15,3,0.8333,5061.57,0.7774,74,CARD,SAAS,SMALL,1706.75,0.9351,0.0649,2,3,8,8.957183390092629,0.8333,5061.57,0.9351,431.2477777777778,0,0,0,ALTERNATIVE_PAYMENT,0.6015222629636306,4664.292505364664,alternative payment has strongest net expected value,0.0
EVT_00003462,ALTERNATIVE_PAYMENT,True,ALLOWED,0.486546,0,0.0,SUBSCRIPTION_FAILURE,2026-08-09 22:03:31,CUS_001176,MER_00005,9734.54,INR,UPI,DESKTOP,AT_RISK,,0,70.15,0,False,False,358,23,2,0.456546,528,45,43,2,0.9556,6237.51,0.799,67,UPI,EDUCATION,SMALL,832.59,0.9375,0.0625,22,6,8,9.183538386221674,0.9556,6237.51,0.9375,216.32311111111113,0,1,0,RECOVERY_REMINDER,0.45973211814978154,4473.280693413775,reminder has strong predicted recovery value; strong customer payment history; decision margin is narrow,9734.54
EVT_00006482,ALTERNATIVE_PAYMENT,True,ALLOWED,0.575211,1,6999.89,PAYMENT_FAILURE,2026-08-17 11:53:00,CUS_001945,MER_00086,6999.89,INR,UPI,MOBILE,FAILED,TIMEOUT,1,11.5,0,False,False,0,0,0,0.545211,588,11,9,2,0.8182,3712.33,0.7397,15,UPI,EDUCATION,LARGE,4399.36,0.9863,0.0137,11,0,8,8.853792562812625,0.8182,3712.33,0.9863,636.3536363636364,0,0,0,RETRY_LATER,0.5426119575560548,3797.224015577053,delayed retry has strong predicted recovery value,6999.89
EVT_00004142,ALTERNATIVE_PAYMENT,True,ALLOWED,0.452387,1,9524.93,SUBSCRIPTION_FAILURE,2026-08-09 22:00:44,CUS_001290,MER_00185,9524.93,INR,UPI,MOBILE,AT_RISK,,0,57.94,0,False,False,620,12,2,0.422387,944,15,13,2,0.8667,11112.93,0.6763,51,UPI,TRAVEL,SMALL,6499.82,0.9334,0.0666,22,6,8,9.161772833023917,0.8667,11112.93,0.9334,634.9953333333334,0,0,0,ALTERNATIVE_PAYMENT,0.46462252745872806,4420.497050467463,alternative payment has strongest net expected value,9524.93
EVT_00004221,ALTERNATIVE_PAYMENT,True,ALLOWED,0.561454,1,7413.05,SUBSCRIPTION_FAILURE,2026-08-26 22:39:51,CUS_000859,MER_00076,7413.05,INR,UPI,MOBILE,AT_RISK,,0,12.05,0,False,False,699,21,1,0.531454,1013,58,55,3,0.9483,4462.48,0.719,88,WALLET,RETAIL,SMALL,3701.29,0.793,0.207,22,2,8,8.911132127685779,0.9483,4462.48,0.793,127.81120689655172,0,1,0,ALTERNATIVE_PAYMENT,0.5334837936468861,3949.7420364940494,alternative payment has strongest net expected value; strong customer payment history,7413.05
EVT_00006698,ALTERNATIVE_PAYMENT,True,ALLOWED,0.487647,1,7413.28,PAYMENT_FAILURE,2026-08-09 21:55:20,CUS_000294,MER_00200,7413.28,INR,UPI,MOBILE,FAILED,TIMEOUT,2,13.71,0,False,False,0,0,0,0.457647,517,60,55,5,0.9167,22277.54,0.6359,82,CARD,TRAVEL,LARGE,3303.67,0.795,0.205,21,6,8,8.91116314938546,0.9167,22277.54,0.795,123.55466666666666,0,1,1,RECOVERY_REMINDER,0.5018649321608484,3718.465264289374,reminder has strong predicted recovery value; multiple previous attempts reduce retry priority; strong customer payment history,0.0
EVT_00004138,ALTERNATIVE_PAYMENT,True,ALLOWED,0.749192,1,10256.67,CHECKOUT_ABANDONMENT,2026-08-17 12:22:01,CUS_001046,MER_00068,10256.67,INR,CARD,MOBILE,AT_RISK,,0,47.41,455,True,False,0,0,0,0.719192,255,70,57,13,0.8143,5782.92,0.6472,44,CARD,TRAVEL,MEDIUM,5113.13,0.8393,0.1607,12,0,8,9.2357809974181,0.8143,5782.92,0.8393,146.52385714285714,1,0,0,RECOVERY_REMINDER,0.8598202291854461,8816.89235007949,reminder has strong predicted recovery value; high-value transaction,0.0
EVT_00008286,ALTERNATIVE_PAYMENT,True,ALLOWED,0.543747,0,0.0,PAYMENT_FAILURE,2026-08-09 21:48:46,CUS_000503,MER_00011,15675.35,INR,UPI,MOBILE,FAILED,TIMEOUT,2,50.29,0,False,False,0,0,0,0.513747,1445,60,58,2,0.9667,7863.47,0.4292,78,WALLET,DIGITAL_SERVICES,SMALL,11685.15,0.879,0.121,21,6,8,9.659908486194542,0.9667,7863.47,0.879,261.2558333333333,1,1,1,ALTERNATIVE_PAYMENT,0.5100661654062763,7990.465665901273,alternative payment has strongest net expected value; multiple previous attempts reduce retry priority; strong customer payment history; high-value transaction,0.0
EVT_00000820,ALTERNATIVE_PAYMENT,True,ALLOWED,0.831504,1,26672.3,CHECKOUT_ABANDONMENT,2026-08-26 23:43:59,CUS_000281,MER_00176,26672.3,INR,UPI,DESKTOP,AT_RISK,,0,32.81,541,True,False,0,0,0,0.801504,435,61,59,2,0.9672,11455.2,0.8421,9,CARD,FOOD_DELIVERY,SMALL,1683.95,0.9165,0.0835,23,2,8,10.191418344054757,0.9672,11455.2,0.9165,437.2508196721311,1,1,0,RECOVERY_REMINDER,0.9415355455593057,25110.91853182147,reminder has strong predicted recovery value; strong customer payment history; high-value transaction,26672.3
EVT_00009739,ALTERNATIVE_PAYMENT,True,ALLOWED,0.747319,1,6404.11,CHECKOUT_ABANDONMENT,2026-08-09 21:34:26,CUS_000860,MER_00162,6404.11,INR,CARD,MOBILE,AT_RISK,,0,20.05,214,True,False,0,0,0,0.717319,1207,36,29,7,0.8056,7917.51,0.7013,19,CARD,DIGITAL_SERVICES,LARGE,1610.3,0.8922,0.1078,21,6,8,8.76485138826611,0.8056,7917.51,0.8922,177.89194444444445,0,0,0,RECOVERY_REMINDER,0.8698903851140558,5568.873714212776,reminder has strong predicted recovery value,6404.11
EVT_00008812,ALTERNATIVE_PAYMENT,True,ALLOWED,0.795007,1,21350.06,CHECKOUT_ABANDONMENT,2026-08-23 03:32:55,CUS_000241,MER_00164,21350.06,INR,CARD,MOBILE,AT_RISK,,0,26.8,286,True,False,0,0,0,0.765007,236,18,16,2,0.8889,18473.96,0.8344,21,UPI,EDUCATION,LARGE,10820.21,0.8606,0.1394,3,6,8,9.968856666136258,0.8889,18473.96,0.8606,1186.1144444444444,1,0,0,RECOVERY_REMINDER,0.9493245571236341,20266.136254063014,reminder has strong predicted recovery value; high-value transaction,21350.06
EVT_00003177,ALTERNATIVE_PAYMENT,True,ALLOWED,0.693552,0,0.0,CHECKOUT_ABANDONMENT,2026-08-17 13:57:02,CUS_000883,MER_00076,1641.22,INR,UPI,MOBILE,AT_RISK,,0,14.94,74,True,False,0,0,0,0.663552,689,45,40,5,0.8889,1374.99,0.8671,50,CARD,RETAIL,SMALL,3701.29,0.793,0.207,13,0,8,7.4038042639850845,0.8889,1374.99,0.793,36.471555555555554,0,0,0,RECOVERY_REMINDER,0.8813479501912624,1444.4858828129038,reminder has strong predicted recovery value,0.0
EVT_00006755,ALTERNATIVE_PAYMENT,True,ALLOWED,0.758388,0,0.0,CHECKOUT_ABANDONMENT,2026-08-17 14:36:47,CUS_001405,MER_00008,2719.87,INR,WALLET,MOBILE,AT_RISK,,0,40.62,160,True,False,0,0,0,0.728388,290,31,27,4,0.871,3013.84,0.9196,21,UPI,DIGITAL_SERVICES,MEDIUM,6017.04,0.8847,0.1153,14,0,8,7.908706961089172,0.871,3013.84,0.8847,87.73774193548387,0,0,0,RECOVERY_REMINDER,0.9456893742639928,2570.152158379406,reminder has strong predicted recovery value,2719.87
EVT_00000830,ALTERNATIVE_PAYMENT,True,ALLOWED,0.704504,1,7518.66,PAYMENT_FAILURE,2026-08-09 20:11:44,CUS_001550,MER_00149,7518.66,INR,CARD,MOBILE,FAILED,TIMEOUT,0,67.64,0,False,False,0,0,0,0.674504,36,51,50,1,0.9804,5233.18,0.9508,73,CARD,EDUCATION,SMALL,3023.4,0.9223,0.0777,20,6,8,8.9252762031558,0.9804,5233.18,0.9223,147.42470588235292,0,1,0,RETRY_LATER,0.7102711192711202,5339.287053619,delayed retry has strong predicted recovery value; strong customer payment history,7518.66
EVT_00009921,ALTERNATIVE_PAYMENT,True,ALLOWED,0.781488,0,0.0,CHECKOUT_ABANDONMENT,2026-08-09 19:42:53,CUS_000953,MER_00167,3204.58,INR,UPI,MOBILE,AT_RISK,,0,17.95,307,True,False,0,0,0,0.751488,933,75,72,3,0.96,4065.84,0.6427,59,CARD,EDUCATION,SMALL,8093.76,0.8619,0.1381,19,6,8,8.072648320220864,0.96,4065.84,0.8619,42.72773333333333,0,1,0,RECOVERY_REMINDER,0.9046679677357954,2897.0808760467753,reminder has strong predicted recovery value; strong customer payment history,3204.58
EVT_00002075,ALTERNATIVE_PAYMENT,True,ALLOWED,0.783895,1,3091.27,CHECKOUT_ABANDONMENT,2026-08-17 14:21:32,CUS_001202,MER_00184,3091.27,INR,UPI,MOBILE,AT_RISK,,0,2.84,863,True,False,0,0,0,0.753895,731,73,67,6,0.9178,3702.24,0.601,47,UPI,E_COMMERCE,MEDIUM,7360.37,0.9586,0.0414,14,0,8,8.036660728016562,0.9178,3702.24,0.9586,42.34616438356164,0,1,0,RECOVERY_REMINDER,0.9059851196212378,2798.644620731544,reminder has strong predicted recovery value; strong customer payment history,3091.27
EVT_00000082,ALTERNATIVE_PAYMENT,True,ALLOWED,0.409527,1,22272.71,PAYMENT_FAILURE,2026-08-09 19:28:31,CUS_001253,MER_00133,22272.71,INR,WALLET,DESKTOP,FAILED,PAYMENT_LIMIT,3,33.01,0,False,False,0,0,0,0.229527,138,13,12,1,0.9231,18331.42,0.6694,61,UPI,TRAVEL,SMALL,4316.96,0.7958,0.2042,19,6,8,10.011162338204107,0.9231,18331.42,0.7958,1713.2853846153846,1,1,1,ALTERNATIVE_PAYMENT,0.48870585976947756,10879.80388994624,alternative payment has strongest net expected value; multiple previous attempts reduce retry priority; strong customer payment history; high-value transaction,22272.71
EVT_00006223,ALTERNATIVE_PAYMENT,True,ALLOWED,0.456673,1,6278.23,PAYMENT_FAILURE,2026-08-27 01:08:05,CUS_000189,MER_00060,6278.23,INR,UPI,MOBILE,FAILED,TIMEOUT,3,39.12,0,False,False,0,0,0,0.426673,380,37,36,1,0.973,8267.2,0.9612,49,NETBANKING,FOOD_DELIVERY,LARGE,5310.7,0.9841,0.0159,1,3,8,8.745002640479877,0.973,8267.2,0.9841,169.6818918918919,0,1,1,ALTERNATIVE_PAYMENT,0.39872627681413375,2498.2952728827986,alternative payment has strongest net expected value; multiple previous attempts reduce retry priority; strong customer payment history,6278.23
EVT_00008370,ALTERNATIVE_PAYMENT,True,ALLOWED,0.204442,1,1635.1,PAYMENT_FAILURE,2026-08-09 17:57:36,CUS_000555,MER_00137,1635.1,INR,UPI,MOBILE,FAILED,INSUFFICIENT_BALANCE,3,25.42,0,False,False,0,0,0,0.174442,1477,78,66,12,0.8462,1748.31,0.6435,69,CARD,SAAS,MEDIUM,8339.15,0.9561,0.0439,17,6,8,7.400070639989031,0.8462,1748.31,0.9561,20.96282051282051,0,0,1,ALTERNATIVE_PAYMENT,0.16254968139328035,260.7849840461527,alternative payment has strongest net expected value; multiple previous attempts reduce retry priority,1635.1
EVT_00003437,ALTERNATIVE_PAYMENT,True,ALLOWED,0.641019,1,1971.75,PAYMENT_FAILURE,2026-08-23 03:26:43,CUS_000828,MER_00184,1971.75,INR,UPI,MOBILE,FAILED,NETWORK_ERROR,0,54.06,0,False,False,0,0,0,0.611019,1348,75,66,9,0.88,1139.85,0.5233,10,NETBANKING,E_COMMERCE,MEDIUM,7360.37,0.9586,0.0414,3,6,8,7.587183787401145,0.88,1139.85,0.9586,26.29,0,0,0,RETRY_LATER,0.6046287220724953,1191.1766827464426,delayed retry has strong predicted recovery value; decision margin is narrow,1971.75
EVT_00002537,ALTERNATIVE_PAYMENT,True,ALLOWED,0.396136,0,0.0,SUBSCRIPTION_FAILURE,2026-08-09 17:56:06,CUS_000687,MER_00093,416.98,INR,UPI,MOBILE,AT_RISK,,0,37.38,0,False,False,843,3,1,0.366136,627,20,18,2,0.9,702.79,0.5097,70,WALLET,RETAIL,MEDIUM,968.76,0.94,0.06,17,6,8,6.0354335844901055,0.9,702.79,0.94,20.849,0,1,0,RECOVERY_REMINDER,0.48274349650251824,199.29438317162007,reminder has strong predicted recovery value; strong customer payment history,416.98
EVT_00004912,ALTERNATIVE_PAYMENT,True,ALLOWED,0.783343,1,3717.29,CHECKOUT_ABANDONMENT,2026-08-27 01:32:24,CUS_000991,MER_00197,3717.29,INR,CARD,MOBILE,AT_RISK,,0,36.85,832,True,True,0,0,0,0.753343,533,37,34,3,0.9189,2694.47,0.1897,42,UPI,E_COMMERCE,SMALL,1239.03,0.945,0.055,1,3,8,8.221019164163785,0.9189,2694.47,0.945,100.46729729729729,0,1,0,RECOVERY_REMINDER,0.8681746903795131,3225.25709480086,reminder has strong predicted recovery value; strong customer payment history,3717.29
EVT_00004024,ALTERNATIVE_PAYMENT,True,ALLOWED,0.509823,0,0.0,PAYMENT_FAILURE,2026-08-17 14:32:09,CUS_001960,MER_00156,3924.85,INR,CARD,MOBILE,FAILED,TIMEOUT,2,13.01,0,False,False,0,0,0,0.479823,305,18,17,1,0.9444,5546.9,0.8037,8,NETBANKING,FOOD_DELIVERY,MEDIUM,16696.36,0.898,0.102,14,0,8,8.275338167280221,0.9444,5546.9,0.898,218.04722222222222,0,1,1,ALTERNATIVE_PAYMENT,0.4647878905425588,1819.222752195962,alternative payment has strongest net expected value; multiple previous attempts reduce retry priority; strong customer payment history,0.0
EVT_00002798,ALTERNATIVE_PAYMENT,True,ALLOWED,0.802932,1,3186.35,CHECKOUT_ABANDONMENT,2026-08-09 17:48:47,CUS_000772,MER_00056,3186.35,INR,NETBANKING,MOBILE,AT_RISK,,0,29.71,170,True,False,0,0,0,0.772932,1480,4,4,0,1.0,2057.5,0.5733,64,CARD,SAAS,SMALL,1706.75,0.9351,0.0649,17,6,8,8.066945129535851,1.0,2057.5,0.9351,796.5875,0,1,0,RECOVERY_REMINDER,0.8768358111258241,2791.9057867807696,reminder has strong predicted recovery value; strong customer payment history,3186.35
EVT_00006650,ALTERNATIVE_PAYMENT,True,ALLOWED,0.442168,0,0.0,PAYMENT_FAILURE,2026-08-09 17:29:27,CUS_000882,MER_00130,2157.8,INR,UPI,MOBILE,FAILED,PAYMENT_LIMIT,2,68.13,0,False,False,0,0,0,0.262168,1281,19,17,2,0.8947,1824.33,0.592,53,UPI,FOOD_DELIVERY,MEDIUM,2704.71,0.8833,0.1167,17,6,8,7.6773077907444875,0.8947,1824.33,0.8833,113.56842105263159,0,0,1,ALTERNATIVE_PAYMENT,0.42040630726473355,902.1527298158421,alternative payment has strongest net expected value; multiple previous attempts reduce retry priority,0.0
EVT_00000074,ALTERNATIVE_PAYMENT,True,ALLOWED,0.522409,1,2378.28,PAYMENT_FAILURE,2026-08-27 00:52:27,CUS_001294,MER_00158,2378.28,INR,UPI,MOBILE,FAILED,EXPIRED_PAYMENT_METHOD,1,12.11,0,False,False,0,0,0,0.342409,36,23,20,3,0.8696,3490.54,0.8211,85,CARD,SAAS,MEDIUM,23542.32,0.8428,0.1572,0,3,8,7.774553199888406,0.8696,3490.54,0.8428,103.40347826086958,0,0,0,ALTERNATIVE_PAYMENT,0.45825722860664014,1084.8640016506001,alternative payment has strongest net expected value,2378.28
EVT_00004659,ALTERNATIVE_PAYMENT,True,ALLOWED,0.517403,1,8096.14,PAYMENT_FAILURE,2026-08-08 21:53:09,CUS_000500,MER_00043,8096.14,INR,UPI,DESKTOP,FAILED,PAYMENT_LIMIT,1,27.25,0,False,False,0,0,0,0.337403,656,74,68,6,0.9189,6531.32,0.8568,60,CARD,TRAVEL,SMALL,10675.23,0.776,0.224,21,5,8,8.99926619189109,0.9189,6531.32,0.776,109.4072972972973,0,1,0,ALTERNATIVE_PAYMENT,0.5830411574104248,4715.382836156838,alternative payment has strongest net expected value; strong customer payment history,8096.14
EVT_00005748,ALTERNATIVE_PAYMENT,True,ALLOWED,0.784994,1,5931.8,CHECKOUT_ABANDONMENT,2026-08-17 17:33:39,CUS_001213,MER_00042,5931.8,INR,UPI,MOBILE,AT_RISK,,0,20.15,692,True,False,0,0,0,0.754994,707,28,25,3,0.8929,4698.14,0.6128,23,NETBANKING,E_COMMERCE,SMALL,2406.16,0.9772,0.0228,17,0,8,8.688251555931481,0.8929,4698.14,0.9772,211.85,0,0,0,RECOVERY_REMINDER,0.8247464493410324,4890.230988201136,reminder has strong predicted recovery value,0.0
EVT_00007753,ALTERNATIVE_PAYMENT,True,ALLOWED,0.394002,1,8901.27,PAYMENT_FAILURE,2026-08-27 08:09:00,CUS_001750,MER_00004,8901.27,INR,CARD,TABLET,FAILED,INSUFFICIENT_BALANCE,1,8.83,0,False,False,0,0,0,0.364002,1087,72,71,1,0.9861,4763.74,0.8283,38,UPI,EDUCATION,MEDIUM,2207.0,0.9735,0.0265,8,3,8,9.094061579378709,0.9861,4763.74,0.9735,123.62875000000001,0,1,0,RECOVERY_REMINDER,0.4528557105897517,4028.9909510012394,reminder has strong predicted recovery value; strong customer payment history; decision margin is narrow,0.0
EVT_00004155,ALTERNATIVE_PAYMENT,True,ALLOWED,0.721022,0,0.0,PAYMENT_FAILURE,2026-08-09 05:13:30,CUS_001816,MER_00091,6742.12,INR,CARD,MOBILE,FAILED,TIMEOUT,0,7.58,0,False,False,0,0,0,0.691022,192,6,6,0,1.0,12475.79,0.507,62,UPI,EDUCATION,SMALL,20175.16,0.9906,0.0094,5,6,8,8.816278004809362,1.0,12475.79,0.9906,1123.6866666666667,0,1,0,RECOVERY_REMINDER,0.6264289315887188,4221.459028242933,reminder has strong predicted recovery value; strong customer payment history; decision margin is narrow,0.0
EVT_00001669,ALTERNATIVE_PAYMENT,True,ALLOWED,0.688494,1,3795.17,CHECKOUT_ABANDONMENT,2026-08-27 09:55:41,CUS_001953,MER_00150,3795.17,INR,CARD,DESKTOP,AT_RISK,,0,20.42,152,True,False,0,0,0,0.658494,135,58,39,19,0.6724,3238.86,0.4446,73,UPI,DIGITAL_SERVICES,LARGE,2957.32,0.8313,0.1687,9,3,8,8.241747942710186,0.6724,3238.86,0.8313,65.43396551724138,0,0,0,RECOVERY_REMINDER,0.8183060731189832,3103.6106595189713,reminder has strong predicted recovery value,3795.17
EVT_00009254,ALTERNATIVE_PAYMENT,True,ALLOWED,0.340226,0,0.0,PAYMENT_FAILURE,2026-08-09 05:10:07,CUS_000606,MER_00030,4554.91,INR,CARD,MOBILE,FAILED,INSUFFICIENT_BALANCE,1,71.18,0,False,False,0,0,0,0.310226,818,60,53,7,0.8833,7697.32,0.8487,3,UPI,TRAVEL,LARGE,789.69,0.9193,0.0807,5,6,8,8.424180570201631,0.8833,7697.32,0.9193,75.91516666666666,0,0,0,ALTERNATIVE_PAYMENT,0.3910745096922638,1776.3091949423892,alternative payment has strongest net expected value,0.0
EVT_00007982,ALTERNATIVE_PAYMENT,True,ALLOWED,0.53312,0,0.0,PAYMENT_FAILURE,2026-08-23 00:21:59,CUS_000770,MER_00137,115935.22,INR,WALLET,TABLET,FAILED,INSUFFICIENT_BALANCE,0,67.31,0,False,False,0,0,0,0.50312,583,76,66,10,0.8684,28796.73,0.8613,7,UPI,SAAS,MEDIUM,8339.15,0.9561,0.0439,0,6,8,11.660795491291678,0.8684,28796.73,0.9561,1525.4634210526317,1,0,0,HUMAN_ESCALATION,0.5574676418234634,64380.13369768443,high-value case eligible for human escalation; high-value transaction,115935.22
EVT_00003945,ALTERNATIVE_PAYMENT,True,ALLOWED,0.781404,1,3780.2,CHECKOUT_ABANDONMENT,2026-08-17 21:05:17,CUS_001126,MER_00008,3780.2,INR,CARD,TABLET,AT_RISK,,0,46.66,741,True,True,0,0,0,0.751404,1270,71,67,4,0.9437,3121.4,0.6276,78,CARD,DIGITAL_SERVICES,MEDIUM,6017.04,0.8847,0.1153,21,0,8,8.237796698551229,0.9437,3121.4,0.8847,53.242253521126756,0,1,0,RECOVERY_REMINDER,0.9359541658857349,3536.093937881255,reminder has strong predicted recovery value; strong customer payment history,3780.2
EVT_00003690,ALTERNATIVE_PAYMENT,True,ALLOWED,0.741278,1,3189.78,CHECKOUT_ABANDONMENT,2026-08-09 02:47:56,CUS_001345,MER_00143,3189.78,INR,UPI,DESKTOP,AT_RISK,,0,37.37,470,True,False,0,0,0,0.711278,304,43,33,10,0.7674,1861.71,0.8397,67,UPI,RETAIL,MEDIUM,1410.83,0.967,0.033,2,6,8,8.06802067999677,0.7674,1861.71,0.967,74.18093023255814,0,0,0,RECOVERY_REMINDER,0.8439872572606326,2690.1336734648207,reminder has strong predicted recovery value,3189.78
EVT_00005990,ALTERNATIVE_PAYMENT,True,ALLOWED,0.387634,1,13100.34,PAYMENT_FAILURE,2026-08-27 10:01:12,CUS_001346,MER_00083,13100.34,INR,NETBANKING,DESKTOP,FAILED,NETWORK_ERROR,3,45.23,0,False,False,0,0,0,0.357634,1496,61,50,11,0.8197,9603.71,0.6622,47,UPI,FOOD_DELIVERY,MEDIUM,6899.34,0.9485,0.0515,10,3,8,9.480469794034306,0.8197,9603.71,0.9485,214.75967213114754,1,0,1,ALTERNATIVE_PAYMENT,0.328920046193313,4303.964437948106,alternative payment has strongest net expected value; multiple previous attempts reduce retry priority; high-value transaction,13100.34
EVT_00001165,ALTERNATIVE_PAYMENT,True,ALLOWED,0.396998,0,0.0,SUBSCRIPTION_FAILURE,2026-08-09 02:29:03,CUS_001265,MER_00067,8590.33,INR,CARD,MOBILE,AT_RISK,,0,65.58,0,False,False,576,1,1,0.366998,380,42,37,5,0.881,6531.95,0.7586,41,CARD,TRAVEL,SMALL,6615.57,0.8781,0.1219,2,6,8,9.058508834192256,0.881,6531.95,0.8781,204.53166666666667,0,0,0,ALTERNATIVE_PAYMENT,0.45256069273101557,3882.645695588025,alternative payment has strongest net expected value,0.0
EVT_00007763,ALTERNATIVE_PAYMENT,True,ALLOWED,0.570921,1,4055.68,PAYMENT_FAILURE,2026-08-17 21:06:56,CUS_001876,MER_00095,4055.68,INR,UPI,MOBILE,FAILED,PAYMENT_LIMIT,0,64.71,0,False,False,0,0,0,0.390921,207,48,36,12,0.75,3580.15,0.6249,64,UPI,EDUCATION,SMALL,7386.47,0.995,0.005,21,0,8,8.30812018407881,0.75,3580.15,0.995,84.49333333333333,0,0,0,ALTERNATIVE_PAYMENT,0.5390275660676843,2181.1233191493857,alternative payment has strongest net expected value,4055.68
EVT_00007760,ALTERNATIVE_PAYMENT,True,ALLOWED,0.398515,1,16298.1,PAYMENT_FAILURE,2026-08-09 02:23:39,CUS_000143,MER_00165,16298.1,INR,NETBANKING,MOBILE,FAILED,EXPIRED_PAYMENT_METHOD,3,50.73,0,False,False,0,0,0,0.218515,436,77,64,13,0.8312,5121.33,0.6037,77,UPI,SAAS,SMALL,10559.09,0.8386,0.1614,2,6,8,9.698865170546538,0.8312,5121.33,0.8386,211.66363636363636,1,0,1,ALTERNATIVE_PAYMENT,0.3601217294497949,5864.2999587457025,alternative payment has strongest net expected value; multiple previous attempts reduce retry priority; high-value transaction,16298.1
EVT_00005367,ALTERNATIVE_PAYMENT,True,ALLOWED,0.267649,0,0.0,PAYMENT_FAILURE,2026-08-27 10:21:04,CUS_001049,MER_00140,2805.87,INR,CARD,MOBILE,FAILED,INSUFFICIENT_BALANCE,2,53.25,0,False,False,0,0,0,0.237649,1012,14,12,2,0.8571,2265.92,0.3675,54,CARD,EDUCATION,MEDIUM,8286.12,0.9696,0.0304,10,3,8,7.939825262499957,0.8571,2265.92,0.9696,200.4192857142857,0,0,1,ALTERNATIVE_PAYMENT,0.26027411503494025,725.2953311530878,alternative payment has strongest net expected value; multiple previous attempts reduce retry priority,0.0
EVT_00008567,ALTERNATIVE_PAYMENT,True,ALLOWED,0.573746,1,10448.32,PAYMENT_FAILURE,2026-08-17 20:44:30,CUS_001688,MER_00200,10448.32,INR,NETBANKING,MOBILE,FAILED,TIMEOUT,1,64.31,0,False,False,0,0,0,0.543746,629,75,67,8,0.8933,6824.94,0.8992,5,UPI,TRAVEL,LARGE,3303.67,0.795,0.205,20,0,8,9.254292183505363,0.8933,6824.94,0.795,139.31093333333334,1,0,0,ALTERNATIVE_PAYMENT,0.5655779232615111,5904.339127171712,alternative payment has strongest net expected value; high-value transaction,10448.32
EVT_00000739,ALTERNATIVE_PAYMENT,True,ALLOWED,0.504405,1,1492.09,PAYMENT_FAILURE,2026-08-09 01:58:52,CUS_001674,MER_00096,1492.09,INR,NETBANKING,MOBILE,FAILED,EXPIRED_PAYMENT_METHOD,2,12.33,0,False,False,0,0,0,0.324405,1144,1,1,0,1.0,1032.26,0.7071,65,CARD,TRAVEL,MEDIUM,3014.41,0.9456,0.0544,1,6,8,7.308603077035138,1.0,1032.26,0.9456,1492.09,0,1,1,ALTERNATIVE_PAYMENT,0.5236565242175656,776.3426632197874,alternative payment has strongest net expected value; multiple previous attempts reduce retry priority; strong customer payment history,1492.09
EVT_00009863,ALTERNATIVE_PAYMENT,True,ALLOWED,0.40404,1,6347.36,PAYMENT_FAILURE,2026-08-09 01:21:42,CUS_000120,MER_00035,6347.36,INR,UPI,DESKTOP,FAILED,PAYMENT_LIMIT,3,37.01,0,False,False,0,0,0,0.22404,198,56,51,5,0.9107,4998.86,0.4406,29,NETBANKING,DIGITAL_SERVICES,SMALL,1661.67,0.979,0.021,1,6,8,8.755951790813352,0.9107,4998.86,0.979,113.34571428571428,0,1,1,ALTERNATIVE_PAYMENT,0.43725345115139636,2770.405065700327,alternative payment has strongest net expected value; multiple previous attempts reduce retry priority; strong customer payment history,6347.36
EVT_00005120,ALTERNATIVE_PAYMENT,True,ALLOWED,0.455518,0,0.0,PAYMENT_FAILURE,2026-08-27 11:32:43,CUS_000944,MER_00086,6580.02,INR,CARD,MOBILE,FAILED,NETWORK_ERROR,2,28.24,0,False,False,0,0,0,0.425518,727,15,12,3,0.8,4770.18,0.8541,0,UPI,EDUCATION,LARGE,4399.36,0.9863,0.0137,11,3,8,8.791945027503317,0.8,4770.18,0.9863,438.668,0,0,1,RECOVERY_REMINDER,0.4681746224731869,3078.59837936602,reminder has strong predicted recovery value; multiple previous attempts reduce retry priority,0.0
EVT_00007482,ALTERNATIVE_PAYMENT,True,ALLOWED,0.531956,1,32320.42,SUBSCRIPTION_FAILURE,2026-08-17 22:03:26,CUS_000147,MER_00185,32320.42,INR,CARD,MOBILE,AT_RISK,,0,53.06,0,False,False,808,7,2,0.501956,80,14,13,1,0.9286,28426.09,0.3665,79,CARD,TRAVEL,SMALL,6499.82,0.9334,0.0666,22,0,8,10.383485447313454,0.9286,28426.09,0.9334,2308.6014285714286,1,1,0,RECOVERY_REMINDER,0.5599332217365814,18095.276898479442,reminder has strong predicted recovery value; strong customer payment history; high-value transaction,0.0
EVT_00005695,ALTERNATIVE_PAYMENT,True,ALLOWED,0.784614,1,6517.36,CHECKOUT_ABANDONMENT,2026-08-09 01:14:35,CUS_001306,MER_00197,6517.36,INR,CARD,MOBILE,AT_RISK,,0,20.26,124,True,False,0,0,0,0.754614,1017,21,19,2,0.9048,8439.01,0.7426,17,CARD,E_COMMERCE,SMALL,1239.03,0.945,0.055,1,6,8,8.78237808953845,0.9048,8439.01,0.945,310.3504761904762,0,1,0,RECOVERY_REMINDER,0.8937627701253059,5822.973727503863,reminder has strong predicted recovery value; strong customer payment history,6517.36
EVT_00007312,ALTERNATIVE_PAYMENT,True,ALLOWED,0.33358,1,4891.04,SUBSCRIPTION_FAILURE,2026-08-08 23:46:49,CUS_000220,MER_00088,4891.04,INR,NETBANKING,DESKTOP,AT_RISK,,0,57.8,0,False,False,470,20,3,0.30358,1356,16,14,2,0.875,5869.83,0.7764,29,CARD,SAAS,MEDIUM,2014.49,0.8916,0.1084,23,5,8,8.495364673388517,0.875,5869.83,0.8916,305.69,0,0,0,RECOVERY_REMINDER,0.3662824899256565,1789.5023095259828,reminder has strong predicted recovery value,0.0
EVT_00007724,ALTERNATIVE_PAYMENT,True,ALLOWED,0.504918,0,0.0,PAYMENT_FAILURE,2026-08-27 11:44:31,CUS_000344,MER_00112,3347.86,INR,UPI,MOBILE,FAILED,PAYMENT_LIMIT,1,69.93,0,False,False,0,0,0,0.324918,787,59,52,7,0.8814,3190.86,0.8317,55,WALLET,DIGITAL_SERVICES,SMALL,3201.31,0.8352,0.1648,11,3,8,8.116375268396974,0.8814,3190.86,0.8352,56.74338983050848,0,0,0,ALTERNATIVE_PAYMENT,0.5644814993388018,1884.805032376401,alternative payment has strongest net expected value,0.0
EVT_00005955,ALTERNATIVE_PAYMENT,True,ALLOWED,0.550438,0,0.0,PAYMENT_FAILURE,2026-08-17 22:06:14,CUS_001665,MER_00192,1386.12,INR,CARD,MOBILE,FAILED,EXPIRED_PAYMENT_METHOD,1,25.72,0,False,False,0,0,0,0.370438,802,41,37,4,0.9024,1784.01,0.9082,24,UPI,TRAVEL,MEDIUM,20196.01,0.9465,0.0535,22,0,8,7.234984934236417,0.9024,1784.01,0.9465,33.80780487804878,0,1,0,ALTERNATIVE_PAYMENT,0.5740074333641358,790.6431835346959,alternative payment has strongest net expected value; strong customer payment history,0.0
EVT_00001542,ALTERNATIVE_PAYMENT,True,ALLOWED,0.822688,0,0.0,CHECKOUT_ABANDONMENT,2026-08-08 23:10:31,CUS_001175,MER_00125,34275.18,INR,UPI,MOBILE,AT_RISK,,0,44.28,148,True,False,0,0,0,0.792688,42,79,74,5,0.9367,24777.13,0.926,14,UPI,E_COMMERCE,MEDIUM,4606.05,0.8105,0.1895,23,5,8,10.442205931263143,0.9367,24777.13,0.8105,433.86303797468355,1,1,0,RECOVERY_REMINDER,0.908812073124502,31147.697392515467,reminder has strong predicted recovery value; strong customer payment history; high-value transaction,34275.18
EVT_00001798,ALTERNATIVE_PAYMENT,True,ALLOWED,0.361485,0,0.0,SUBSCRIPTION_FAILURE,2026-08-08 21:59:35,CUS_001810,MER_00010,3863.27,INR,CARD,DESKTOP,AT_RISK,,0,37.15,0,False,False,427,13,3,0.331485,1440,48,44,4,0.9167,2840.29,0.9197,3,UPI,DIGITAL_SERVICES,MEDIUM,15078.75,0.9873,0.0127,21,5,8,8.259528068667608,0.9167,2840.29,0.9873,80.48479166666667,0,1,0,RECOVERY_REMINDER,0.47372231314104574,1828.1172006884078,reminder has strong predicted recovery value; strong customer payment history,0.0
EVT_00003641,ALTERNATIVE_PAYMENT,True,ALLOWED,0.432718,0,0.0,SUBSCRIPTION_FAILURE,2026-08-27 12:59:09,CUS_001921,MER_00022,12711.86,INR,UPI,DESKTOP,AT_RISK,,0,30.08,0,False,False,414,9,2,0.402718,608,75,62,13,0.8267,12539.3,0.6224,88,UPI,DIGITAL_SERVICES,LARGE,2602.03,0.8671,0.1329,12,3,8,9.450369358539923,0.8267,12539.3,0.8671,169.49146666666667,1,0,0,RETRY_LATER,0.42790935883249714,5438.5238621684675,delayed retry has strong predicted recovery value; high-value transaction,0.0
EVT_00000989,ALTERNATIVE_PAYMENT,True,ALLOWED,0.411617,1,4132.09,PAYMENT_FAILURE,2026-08-22 23:17:14,CUS_001400,MER_00159,4132.09,INR,UPI,MOBILE,FAILED,BANK_TECHNICAL_ERROR,3,24.37,0,False,False,0,0,0,0.381617,470,58,50,8,0.8621,4862.91,0.9133,0,CARD,EDUCATION,MEDIUM,1436.79,0.8598,0.1402,23,5,8,8.326780590224313,0.8621,4862.91,0.8598,71.24293103448277,0,0,1,ALTERNATIVE_PAYMENT,0.35673872692206465,1469.0765261273941,alternative payment has strongest net expected value; multiple previous attempts reduce retry priority,4132.09
EVT_00001058,ALTERNATIVE_PAYMENT,True,ALLOWED,0.509596,1,3198.05,PAYMENT_FAILURE,2026-08-23 00:14:06,CUS_001044,MER_00136,3198.05,INR,CARD,DESKTOP,FAILED,TIMEOUT,2,71.21,0,False,False,0,0,0,0.479596,577,42,38,4,0.9048,3124.74,0.7159,37,CARD,TRAVEL,MEDIUM,1391.97,0.9802,0.0198,0,6,8,8.070609169711712,0.9048,3124.74,0.9802,76.14404761904763,0,1,1,ALTERNATIVE_PAYMENT,0.44383597184515794,1414.4096297594074,alternative payment has strongest net expected value; multiple previous attempts reduce retry priority; strong customer payment history; decision margin is narrow,3198.05
EVT_00005264,ALTERNATIVE_PAYMENT,True,ALLOWED,0.730915,1,8537.8,CHECKOUT_ABANDONMENT,2026-08-09 09:31:35,CUS_000446,MER_00117,8537.8,INR,UPI,MOBILE,AT_RISK,,0,43.89,97,True,False,0,0,0,0.700915,1004,71,66,5,0.9296,5728.29,0.486,89,CARD,TRAVEL,SMALL,11500.96,0.8461,0.1539,9,6,8,9.052375761686944,0.9296,5728.29,0.8461,120.25070422535211,0,1,0,RECOVERY_REMINDER,0.9025875415098057,7704.111911902419,reminder has strong predicted recovery value; strong customer payment history,8537.8
EVT_00006630,ALTERNATIVE_PAYMENT,True,ALLOWED,0.60471,0,0.0,PAYMENT_FAILURE,2026-08-09 05:28:35,CUS_000464,MER_00015,4102.03,INR,UPI,MOBILE,FAILED,PAYMENT_LIMIT,0,1.93,0,False,False,0,0,0,0.42471,646,47,43,4,0.9149,4930.04,0.6277,67,NETBANKING,EDUCATION,SMALL,2436.77,0.8602,0.1398,5,6,8,8.319481004138584,0.9149,4930.04,0.8602,87.27723404255319,0,1,0,ALTERNATIVE_PAYMENT,0.5388546860720502,2205.398087908132,alternative payment has strongest net expected value; strong customer payment history,0.0
EVT_00006692,ALTERNATIVE_PAYMENT,True,ALLOWED,0.377573,0,0.0,PAYMENT_FAILURE,2026-08-09 06:43:43,CUS_000234,MER_00149,5197.65,INR,CARD,MOBILE,FAILED,ISSUER_DECLINE,2,54.69,0,False,False,0,0,0,0.197573,1145,11,10,1,0.9091,2811.47,0.7682,53,NETBANKING,EDUCATION,SMALL,3023.4,0.9223,0.0777,6,6,8,8.556154255478996,0.9091,2811.47,0.9223,472.51363636363635,0,1,1,ALTERNATIVE_PAYMENT,0.4553688323932479,2361.8478116887645,alternative payment has strongest net expected value; multiple previous attempts reduce retry priority; strong customer payment history,0.0
EVT_00002398,ALTERNATIVE_PAYMENT,True,ALLOWED,0.606767,1,5596.72,PAYMENT_FAILURE,2026-08-09 09:12:13,CUS_000549,MER_00002,5596.72,INR,UPI,DESKTOP,FAILED,TIMEOUT,1,42.13,0,False,False,0,0,0,0.576767,788,38,37,1,0.9737,6708.92,0.2221,28,CARD,E_COMMERCE,LARGE,9205.47,0.8725,0.1275,9,6,8,8.630114650960941,0.9737,6708.92,0.8725,147.2821052631579,0,1,0,RETRY_LATER,0.5812541958981491,3252.116983267089,delayed retry has strong predicted recovery value; strong customer payment history; decision margin is narrow,5596.72
EVT_00006635,ALTERNATIVE_PAYMENT,True,ALLOWED,0.616497,1,5484.45,PAYMENT_FAILURE,2026-08-23 02:18:43,CUS_000039,MER_00138,5484.45,INR,CARD,MOBILE,FAILED,NETWORK_ERROR,0,2.23,0,False,False,0,0,0,0.586497,436,79,66,13,0.8354,1385.78,0.7168,76,UPI,E_COMMERCE,MEDIUM,9578.85,0.8707,0.1293,2,6,8,8.609854411276618,0.8354,1385.78,0.8707,69.42341772151899,0,0,0,ALTERNATIVE_PAYMENT,0.5879002067163435,3219.3092887254497,alternative payment has strongest net expected value,5484.45
EVT_00005896,ALTERNATIVE_PAYMENT,True,ALLOWED,0.677691,1,5135.34,CHECKOUT_ABANDONMENT,2026-08-09 08:58:26,CUS_000250,MER_00110,5135.34,INR,UPI,DESKTOP,AT_RISK,,0,19.67,99,True,False,0,0,0,0.647691,91,34,25,9,0.7353,6015.41,0.836,32,UPI,FOOD_DELIVERY,MEDIUM,25287.45,0.9495,0.0505,8,6,8,8.544096042555662,0.7353,6015.41,0.9495,151.03941176470587,0,0,0,RECOVERY_REMINDER,0.7758043060583228,3982.0188850735476,reminder has strong predicted recovery value; decision margin is narrow,0.0
EVT_00004626,ALTERNATIVE_PAYMENT,True,ALLOWED,0.482429,0,0.0,PAYMENT_FAILURE,2026-08-27 08:39:17,CUS_001429,MER_00072,3825.97,INR,UPI,DESKTOP,FAILED,TIMEOUT,1,59.26,0,False,False,0,0,0,0.452429,422,62,40,22,0.6452,2766.17,0.9164,85,WALLET,TRAVEL,MEDIUM,4974.21,0.8851,0.1149,8,3,8,8.249828646356566,0.6452,2766.17,0.8851,61.70919354838709,0,0,0,RETRY_LATER,0.5701880579677252,2180.5224041427773,delayed retry has strong predicted recovery value,0.0
EVT_00004769,ALTERNATIVE_PAYMENT,True,ALLOWED,0.524114,1,7146.35,PAYMENT_FAILURE,2026-08-17 17:35:19,CUS_000096,MER_00085,7146.35,INR,CARD,MOBILE,FAILED,BANK_TECHNICAL_ERROR,1,4.38,0,False,False,0,0,0,0.494114,453,62,44,18,0.7097,6159.18,0.4147,66,UPI,EDUCATION,SMALL,4896.74,0.8068,0.1932,17,0,8,8.874496937617383,0.7097,6159.18,0.8068,115.26370967741936,0,0,0,ALTERNATIVE_PAYMENT,0.5746540286220303,4101.678817443047,alternative payment has strongest net expected value,7146.35
EVT_00006351,ALTERNATIVE_PAYMENT,True,ALLOWED,0.470243,1,6924.8,PAYMENT_FAILURE,2026-08-09 08:47:53,CUS_000693,MER_00098,6924.8,INR,UPI,MOBILE,FAILED,ISSUER_DECLINE,0,69.7,0,False,False,0,0,0,0.290243,1399,72,57,15,0.7917,6901.01,0.6562,65,WALLET,DIGITAL_SERVICES,SMALL,599.1,0.88,0.12,8,6,8,8.843008847848921,0.7917,6901.01,0.88,96.17777777777778,0,0,0,ALTERNATIVE_PAYMENT,0.4829424435567133,3339.2798331415283,alternative payment has strongest net expected value,6924.8
EVT_00005897,ALTERNATIVE_PAYMENT,True,ALLOWED,0.246063,0,0.0,PAYMENT_FAILURE,2026-08-09 08:39:24,CUS_001435,MER_00093,2999.11,INR,NETBANKING,MOBILE,FAILED,INSUFFICIENT_BALANCE,2,30.05,0,False,False,0,0,0,0.216063,499,19,15,4,0.7895,2138.05,0.4142,14,UPI,RETAIL,MEDIUM,968.76,0.94,0.06,8,6,8,8.006404233644707,0.7895,2138.05,0.94,157.8478947368421,0,0,1,ALTERNATIVE_PAYMENT,0.28709260085280125,856.0222901436448,alternative payment has strongest net expected value; multiple previous attempts reduce retry priority,0.0
EVT_00008965,ALTERNATIVE_PAYMENT,True,ALLOWED,0.790969,1,979.9,CHECKOUT_ABANDONMENT,2026-08-27 08:47:23,CUS_000654,MER_00011,979.9,INR,UPI,DESKTOP,AT_RISK,,0,58.45,152,True,False,0,0,0,0.760969,1212,30,30,0,1.0,2149.85,0.7865,50,CARD,DIGITAL_SERVICES,SMALL,11685.15,0.879,0.121,8,3,8,6.88847051757027,1.0,2149.85,0.879,32.663333333333334,0,1,0,RECOVERY_REMINDER,0.8817887368600227,862.0647832491362,reminder has strong predicted recovery value; strong customer payment history,979.9
EVT_00005952,ALTERNATIVE_PAYMENT,True,ALLOWED,0.744574,1,3035.14,CHECKOUT_ABANDONMENT,2026-08-17 17:44:54,CUS_001670,MER_00147,3035.14,INR,WALLET,MOBILE,AT_RISK,,0,40.44,335,True,False,0,0,0,0.714574,1096,18,15,3,0.8333,5184.43,0.913,70,UPI,TRAVEL,MEDIUM,6423.31,0.8655,0.1345,17,0,8,8.018342250759318,0.8333,5184.43,0.8655,168.61888888888888,0,0,0,RECOVERY_REMINDER,0.9100500462925936,2760.129297504502,reminder has strong predicted recovery value,3035.14
EVT_00000983,ALTERNATIVE_PAYMENT,True,ALLOWED,0.457462,0,0.0,PAYMENT_FAILURE,2026-08-09 08:19:17,CUS_001409,MER_00179,1565.45,INR,CARD,MOBILE,FAILED,TIMEOUT,1,18.95,0,False,False,0,0,0,0.427462,32,53,34,19,0.6415,1572.93,0.73,47,CARD,DIGITAL_SERVICES,SMALL,4183.78,0.7936,0.2064,8,6,8,7.356567191593667,0.6415,1572.93,0.7936,29.53679245283019,0,0,0,ALTERNATIVE_PAYMENT,0.47369464527944355,736.5452824527049,alternative payment has strongest net expected value,0.0
EVT_00004125,ALTERNATIVE_PAYMENT,True,ALLOWED,0.406328,0,0.0,SUBSCRIPTION_FAILURE,2026-08-09 08:18:22,CUS_000569,MER_00065,13554.49,INR,CARD,DESKTOP,AT_RISK,,0,6.53,0,False,False,618,3,1,0.376328,974,30,29,1,0.9667,17881.35,0.8227,60,CARD,DIGITAL_SERVICES,MEDIUM,5883.79,0.7053,0.2947,8,6,8,9.514546910301906,0.9667,17881.35,0.7053,451.8163333333333,1,1,0,ALTERNATIVE_PAYMENT,0.48451235511132396,6562.317872232889,alternative payment has strongest net expected value; strong customer payment history; high-value transaction,0.0
EVT_00004120,ALTERNATIVE_PAYMENT,True,ALLOWED,0.252419,0,0.0,PAYMENT_FAILURE,2026-08-27 09:41:39,CUS_001788,MER_00123,11105.63,INR,UPI,MOBILE,FAILED,INSUFFICIENT_BALANCE,3,7.9,0,False,False,0,0,0,0.222419,175,2,2,0,1.0,5027.01,0.9242,48,CARD,EDUCATION,SMALL,1684.78,0.9279,0.0721,9,3,8,9.315297506286692,1.0,5027.01,0.9279,5552.815,1,1,1,ALTERNATIVE_PAYMENT,0.3332782731374664,3696.2651885036407,alternative payment has strongest net expected value; multiple previous attempts reduce retry priority; strong customer payment history; high-value transaction,0.0
EVT_00008566,ALTERNATIVE_PAYMENT,True,ALLOWED,0.495381,0,0.0,PAYMENT_FAILURE,2026-08-27 08:53:58,CUS_000604,MER_00127,10026.1,INR,UPI,DESKTOP,FAILED,EXPIRED_PAYMENT_METHOD,2,61.13,0,False,False,0,0,0,0.315381,227,45,44,1,0.9778,18139.82,0.9792,88,UPI,SAAS,MEDIUM,11305.04,0.8287,0.1713,8,3,8,9.213046706546898,0.9778,18139.82,0.8287,222.80222222222224,1,1,1,ALTERNATIVE_PAYMENT,0.5191342187333458,5199.891590442398,alternative payment has strongest net expected value; multiple previous attempts reduce retry priority; strong customer payment history; high-value transaction,0.0
EVT_00003426,ALTERNATIVE_PAYMENT,True,ALLOWED,0.617379,1,6837.56,PAYMENT_FAILURE,2026-08-17 18:33:09,CUS_000172,MER_00064,6837.56,INR,CARD,DESKTOP,FAILED,PAYMENT_LIMIT,0,52.29,0,False,False,0,0,0,0.437379,162,59,52,7,0.8814,6381.4,0.7667,40,UPI,TRAVEL,SMALL,4568.4,0.9534,0.0466,18,0,8,8.830332462137031,0.8814,6381.4,0.9534,115.89084745762713,0,0,0,ALTERNATIVE_PAYMENT,0.49348215948024726,3369.2138743757596,alternative payment has strongest net expected value,6837.56
EVT_00008594,ALTERNATIVE_PAYMENT,True,ALLOWED,0.296323,0,0.0,PAYMENT_FAILURE,2026-08-09 08:09:38,CUS_000668,MER_00128,983.97,INR,UPI,MOBILE,FAILED,INSUFFICIENT_BALANCE,2,71.13,0,False,False,0,0,0,0.266323,1295,77,75,2,0.974,1401.91,0.716,42,WALLET,TRAVEL,LARGE,637.62,0.9635,0.0365,8,6,8,6.892611183855478,0.974,1401.91,0.9635,12.77883116883117,0,1,1,RECOVERY_REMINDER,0.2767404061348538,270.3042574245121,reminder has strong predicted recovery value; multiple previous attempts reduce retry priority; strong customer payment history,0.0
EVT_00003936,ALTERNATIVE_PAYMENT,True,ALLOWED,0.80531,1,14618.31,CHECKOUT_ABANDONMENT,2026-08-09 07:56:24,CUS_001010,MER_00181,14618.31,INR,CARD,TABLET,AT_RISK,,0,14.12,890,True,False,0,0,0,0.77531,794,65,65,0,1.0,14946.54,0.6519,24,WALLET,TRAVEL,SMALL,3734.39,0.8092,0.1908,7,6,8,9.590098536567586,1.0,14946.54,0.8092,224.89707692307692,1,1,0,RECOVERY_REMINDER,0.9091018880306428,13287.533220817226,reminder has strong predicted recovery value; strong customer payment history; high-value transaction,14618.31
EVT_00007472,ALTERNATIVE_PAYMENT,True,ALLOWED,0.199234,0,0.0,PAYMENT_FAILURE,2026-08-27 09:13:47,CUS_000154,MER_00165,1345.25,INR,CARD,DESKTOP,FAILED,INSUFFICIENT_BALANCE,3,58.88,0,False,False,0,0,0,0.169234,461,44,39,5,0.8864,3045.4,0.9114,76,UPI,SAAS,SMALL,10559.09,0.8386,0.1614,9,3,8,7.205078228470598,0.8864,3045.4,0.8386,30.573863636363637,0,0,1,ALTERNATIVE_PAYMENT,0.22603998127165664,299.0802848056961,alternative payment has strongest net expected value; multiple previous attempts reduce retry priority,0.0
EVT_00000708,ALTERNATIVE_PAYMENT,True,ALLOWED,0.739959,0,0.0,CHECKOUT_ABANDONMENT,2026-08-17 18:48:01,CUS_001738,MER_00082,11292.61,INR,UPI,MOBILE,AT_RISK,,0,44.5,77,True,False,0,0,0,0.709959,176,42,37,5,0.881,16455.98,0.5136,57,CARD,DIGITAL_SERVICES,SMALL,5119.5,0.9572,0.0428,18,0,8,9.331992358026849,0.881,16455.98,0.9572,268.87166666666667,1,0,0,RECOVERY_REMINDER,0.8497572427372678,9593.977136907299,reminder has strong predicted recovery value; high-value transaction,11292.61
EVT_00000215,ALTERNATIVE_PAYMENT,True,ALLOWED,0.405885,1,8106.52,PAYMENT_FAILURE,2026-08-09 07:39:41,CUS_001342,MER_00169,8106.52,INR,UPI,MOBILE,FAILED,PAYMENT_LIMIT,3,29.07,0,False,False,0,0,0,0.225885,231,25,23,2,0.92,6527.18,0.9126,1,NETBANKING,FOOD_DELIVERY,SMALL,4115.41,0.9528,0.0472,7,6,8,9.00054730503011,0.92,6527.18,0.9528,324.2608,0,1,1,ALTERNATIVE_PAYMENT,0.44903704678602285,3635.12780051183,alternative payment has strongest net expected value; multiple previous attempts reduce retry priority; strong customer payment history,8106.52
EVT_00001652,ALTERNATIVE_PAYMENT,True,ALLOWED,0.443595,1,10712.75,PAYMENT_FAILURE,2026-08-09 07:35:00,CUS_000354,MER_00089,10712.75,INR,UPI,DESKTOP,FAILED,INSUFFICIENT_BALANCE,0,41.1,0,False,False,0,0,0,0.413595,669,37,34,3,0.9189,4781.23,0.6105,6,UPI,SAAS,MEDIUM,416.38,0.9005,0.0995,7,6,8,9.279283242213092,0.9189,4781.23,0.9005,289.5337837837838,1,1,0,ALTERNATIVE_PAYMENT,0.42443683715433794,4541.885727225133,alternative payment has strongest net expected value; strong customer payment history; high-value transaction; decision margin is narrow,10712.75
EVT_00002864,ALTERNATIVE_PAYMENT,True,ALLOWED,0.349273,0,0.0,PAYMENT_FAILURE,2026-08-27 09:27:07,CUS_000365,MER_00125,1913.42,INR,UPI,MOBILE,FAILED,TIMEOUT,3,12.81,0,False,False,0,0,0,0.319273,200,61,48,13,0.7869,2459.74,0.8209,32,CARD,E_COMMERCE,MEDIUM,4606.05,0.8105,0.1895,9,3,8,7.557169983677077,0.7869,2459.74,0.8105,31.36754098360656,0,0,1,ALTERNATIVE_PAYMENT,0.4419076624912302,840.5549595639698,alternative payment has strongest net expected value; multiple previous attempts reduce retry priority,0.0
EVT_00006674,ALTERNATIVE_PAYMENT,True,ALLOWED,0.632202,1,17457.77,SUBSCRIPTION_FAILURE,2026-08-23 01:13:28,CUS_000851,MER_00055,17457.77,INR,CARD,MOBILE,AT_RISK,,0,49.16,0,False,False,853,19,0,0.602202,1470,16,13,3,0.8125,24542.93,0.771,21,NETBANKING,DIGITAL_SERVICES,LARGE,4613.21,0.7204,0.2796,1,6,8,9.76759738017671,0.8125,24542.93,0.7204,1091.110625,1,0,0,ALTERNATIVE_PAYMENT,0.5294140458418332,9237.388647076179,alternative payment has strongest net expected value; high-value transaction,17457.77
EVT_00008886,ALTERNATIVE_PAYMENT,True,ALLOWED,0.53406,0,0.0,PAYMENT_FAILURE,2026-08-09 06:54:38,CUS_001199,MER_00024,2888.9,INR,CARD,MOBILE,FAILED,NETWORK_ERROR,1,60.83,0,False,False,0,0,0,0.50406,1210,78,64,14,0.8205,2163.96,0.9118,74,UPI,DIGITAL_SERVICES,SMALL,6952.02,0.952,0.048,6,6,8,7.968977178431688,0.8205,2163.96,0.952,37.037179487179486,0,0,0,ALTERNATIVE_PAYMENT,0.552500623404725,1591.1190509539103,alternative payment has strongest net expected value,0.0
EVT_00007262,ALTERNATIVE_PAYMENT,True,ALLOWED,0.658096,0,0.0,SUBSCRIPTION_FAILURE,2026-08-17 18:48:34,CUS_001144,MER_00102,6623.83,INR,NETBANKING,DESKTOP,AT_RISK,,0,3.77,0,False,False,862,13,0,0.628096,1271,45,37,8,0.8222,4084.25,0.8791,89,CARD,DIGITAL_SERVICES,MEDIUM,1989.33,0.9744,0.0256,18,0,8,8.79857999014783,0.8222,4084.25,0.9744,147.19622222222222,0,0,0,ALTERNATIVE_PAYMENT,0.5922467575427887,3917.9418400146496,alternative payment has strongest net expected value,0.0
EVT_00000105,ALTERNATIVE_PAYMENT,True,ALLOWED,0.344094,1,17395.38,PAYMENT_FAILURE,2026-08-23 02:07:43,CUS_001935,MER_00005,17395.38,INR,UPI,MOBILE,FAILED,INSUFFICIENT_BALANCE,1,37.64,0,False,False,0,0,0,0.314094,245,15,12,3,0.8,10881.09,0.8536,39,WALLET,EDUCATION,SMALL,832.59,0.9375,0.0625,2,6,8,9.764017417581043,0.8,10881.09,0.9375,1159.692,1,0,0,ALTERNATIVE_PAYMENT,0.43280422856859585,7523.794021557581,alternative payment has strongest net expected value; high-value transaction,17395.38
EVT_00000869,ALTERNATIVE_PAYMENT,True,ALLOWED,0.551297,0,0.0,CHECKOUT_ABANDONMENT,2026-08-07 20:16:01,CUS_001489,MER_00108,1737.04,INR,UPI,MOBILE,AT_RISK,,0,26.47,371,False,False,0,0,0,0.521297,193,35,31,4,0.8857,2383.74,0.7848,2,CARD,RETAIL,SMALL,3048.05,0.8679,0.1321,20,4,8,7.460513320520221,0.8857,2383.74,0.8679,49.629714285714286,0,0,0,RECOVERY_REMINDER,0.6877124446813395,1192.584024909274,reminder has strong predicted recovery value,0.0
EVT_00003633,ALTERNATIVE_PAYMENT,True,ALLOWED,0.200411,0,0.0,PAYMENT_FAILURE,2026-08-07 19:38:04,CUS_000150,MER_00139,1915.97,INR,UPI,DESKTOP,FAILED,INSUFFICIENT_BALANCE,3,35.84,0,False,False,0,0,0,0.170411,115,68,55,13,0.8088,2522.05,0.8067,43,NETBANKING,FOOD_DELIVERY,SMALL,4070.36,0.9874,0.0126,19,4,8,7.558501093470921,0.8088,2522.05,0.9874,28.176029411764706,0,0,1,ALTERNATIVE_PAYMENT,0.23013117860064433,435.92443426347654,alternative payment has strongest net expected value; multiple previous attempts reduce retry priority,0.0
EVT_00003877,ALTERNATIVE_PAYMENT,True,ALLOWED,0.257817,0,0.0,PAYMENT_FAILURE,2026-08-28 02:49:17,CUS_001375,MER_00141,2982.38,INR,UPI,MOBILE,FAILED,INSUFFICIENT_BALANCE,2,36.91,0,False,False,0,0,0,0.227817,1334,54,52,2,0.963,3808.36,0.7547,13,UPI,E_COMMERCE,MEDIUM,5168.9,0.7,0.3,2,4,8,8.00081216493655,0.963,3808.36,0.7,55.22925925925926,0,1,1,RECOVERY_REMINDER,0.3887342583652235,1157.3532774632754,reminder has strong predicted recovery value; multiple previous attempts reduce retry priority; strong customer payment history,0.0
EVT_00001639,ALTERNATIVE_PAYMENT,True,ALLOWED,0.428154,1,5791.74,PAYMENT_FAILURE,2026-08-19 03:57:50,CUS_001625,MER_00089,5791.74,INR,CARD,MOBILE,FAILED,ISSUER_DECLINE,1,24.81,0,False,False,0,0,0,0.248154,843,66,58,8,0.8788,13674.78,0.7891,38,UPI,SAAS,MEDIUM,416.38,0.9005,0.0995,3,2,8,8.664360688335567,0.8788,13674.78,0.9005,87.75363636363636,0,0,0,ALTERNATIVE_PAYMENT,0.4793311250853861,2771.161250402034,alternative payment has strongest net expected value,5791.74
EVT_00001343,ALTERNATIVE_PAYMENT,True,ALLOWED,0.530337,1,2049.94,CHECKOUT_ABANDONMENT,2026-08-06 05:59:48,CUS_001512,MER_00156,2049.94,INR,NETBANKING,MOBILE,AT_RISK,,0,67.4,70,False,False,0,0,0,0.500337,365,46,45,1,0.9783,3721.86,0.8675,48,UPI,FOOD_DELIVERY,MEDIUM,16696.36,0.898,0.102,5,3,8,7.626053503622045,0.9783,3721.86,0.898,44.56391304347826,0,1,0,RECOVERY_REMINDER,0.7421063808161427,1519.2735542902435,reminder has strong predicted recovery value; strong customer payment history,0.0
EVT_00008884,ALTERNATIVE_PAYMENT,True,ALLOWED,0.513782,1,16149.91,PAYMENT_FAILURE,2026-08-28 20:18:38,CUS_000155,MER_00126,16149.91,INR,UPI,MOBILE,FAILED,EXPIRED_PAYMENT_METHOD,2,62.88,0,False,False,0,0,0,0.333782,668,56,54,2,0.9643,27208.45,0.8072,16,UPI,DIGITAL_SERVICES,SMALL,2499.99,0.8824,0.1176,20,4,8,9.68973167381261,0.9643,27208.45,0.8824,288.39125,1,1,1,ALTERNATIVE_PAYMENT,0.5468902969738042,8827.22907600021,alternative payment has strongest net expected value; multiple previous attempts reduce retry priority; strong customer payment history; high-value transaction,16149.91
EVT_00003914,ALTERNATIVE_PAYMENT,True,ALLOWED,0.716094,1,1432.19,CHECKOUT_ABANDONMENT,2026-08-06 04:11:34,CUS_001250,MER_00186,1432.19,INR,UPI,TABLET,AT_RISK,,0,67.48,561,True,False,0,0,0,0.686094,1467,32,23,9,0.7188,3535.52,0.9006,6,NETBANKING,SAAS,LARGE,6624.61,0.9305,0.0695,4,3,8,7.2676580080132105,0.7188,3535.52,0.9305,44.7559375,0,0,0,RECOVERY_REMINDER,0.816064354847899,1166.7592083696125,reminder has strong predicted recovery value,1432.19
EVT_00003664,ALTERNATIVE_PAYMENT,True,ALLOWED,0.779323,0,0.0,CHECKOUT_ABANDONMENT,2026-08-22 12:55:22,CUS_000285,MER_00197,3290.55,INR,UPI,MOBILE,AT_RISK,,0,19.02,882,True,False,0,0,0,0.749323,678,54,49,5,0.9074,1502.12,0.6401,6,NETBANKING,E_COMMERCE,SMALL,1239.03,0.945,0.055,12,5,8,8.09911385743512,0.9074,1502.12,0.945,60.93611111111112,0,1,0,RECOVERY_REMINDER,0.8910483731384407,2930.039224230696,reminder has strong predicted recovery value; strong customer payment history,3290.55
EVT_00008538,ALTERNATIVE_PAYMENT,True,ALLOWED,0.640994,1,2988.06,PAYMENT_FAILURE,2026-08-06 04:05:03,CUS_000236,MER_00045,2988.06,INR,NETBANKING,DESKTOP,FAILED,BANK_TECHNICAL_ERROR,1,33.1,0,False,False,0,0,0,0.610994,1087,63,61,2,0.9683,2198.67,0.5842,52,WALLET,FOOD_DELIVERY,MEDIUM,1683.01,0.9677,0.0323,4,3,8,8.002714235685678,0.9683,2198.67,0.9677,47.42952380952381,0,1,0,RETRY_LATER,0.6914891898719654,2065.2111886888247,delayed retry has strong predicted recovery value; strong customer payment history,0.0
EVT_00000049,ALTERNATIVE_PAYMENT,True,ALLOWED,0.567531,0,0.0,SUBSCRIPTION_FAILURE,2026-08-28 20:51:19,CUS_000955,MER_00101,3181.77,INR,CARD,TABLET,AT_RISK,,0,11.5,0,False,False,574,17,1,0.537531,1184,22,21,1,0.9545,2211.99,0.45,2,UPI,FOOD_DELIVERY,SMALL,3940.25,0.8648,0.1352,20,4,8,8.065507165796019,0.9545,2211.99,0.8648,144.6259090909091,0,1,0,ALTERNATIVE_PAYMENT,0.537547255780223,1705.3517320238402,alternative payment has strongest net expected value; strong customer payment history,0.0
EVT_00001098,ALTERNATIVE_PAYMENT,True,ALLOWED,0.641967,0,0.0,PAYMENT_FAILURE,2026-08-19 04:12:47,CUS_000643,MER_00036,12698.63,INR,WALLET,MOBILE,FAILED,TIMEOUT,0,63.51,0,False,False,0,0,0,0.611967,1285,17,15,2,0.8824,9801.92,0.9254,9,NETBANKING,SAAS,MEDIUM,1103.05,0.7,0.3,4,2,8,9.449328138164017,0.8824,9801.92,0.7,746.9782352941176,1,0,0,RETRY_LATER,0.569562389386426,7231.66204473415,delayed retry has strong predicted recovery value; high-value transaction,12698.63
EVT_00006434,ALTERNATIVE_PAYMENT,True,ALLOWED,0.64164,0,0.0,SUBSCRIPTION_FAILURE,2026-08-06 03:31:10,CUS_000274,MER_00117,3498.08,INR,CARD,MOBILE,AT_RISK,,0,43.76,0,False,False,319,19,0,0.61164,1439,37,32,5,0.8649,11819.32,0.7243,13,WALLET,TRAVEL,SMALL,11500.96,0.8461,0.1539,3,3,8,8.160255355781654,0.8649,11819.32,0.8461,94.5427027027027,0,0,0,ALTERNATIVE_PAYMENT,0.5521614927560592,1926.5050745801154,alternative payment has strongest net expected value,0.0
EVT_00000497,ALTERNATIVE_PAYMENT,True,ALLOWED,0.207823,0,0.0,SUBSCRIPTION_FAILURE,2026-08-06 02:19:04,CUS_000403,MER_00135,3533.28,INR,CARD,MOBILE,AT_RISK,,0,53.84,0,False,False,774,1,3,0.177823,501,59,52,7,0.8814,4659.44,0.7415,32,UPI,FOOD_DELIVERY,SMALL,9749.43,0.833,0.167,2,3,8,8.170264880074983,0.8814,4659.44,0.833,59.886101694915254,0,0,0,RECOVERY_REMINDER,0.3820459298677635,1347.8752430831714,reminder has strong predicted recovery value,0.0
EVT_00000482,ALTERNATIVE_PAYMENT,True,ALLOWED,0.564485,0,0.0,CHECKOUT_ABANDONMENT,2026-08-28 20:52:05,CUS_000778,MER_00079,5449.91,INR,UPI,MOBILE,AT_RISK,,0,62.85,863,False,False,0,0,0,0.534485,204,72,63,9,0.875,3888.84,0.8504,80,CARD,FOOD_DELIVERY,LARGE,412.23,0.9077,0.0923,20,4,8,8.603537846196001,0.875,3888.84,0.9077,75.69319444444444,0,0,0,RECOVERY_REMINDER,0.729073846643214,3971.386847559318,reminder has strong predicted recovery value,5449.91
EVT_00005199,ALTERNATIVE_PAYMENT,True,ALLOWED,0.625651,1,1816.57,PAYMENT_FAILURE,2026-08-06 06:06:06,CUS_001049,MER_00039,1816.57,INR,UPI,MOBILE,FAILED,TIMEOUT,0,57.57,0,False,False,0,0,0,0.595651,1012,14,12,2,0.8571,2265.92,0.3675,54,CARD,DIGITAL_SERVICES,SMALL,6776.92,0.7982,0.2018,6,3,8,7.505255723108928,0.8571,2265.92,0.7982,129.755,0,0,0,RETRY_LATER,0.5977424904861727,1084.8410759424667,delayed retry has strong predicted recovery value; decision margin is narrow,1816.57
EVT_00006098,ALTERNATIVE_PAYMENT,True,ALLOWED,0.62034,1,2313.17,SUBSCRIPTION_FAILURE,2026-08-19 04:43:53,CUS_001221,MER_00101,2313.17,INR,UPI,MOBILE,AT_RISK,,0,12.2,0,False,False,482,13,0,0.59034,985,56,45,11,0.8036,3614.13,0.9565,48,UPI,FOOD_DELIVERY,SMALL,3940.25,0.8648,0.1352,4,2,8,7.74680637091512,0.8036,3614.13,0.8648,41.306607142857146,0,0,0,RECOVERY_REMINDER,0.5011801085397865,1157.314791670978,reminder has strong predicted recovery value,2313.17
EVT_00007240,ALTERNATIVE_PAYMENT,True,ALLOWED,0.192354,0,0.0,PAYMENT_FAILURE,2026-08-06 01:10:09,CUS_000829,MER_00169,3194.54,INR,CARD,MOBILE,FAILED,INSUFFICIENT_BALANCE,3,3.21,0,False,False,0,0,0,0.162354,1299,50,39,11,0.78,4767.17,0.3192,44,UPI,FOOD_DELIVERY,SMALL,4115.41,0.9528,0.0472,1,3,8,8.06951136661487,0.78,4767.17,0.9528,63.8908,0,0,1,ALTERNATIVE_PAYMENT,0.18445625562300091,584.2528868379013,alternative payment has strongest net expected value; multiple previous attempts reduce retry priority,0.0
EVT_00004082,ALTERNATIVE_PAYMENT,True,ALLOWED,0.307969,0,0.0,PAYMENT_FAILURE,2026-08-28 21:29:17,CUS_001124,MER_00122,2679.25,INR,NETBANKING,MOBILE,FAILED,INSUFFICIENT_BALANCE,1,45.02,0,False,False,0,0,0,0.277969,388,49,42,7,0.8571,2513.45,0.8455,83,UPI,TRAVEL,LARGE,1261.74,0.7975,0.2025,21,4,8,7.893665352736349,0.8571,2513.45,0.7975,54.67857142857143,0,0,0,ALTERNATIVE_PAYMENT,0.3727105029282464,993.5846149705043,alternative payment has strongest net expected value,0.0
EVT_00008935,ALTERNATIVE_PAYMENT,True,ALLOWED,0.437344,1,16086.1,PAYMENT_FAILURE,2026-08-22 12:40:11,CUS_000359,MER_00114,16086.1,INR,UPI,MOBILE,FAILED,ISSUER_DECLINE,1,14.59,0,False,False,0,0,0,0.257344,163,50,47,3,0.94,8752.36,0.5219,2,CARD,FOOD_DELIVERY,MEDIUM,5161.89,0.7179,0.2821,12,5,8,9.685772987570402,0.94,8752.36,0.7179,321.722,1,1,0,ALTERNATIVE_PAYMENT,0.49567914067658697,7968.544224837646,alternative payment has strongest net expected value; strong customer payment history; high-value transaction,16086.1
EVT_00003569,ALTERNATIVE_PAYMENT,True,ALLOWED,0.441712,0,0.0,PAYMENT_FAILURE,2026-08-19 05:20:49,CUS_000302,MER_00142,5417.87,INR,WALLET,DESKTOP,FAILED,BANK_TECHNICAL_ERROR,3,8.46,0,False,False,0,0,0,0.411712,1244,12,11,1,0.9167,3628.63,0.7024,57,CARD,RETAIL,MEDIUM,2317.11,0.8986,0.1014,5,2,8,8.597642585612368,0.9167,3628.63,0.8986,451.4891666666667,0,1,1,ALTERNATIVE_PAYMENT,0.4513976682876025,2440.613885085353,alternative payment has strongest net expected value; multiple previous attempts reduce retry priority; strong customer payment history,0.0
EVT_00004515,ALTERNATIVE_PAYMENT,True,ALLOWED,0.33581,0,0.0,PAYMENT_FAILURE,2026-08-06 01:08:16,CUS_001249,MER_00117,16332.96,INR,UPI,MOBILE,FAILED,ISSUER_DECLINE,3,7.97,0,False,False,0,0,0,0.15581,508,12,11,1,0.9167,25844.51,0.8833,1,UPI,TRAVEL,SMALL,11500.96,0.8461,0.1539,1,3,8,9.701001655035585,0.9167,25844.51,0.8461,1361.08,1,1,1,ALTERNATIVE_PAYMENT,0.39976968914836153,6524.422342072623,alternative payment has strongest net expected value; multiple previous attempts reduce retry priority; strong customer payment history; high-value transaction,0.0
EVT_00003799,ALTERNATIVE_PAYMENT,True,ALLOWED,0.589413,1,7996.89,SUBSCRIPTION_FAILURE,2026-08-05 23:40:03,CUS_000356,MER_00162,7996.89,INR,CARD,DESKTOP,AT_RISK,,0,22.99,0,False,False,287,23,1,0.559413,1488,30,29,1,0.9667,6205.77,0.7294,87,CARD,DIGITAL_SERVICES,LARGE,1610.3,0.8922,0.1078,23,2,8,8.986933035873825,0.9667,6205.77,0.8922,266.563,0,1,0,ALTERNATIVE_PAYMENT,0.5276079086982736,4214.222408990137,alternative payment has strongest net expected value; strong customer payment history,7996.89
EVT_00004410,ALTERNATIVE_PAYMENT,True,ALLOWED,0.845863,1,32344.54,CHECKOUT_ABANDONMENT,2026-08-28 21:38:38,CUS_001995,MER_00178,32344.54,INR,NETBANKING,MOBILE,AT_RISK,,0,24.81,331,True,False,0,0,0,0.815863,1138,41,40,1,0.9756,44428.82,0.4185,10,UPI,EDUCATION,SMALL,7809.93,0.9459,0.0541,21,4,8,10.384231423345682,0.9756,44428.82,0.9459,788.8912195121951,1,1,0,RECOVERY_REMINDER,0.8980925423344973,29046.390159239843,reminder has strong predicted recovery value; strong customer payment history; high-value transaction,32344.54
EVT_00003360,ALTERNATIVE_PAYMENT,True,ALLOWED,0.542357,0,0.0,PAYMENT_FAILURE,2026-08-19 05:21:20,CUS_001250,MER_00070,2629.3,INR,UPI,MOBILE,FAILED,EXPIRED_PAYMENT_METHOD,0,25.78,0,False,False,0,0,0,0.362357,1467,32,23,9,0.7188,3535.52,0.9006,6,NETBANKING,DIGITAL_SERVICES,SMALL,32979.79,0.7942,0.2058,5,2,8,7.874853187107565,0.7188,3535.52,0.7942,82.165625,0,0,0,ALTERNATIVE_PAYMENT,0.6183757934819779,1620.8954738021646,alternative payment has strongest net expected value,0.0
EVT_00002538,ALTERNATIVE_PAYMENT,True,ALLOWED,0.413909,1,2469.97,PAYMENT_FAILURE,2026-08-05 20:56:11,CUS_000139,MER_00020,2469.97,INR,UPI,MOBILE,FAILED,TIMEOUT,3,40.85,0,False,False,0,0,0,0.383909,540,43,38,5,0.8837,3801.23,0.6823,68,NETBANKING,FOOD_DELIVERY,LARGE,3635.97,0.9772,0.0228,20,2,8,7.812366065081239,0.8837,3801.23,0.9772,57.44116279069767,0,0,1,ALTERNATIVE_PAYMENT,0.3871602169452562,951.2741210482744,alternative payment has strongest net expected value; multiple previous attempts reduce retry priority,2469.97
EVT_00001572,ALTERNATIVE_PAYMENT,True,ALLOWED,0.490458,1,3310.05,SUBSCRIPTION_FAILURE,2026-08-05 19:38:53,CUS_000494,MER_00135,3310.05,INR,CARD,DESKTOP,AT_RISK,,0,12.77,0,False,False,153,2,0,0.460458,916,49,44,5,0.898,5495.79,0.5861,35,CARD,FOOD_DELIVERY,SMALL,9749.43,0.833,0.167,19,2,8,8.105020638611117,0.898,5495.79,0.833,67.55204081632654,0,0,0,ALTERNATIVE_PAYMENT,0.4958615012318496,1636.3263621524839,alternative payment has strongest net expected value,3310.05
EVT_00004810,ALTERNATIVE_PAYMENT,True,ALLOWED,0.36336,0,0.0,PAYMENT_FAILURE,2026-08-28 21:43:06,CUS_000757,MER_00052,21642.17,INR,CARD,DESKTOP,FAILED,ISSUER_DECLINE,3,29.74,0,False,False,0,0,0,0.18336,1114,70,66,4,0.9429,8476.38,0.884,45,UPI,RETAIL,LARGE,8899.2,0.9756,0.0244,21,4,8,9.982445210217312,0.9429,8476.38,0.9756,309.1738571428571,1,1,1,ALTERNATIVE_PAYMENT,0.3660956633386653,7918.104582238161,alternative payment has strongest net expected value; multiple previous attempts reduce retry priority; strong customer payment history; high-value transaction,0.0
EVT_00005733,ALTERNATIVE_PAYMENT,True,ALLOWED,0.369585,0,0.0,SUBSCRIPTION_FAILURE,2026-08-06 02:15:05,CUS_001066,MER_00136,33069.78,INR,UPI,MOBILE,AT_RISK,,0,66.65,0,False,False,638,21,3,0.339585,600,44,33,11,0.75,14683.22,0.7862,77,UPI,TRAVEL,MEDIUM,1391.97,0.9802,0.0198,2,3,8,10.406405392029708,0.75,14683.22,0.9802,751.585909090909,1,0,0,RECOVERY_REMINDER,0.40161736600764936,13279.397938052442,reminder has strong predicted recovery value; high-value transaction; decision margin is narrow,0.0
EVT_00004207,ALTERNATIVE_PAYMENT,True,ALLOWED,0.511265,1,14161.57,PAYMENT_FAILURE,2026-08-22 11:07:55,CUS_001646,MER_00111,14161.57,INR,CARD,DESKTOP,FAILED,BANK_TECHNICAL_ERROR,2,46.37,0,False,False,0,0,0,0.481265,463,42,34,8,0.8095,7635.85,0.8967,75,NETBANKING,SAAS,SMALL,5915.71,0.9052,0.0948,11,5,8,9.558357847954232,0.8095,7635.85,0.9052,337.1802380952381,1,0,1,ALTERNATIVE_PAYMENT,0.3644815009897956,5156.6302899720595,alternative payment has strongest net expected value; multiple previous attempts reduce retry priority; high-value transaction,14161.57
EVT_00005285,ALTERNATIVE_PAYMENT,True,ALLOWED,0.554145,1,3977.69,PAYMENT_FAILURE,2026-08-28 19:43:37,CUS_000013,MER_00072,3977.69,INR,CARD,TABLET,FAILED,BANK_TECHNICAL_ERROR,1,63.86,0,False,False,0,0,0,0.524145,1111,13,10,3,0.7692,4056.41,0.6597,76,UPI,TRAVEL,MEDIUM,4974.21,0.8851,0.1149,19,4,8,8.288707898369495,0.7692,4056.41,0.8851,305.97615384615386,0,0,0,ALTERNATIVE_PAYMENT,0.6133645653079776,2434.7740977798894,alternative payment has strongest net expected value,3977.69
EVT_00005873,ALTERNATIVE_PAYMENT,True,ALLOWED,0.193207,0,0.0,SUBSCRIPTION_FAILURE,2026-08-19 03:33:34,CUS_000843,MER_00127,2793.22,INR,WALLET,MOBILE,AT_RISK,,0,43.72,0,False,False,289,4,3,0.163207,1366,61,50,11,0.8197,3658.65,0.399,28,UPI,SAAS,MEDIUM,11305.04,0.8287,0.1713,3,2,8,7.935308276874544,0.8197,3658.65,0.8287,45.790491803278684,0,0,0,ALTERNATIVE_PAYMENT,0.3284333081035219,912.3864848609194,alternative payment has strongest net expected value,0.0
EVT_00005016,ALTERNATIVE_PAYMENT,True,ALLOWED,0.365052,1,1609.7,PAYMENT_FAILURE,2026-08-18 22:09:24,CUS_000283,MER_00041,1609.7,INR,UPI,MOBILE,FAILED,INSUFFICIENT_BALANCE,0,0.23,0,False,False,0,0,0,0.335052,1016,26,20,6,0.7692,4611.29,0.9085,33,NETBANKING,TRAVEL,MEDIUM,3690.69,0.8746,0.1254,22,1,8,7.384424146096634,0.7692,4611.29,0.8746,61.91153846153846,0,0,0,RECOVERY_REMINDER,0.4476583409075771,718.5956313589269,reminder has strong predicted recovery value; decision margin is narrow,1609.7
EVT_00006759,ALTERNATIVE_PAYMENT,True,ALLOWED,0.538735,0,0.0,PAYMENT_FAILURE,2026-08-06 10:34:22,CUS_001288,MER_00081,7226.17,INR,WALLET,MOBILE,FAILED,TIMEOUT,2,36.06,0,False,False,0,0,0,0.508735,374,16,16,0,1.0,11312.53,0.8933,65,UPI,FOOD_DELIVERY,MEDIUM,42052.11,0.8971,0.1029,10,3,8,8.885602813906557,1.0,11312.53,0.8971,451.635625,0,1,1,RECOVERY_REMINDER,0.524114152490441,3785.33796530185,reminder has strong predicted recovery value; multiple previous attempts reduce retry priority; strong customer payment history; decision margin is narrow,7226.17
EVT_00001222,ALTERNATIVE_PAYMENT,True,ALLOWED,0.412609,0,0.0,PAYMENT_FAILURE,2026-08-06 09:53:21,CUS_000755,MER_00133,2277.25,INR,CARD,DESKTOP,FAILED,BANK_TECHNICAL_ERROR,3,48.87,0,False,False,0,0,0,0.382609,845,79,72,7,0.9114,2141.74,0.8231,89,UPI,TRAVEL,SMALL,4316.96,0.7958,0.2042,9,3,8,7.7311628833762365,0.9114,2141.74,0.7958,28.825949367088608,0,1,1,ALTERNATIVE_PAYMENT,0.34695252905981305,785.0976468014593,alternative payment has strongest net expected value; multiple previous attempts reduce retry priority; strong customer payment history,0.0
EVT_00003217,ALTERNATIVE_PAYMENT,True,ALLOWED,0.509869,0,0.0,PAYMENT_FAILURE,2026-08-28 15:58:19,CUS_001253,MER_00144,9285.13,INR,UPI,MOBILE,FAILED,ISSUER_DECLINE,0,57.56,0,False,False,0,0,0,0.329869,138,13,12,1,0.9231,18331.42,0.6694,61,UPI,E_COMMERCE,SMALL,11138.28,0.8359,0.1641,15,4,8,9.136277168051118,0.9231,18331.42,0.8359,714.2407692307692,0,1,0,ALTERNATIVE_PAYMENT,0.5544252566233644,5142.910583031299,alternative payment has strongest net expected value; strong customer payment history,0.0
EVT_00002225,ALTERNATIVE_PAYMENT,True,ALLOWED,0.44786,1,4869.28,PAYMENT_FAILURE,2026-08-22 13:39:53,CUS_000167,MER_00128,4869.28,INR,CARD,MOBILE,FAILED,ISSUER_DECLINE,1,0.03,0,False,False,0,0,0,0.26786,502,25,23,2,0.92,6875.19,0.5135,60,UPI,TRAVEL,LARGE,637.62,0.9635,0.0365,13,5,8,8.4909067092904,0.92,6875.19,0.9635,194.7712,0,1,0,ALTERNATIVE_PAYMENT,0.4108728374665928,1995.6548900193309,alternative payment has strongest net expected value; strong customer payment history,4869.28
EVT_00007061,ALTERNATIVE_PAYMENT,True,ALLOWED,0.405308,0,0.0,PAYMENT_FAILURE,2026-08-18 22:23:46,CUS_001212,MER_00006,4848.02,INR,CARD,DESKTOP,FAILED,TIMEOUT,3,32.45,0,False,False,0,0,0,0.375308,1179,22,20,2,0.9091,2472.79,0.7338,32,CARD,SAAS,SMALL,11987.91,0.8542,0.1458,22,1,8,8.486531901658612,0.9091,2472.79,0.8542,220.36454545454546,0,1,1,ALTERNATIVE_PAYMENT,0.3748967143625555,1812.5067691639565,alternative payment has strongest net expected value; multiple previous attempts reduce retry priority; strong customer payment history,0.0
EVT_00000299,ALTERNATIVE_PAYMENT,True,ALLOWED,0.603616,0,0.0,PAYMENT_FAILURE,2026-08-06 09:28:45,CUS_001093,MER_00041,4674.0,INR,CARD,TABLET,FAILED,TIMEOUT,0,41.59,0,False,False,0,0,0,0.573616,1269,57,42,15,0.7368,4995.66,0.7941,80,CARD,TRAVEL,MEDIUM,3690.69,0.8746,0.1254,9,3,8,8.449984441722787,0.7368,4995.66,0.8746,82.0,0,0,0,RETRY_LATER,0.6663684277639785,3113.606031368836,delayed retry has strong predicted recovery value,0.0
EVT_00008987,ALTERNATIVE_PAYMENT,True,ALLOWED,0.706472,1,4815.62,PAYMENT_FAILURE,2026-08-06 09:26:42,CUS_000206,MER_00120,4815.62,INR,WALLET,MOBILE,FAILED,BANK_TECHNICAL_ERROR,0,71.62,0,False,False,0,0,0,0.676472,420,64,59,5,0.9219,3418.34,0.4829,46,UPI,E_COMMERCE,SMALL,2459.82,0.952,0.048,9,3,8,8.47982771624422,0.9219,3418.34,0.952,75.2440625,0,1,0,RETRY_LATER,0.7535315833780625,3627.721763547065,delayed retry has strong predicted recovery value; strong customer payment history,4815.62
EVT_00006323,ALTERNATIVE_PAYMENT,True,ALLOWED,0.770413,1,2528.62,CHECKOUT_ABANDONMENT,2026-08-28 17:44:32,CUS_001077,MER_00040,2528.62,INR,UPI,DESKTOP,AT_RISK,,0,14.66,192,True,False,0,0,0,0.740413,1075,9,8,1,0.8889,1928.93,0.4386,19,CARD,FOOD_DELIVERY,SMALL,7435.86,0.9306,0.0694,17,4,8,7.835824372812314,0.8889,1928.93,0.9306,280.9577777777778,0,0,0,RECOVERY_REMINDER,0.9094303532443244,2297.6037798206635,reminder has strong predicted recovery value,2528.62
EVT_00003126,ALTERNATIVE_PAYMENT,True,ALLOWED,0.758097,1,542.11,CHECKOUT_ABANDONMENT,2026-08-19 00:07:28,CUS_000461,MER_00178,542.11,INR,UPI,MOBILE,AT_RISK,,0,54.32,479,True,False,0,0,0,0.728097,1093,27,23,4,0.8519,1846.27,0.359,78,CARD,EDUCATION,SMALL,7809.93,0.9459,0.0541,0,2,8,6.297311877686606,0.8519,1846.27,0.9459,20.07814814814815,0,0,0,RECOVERY_REMINDER,0.8453121085641032,456.252147173686,reminder has strong predicted recovery value,542.11
EVT_00009179,ALTERNATIVE_PAYMENT,True,ALLOWED,0.796539,1,15152.26,CHECKOUT_ABANDONMENT,2026-08-06 08:55:12,CUS_000741,MER_00147,15152.26,INR,UPI,DESKTOP,AT_RISK,,0,49.09,179,True,True,0,0,0,0.766539,1231,15,14,1,0.9333,11106.96,0.3228,36,CARD,TRAVEL,MEDIUM,6423.31,0.8655,0.1345,8,3,8,9.625970969307446,0.9333,11106.96,0.8655,1010.1506666666667,1,1,0,RECOVERY_REMINDER,0.8923873739488783,13519.685510790632,reminder has strong predicted recovery value; strong customer payment history; high-value transaction,15152.26
EVT_00003018,ALTERNATIVE_PAYMENT,True,ALLOWED,0.685968,1,2705.85,SUBSCRIPTION_FAILURE,2026-08-06 06:31:39,CUS_001444,MER_00178,2705.85,INR,CARD,MOBILE,AT_RISK,,0,45.7,0,False,False,106,17,0,0.655968,666,18,17,1,0.9444,1925.01,0.7002,74,CARD,EDUCATION,SMALL,7809.93,0.9459,0.0541,6,3,8,7.903540876183919,0.9444,1925.01,0.9459,150.325,0,1,0,ALTERNATIVE_PAYMENT,0.7031008684552938,1897.485484909757,alternative payment has strongest net expected value; strong customer payment history,2705.85
EVT_00001262,ALTERNATIVE_PAYMENT,True,ALLOWED,0.451605,0,0.0,PAYMENT_FAILURE,2026-08-06 08:54:31,CUS_001788,MER_00058,2145.28,INR,WALLET,MOBILE,FAILED,INSUFFICIENT_BALANCE,0,56.91,0,False,False,0,0,0,0.421605,175,2,2,0,1.0,5027.01,0.9242,48,CARD,SAAS,LARGE,1566.76,0.8967,0.1033,8,3,8,7.671491389982371,1.0,5027.01,0.8967,1072.64,0,1,0,RECOVERY_REMINDER,0.462291879840802,989.7455239848758,reminder has strong predicted recovery value; strong customer payment history; decision margin is narrow,0.0
EVT_00008593,ALTERNATIVE_PAYMENT,True,ALLOWED,0.651725,1,7685.61,PAYMENT_FAILURE,2026-08-22 13:38:51,CUS_001778,MER_00126,7685.61,INR,WALLET,MOBILE,FAILED,BANK_TECHNICAL_ERROR,0,46.09,0,False,False,0,0,0,0.621725,269,68,53,15,0.7794,8482.44,0.8512,73,UPI,DIGITAL_SERVICES,SMALL,2499.99,0.8824,0.1176,13,5,8,8.947235133054914,0.7794,8482.44,0.8824,113.02367647058823,0,0,0,ALTERNATIVE_PAYMENT,0.6689534024395936,5136.314959323764,alternative payment has strongest net expected value,7685.61
EVT_00002315,ALTERNATIVE_PAYMENT,True,ALLOWED,0.401983,0,0.0,PAYMENT_FAILURE,2026-08-06 08:49:38,CUS_001339,MER_00021,2750.15,INR,CARD,MOBILE,FAILED,EXPIRED_PAYMENT_METHOD,3,62.21,0,False,False,0,0,0,0.221983,1169,68,63,5,0.9265,6181.32,0.54,69,CARD,E_COMMERCE,LARGE,19944.74,0.8545,0.1455,8,3,8,7.919774285065151,0.9265,6181.32,0.8545,40.44338235294118,0,1,1,ALTERNATIVE_PAYMENT,0.35007902986819917,957.769843992028,alternative payment has strongest net expected value; multiple previous attempts reduce retry priority; strong customer payment history,0.0
EVT_00008017,ALTERNATIVE_PAYMENT,True,ALLOWED,0.410952,0,0.0,PAYMENT_FAILURE,2026-08-19 01:14:30,CUS_001573,MER_00114,12691.88,INR,UPI,MOBILE,FAILED,TIMEOUT,3,6.13,0,False,False,0,0,0,0.380952,1109,55,52,3,0.9455,4864.62,0.6511,70,CARD,FOOD_DELIVERY,MEDIUM,5161.89,0.7179,0.2821,1,2,8,9.448796485313707,0.9455,4864.62,0.7179,230.76145454545454,1,1,1,ALTERNATIVE_PAYMENT,0.455898928838853,5781.214496951262,alternative payment has strongest net expected value; multiple previous attempts reduce retry priority; strong customer payment history; high-value transaction,0.0
EVT_00007647,ALTERNATIVE_PAYMENT,True,ALLOWED,0.35105,0,0.0,PAYMENT_FAILURE,2026-08-06 08:11:06,CUS_000433,MER_00057,7544.99,INR,UPI,MOBILE,FAILED,NETWORK_ERROR,3,65.52,0,False,False,0,0,0,0.32105,1244,13,10,3,0.7692,6498.97,0.8171,87,CARD,E_COMMERCE,MEDIUM,11931.59,0.9085,0.0915,8,3,8,8.92877157531797,0.7692,6498.97,0.9085,580.3838461538461,0,0,1,ALTERNATIVE_PAYMENT,0.36023627956047094,2712.9791269209577,alternative payment has strongest net expected value; multiple previous attempts reduce retry priority,0.0
EVT_00003338,ALTERNATIVE_PAYMENT,True,ALLOWED,0.659732,0,0.0,PAYMENT_FAILURE,2026-08-28 18:37:00,CUS_001947,MER_00146,604.33,INR,CARD,MOBILE,FAILED,EXPIRED_PAYMENT_METHOD,0,69.67,0,False,False,0,0,0,0.479732,260,2,2,0,1.0,1258.88,0.782,1,UPI,RETAIL,LARGE,2271.18,0.8973,0.1027,18,4,8,6.405773763870038,1.0,1258.88,0.8973,302.165,0,1,0,ALTERNATIVE_PAYMENT,0.578893696291864,344.8428274800622,alternative payment has strongest net expected value; strong customer payment history,0.0
EVT_00006478,ALTERNATIVE_PAYMENT,True,ALLOWED,0.356204,0,0.0,PAYMENT_FAILURE,2026-08-06 08:04:13,CUS_001574,MER_00105,629.43,INR,CARD,MOBILE,FAILED,INSUFFICIENT_BALANCE,1,67.1,0,False,False,0,0,0,0.326204,1225,27,26,1,0.963,1875.35,0.8392,33,CARD,SAAS,LARGE,3288.97,0.911,0.089,8,3,8,6.446402126243844,0.963,1875.35,0.911,23.31222222222222,0,1,0,ALTERNATIVE_PAYMENT,0.45419675620272504,280.8850642566812,alternative payment has strongest net expected value; strong customer payment history,0.0
EVT_00002214,ALTERNATIVE_PAYMENT,True,ALLOWED,0.608385,0,0.0,PAYMENT_FAILURE,2026-08-19 03:04:19,CUS_000539,MER_00015,3549.74,INR,UPI,DESKTOP,FAILED,PAYMENT_LIMIT,0,4.3,0,False,False,0,0,0,0.428385,824,42,39,3,0.9286,2695.42,0.8559,11,CARD,EDUCATION,SMALL,2436.77,0.8602,0.1398,3,2,8,8.174911311450858,0.9286,2695.42,0.8602,84.51761904761904,0,1,0,ALTERNATIVE_PAYMENT,0.5717512668722322,2024.5683420670375,alternative payment has strongest net expected value; strong customer payment history,0.0
EVT_00009097,ALTERNATIVE_PAYMENT,True,ALLOWED,0.776076,1,5942.49,CHECKOUT_ABANDONMENT,2026-08-06 07:27:57,CUS_001219,MER_00189,5942.49,INR,CARD,MOBILE,AT_RISK,,0,53.74,542,True,False,0,0,0,0.746076,1219,78,72,6,0.9231,5859.5,0.9622,4,UPI,E_COMMERCE,LARGE,1688.36,0.8609,0.1391,7,3,8,8.690051781908958,0.9231,5859.5,0.8609,76.18576923076922,0,1,0,RECOVERY_REMINDER,0.934007918453209,5548.332715329009,reminder has strong predicted recovery value; strong customer payment history,5942.49
EVT_00005361,ALTERNATIVE_PAYMENT,True,ALLOWED,0.45011,1,9151.86,PAYMENT_FAILURE,2026-08-28 18:39:42,CUS_001940,MER_00045,9151.86,INR,UPI,DESKTOP,FAILED,BANK_TECHNICAL_ERROR,3,22.09,0,False,False,0,0,0,0.42011,335,41,36,5,0.878,5807.45,0.9088,85,NETBANKING,FOOD_DELIVERY,MEDIUM,1683.01,0.9677,0.0323,18,4,8,9.121821677736282,0.878,5807.45,0.9677,223.2160975609756,0,0,1,ALTERNATIVE_PAYMENT,0.33421706258805733,3053.7077664171384,alternative payment has strongest net expected value; multiple previous attempts reduce retry priority,9151.86
EVT_00008919,ALTERNATIVE_PAYMENT,True,ALLOWED,0.525444,1,9873.72,CHECKOUT_ABANDONMENT,2026-08-06 06:42:23,CUS_001733,MER_00033,9873.72,INR,UPI,MOBILE,AT_RISK,,0,29.32,176,False,True,0,0,0,0.495444,1058,32,25,7,0.7812,7683.89,0.7343,22,UPI,RETAIL,SMALL,1741.31,0.8328,0.1672,6,3,8,9.197733234936948,0.7812,7683.89,0.8328,308.55375,0,0,0,RECOVERY_REMINDER,0.6983371034319783,6893.185024898392,reminder has strong predicted recovery value,0.0
EVT_00002859,ALTERNATIVE_PAYMENT,True,ALLOWED,0.436916,1,16006.07,PAYMENT_FAILURE,2026-08-22 12:56:38,CUS_001937,MER_00140,16006.07,INR,UPI,MOBILE,FAILED,EXPIRED_PAYMENT_METHOD,3,58.41,0,False,False,0,0,0,0.256916,577,42,38,4,0.9048,10759.72,0.5997,8,CARD,EDUCATION,MEDIUM,8286.12,0.9696,0.0304,12,5,8,9.68078577862391,0.9048,10759.72,0.9696,381.09690476190474,1,1,1,ALTERNATIVE_PAYMENT,0.28542720159036383,4563.567768559475,alternative payment has strongest net expected value; multiple previous attempts reduce retry priority; strong customer payment history; high-value transaction,16006.07
EVT_00004229,ALTERNATIVE_PAYMENT,True,ALLOWED,0.413325,0,0.0,PAYMENT_FAILURE,2026-08-28 18:20:34,CUS_001204,MER_00123,4800.06,INR,CARD,MOBILE,FAILED,EXPIRED_PAYMENT_METHOD,3,48.16,0,False,False,0,0,0,0.233325,1149,12,11,1,0.9167,5528.4,0.7852,20,CARD,EDUCATION,SMALL,1684.78,0.9279,0.0721,18,4,8,8.476592005849225,0.9167,5528.4,0.9279,400.00500000000005,0,1,1,ALTERNATIVE_PAYMENT,0.4314866596854181,2066.1618556895883,alternative payment has strongest net expected value; multiple previous attempts reduce retry priority; strong customer payment history,0.0
EVT_00007899,ALTERNATIVE_PAYMENT,True,ALLOWED,0.301473,0,0.0,PAYMENT_FAILURE,2026-08-28 15:13:27,CUS_001423,MER_00156,8304.55,INR,UPI,DESKTOP,FAILED,ISSUER_DECLINE,3,19.68,0,False,False,0,0,0,0.121473,895,48,36,12,0.75,11474.58,0.7168,28,NETBANKING,FOOD_DELIVERY,MEDIUM,16696.36,0.898,0.102,15,4,8,9.024679245020168,0.75,11474.58,0.898,173.0114583333333,0,0,1,ALTERNATIVE_PAYMENT,0.3671428642752427,3043.956273516966,alternative payment has strongest net expected value; multiple previous attempts reduce retry priority,0.0
EVT_00003296,ALTERNATIVE_PAYMENT,True,ALLOWED,0.467307,0,0.0,SUBSCRIPTION_FAILURE,2026-08-05 19:31:51,CUS_000152,MER_00019,3249.17,INR,CARD,MOBILE,AT_RISK,,0,5.93,0,False,False,507,22,2,0.437307,443,26,25,1,0.9615,2539.83,0.7856,71,UPI,FOOD_DELIVERY,MEDIUM,3617.98,0.9102,0.0898,19,2,8,8.08646258164809,0.9615,2539.83,0.9102,124.96807692307692,0,1,0,RECOVERY_REMINDER,0.4153340003848017,1347.4907740302863,reminder has strong predicted recovery value; strong customer payment history; decision margin is narrow,3249.17
EVT_00006131,ALTERNATIVE_PAYMENT,True,ALLOWED,0.474025,0,0.0,PAYMENT_FAILURE,2026-08-05 19:11:18,CUS_001537,MER_00175,3308.59,INR,UPI,MOBILE,FAILED,ISSUER_DECLINE,1,37.75,0,False,False,0,0,0,0.294025,255,3,3,0,1.0,4780.89,0.6909,45,UPI,RETAIL,SMALL,14742.91,0.995,0.005,19,2,8,8.104579593629463,1.0,4780.89,0.995,1102.8633333333335,0,1,0,ALTERNATIVE_PAYMENT,0.5235806290117571,1727.3136333420093,alternative payment has strongest net expected value; strong customer payment history,0.0
EVT_00008363,ALTERNATIVE_PAYMENT,True,ALLOWED,0.229958,0,0.0,PAYMENT_FAILURE,2026-08-05 13:20:39,CUS_001633,MER_00101,2660.57,INR,UPI,DESKTOP,FAILED,INSUFFICIENT_BALANCE,3,61.45,0,False,False,0,0,0,0.199958,163,3,3,0,1.0,1708.49,0.5647,79,UPI,FOOD_DELIVERY,SMALL,3940.25,0.8648,0.1352,13,2,8,7.886671453225055,1.0,1708.49,0.8648,886.8566666666667,0,1,1,ALTERNATIVE_PAYMENT,0.3799980504165766,1006.0114129968313,alternative payment has strongest net expected value; multiple previous attempts reduce retry priority; strong customer payment history,0.0
EVT_00002519,ALTERNATIVE_PAYMENT,True,ALLOWED,0.346951,1,11526.8,PAYMENT_FAILURE,2026-08-05 13:04:25,CUS_000323,MER_00149,11526.8,INR,CARD,MOBILE,FAILED,ISSUER_DECLINE,3,43.81,0,False,False,0,0,0,0.166951,933,27,26,1,0.963,12565.52,0.6465,37,UPI,EDUCATION,SMALL,3023.4,0.9223,0.0777,13,2,8,9.35251678846571,0.963,12565.52,0.9223,426.9185185185185,1,1,1,ALTERNATIVE_PAYMENT,0.46554855757938285,5361.28511350603,alternative payment has strongest net expected value; multiple previous attempts reduce retry priority; strong customer payment history; high-value transaction,11526.8
EVT_00009103,ALTERNATIVE_PAYMENT,True,ALLOWED,0.363555,0,0.0,PAYMENT_FAILURE,2026-08-29 02:35:27,CUS_001258,MER_00123,25177.93,INR,UPI,DESKTOP,FAILED,INSUFFICIENT_BALANCE,1,13.44,0,False,False,0,0,0,0.333555,846,16,13,3,0.8125,11982.93,0.7608,68,UPI,EDUCATION,SMALL,1684.78,0.9279,0.0721,2,5,8,10.133762812652549,0.8125,11982.93,0.9279,1573.620625,1,0,0,ALTERNATIVE_PAYMENT,0.48638216622256525,12241.096134400112,alternative payment has strongest net expected value; high-value transaction,0.0
EVT_00001926,ALTERNATIVE_PAYMENT,True,ALLOWED,0.240232,0,0.0,PAYMENT_FAILURE,2026-08-19 11:38:29,CUS_001670,MER_00063,3672.45,INR,UPI,MOBILE,FAILED,INSUFFICIENT_BALANCE,2,58.3,0,False,False,0,0,0,0.210232,1096,18,15,3,0.8333,5184.43,0.913,70,UPI,E_COMMERCE,SMALL,3066.57,0.806,0.194,11,2,8,8.208886553970016,0.8333,5184.43,0.806,204.02499999999998,0,0,1,RECOVERY_REMINDER,0.30788808350531843,1128.7035922691066,reminder has strong predicted recovery value; multiple previous attempts reduce retry priority,0.0
EVT_00009871,ALTERNATIVE_PAYMENT,True,ALLOWED,0.798865,1,5275.32,CHECKOUT_ABANDONMENT,2026-08-05 13:04:07,CUS_000359,MER_00115,5275.32,INR,UPI,MOBILE,AT_RISK,,0,14.74,898,True,False,0,0,0,0.768865,163,50,47,3,0.94,8752.36,0.5219,2,CARD,E_COMMERCE,MEDIUM,4625.14,0.9927,0.0073,13,2,8,8.570984164007044,0.94,8752.36,0.9927,105.5064,0,1,0,RECOVERY_REMINDER,0.8286534668851568,4369.412206928605,reminder has strong predicted recovery value; strong customer payment history,5275.32
EVT_00002746,ALTERNATIVE_PAYMENT,True,ALLOWED,0.256429,1,2670.2,PAYMENT_FAILURE,2026-08-05 12:04:31,CUS_001413,MER_00106,2670.2,INR,CARD,MOBILE,FAILED,INSUFFICIENT_BALANCE,2,22.69,0,False,False,0,0,0,0.226429,398,18,15,3,0.8333,2733.14,0.807,23,NETBANKING,SAAS,SMALL,2564.56,0.9372,0.0628,12,2,8,7.890283088629444,0.8333,2733.14,0.9372,148.34444444444443,0,0,1,ALTERNATIVE_PAYMENT,0.24564528716310172,650.9220457829142,alternative payment has strongest net expected value; multiple previous attempts reduce retry priority,2670.2
EVT_00008069,ALTERNATIVE_PAYMENT,True,ALLOWED,0.504374,1,5931.81,PAYMENT_FAILURE,2026-08-29 02:59:28,CUS_000581,MER_00010,5931.81,INR,UPI,MOBILE,FAILED,NETWORK_ERROR,2,15.08,0,False,False,0,0,0,0.474374,167,31,29,2,0.9355,3788.62,0.7368,34,CARD,DIGITAL_SERVICES,MEDIUM,15078.75,0.9873,0.0127,2,5,8,8.688253241474829,0.9355,3788.62,0.9873,191.34870967741938,0,1,1,RECOVERY_REMINDER,0.5042574010270112,2989.1590939860357,reminder has strong predicted recovery value; multiple previous attempts reduce retry priority; strong customer payment history,5931.81
EVT_00001392,ALTERNATIVE_PAYMENT,True,ALLOWED,0.643186,0,0.0,PAYMENT_FAILURE,2026-08-22 09:30:13,CUS_000271,MER_00135,12242.52,INR,CARD,MOBILE,FAILED,NETWORK_ERROR,0,43.5,0,False,False,0,0,0,0.613186,463,26,23,3,0.8846,5570.65,0.9208,82,NETBANKING,FOOD_DELIVERY,SMALL,9749.43,0.833,0.167,9,5,8,9.412752096421974,0.8846,5570.65,0.833,470.86615384615385,1,0,0,ALTERNATIVE_PAYMENT,0.6622523707661556,8102.637894152076,alternative payment has strongest net expected value; high-value transaction,0.0
EVT_00005321,ALTERNATIVE_PAYMENT,True,ALLOWED,0.610445,0,0.0,PAYMENT_FAILURE,2026-08-05 12:03:58,CUS_000184,MER_00197,133156.89,INR,CARD,MOBILE,FAILED,TIMEOUT,2,14.63,0,False,False,0,0,0,0.580445,1053,51,45,6,0.8824,36547.62,0.8039,33,CARD,E_COMMERCE,SMALL,1239.03,0.945,0.055,12,2,8,11.799290845964139,0.8824,36547.62,0.945,2610.919411764706,1,0,1,HUMAN_ESCALATION,0.596050456034193,79118.22500859489,high-value case eligible for human escalation; multiple previous attempts reduce retry priority; high-value transaction,133156.89
EVT_00000394,ALTERNATIVE_PAYMENT,True,ALLOWED,0.487324,1,947.77,CHECKOUT_ABANDONMENT,2026-08-19 11:53:49,CUS_000687,MER_00155,947.77,INR,CARD,TABLET,AT_RISK,,0,43.57,120,False,False,0,0,0,0.457324,627,20,18,2,0.9,702.79,0.5097,70,WALLET,SAAS,SMALL,2912.27,0.843,0.157,11,2,8,6.855166408856558,0.9,702.79,0.843,47.3885,0,1,0,RECOVERY_REMINDER,0.6447697183819316,609.0933959908433,reminder has strong predicted recovery value; strong customer payment history,947.77
EVT_00006945,ALTERNATIVE_PAYMENT,True,ALLOWED,0.458723,0,0.0,PAYMENT_FAILURE,2026-08-05 11:01:12,CUS_001719,MER_00106,2658.32,INR,UPI,MOBILE,FAILED,EXPIRED_PAYMENT_METHOD,2,4.96,0,False,False,0,0,0,0.278723,637,54,46,8,0.8519,1627.69,0.5009,31,UPI,SAAS,SMALL,2564.56,0.9372,0.0628,11,2,8,7.885825729996756,0.8519,1627.69,0.9372,49.22814814814815,0,0,1,ALTERNATIVE_PAYMENT,0.37080165854886,980.7094649536056,alternative payment has strongest net expected value; multiple previous attempts reduce retry priority,0.0
EVT_00001463,ALTERNATIVE_PAYMENT,True,ALLOWED,0.423625,0,0.0,PAYMENT_FAILURE,2026-08-19 10:18:06,CUS_000168,MER_00067,3232.19,INR,UPI,DESKTOP,FAILED,INSUFFICIENT_BALANCE,0,2.28,0,False,False,0,0,0,0.393625,275,67,62,5,0.9254,4211.28,0.9018,29,CARD,TRAVEL,SMALL,6615.57,0.8781,0.1219,10,2,8,8.081224544943858,0.9254,4211.28,0.8781,48.24164179104478,0,1,0,RECOVERY_REMINDER,0.5196868960075121,1677.7267884065204,reminder has strong predicted recovery value; strong customer payment history,3232.19
EVT_00003105,ALTERNATIVE_PAYMENT,True,ALLOWED,0.48264,0,0.0,PAYMENT_FAILURE,2026-08-29 03:52:20,CUS_001796,MER_00174,15981.97,INR,UPI,MOBILE,FAILED,BANK_TECHNICAL_ERROR,3,20.87,0,False,False,0,0,0,0.45264,327,22,20,2,0.9091,10825.59,0.5561,83,WALLET,E_COMMERCE,SMALL,39917.69,0.9894,0.0106,3,5,8,9.679279059372586,0.9091,10825.59,0.9894,726.4531818181817,1,1,1,ALTERNATIVE_PAYMENT,0.4135810194373445,6604.839445217056,alternative payment has strongest net expected value; multiple previous attempts reduce retry priority; strong customer payment history; high-value transaction,0.0
EVT_00003127,ALTERNATIVE_PAYMENT,True,ALLOWED,0.219997,0,0.0,PAYMENT_FAILURE,2026-08-19 12:01:41,CUS_001301,MER_00139,1204.73,INR,UPI,DESKTOP,FAILED,INSUFFICIENT_BALANCE,3,61.48,0,False,False,0,0,0,0.189997,1146,51,46,5,0.902,4043.38,0.6083,74,NETBANKING,FOOD_DELIVERY,SMALL,4070.36,0.9874,0.0126,12,2,8,7.094840471625114,0.902,4043.38,0.9874,23.622156862745097,0,1,1,ALTERNATIVE_PAYMENT,0.21125917010877973,249.5102600051502,alternative payment has strongest net expected value; multiple previous attempts reduce retry priority; strong customer payment history,0.0
EVT_00000094,ALTERNATIVE_PAYMENT,True,ALLOWED,0.242958,0,0.0,PAYMENT_FAILURE,2026-08-05 09:30:04,CUS_001123,MER_00018,1075.61,INR,CARD,MOBILE,FAILED,INSUFFICIENT_BALANCE,2,65.69,0,False,False,0,0,0,0.212958,425,38,31,7,0.8158,2680.05,0.8659,29,UPI,E_COMMERCE,SMALL,8469.12,0.8917,0.1083,9,2,8,6.9815724945845545,0.8158,2680.05,0.8917,28.30552631578947,0,0,1,RECOVERY_REMINDER,0.24500701123165328,261.53199135087857,reminder has strong predicted recovery value; multiple previous attempts reduce retry priority; decision margin is narrow,1075.61
EVT_00006429,ALTERNATIVE_PAYMENT,True,ALLOWED,0.625504,1,10348.78,PAYMENT_FAILURE,2026-08-29 04:09:54,CUS_000642,MER_00088,10348.78,INR,CARD,DESKTOP,FAILED,TIMEOUT,0,16.59,0,False,False,0,0,0,0.595504,1377,40,30,10,0.75,8985.43,0.5651,7,WALLET,SAAS,MEDIUM,2014.49,0.8916,0.1084,4,5,8,9.244720542428954,0.75,8985.43,0.8916,258.71950000000004,1,0,0,RETRY_LATER,0.6310129296738372,6529.213986350012,delayed retry has strong predicted recovery value; high-value transaction,10348.78
EVT_00009730,ALTERNATIVE_PAYMENT,True,ALLOWED,0.40821,0,0.0,PAYMENT_FAILURE,2026-08-05 09:15:45,CUS_000634,MER_00170,5017.74,INR,UPI,MOBILE,FAILED,INSUFFICIENT_BALANCE,0,6.4,0,False,False,0,0,0,0.37821,587,45,40,5,0.8889,3980.61,0.2874,75,UPI,EDUCATION,LARGE,584.64,0.8429,0.1571,9,2,8,8.520934185165066,0.8889,3980.61,0.8429,111.50533333333333,0,0,0,ALTERNATIVE_PAYMENT,0.46946398584293,2350.648220323503,alternative payment has strongest net expected value,0.0
EVT_00008382,ALTERNATIVE_PAYMENT,True,ALLOWED,0.805855,1,5541.09,CHECKOUT_ABANDONMENT,2026-08-22 08:57:20,CUS_001631,MER_00042,5541.09,INR,CARD,MOBILE,AT_RISK,,0,55.94,263,True,False,0,0,0,0.775855,871,37,36,1,0.973,9976.34,0.9812,49,CARD,E_COMMERCE,SMALL,2406.16,0.9772,0.0228,8,5,8,8.620126964915746,0.973,9976.34,0.9772,149.7591891891892,0,1,0,RECOVERY_REMINDER,0.8553034099322969,4737.313171741751,reminder has strong predicted recovery value; strong customer payment history,5541.09
EVT_00001792,ALTERNATIVE_PAYMENT,True,ALLOWED,0.529967,1,19697.75,PAYMENT_FAILURE,2026-08-19 12:12:58,CUS_001556,MER_00033,19697.75,INR,UPI,MOBILE,FAILED,BANK_TECHNICAL_ERROR,2,42.52,0,False,False,0,0,0,0.499967,269,36,31,5,0.8611,12581.86,0.7489,24,WALLET,RETAIL,SMALL,1741.31,0.8328,0.1672,12,2,8,9.888310460936282,0.8611,12581.86,0.8328,547.1597222222222,1,0,1,HUMAN_ESCALATION,0.4694568574416205,8997.24381367068,high-value case eligible for human escalation; multiple previous attempts reduce retry priority; high-value transaction,0.0
EVT_00008634,ALTERNATIVE_PAYMENT,True,ALLOWED,0.759898,1,3549.75,CHECKOUT_ABANDONMENT,2026-08-05 08:51:48,CUS_001601,MER_00039,3549.75,INR,WALLET,MOBILE,AT_RISK,,0,22.53,276,True,False,0,0,0,0.729898,473,36,33,3,0.9167,3409.39,0.5547,71,UPI,DIGITAL_SERVICES,SMALL,6776.92,0.7982,0.2018,8,2,8,8.174914127761237,0.9167,3409.39,0.7982,98.60416666666667,0,1,0,RECOVERY_REMINDER,0.96611454519847,3427.465106818269,reminder has strong predicted recovery value; strong customer payment history,0.0
EVT_00006476,ALTERNATIVE_PAYMENT,True,ALLOWED,0.598657,1,1349.32,PAYMENT_FAILURE,2026-08-29 04:14:30,CUS_000481,MER_00113,1349.32,INR,UPI,MOBILE,FAILED,TIMEOUT,0,60.36,0,False,False,0,0,0,0.568657,453,52,40,12,0.7692,2389.11,0.6748,78,UPI,DIGITAL_SERVICES,MEDIUM,844.23,0.8301,0.1699,4,5,8,7.208096880380673,0.7692,2389.11,0.8301,25.948461538461537,0,0,0,RETRY_LATER,0.6441162086258937,868.1188826230908,delayed retry has strong predicted recovery value,1349.32
EVT_00001970,ALTERNATIVE_PAYMENT,True,ALLOWED,0.738162,1,2412.53,CHECKOUT_ABANDONMENT,2026-08-05 08:37:34,CUS_001334,MER_00122,2412.53,INR,UPI,TABLET,AT_RISK,,0,20.98,147,True,True,0,0,0,0.708162,1216,68,58,10,0.8529,2386.85,0.5567,41,UPI,TRAVEL,LARGE,1261.74,0.7975,0.2025,8,2,8,7.78884568510409,0.8529,2386.85,0.7975,35.47838235294118,0,0,0,RECOVERY_REMINDER,0.9076748894178762,2187.792900967309,reminder has strong predicted recovery value,2412.53
EVT_00000633,ALTERNATIVE_PAYMENT,True,ALLOWED,0.470367,0,0.0,PAYMENT_FAILURE,2026-08-19 12:23:20,CUS_000424,MER_00124,3000.73,INR,CARD,DESKTOP,FAILED,PAYMENT_LIMIT,1,33.61,0,False,False,0,0,0,0.290367,884,66,55,11,0.8333,4789.86,0.8859,29,CARD,TRAVEL,SMALL,2268.54,0.7268,0.2732,12,2,8,8.006944068108586,0.8333,4789.86,0.7268,45.46560606060606,0,0,0,ALTERNATIVE_PAYMENT,0.5189787360273397,1552.315062559319,alternative payment has strongest net expected value,0.0
EVT_00006165,ALTERNATIVE_PAYMENT,True,ALLOWED,0.593343,1,4539.21,PAYMENT_FAILURE,2026-08-05 07:52:02,CUS_000652,MER_00005,4539.21,INR,CARD,MOBILE,FAILED,BANK_TECHNICAL_ERROR,1,4.53,0,False,False,0,0,0,0.563343,989,70,59,11,0.8429,7746.76,0.4168,80,UPI,EDUCATION,SMALL,832.59,0.9375,0.0625,7,2,8,8.42072854547225,0.8429,7746.76,0.9375,64.84585714285714,0,0,0,ALTERNATIVE_PAYMENT,0.6109426393577767,2768.196937999214,alternative payment has strongest net expected value,4539.21
EVT_00009876,ALTERNATIVE_PAYMENT,True,ALLOWED,0.655805,0,0.0,PAYMENT_FAILURE,2026-08-05 10:53:06,CUS_000588,MER_00045,10708.33,INR,UPI,TABLET,FAILED,EXPIRED_PAYMENT_METHOD,0,24.25,0,False,False,0,0,0,0.475805,175,26,23,3,0.8846,6960.81,0.4726,13,NETBANKING,FOOD_DELIVERY,MEDIUM,1683.01,0.9677,0.0323,10,2,8,9.278870603128263,0.8846,6960.81,0.9677,411.8588461538462,1,0,0,ALTERNATIVE_PAYMENT,0.540265269786073,5780.3387964082995,alternative payment has strongest net expected value; high-value transaction,0.0
EVT_00000967,ALTERNATIVE_PAYMENT,True,ALLOWED,0.725505,0,0.0,CHECKOUT_ABANDONMENT,2026-08-19 05:41:48,CUS_001437,MER_00078,1609.47,INR,UPI,DESKTOP,AT_RISK,,0,37.65,75,True,False,0,0,0,0.695505,657,24,22,2,0.9167,1974.68,0.5899,74,UPI,E_COMMERCE,LARGE,10945.16,0.9248,0.0752,5,2,8,7.384281340842399,0.9167,1974.68,0.9248,67.06125,0,1,0,RECOVERY_REMINDER,0.8083762525309901,1299.0573271610526,reminder has strong predicted recovery value; strong customer payment history,1609.47
EVT_00004360,ALTERNATIVE_PAYMENT,True,ALLOWED,0.765822,1,13090.71,CHECKOUT_ABANDONMENT,2026-08-22 09:42:12,CUS_001483,MER_00042,13090.71,INR,CARD,MOBILE,AT_RISK,,0,47.2,741,True,False,0,0,0,0.735822,456,63,49,14,0.7778,7918.8,0.7462,75,CARD,E_COMMERCE,SMALL,2406.16,0.9772,0.0228,9,5,8,9.479734484443869,0.7778,7918.8,0.9772,207.7890476190476,1,0,0,RECOVERY_REMINDER,0.8389224450045586,10980.090440045624,reminder has strong predicted recovery value; high-value transaction,13090.71
EVT_00004038,ALTERNATIVE_PAYMENT,True,ALLOWED,0.449192,0,0.0,PAYMENT_FAILURE,2026-08-05 13:48:17,CUS_001088,MER_00062,10944.81,INR,UPI,MOBILE,FAILED,TIMEOUT,3,39.38,0,False,False,0,0,0,0.419192,1485,14,13,1,0.9286,2869.74,0.8883,73,UPI,SAAS,SMALL,1825.36,0.9707,0.0293,13,2,8,9.30071201361424,0.9286,2869.74,0.9707,781.7721428571429,1,1,1,ALTERNATIVE_PAYMENT,0.4331418649992743,4735.655415462707,alternative payment has strongest net expected value; multiple previous attempts reduce retry priority; strong customer payment history; high-value transaction,0.0
EVT_00008465,ALTERNATIVE_PAYMENT,True,ALLOWED,0.609385,1,21036.0,SUBSCRIPTION_FAILURE,2026-08-28 23:31:39,CUS_001249,MER_00078,21036.0,INR,CARD,MOBILE,AT_RISK,,0,25.12,0,False,False,659,11,1,0.579385,508,12,11,1,0.9167,25844.51,0.8833,1,UPI,E_COMMERCE,LARGE,10945.16,0.9248,0.0752,23,4,8,9.954038071134029,0.9167,25844.51,0.9248,1753.0,1,1,0,RECOVERY_REMINDER,0.6408786507068714,13479.523296269748,reminder has strong predicted recovery value; strong customer payment history; high-value transaction,0.0
EVT_00003243,ALTERNATIVE_PAYMENT,True,ALLOWED,0.461256,0,0.0,SUBSCRIPTION_FAILURE,2026-08-05 19:01:52,CUS_000514,MER_00057,10147.03,INR,UPI,TABLET,AT_RISK,,0,65.94,0,False,False,744,19,2,0.431256,1230,60,54,6,0.9,16997.2,0.628,59,UPI,E_COMMERCE,MEDIUM,11931.59,0.9085,0.0915,19,2,8,9.22503487696234,0.9,16997.2,0.9085,169.1171666666667,1,1,0,RECOVERY_REMINDER,0.5521781148444912,5600.967896670498,reminder has strong predicted recovery value; strong customer payment history; high-value transaction,0.0
EVT_00008460,ALTERNATIVE_PAYMENT,True,ALLOWED,0.75169,0,0.0,CHECKOUT_ABANDONMENT,2026-08-19 05:47:07,CUS_001257,MER_00190,3610.83,INR,UPI,TABLET,AT_RISK,,0,14.9,779,True,False,0,0,0,0.72169,356,14,11,3,0.7857,3472.53,0.5148,24,CARD,RETAIL,MEDIUM,2490.76,0.9915,0.0085,5,2,8,8.191969848091505,0.7857,3472.53,0.9915,257.9164285714286,0,0,0,RECOVERY_REMINDER,0.8570542402045438,3092.6771621577727,reminder has strong predicted recovery value,0.0
EVT_00003453,ALTERNATIVE_PAYMENT,True,ALLOWED,0.564831,1,6575.94,SUBSCRIPTION_FAILURE,2026-08-05 18:28:01,CUS_000096,MER_00065,6575.94,INR,CARD,DESKTOP,AT_RISK,,0,21.05,0,False,False,488,13,0,0.534831,453,62,44,18,0.7097,6159.18,0.4147,66,UPI,DIGITAL_SERVICES,MEDIUM,5883.79,0.7053,0.2947,18,2,8,8.79132487055942,0.7097,6159.18,0.7053,106.06354838709677,0,0,0,ALTERNATIVE_PAYMENT,0.48064455522207633,3155.6897564670603,alternative payment has strongest net expected value,6575.94
EVT_00008524,ALTERNATIVE_PAYMENT,True,ALLOWED,0.473392,0,0.0,PAYMENT_FAILURE,2026-08-28 23:35:54,CUS_000420,MER_00131,30390.59,INR,UPI,DESKTOP,FAILED,ISSUER_DECLINE,0,15.1,0,False,False,0,0,0,0.293392,774,34,24,10,0.7059,20540.38,0.5829,60,CARD,DIGITAL_SERVICES,MEDIUM,6995.59,0.7666,0.2334,23,4,8,10.321921204384257,0.7059,20540.38,0.7666,893.8408823529412,1,0,0,ALTERNATIVE_PAYMENT,0.582138980184042,17686.547069791344,alternative payment has strongest net expected value; high-value transaction,0.0
EVT_00009296,ALTERNATIVE_PAYMENT,True,ALLOWED,0.413749,0,0.0,SUBSCRIPTION_FAILURE,2026-08-05 18:03:44,CUS_001609,MER_00079,1637.26,INR,UPI,MOBILE,AT_RISK,,0,63.04,0,False,False,887,4,1,0.383749,377,49,47,2,0.9592,2043.25,0.4717,26,UPI,FOOD_DELIVERY,LARGE,412.23,0.9077,0.0923,18,2,8,7.401389981975446,0.9592,2043.25,0.9077,33.4134693877551,0,1,0,ALTERNATIVE_PAYMENT,0.5375595253516489,875.1247084772406,alternative payment has strongest net expected value; strong customer payment history,0.0
EVT_00009582,ALTERNATIVE_PAYMENT,True,ALLOWED,0.79186,1,9153.62,CHECKOUT_ABANDONMENT,2026-08-22 10:23:12,CUS_001212,MER_00064,9153.62,INR,CARD,MOBILE,AT_RISK,,0,51.74,702,True,False,0,0,0,0.76186,1179,22,20,2,0.9091,2472.79,0.7338,32,CARD,TRAVEL,SMALL,4568.4,0.9534,0.0466,10,5,8,9.122013948874136,0.9091,2472.79,0.9534,416.0736363636364,0,1,0,RECOVERY_REMINDER,0.9367023147180243,8572.217042049202,reminder has strong predicted recovery value; strong customer payment history,9153.62
EVT_00004815,ALTERNATIVE_PAYMENT,True,ALLOWED,0.573038,1,1874.05,CHECKOUT_ABANDONMENT,2026-08-19 07:10:42,CUS_001895,MER_00028,1874.05,INR,UPI,DESKTOP,AT_RISK,,0,68.18,802,False,False,0,0,0,0.543038,227,49,46,3,0.9388,4957.24,0.839,88,UPI,RETAIL,SMALL,5325.69,0.8758,0.1242,7,2,8,7.536390604715629,0.9388,4957.24,0.8758,38.24591836734694,0,1,0,RECOVERY_REMINDER,0.7489224216517927,1401.518064296542,reminder has strong predicted recovery value; strong customer payment history,0.0
EVT_00000627,ALTERNATIVE_PAYMENT,True,ALLOWED,0.740812,1,987.9,CHECKOUT_ABANDONMENT,2026-08-05 17:32:09,CUS_000970,MER_00047,987.9,INR,UPI,MOBILE,AT_RISK,,0,35.95,424,True,False,0,0,0,0.710812,83,51,44,7,0.8627,1392.08,0.9161,42,UPI,DIGITAL_SERVICES,SMALL,5866.47,0.813,0.187,17,2,8,6.896593214275945,0.8627,1392.08,0.813,19.370588235294118,0,0,0,RECOVERY_REMINDER,0.9284304903077447,915.196481375021,reminder has strong predicted recovery value,987.9
EVT_00003706,ALTERNATIVE_PAYMENT,True,ALLOWED,0.431942,1,2740.11,SUBSCRIPTION_FAILURE,2026-08-29 00:10:54,CUS_001650,MER_00121,2740.11,INR,UPI,DESKTOP,AT_RISK,,0,31.22,0,False,False,86,1,0,0.401942,1259,59,44,15,0.7458,2053.34,0.8067,35,UPI,SAAS,SMALL,4761.05,0.8269,0.1731,0,5,8,7.916118226836472,0.7458,2053.34,0.8269,46.442542372881356,0,0,0,RECOVERY_REMINDER,0.43146822929307843,1180.2704097682572,reminder has strong predicted recovery value,0.0
EVT_00001059,ALTERNATIVE_PAYMENT,True,ALLOWED,0.320468,1,7677.56,PAYMENT_FAILURE,2026-08-05 17:29:03,CUS_000993,MER_00104,7677.56,INR,WALLET,MOBILE,FAILED,ISSUER_DECLINE,3,11.81,0,False,False,0,0,0,0.140468,319,16,14,2,0.875,4666.05,0.9529,72,CARD,FOOD_DELIVERY,SMALL,12154.73,0.8804,0.1196,17,2,8,8.946187308561395,0.875,4666.05,0.8804,479.8475,0,0,1,ALTERNATIVE_PAYMENT,0.29847360055197436,2286.548976653816,alternative payment has strongest net expected value; multiple previous attempts reduce retry priority,7677.56
EVT_00009264,ALTERNATIVE_PAYMENT,True,ALLOWED,0.518554,1,4834.46,PAYMENT_FAILURE,2026-08-29 01:49:24,CUS_000986,MER_00138,4834.46,INR,CARD,DESKTOP,FAILED,EXPIRED_PAYMENT_METHOD,1,33.93,0,False,False,0,0,0,0.338554,989,52,43,9,0.8269,4773.67,0.625,85,UPI,E_COMMERCE,MEDIUM,9578.85,0.8707,0.1293,1,5,8,8.483731542968941,0.8269,4773.67,0.8707,92.97038461538462,0,0,0,ALTERNATIVE_PAYMENT,0.4868226561085122,2348.524658050358,alternative payment has strongest net expected value,4834.46
EVT_00008187,ALTERNATIVE_PAYMENT,True,ALLOWED,0.766506,1,1890.89,CHECKOUT_ABANDONMENT,2026-08-19 08:26:48,CUS_001389,MER_00183,1890.89,INR,NETBANKING,MOBILE,AT_RISK,,0,25.35,872,True,False,0,0,0,0.736506,1339,23,21,2,0.913,2102.83,0.9232,70,UPI,DIGITAL_SERVICES,SMALL,7807.06,0.8681,0.1319,8,2,8,7.545331608386772,0.913,2102.83,0.8681,82.21260869565218,0,1,0,RECOVERY_REMINDER,0.934508960560815,1765.0536484348395,reminder has strong predicted recovery value; strong customer payment history,1890.89
EVT_00003904,ALTERNATIVE_PAYMENT,True,ALLOWED,0.52058,0,0.0,SUBSCRIPTION_FAILURE,2026-08-29 01:32:29,CUS_001404,MER_00122,4081.62,INR,WALLET,MOBILE,AT_RISK,,0,34.67,0,False,False,693,13,1,0.49058,504,78,67,11,0.859,4227.85,0.8689,87,UPI,TRAVEL,LARGE,1261.74,0.7975,0.2025,1,5,8,8.314494218166459,0.859,4227.85,0.7975,52.32846153846154,0,0,0,ALTERNATIVE_PAYMENT,0.5646561677766844,2299.7119075206706,alternative payment has strongest net expected value,0.0
EVT_00005389,ALTERNATIVE_PAYMENT,True,ALLOWED,0.458889,1,11008.27,PAYMENT_FAILURE,2026-08-05 17:10:23,CUS_001316,MER_00025,11008.27,INR,UPI,MOBILE,FAILED,BANK_TECHNICAL_ERROR,3,51.7,0,False,False,0,0,0,0.428889,469,67,60,7,0.8955,13097.0,0.5395,40,CARD,DIGITAL_SERVICES,MEDIUM,770.56,0.9566,0.0434,17,2,8,9.306492924157979,0.8955,13097.0,0.9566,164.30253731343285,1,0,1,ALTERNATIVE_PAYMENT,0.3517633990489751,3867.306472848861,alternative payment has strongest net expected value; multiple previous attempts reduce retry priority; high-value transaction,11008.27
EVT_00000235,ALTERNATIVE_PAYMENT,True,ALLOWED,0.664097,1,8408.57,SUBSCRIPTION_FAILURE,2026-08-22 09:49:45,CUS_001069,MER_00128,8408.57,INR,CARD,DESKTOP,AT_RISK,,0,42.58,0,False,False,667,11,0,0.634097,520,12,10,2,0.8333,8413.44,0.7914,40,UPI,TRAVEL,LARGE,637.62,0.9635,0.0365,9,5,8,9.037125622052221,0.8333,8413.44,0.9635,700.7141666666666,0,0,0,ALTERNATIVE_PAYMENT,0.5677108698729796,4768.63658908784,alternative payment has strongest net expected value,8408.57
EVT_00006802,ALTERNATIVE_PAYMENT,True,ALLOWED,0.462643,1,2601.34,PAYMENT_FAILURE,2026-08-05 16:24:39,CUS_001257,MER_00037,2601.34,INR,CARD,DESKTOP,FAILED,TIMEOUT,2,59.05,0,False,False,0,0,0,0.432643,356,14,11,3,0.7857,3472.53,0.5148,24,CARD,E_COMMERCE,SMALL,979.69,0.9742,0.0258,16,2,8,7.864166319252409,0.7857,3472.53,0.9742,185.81,0,0,1,ALTERNATIVE_PAYMENT,0.42945529745410266,1112.1592434792556,alternative payment has strongest net expected value; multiple previous attempts reduce retry priority,2601.34
EVT_00001394,ALTERNATIVE_PAYMENT,True,ALLOWED,0.534532,0,0.0,PAYMENT_FAILURE,2026-08-29 01:41:28,CUS_001508,MER_00161,9413.23,INR,UPI,DESKTOP,FAILED,ISSUER_DECLINE,0,26.08,0,False,False,0,0,0,0.354532,735,65,60,5,0.9231,17433.71,0.927,48,UPI,SAAS,SMALL,3979.68,0.9713,0.0287,1,5,8,9.14997765336011,0.9231,17433.71,0.9713,144.81892307692306,0,1,0,RECOVERY_REMINDER,0.5224649929754908,4916.083145826678,reminder has strong predicted recovery value; strong customer payment history,9413.23
EVT_00008077,ALTERNATIVE_PAYMENT,True,ALLOWED,0.335819,0,0.0,PAYMENT_FAILURE,2026-08-19 08:28:39,CUS_000874,MER_00074,6339.04,INR,CARD,MOBILE,FAILED,INSUFFICIENT_BALANCE,1,64.88,0,False,False,0,0,0,0.305819,213,18,15,3,0.8333,8466.24,0.8699,43,UPI,FOOD_DELIVERY,MEDIUM,5401.12,0.9649,0.0351,8,2,8,8.754640356559634,0.8333,8466.24,0.9649,352.1688888888889,0,0,0,ALTERNATIVE_PAYMENT,0.5006848164435179,3168.861078828118,alternative payment has strongest net expected value,0.0
EVT_00003646,ALTERNATIVE_PAYMENT,True,ALLOWED,0.612962,0,0.0,PAYMENT_FAILURE,2026-08-05 16:05:57,CUS_000604,MER_00177,16396.53,INR,CARD,MOBILE,FAILED,NETWORK_ERROR,1,62.82,0,False,False,0,0,0,0.582962,227,45,44,1,0.9778,18139.82,0.9792,88,UPI,SAAS,SMALL,9080.37,0.8866,0.1134,16,2,8,9.704885992713404,0.9778,18139.82,0.8866,364.3673333333333,1,1,0,ALTERNATIVE_PAYMENT,0.6520668535150298,10686.633725664791,alternative payment has strongest net expected value; strong customer payment history; high-value transaction,0.0
EVT_00002901,ALTERNATIVE_PAYMENT,True,ALLOWED,0.429756,0,0.0,PAYMENT_FAILURE,2026-08-05 15:07:07,CUS_001319,MER_00098,10886.67,INR,CARD,MOBILE,FAILED,BANK_TECHNICAL_ERROR,3,14.1,0,False,False,0,0,0,0.399756,689,21,18,3,0.8571,4058.69,0.5063,60,CARD,DIGITAL_SERVICES,SMALL,599.1,0.88,0.12,15,2,8,9.295386235275368,0.8571,4058.69,0.88,518.4128571428571,1,0,1,ALTERNATIVE_PAYMENT,0.3784305635083858,4114.848662829838,alternative payment has strongest net expected value; multiple previous attempts reduce retry priority; high-value transaction,0.0
EVT_00002514,ALTERNATIVE_PAYMENT,True,ALLOWED,0.331849,0,0.0,PAYMENT_FAILURE,2026-08-29 01:44:13,CUS_000262,MER_00033,5653.52,INR,UPI,MOBILE,FAILED,ISSUER_DECLINE,3,10.95,0,False,False,0,0,0,0.151849,280,79,77,2,0.9747,6371.56,0.6944,11,NETBANKING,RETAIL,SMALL,1741.31,0.8328,0.1672,1,5,8,8.640210504311051,0.9747,6371.56,0.8328,71.56354430379747,0,1,1,ALTERNATIVE_PAYMENT,0.3848060533394082,2170.5087186754113,alternative payment has strongest net expected value; multiple previous attempts reduce retry priority; strong customer payment history,0.0
EVT_00004249,ALTERNATIVE_PAYMENT,True,ALLOWED,0.430059,0,0.0,PAYMENT_FAILURE,2026-08-19 09:02:46,CUS_001006,MER_00134,10956.95,INR,WALLET,MOBILE,FAILED,INSUFFICIENT_BALANCE,0,62.29,0,False,False,0,0,0,0.400059,1383,30,26,4,0.8667,21289.01,0.7253,86,NETBANKING,EDUCATION,SMALL,5486.16,0.9252,0.0748,9,2,8,9.301820499211514,0.8667,21289.01,0.9252,365.2316666666667,1,0,0,ALTERNATIVE_PAYMENT,0.5038202185185567,5515.3329432969,alternative payment has strongest net expected value; high-value transaction,0.0
EVT_00002309,ALTERNATIVE_PAYMENT,True,ALLOWED,0.674726,1,1024.52,PAYMENT_FAILURE,2026-08-05 14:16:33,CUS_001914,MER_00161,1024.52,INR,UPI,MOBILE,FAILED,TIMEOUT,0,10.61,0,False,False,0,0,0,0.644726,1172,44,40,4,0.9091,1443.36,0.8439,46,WALLET,SAAS,SMALL,3979.68,0.9713,0.0287,14,2,8,6.932955080003879,0.9091,1443.36,0.9713,23.284545454545455,0,1,0,RETRY_LATER,0.604525740873591,618.3487120398114,delayed retry has strong predicted recovery value; strong customer payment history; decision margin is narrow,0.0
EVT_00002534,ALTERNATIVE_PAYMENT,True,ALLOWED,0.332124,0,0.0,PAYMENT_FAILURE,2026-08-05 17:24:00,CUS_001664,MER_00008,3769.86,INR,UPI,MOBILE,FAILED,ISSUER_DECLINE,3,2.48,0,False,False,0,0,0,0.152124,843,77,74,3,0.961,3758.46,0.7355,44,UPI,DIGITAL_SERVICES,MEDIUM,6017.04,0.8847,0.1153,17,2,8,8.23505837113827,0.961,3758.46,0.8847,48.95922077922078,0,1,1,ALTERNATIVE_PAYMENT,0.3748644198606838,1408.1863818559975,alternative payment has strongest net expected value; multiple previous attempts reduce retry priority; strong customer payment history,0.0
EVT_00007004,ALTERNATIVE_PAYMENT,True,ALLOWED,0.509169,1,5829.75,SUBSCRIPTION_FAILURE,2026-08-06 11:39:16,CUS_001710,MER_00081,5829.75,INR,WALLET,MOBILE,AT_RISK,,0,66.6,0,False,False,332,2,0,0.479169,341,68,61,7,0.8971,13874.83,0.547,53,UPI,FOOD_DELIVERY,MEDIUM,42052.11,0.8971,0.1029,11,3,8,8.670900916010453,0.8971,13874.83,0.8971,85.73161764705883,0,0,0,RECOVERY_REMINDER,0.5067550598444318,2952.2553101280764,reminder has strong predicted recovery value,5829.75
EVT_00002844,ALTERNATIVE_PAYMENT,True,ALLOWED,0.80714,1,11102.7,CHECKOUT_ABANDONMENT,2026-08-06 12:16:52,CUS_001909,MER_00077,11102.7,INR,UPI,MOBILE,AT_RISK,,0,41.91,392,True,True,0,0,0,0.77714,83,16,15,1,0.9375,16812.43,0.4888,82,CARD,TRAVEL,MEDIUM,2007.39,0.9835,0.0165,12,3,8,9.315033665090546,0.9375,16812.43,0.9835,693.91875,1,1,0,RECOVERY_REMINDER,0.8092803820421995,8983.19729769993,reminder has strong predicted recovery value; strong customer payment history; high-value transaction,11102.7
EVT_00004700,ALTERNATIVE_PAYMENT,True,ALLOWED,0.361262,1,1987.76,PAYMENT_FAILURE,2026-08-18 21:53:20,CUS_000157,MER_00193,1987.76,INR,NETBANKING,MOBILE,FAILED,ISSUER_DECLINE,2,55.4,0,False,False,0,0,0,0.181262,215,35,29,6,0.8286,2005.85,0.5738,45,CARD,DIGITAL_SERVICES,MEDIUM,8184.15,0.9805,0.0195,21,1,8,7.5952666079234525,0.8286,2005.85,0.9805,56.793142857142854,0,0,1,ALTERNATIVE_PAYMENT,0.3725844356358528,735.6084377795228,alternative payment has strongest net expected value; multiple previous attempts reduce retry priority,1987.76
EVT_00007148,ALTERNATIVE_PAYMENT,True,ALLOWED,0.309016,0,0.0,SUBSCRIPTION_FAILURE,2026-08-22 17:34:08,CUS_000185,MER_00093,5065.11,INR,CARD,MOBILE,AT_RISK,,0,52.16,0,False,False,698,3,2,0.279016,758,51,46,5,0.902,5206.09,0.7335,26,UPI,RETAIL,MEDIUM,968.76,0.94,0.06,17,5,8,8.530328543709228,0.902,5206.09,0.94,99.31588235294117,0,1,0,ALTERNATIVE_PAYMENT,0.3521364037545982,1778.6096200214529,alternative payment has strongest net expected value; strong customer payment history; decision margin is narrow,0.0
EVT_00000192,ALTERNATIVE_PAYMENT,True,ALLOWED,0.270408,1,9264.34,PAYMENT_FAILURE,2026-08-07 13:37:01,CUS_001080,MER_00132,9264.34,INR,UPI,MOBILE,FAILED,INSUFFICIENT_BALANCE,2,61.63,0,False,False,0,0,0,0.240408,1259,36,32,4,0.8889,5444.67,0.4885,10,UPI,RETAIL,MEDIUM,27235.71,0.8482,0.1518,13,4,8,9.134035835293838,0.8889,5444.67,0.8482,257.34277777777777,0,0,1,RECOVERY_REMINDER,0.3078579671189713,2850.1008790989704,reminder has strong predicted recovery value; multiple previous attempts reduce retry priority; decision margin is narrow,0.0
EVT_00007184,ALTERNATIVE_PAYMENT,True,ALLOWED,0.426301,0,0.0,SUBSCRIPTION_FAILURE,2026-08-28 05:46:29,CUS_000497,MER_00063,14714.78,INR,UPI,DESKTOP,AT_RISK,,0,49.21,0,False,False,133,8,2,0.396301,204,64,53,11,0.8281,6496.49,0.9144,68,WALLET,E_COMMERCE,SMALL,3066.57,0.806,0.194,5,4,8,9.59667566639832,0.8281,6496.49,0.806,229.9184375,1,0,0,RETRY_LATER,0.4199528742106905,6178.514154377985,delayed retry has strong predicted recovery value; high-value transaction; decision margin is narrow,0.0
EVT_00007806,ALTERNATIVE_PAYMENT,True,ALLOWED,0.476314,0,0.0,PAYMENT_FAILURE,2026-08-18 13:14:16,CUS_001445,MER_00165,5074.39,INR,CARD,DESKTOP,FAILED,NETWORK_ERROR,2,20.46,0,False,False,0,0,0,0.446314,235,73,69,4,0.9452,10488.13,0.6959,84,UPI,SAAS,SMALL,10559.09,0.8386,0.1614,13,1,8,8.532158648248027,0.9452,10488.13,0.8386,69.51219178082192,0,1,1,ALTERNATIVE_PAYMENT,0.4747514257006217,2404.073887060978,alternative payment has strongest net expected value; multiple previous attempts reduce retry priority; strong customer payment history; decision margin is narrow,0.0
EVT_00005228,ALTERNATIVE_PAYMENT,True,ALLOWED,0.431384,1,4005.92,PAYMENT_FAILURE,2026-08-07 12:55:59,CUS_001566,MER_00133,4005.92,INR,CARD,MOBILE,FAILED,BANK_TECHNICAL_ERROR,3,14.94,0,False,False,0,0,0,0.401384,698,21,20,1,0.9524,4910.75,0.7395,29,CARD,TRAVEL,SMALL,4316.96,0.7958,0.2042,12,4,8,8.295778145375698,0.9524,4910.75,0.7958,190.75809523809525,0,1,1,ALTERNATIVE_PAYMENT,0.4062326077957942,1622.335328221328,alternative payment has strongest net expected value; multiple previous attempts reduce retry priority; strong customer payment history,4005.92
EVT_00002710,ALTERNATIVE_PAYMENT,True,ALLOWED,0.780743,1,2909.83,CHECKOUT_ABANDONMENT,2026-08-07 11:33:59,CUS_000953,MER_00164,2909.83,INR,CARD,MOBILE,AT_RISK,,0,71.26,614,True,False,0,0,0,0.750743,933,75,72,3,0.96,4065.84,0.6427,59,CARD,EDUCATION,LARGE,10820.21,0.8606,0.1394,11,4,8,7.976193542864784,0.96,4065.84,0.8606,38.79773333333333,0,1,0,RECOVERY_REMINDER,0.9091731727118206,2643.539373152037,reminder has strong predicted recovery value; strong customer payment history,2909.83
EVT_00001007,ALTERNATIVE_PAYMENT,True,ALLOWED,0.474134,1,3862.91,PAYMENT_FAILURE,2026-08-28 05:49:44,CUS_000457,MER_00003,3862.91,INR,UPI,DESKTOP,FAILED,TIMEOUT,2,5.02,0,False,False,0,0,0,0.444134,247,67,60,7,0.8955,7254.51,0.8222,41,UPI,DIGITAL_SERVICES,SMALL,2951.94,0.8109,0.1891,5,4,8,8.259434903135682,0.8955,7254.51,0.8109,57.65537313432836,0,0,1,RECOVERY_REMINDER,0.451941087672332,1743.807746980328,reminder has strong predicted recovery value; multiple previous attempts reduce retry priority; decision margin is narrow,3862.91
EVT_00006655,ALTERNATIVE_PAYMENT,True,ALLOWED,0.652242,1,4603.36,SUBSCRIPTION_FAILURE,2026-08-18 13:30:03,CUS_001882,MER_00051,4603.36,INR,UPI,TABLET,AT_RISK,,0,7.37,0,False,False,211,8,0,0.622242,418,18,17,1,0.9444,3191.69,0.8801,27,NETBANKING,EDUCATION,MEDIUM,3095.23,0.7393,0.2607,13,1,8,8.43475895966063,0.9444,3191.69,0.7393,255.7422222222222,0,1,0,ALTERNATIVE_PAYMENT,0.5162900373467625,2371.668906320592,alternative payment has strongest net expected value; strong customer payment history,4603.36
EVT_00008110,ALTERNATIVE_PAYMENT,True,ALLOWED,0.388984,1,1404.15,PAYMENT_FAILURE,2026-08-07 10:25:07,CUS_001197,MER_00040,1404.15,INR,NETBANKING,DESKTOP,FAILED,BANK_TECHNICAL_ERROR,3,30.69,0,False,False,0,0,0,0.358984,1078,18,14,4,0.7778,4060.67,0.4221,62,CARD,FOOD_DELIVERY,SMALL,7435.86,0.9306,0.0694,10,4,8,7.247899337635072,0.7778,4060.67,0.9306,78.00833333333334,0,0,1,ALTERNATIVE_PAYMENT,0.3767197967613505,523.9711026224503,alternative payment has strongest net expected value; multiple previous attempts reduce retry priority,1404.15
EVT_00003210,ALTERNATIVE_PAYMENT,True,ALLOWED,0.619861,1,17573.93,PAYMENT_FAILURE,2026-08-07 10:06:58,CUS_000758,MER_00077,17573.93,INR,NETBANKING,MOBILE,FAILED,BANK_TECHNICAL_ERROR,1,46.32,0,False,False,0,0,0,0.589861,593,51,41,10,0.8039,11338.35,0.8664,32,CARD,TRAVEL,MEDIUM,2007.39,0.9835,0.0165,10,4,8,9.774228733740635,0.8039,11338.35,0.9835,344.586862745098,1,0,0,RECOVERY_REMINDER,0.6288021440905994,11048.524864098108,reminder has strong predicted recovery value; high-value transaction,0.0
EVT_00007979,ALTERNATIVE_PAYMENT,True,ALLOWED,0.604667,1,7949.63,PAYMENT_FAILURE,2026-08-28 06:06:06,CUS_000344,MER_00013,7949.63,INR,UPI,DESKTOP,FAILED,PAYMENT_LIMIT,0,44.94,0,False,False,0,0,0,0.424667,787,59,52,7,0.8814,3190.86,0.8317,55,WALLET,TRAVEL,SMALL,3031.81,0.8747,0.1253,6,4,8,8.981006449791655,0.8814,3190.86,0.8747,134.73949152542374,0,0,0,ALTERNATIVE_PAYMENT,0.5550658193649298,4407.567889598027,alternative payment has strongest net expected value,7949.63
EVT_00007616,ALTERNATIVE_PAYMENT,True,ALLOWED,0.534467,0,0.0,CHECKOUT_ABANDONMENT,2026-08-07 14:45:25,CUS_000063,MER_00104,1859.84,INR,CARD,MOBILE,AT_RISK,,0,70.93,240,False,False,0,0,0,0.504467,568,12,10,2,0.8333,3562.28,0.6532,62,NETBANKING,FOOD_DELIVERY,SMALL,12154.73,0.8804,0.1196,14,4,8,7.528783277664058,0.8333,3562.28,0.8804,154.98666666666665,0,0,0,RECOVERY_REMINDER,0.6807156862497901,1264.0222619148094,reminder has strong predicted recovery value,1859.84
EVT_00009058,ALTERNATIVE_PAYMENT,True,ALLOWED,0.789654,1,6025.4,CHECKOUT_ABANDONMENT,2026-08-22 16:35:34,CUS_000255,MER_00072,6025.4,INR,CARD,MOBILE,AT_RISK,,0,64.58,159,True,False,0,0,0,0.759654,1001,24,23,1,0.9583,6502.66,0.6047,42,UPI,TRAVEL,MEDIUM,4974.21,0.8851,0.1149,16,5,8,8.703905096511486,0.9583,6502.66,0.8851,251.0583333333333,0,1,0,RECOVERY_REMINDER,0.9254194641500074,5574.022439289454,reminder has strong predicted recovery value; strong customer payment history,6025.4
EVT_00006747,ALTERNATIVE_PAYMENT,True,ALLOWED,0.517157,1,4919.68,PAYMENT_FAILURE,2026-08-07 09:37:49,CUS_000328,MER_00121,4919.68,INR,UPI,MOBILE,FAILED,BANK_TECHNICAL_ERROR,2,48.72,0,False,False,0,0,0,0.487157,84,14,13,1,0.9286,8674.76,0.9066,25,CARD,SAAS,SMALL,4761.05,0.8269,0.1731,9,4,8,8.501202011318155,0.9286,8674.76,0.8269,351.4057142857143,0,1,1,ALTERNATIVE_PAYMENT,0.43450130838375034,2132.607396829369,alternative payment has strongest net expected value; multiple previous attempts reduce retry priority; strong customer payment history,4919.68
EVT_00000091,ALTERNATIVE_PAYMENT,True,ALLOWED,0.579171,1,9947.8,PAYMENT_FAILURE,2026-08-07 09:31:38,CUS_001550,MER_00017,9947.8,INR,UPI,DESKTOP,FAILED,PAYMENT_LIMIT,1,36.71,0,False,False,0,0,0,0.399171,36,51,50,1,0.9804,5233.18,0.9508,73,CARD,E_COMMERCE,SMALL,2871.65,0.97,0.03,9,4,8,9.205207219864434,0.9804,5233.18,0.97,195.0549019607843,0,1,0,ALTERNATIVE_PAYMENT,0.5301799313017408,5269.123920603457,alternative payment has strongest net expected value; strong customer payment history,9947.8
EVT_00009534,ALTERNATIVE_PAYMENT,True,ALLOWED,0.479183,0,0.0,PAYMENT_FAILURE,2026-08-28 08:06:07,CUS_001459,MER_00010,17308.67,INR,UPI,MOBILE,FAILED,INSUFFICIENT_BALANCE,0,0.93,0,False,False,0,0,0,0.449183,417,67,62,5,0.9254,15295.52,0.8529,52,UPI,DIGITAL_SERVICES,MEDIUM,15078.75,0.9873,0.0127,8,4,8,9.759020583863748,0.9254,15295.52,0.9873,258.3383582089552,1,1,0,RECOVERY_REMINDER,0.5311592908033139,9191.660881948595,reminder has strong predicted recovery value; strong customer payment history; high-value transaction; decision margin is narrow,0.0
EVT_00002755,ALTERNATIVE_PAYMENT,True,ALLOWED,0.702963,1,18107.92,SUBSCRIPTION_FAILURE,2026-08-18 15:08:12,CUS_000113,MER_00133,18107.92,INR,CARD,DESKTOP,AT_RISK,,0,12.54,0,False,False,380,15,0,0.672963,846,73,71,2,0.9726,17956.94,0.6754,61,UPI,TRAVEL,SMALL,4316.96,0.7958,0.2042,15,1,8,9.804159913538724,0.9726,17956.94,0.7958,248.05369863013695,1,1,0,ALTERNATIVE_PAYMENT,0.5443049101467418,9851.229768544386,alternative payment has strongest net expected value; strong customer payment history; high-value transaction; decision margin is narrow,18107.92
EVT_00008912,ALTERNATIVE_PAYMENT,True,ALLOWED,0.544122,1,4817.32,PAYMENT_FAILURE,2026-08-07 08:05:52,CUS_000352,MER_00131,4817.32,INR,UPI,DESKTOP,FAILED,TIMEOUT,1,68.23,0,False,False,0,0,0,0.514122,96,60,52,8,0.8667,2295.04,0.4388,2,CARD,DIGITAL_SERVICES,MEDIUM,6995.59,0.7666,0.2334,8,4,8,8.48018059856993,0.8667,2295.04,0.7666,80.28866666666666,0,0,0,RETRY_LATER,0.5251012090689655,2528.5805564721086,delayed retry has strong predicted recovery value,4817.32
EVT_00000935,ALTERNATIVE_PAYMENT,True,ALLOWED,0.451016,0,0.0,SUBSCRIPTION_FAILURE,2026-08-07 07:18:08,CUS_001825,MER_00010,7850.41,INR,CARD,DESKTOP,AT_RISK,,0,40.96,0,False,False,458,2,1,0.421016,1165,47,46,1,0.9787,6793.95,0.8137,31,CARD,DIGITAL_SERVICES,MEDIUM,15078.75,0.9873,0.0127,7,4,8,8.968448412481496,0.9787,6793.95,0.9873,167.03,0,1,0,ALTERNATIVE_PAYMENT,0.5471699663963776,4290.508575897787,alternative payment has strongest net expected value; strong customer payment history,0.0
EVT_00009339,ALTERNATIVE_PAYMENT,True,ALLOWED,0.521685,0,0.0,PAYMENT_FAILURE,2026-08-28 09:43:09,CUS_000020,MER_00115,4922.54,INR,CARD,DESKTOP,FAILED,TIMEOUT,2,41.45,0,False,False,0,0,0,0.491685,692,37,34,3,0.9189,4501.19,0.6754,77,UPI,E_COMMERCE,MEDIUM,4625.14,0.9927,0.0073,9,4,8,8.501783062956672,0.9189,4501.19,0.9927,133.04162162162163,0,1,1,ALTERNATIVE_PAYMENT,0.5116926439226822,2513.82750741516,alternative payment has strongest net expected value; multiple previous attempts reduce retry priority; strong customer payment history,0.0
EVT_00005109,ALTERNATIVE_PAYMENT,True,ALLOWED,0.531813,1,3341.36,SUBSCRIPTION_FAILURE,2026-08-22 15:48:14,CUS_001520,MER_00198,3341.36,INR,CARD,MOBILE,AT_RISK,,0,71.94,0,False,False,348,3,0,0.501813,707,73,69,4,0.9452,2388.55,0.6808,5,UPI,DIGITAL_SERVICES,SMALL,5306.23,0.9513,0.0487,15,5,8,8.114432423282151,0.9452,2388.55,0.9513,45.77205479452055,0,1,0,ALTERNATIVE_PAYMENT,0.48427466467098584,1613.1359935450453,alternative payment has strongest net expected value; strong customer payment history; decision margin is narrow,3341.36
EVT_00002102,ALTERNATIVE_PAYMENT,True,ALLOWED,0.362519,0,0.0,PAYMENT_FAILURE,2026-08-07 06:43:14,CUS_000349,MER_00153,9247.69,INR,CARD,DESKTOP,FAILED,NETWORK_ERROR,3,13.83,0,False,False,0,0,0,0.332519,295,16,13,3,0.8125,3656.36,0.9025,61,UPI,DIGITAL_SERVICES,MEDIUM,11301.58,0.8712,0.1288,6,4,8,9.132237198855561,0.8125,3656.36,0.8712,577.980625,0,0,1,ALTERNATIVE_PAYMENT,0.36089493354694296,3332.444468012729,alternative payment has strongest net expected value; multiple previous attempts reduce retry priority,0.0
EVT_00000275,ALTERNATIVE_PAYMENT,True,ALLOWED,0.701323,1,1192.56,CHECKOUT_ABANDONMENT,2026-08-18 15:11:17,CUS_001812,MER_00192,1192.56,INR,UPI,MOBILE,AT_RISK,,0,17.0,152,True,False,0,0,0,0.671323,989,36,24,12,0.6667,1811.35,0.348,2,CARD,TRAVEL,MEDIUM,20196.01,0.9465,0.0535,15,1,8,7.084695716823611,0.6667,1811.35,0.9465,33.126666666666665,0,0,0,RETRY_LATER,0.6805522334752407,810.599371553233,delayed retry has strong predicted recovery value; decision margin is narrow,0.0
EVT_00005780,ALTERNATIVE_PAYMENT,True,ALLOWED,0.7652,1,4344.81,CHECKOUT_ABANDONMENT,2026-08-07 06:36:40,CUS_000920,MER_00071,4344.81,INR,WALLET,MOBILE,AT_RISK,,0,53.79,141,True,False,0,0,0,0.7352,965,30,27,3,0.9,2158.67,0.8111,61,NETBANKING,TRAVEL,MEDIUM,1476.19,0.8534,0.1466,6,4,8,8.376967441498987,0.9,2158.67,0.8534,144.82700000000003,0,1,0,RECOVERY_REMINDER,0.9515726268461541,4132.402264847439,reminder has strong predicted recovery value; strong customer payment history,4344.81
EVT_00003005,ALTERNATIVE_PAYMENT,True,ALLOWED,0.323132,0,0.0,PAYMENT_FAILURE,2026-08-18 13:40:20,CUS_001180,MER_00116,9247.72,INR,CARD,DESKTOP,FAILED,ISSUER_DECLINE,3,30.81,0,False,False,0,0,0,0.143132,66,14,12,2,0.8571,17473.67,0.7146,39,UPI,E_COMMERCE,SMALL,2851.89,0.9217,0.0783,13,1,8,9.132240442552922,0.8571,17473.67,0.9217,660.5514285714286,0,0,1,ALTERNATIVE_PAYMENT,0.37699163585478956,3481.3130907270543,alternative payment has strongest net expected value; multiple previous attempts reduce retry priority,0.0
EVT_00005661,ALTERNATIVE_PAYMENT,True,ALLOWED,0.744497,1,6532.47,CHECKOUT_ABANDONMENT,2026-08-28 09:58:27,CUS_001590,MER_00103,6532.47,INR,CARD,DESKTOP,AT_RISK,,0,33.46,91,True,True,0,0,0,0.714497,73,72,68,4,0.9444,6588.43,0.4285,49,UPI,FOOD_DELIVERY,SMALL,12886.43,0.9255,0.0745,9,4,8,8.78469347469906,0.9444,6588.43,0.9255,90.72875,0,1,0,RECOVERY_REMINDER,0.8679760803588341,5668.027705661673,reminder has strong predicted recovery value; strong customer payment history,6532.47
EVT_00004936,ALTERNATIVE_PAYMENT,True,ALLOWED,0.393674,0,0.0,PAYMENT_FAILURE,2026-08-28 05:38:39,CUS_001638,MER_00136,5542.14,INR,UPI,DESKTOP,FAILED,PAYMENT_LIMIT,3,5.2,0,False,False,0,0,0,0.213674,944,40,35,5,0.875,4444.89,0.76,84,CARD,TRAVEL,MEDIUM,1391.97,0.9802,0.0198,5,4,8,8.620316406181853,0.875,4444.89,0.9802,138.5535,0,0,1,ALTERNATIVE_PAYMENT,0.34021666452167776,1880.5283851121712,alternative payment has strongest net expected value; multiple previous attempts reduce retry priority,0.0
EVT_00009500,ALTERNATIVE_PAYMENT,True,ALLOWED,0.507739,1,24472.11,PAYMENT_FAILURE,2026-08-18 12:56:35,CUS_000294,MER_00066,24472.11,INR,CARD,DESKTOP,FAILED,PAYMENT_LIMIT,2,3.69,0,False,False,0,0,0,0.327739,517,60,55,5,0.9167,22277.54,0.6359,82,CARD,FOOD_DELIVERY,SMALL,10924.95,0.9585,0.0415,12,1,8,10.105330242762216,0.9167,22277.54,0.9585,407.8685,1,1,1,ALTERNATIVE_PAYMENT,0.5389733642790978,13184.815457708153,alternative payment has strongest net expected value; multiple previous attempts reduce retry priority; strong customer payment history; high-value transaction,24472.11
EVT_00008345,ALTERNATIVE_PAYMENT,True,ALLOWED,0.588158,0,0.0,SUBSCRIPTION_FAILURE,2026-08-22 17:44:06,CUS_000816,MER_00015,5052.77,INR,CARD,MOBILE,AT_RISK,,0,63.5,0,False,False,809,11,1,0.558158,1260,8,8,0,1.0,3816.21,0.5857,18,NETBANKING,EDUCATION,SMALL,2436.77,0.8602,0.1398,17,5,8,8.527889778404484,1.0,3816.21,0.8602,631.59625,0,1,0,RECOVERY_REMINDER,0.5293342381011921,2672.6041582505604,reminder has strong predicted recovery value; strong customer payment history; decision margin is narrow,0.0
EVT_00005750,ALTERNATIVE_PAYMENT,True,ALLOWED,0.675457,1,2336.76,SUBSCRIPTION_FAILURE,2026-08-18 11:13:04,CUS_001588,MER_00168,2336.76,INR,UPI,MOBILE,AT_RISK,,0,60.7,0,False,False,306,15,0,0.645457,144,55,53,2,0.9636,3815.15,0.5222,33,CARD,RETAIL,LARGE,1697.36,0.8567,0.1433,11,1,8,7.756948484923774,0.9636,3815.15,0.8567,42.48654545454546,0,1,0,ALTERNATIVE_PAYMENT,0.5654462723113464,1316.3122312862617,alternative payment has strongest net expected value; strong customer payment history,2336.76
EVT_00001264,ALTERNATIVE_PAYMENT,True,ALLOWED,0.619471,1,1917.03,SUBSCRIPTION_FAILURE,2026-08-07 19:34:36,CUS_001435,MER_00018,1917.03,INR,UPI,MOBILE,AT_RISK,,0,70.52,0,False,False,560,7,0,0.589471,499,19,15,4,0.7895,2138.05,0.4142,14,UPI,E_COMMERCE,SMALL,8469.12,0.8917,0.1083,19,4,8,7.559053896614073,0.7895,2138.05,0.8917,100.89631578947369,0,0,0,ALTERNATIVE_PAYMENT,0.48784025817776644,930.2044101345235,alternative payment has strongest net expected value,1917.03
EVT_00002766,ALTERNATIVE_PAYMENT,True,ALLOWED,0.487778,1,1799.06,PAYMENT_FAILURE,2026-08-07 19:11:32,CUS_001429,MER_00118,1799.06,INR,WALLET,MOBILE,FAILED,TIMEOUT,1,7.71,0,False,False,0,0,0,0.457778,422,62,40,22,0.6452,2766.17,0.9164,85,WALLET,E_COMMERCE,MEDIUM,1563.87,0.9374,0.0626,19,4,8,7.495575276662046,0.6452,2766.17,0.9374,29.017096774193547,0,0,0,ALTERNATIVE_PAYMENT,0.5116019134515262,915.4025384141027,alternative payment has strongest net expected value,1799.06
EVT_00003973,ALTERNATIVE_PAYMENT,True,ALLOWED,0.35937,1,3241.34,SUBSCRIPTION_FAILURE,2026-08-28 03:20:22,CUS_000381,MER_00120,3241.34,INR,CARD,MOBILE,AT_RISK,,0,18.95,0,False,False,558,6,3,0.32937,37,15,14,1,0.9333,3894.29,0.6679,10,UPI,E_COMMERCE,SMALL,2459.82,0.952,0.048,3,4,8,8.084050570331632,0.9333,3894.29,0.952,216.08933333333334,0,1,0,RECOVERY_REMINDER,0.4141091178290657,1340.2684479840639,reminder has strong predicted recovery value; strong customer payment history,0.0
EVT_00008237,ALTERNATIVE_PAYMENT,True,ALLOWED,0.364846,1,4480.78,PAYMENT_FAILURE,2026-08-18 11:56:06,CUS_001848,MER_00124,4480.78,INR,CARD,MOBILE,FAILED,PAYMENT_LIMIT,3,15.31,0,False,False,0,0,0,0.184846,827,29,26,3,0.8966,3300.16,0.6695,16,UPI,TRAVEL,SMALL,2268.54,0.7268,0.2732,11,1,8,8.407775567926345,0.8966,3300.16,0.7268,154.50965517241377,0,0,1,ALTERNATIVE_PAYMENT,0.4575462254901819,2045.163976251897,alternative payment has strongest net expected value; multiple previous attempts reduce retry priority,4480.78
EVT_00008166,ALTERNATIVE_PAYMENT,True,ALLOWED,0.409198,1,1989.61,PAYMENT_FAILURE,2026-08-07 18:56:48,CUS_000358,MER_00083,1989.61,INR,CARD,MOBILE,FAILED,TIMEOUT,3,52.19,0,False,False,0,0,0,0.379198,1340,18,16,2,0.8889,3405.66,0.6016,67,CARD,FOOD_DELIVERY,MEDIUM,6899.34,0.9485,0.0515,18,4,8,7.596196403410317,0.8889,3405.66,0.9485,110.53388888888888,0,0,1,ALTERNATIVE_PAYMENT,0.34346868418975385,678.3687287507761,alternative payment has strongest net expected value; multiple previous attempts reduce retry priority,1989.61
EVT_00004133,ALTERNATIVE_PAYMENT,True,ALLOWED,0.702215,1,12256.85,PAYMENT_FAILURE,2026-08-07 18:12:22,CUS_000561,MER_00035,12256.85,INR,CARD,MOBILE,FAILED,NETWORK_ERROR,0,41.51,0,False,False,0,0,0,0.672215,818,46,45,1,0.9783,6492.86,0.7863,54,UPI,DIGITAL_SERVICES,SMALL,1661.67,0.979,0.021,18,4,8,9.413921827064296,0.9783,6492.86,0.979,266.4532608695652,1,1,0,ALTERNATIVE_PAYMENT,0.7232402376116125,8859.647106369894,alternative payment has strongest net expected value; strong customer payment history; high-value transaction,12256.85
EVT_00008216,ALTERNATIVE_PAYMENT,True,ALLOWED,0.569278,1,5487.52,PAYMENT_FAILURE,2026-08-28 03:51:44,CUS_000697,MER_00029,5487.52,INR,CARD,DESKTOP,FAILED,TIMEOUT,0,65.29,0,False,False,0,0,0,0.539278,1091,11,7,4,0.6364,5454.21,0.5094,29,NETBANKING,FOOD_DELIVERY,SMALL,5041.91,0.8787,0.1213,3,4,8,8.610413917103605,0.6364,5454.21,0.8787,498.8654545454546,0,0,0,RETRY_LATER,0.6090613940900155,3341.236581296842,delayed retry has strong predicted recovery value,0.0
EVT_00007628,ALTERNATIVE_PAYMENT,True,ALLOWED,0.57224,1,3576.53,SUBSCRIPTION_FAILURE,2026-08-22 17:41:59,CUS_001297,MER_00057,3576.53,INR,CARD,MOBILE,AT_RISK,,0,17.86,0,False,False,444,9,1,0.54224,416,17,16,1,0.9412,3001.45,0.7533,23,UPI,E_COMMERCE,MEDIUM,11931.59,0.9085,0.0915,17,5,8,8.18242789713968,0.9412,3001.45,0.9085,210.38411764705884,0,1,0,ALTERNATIVE_PAYMENT,0.5471020860007616,1951.727023644304,alternative payment has strongest net expected value; strong customer payment history; decision margin is narrow,3576.53
EVT_00000975,ALTERNATIVE_PAYMENT,True,ALLOWED,0.364478,0,0.0,PAYMENT_FAILURE,2026-08-07 17:45:59,CUS_000073,MER_00086,1395.97,INR,UPI,MOBILE,FAILED,ISSUER_DECLINE,2,60.88,0,False,False,0,0,0,0.184478,710,32,27,5,0.8438,1941.84,0.5828,55,CARD,EDUCATION,LARGE,4399.36,0.9863,0.0137,17,4,8,7.242060884437976,0.8438,1941.84,0.9863,43.6240625,0,0,1,ALTERNATIVE_PAYMENT,0.396490118080541,548.4883101368929,alternative payment has strongest net expected value; multiple previous attempts reduce retry priority,0.0
EVT_00001482,ALTERNATIVE_PAYMENT,True,ALLOWED,0.398261,0,0.0,PAYMENT_FAILURE,2026-08-07 15:37:08,CUS_000312,MER_00091,7283.71,INR,CARD,TABLET,FAILED,INSUFFICIENT_BALANCE,1,43.07,0,False,False,0,0,0,0.368261,1018,6,6,0,1.0,13491.12,0.6282,54,WALLET,EDUCATION,SMALL,20175.16,0.9906,0.0094,15,4,8,8.893532910012656,1.0,13491.12,0.9906,1213.9516666666666,0,1,0,ALTERNATIVE_PAYMENT,0.5556423626909696,4042.137833555842,alternative payment has strongest net expected value; strong customer payment history,0.0
EVT_00009030,ALTERNATIVE_PAYMENT,True,ALLOWED,0.578352,0,0.0,PAYMENT_FAILURE,2026-08-18 12:11:19,CUS_000086,MER_00150,6467.54,INR,CARD,MOBILE,FAILED,BANK_TECHNICAL_ERROR,1,63.37,0,False,False,0,0,0,0.548352,1059,52,44,8,0.8462,6822.1,0.6468,32,UPI,DIGITAL_SERVICES,LARGE,2957.32,0.8313,0.1687,12,1,8,8.774705705152703,0.8462,6822.1,0.8313,124.37576923076924,0,0,0,RETRY_LATER,0.5670879182720178,3666.6637949410056,delayed retry has strong predicted recovery value; decision margin is narrow,6467.54
EVT_00009051,ALTERNATIVE_PAYMENT,True,ALLOWED,0.555049,1,7438.04,SUBSCRIPTION_FAILURE,2026-08-28 04:11:44,CUS_000562,MER_00076,7438.04,INR,UPI,DESKTOP,AT_RISK,,0,39.32,0,False,False,723,10,1,0.525049,93,29,27,2,0.931,7691.89,0.9309,71,CARD,RETAIL,SMALL,3701.29,0.793,0.207,4,4,8,8.914497087243696,0.931,7691.89,0.793,256.48413793103447,0,1,0,ALTERNATIVE_PAYMENT,0.4772132559492763,3544.531286280955,alternative payment has strongest net expected value; strong customer payment history,7438.04
EVT_00004294,ALTERNATIVE_PAYMENT,True,ALLOWED,0.481438,0,0.0,PAYMENT_FAILURE,2026-08-07 16:55:32,CUS_000540,MER_00002,4154.01,INR,CARD,MOBILE,FAILED,EXPIRED_PAYMENT_METHOD,2,58.44,0,False,False,0,0,0,0.301438,61,40,38,2,0.95,3603.04,0.7833,1,UPI,E_COMMERCE,LARGE,9205.47,0.8725,0.1275,16,4,8,8.332070114025521,0.95,3603.04,0.8725,103.85025,0,1,1,ALTERNATIVE_PAYMENT,0.39930853394503424,1653.7316430930118,alternative payment has strongest net expected value; multiple previous attempts reduce retry priority; strong customer payment history,0.0
EVT_00002295,ALTERNATIVE_PAYMENT,True,ALLOWED,0.418573,0,0.0,PAYMENT_FAILURE,2026-08-18 12:12:30,CUS_001349,MER_00019,2352.38,INR,NETBANKING,MOBILE,FAILED,NETWORK_ERROR,3,66.13,0,False,False,0,0,0,0.388573,1110,10,10,0,1.0,2710.67,0.6591,85,UPI,FOOD_DELIVERY,MEDIUM,3617.98,0.9102,0.0898,12,1,8,7.763607871650894,1.0,2710.67,0.9102,235.238,0,1,1,ALTERNATIVE_PAYMENT,0.4563246190352388,1068.4489073261152,alternative payment has strongest net expected value; multiple previous attempts reduce retry priority; strong customer payment history,0.0
EVT_00004808,ALTERNATIVE_PAYMENT,True,ALLOWED,0.757803,1,3973.23,CHECKOUT_ABANDONMENT,2026-08-07 16:53:33,CUS_001083,MER_00026,3973.23,INR,UPI,DESKTOP,AT_RISK,,0,19.92,408,True,False,0,0,0,0.727803,1438,22,20,2,0.9091,4483.67,0.4705,76,CARD,SAAS,LARGE,6343.17,0.7939,0.2061,16,4,8,8.287586297632268,0.9091,4483.67,0.7939,180.60136363636363,0,1,0,RECOVERY_REMINDER,0.9129285260515693,3625.2750075638764,reminder has strong predicted recovery value; strong customer payment history,3973.23
EVT_00000743,ALTERNATIVE_PAYMENT,True,ALLOWED,0.34627,0,0.0,SUBSCRIPTION_FAILURE,2026-08-28 04:32:03,CUS_001157,MER_00158,3359.42,INR,UPI,MOBILE,AT_RISK,,0,60.35,0,False,False,407,16,3,0.31627,206,61,58,3,0.9508,2190.95,0.7471,19,UPI,SAAS,MEDIUM,23542.32,0.8428,0.1572,4,4,8,8.1198212451454,0.9508,2190.95,0.8428,55.072459016393445,0,1,0,RECOVERY_REMINDER,0.4971681726543352,1668.1967025784268,reminder has strong predicted recovery value; strong customer payment history,3359.42
EVT_00006783,ALTERNATIVE_PAYMENT,True,ALLOWED,0.37537,0,0.0,PAYMENT_FAILURE,2026-08-07 16:45:27,CUS_000242,MER_00173,2199.6,INR,NETBANKING,MOBILE,FAILED,TIMEOUT,3,24.93,0,False,False,0,0,0,0.34537,888,53,42,11,0.7925,2368.84,0.971,44,CARD,DIGITAL_SERVICES,MEDIUM,866.54,0.9435,0.0565,16,4,8,7.696485329435812,0.7925,2368.84,0.9435,41.50188679245283,0,0,1,ALTERNATIVE_PAYMENT,0.3741916695643111,818.0719963736586,alternative payment has strongest net expected value; multiple previous attempts reduce retry priority,0.0
EVT_00002897,ALTERNATIVE_PAYMENT,True,ALLOWED,0.218792,0,0.0,PAYMENT_FAILURE,2026-08-22 17:34:42,CUS_000426,MER_00137,8219.27,INR,UPI,DESKTOP,FAILED,INSUFFICIENT_BALANCE,3,56.25,0,False,False,0,0,0,0.188792,323,45,39,6,0.8667,8463.16,0.4627,40,NETBANKING,SAAS,MEDIUM,8339.15,0.9561,0.0439,17,5,8,9.014358334226113,0.8667,8463.16,0.9561,182.65044444444445,0,0,1,ALTERNATIVE_PAYMENT,0.20731485125790478,1698.976737498559,alternative payment has strongest net expected value; multiple previous attempts reduce retry priority,0.0
EVT_00008741,ALTERNATIVE_PAYMENT,True,ALLOWED,0.685518,1,2427.58,SUBSCRIPTION_FAILURE,2026-08-18 12:38:09,CUS_001743,MER_00045,2427.58,INR,WALLET,DESKTOP,AT_RISK,,0,6.29,0,False,False,421,23,0,0.655518,700,75,70,5,0.9333,2315.1,0.9738,42,UPI,FOOD_DELIVERY,MEDIUM,1683.01,0.9677,0.0323,12,1,8,7.795062003388576,0.9333,2315.1,0.9677,32.367733333333334,0,1,0,RECOVERY_REMINDER,0.5576049150734605,1351.6305397340313,reminder has strong predicted recovery value; strong customer payment history,2427.58
EVT_00005429,ALTERNATIVE_PAYMENT,True,ALLOWED,0.532411,1,3257.34,SUBSCRIPTION_FAILURE,2026-08-07 16:15:00,CUS_001770,MER_00003,3257.34,INR,UPI,DESKTOP,AT_RISK,,0,43.22,0,False,False,692,21,1,0.502411,319,27,24,3,0.8889,4215.74,0.7502,79,UPI,DIGITAL_SERVICES,SMALL,2951.94,0.8109,0.1891,16,4,8,8.088973142219169,0.8889,4215.74,0.8109,120.64222222222223,0,0,0,ALTERNATIVE_PAYMENT,0.5516862566163386,1792.0297111266646,alternative payment has strongest net expected value,3257.34
EVT_00003102,ALTERNATIVE_PAYMENT,True,ALLOWED,0.450602,1,851.91,PAYMENT_FAILURE,2026-08-28 05:34:51,CUS_000459,MER_00067,851.91,INR,UPI,MOBILE,FAILED,TIMEOUT,2,18.14,0,False,False,0,0,0,0.420602,1265,38,31,7,0.8158,1852.17,0.7041,81,CARD,TRAVEL,SMALL,6615.57,0.8781,0.1219,5,4,8,6.748654031960281,0.8158,1852.17,0.8781,22.418684210526315,0,0,1,ALTERNATIVE_PAYMENT,0.47350719933321256,398.3855181839571,alternative payment has strongest net expected value; multiple previous attempts reduce retry priority,851.91
EVT_00002772,ALTERNATIVE_PAYMENT,True,ALLOWED,0.491494,1,26009.0,PAYMENT_FAILURE,2026-08-07 16:08:00,CUS_001649,MER_00052,26009.0,INR,NETBANKING,DESKTOP,FAILED,BANK_TECHNICAL_ERROR,3,31.88,0,False,False,0,0,0,0.461494,1465,79,69,10,0.8734,19864.32,0.7157,80,CARD,RETAIL,LARGE,8899.2,0.9756,0.0244,16,4,8,10.166236358442697,0.8734,19864.32,0.9756,329.2278481012658,1,0,1,HUMAN_ESCALATION,0.5847510043375808,14958.788871816138,high-value case eligible for human escalation; multiple previous attempts reduce retry priority; high-value transaction,26009.0
EVT_00008541,ALTERNATIVE_PAYMENT,True,ALLOWED,0.551753,0,0.0,CHECKOUT_ABANDONMENT,2026-08-07 17:00:43,CUS_001104,MER_00139,924.56,INR,CARD,MOBILE,AT_RISK,,0,71.1,194,False,False,0,0,0,0.521753,251,35,29,6,0.8286,2086.49,0.5735,65,CARD,FOOD_DELIVERY,SMALL,4070.36,0.9874,0.0126,17,4,8,6.830398959733908,0.8286,2086.49,0.9874,26.415999999999997,0,0,0,RECOVERY_REMINDER,0.5979845253711822,550.8725727771802,reminder has strong predicted recovery value,0.0
EVT_00000928,ALTERNATIVE_PAYMENT,True,ALLOWED,0.661744,1,6433.57,PAYMENT_FAILURE,2026-08-07 06:32:58,CUS_001049,MER_00107,6433.57,INR,UPI,MOBILE,FAILED,TIMEOUT,0,70.76,0,False,False,0,0,0,0.631744,1012,14,12,2,0.8571,2265.92,0.3675,54,CARD,E_COMMERCE,SMALL,15795.0,0.9309,0.0691,6,4,8,8.76944029573071,0.8571,2265.92,0.9309,459.5407142857143,0,0,0,RETRY_LATER,0.6443010460430099,4144.155880790927,delayed retry has strong predicted recovery value; decision margin is narrow,6433.57
EVT_00006506,ALTERNATIVE_PAYMENT,True,ALLOWED,0.405541,1,4496.91,PAYMENT_FAILURE,2026-08-18 15:41:58,CUS_000263,MER_00055,4496.91,INR,UPI,DESKTOP,FAILED,ISSUER_DECLINE,0,56.03,0,False,False,0,0,0,0.225541,470,3,2,1,0.6667,4597.86,0.9154,64,CARD,DIGITAL_SERVICES,LARGE,4613.21,0.7204,0.2796,15,1,8,8.41136812342624,0.6667,4597.86,0.7204,1498.97,0,0,0,ALTERNATIVE_PAYMENT,0.46776502201489395,2098.4972051489967,alternative payment has strongest net expected value,4496.91
EVT_00009701,ALTERNATIVE_PAYMENT,True,ALLOWED,0.720007,1,3116.07,CHECKOUT_ABANDONMENT,2026-08-07 05:34:10,CUS_001050,MER_00085,3116.07,INR,CARD,MOBILE,AT_RISK,,0,19.49,714,True,False,0,0,0,0.690007,205,56,44,12,0.7857,2835.15,0.7523,88,UPI,EDUCATION,SMALL,4896.74,0.8068,0.1932,5,4,8,8.04464873700635,0.7857,2835.15,0.8068,55.644107142857145,0,0,0,RECOVERY_REMINDER,0.9131726990799289,2843.5100524219943,reminder has strong predicted recovery value,3116.07
EVT_00002875,ALTERNATIVE_PAYMENT,True,ALLOWED,0.375566,1,2067.2,PAYMENT_FAILURE,2026-08-06 23:33:35,CUS_001650,MER_00161,2067.2,INR,NETBANKING,MOBILE,FAILED,INSUFFICIENT_BALANCE,0,57.84,0,False,False,0,0,0,0.345566,1259,59,44,15,0.7458,2053.34,0.8067,35,UPI,SAAS,SMALL,3979.68,0.9713,0.0287,23,3,8,7.634433942750874,0.7458,2053.34,0.9713,35.037288135593215,0,0,0,ALTERNATIVE_PAYMENT,0.4020260884809894,826.0683301079013,alternative payment has strongest net expected value; decision margin is narrow,2067.2
EVT_00005410,ALTERNATIVE_PAYMENT,True,ALLOWED,0.59368,1,2311.11,PAYMENT_FAILURE,2026-08-28 14:10:04,CUS_001486,MER_00122,2311.11,INR,NETBANKING,MOBILE,FAILED,TIMEOUT,1,3.99,0,False,False,0,0,0,0.56368,1298,3,3,0,1.0,2854.64,0.7992,28,UPI,TRAVEL,LARGE,1261.74,0.7975,0.2025,14,4,8,7.745915806515149,1.0,2854.64,0.7975,770.37,0,1,0,ALTERNATIVE_PAYMENT,0.5470251122673642,1259.235207212228,alternative payment has strongest net expected value; strong customer payment history,2311.11
EVT_00009662,ALTERNATIVE_PAYMENT,True,ALLOWED,0.377116,1,3321.04,PAYMENT_FAILURE,2026-08-22 15:02:35,CUS_001407,MER_00047,3321.04,INR,UPI,MOBILE,FAILED,BANK_TECHNICAL_ERROR,3,25.42,0,False,False,0,0,0,0.347116,540,29,23,6,0.7931,2656.42,0.7102,10,UPI,DIGITAL_SERVICES,SMALL,5866.47,0.813,0.187,15,5,8,8.108334331039941,0.7931,2656.42,0.813,114.51862068965517,0,0,1,ALTERNATIVE_PAYMENT,0.4187885991263449,1385.8136892425566,alternative payment has strongest net expected value; multiple previous attempts reduce retry priority,3321.04
EVT_00009769,ALTERNATIVE_PAYMENT,True,ALLOWED,0.377962,1,2499.91,PAYMENT_FAILURE,2026-08-06 23:10:19,CUS_000521,MER_00194,2499.91,INR,CARD,MOBILE,FAILED,TIMEOUT,3,1.74,0,False,False,0,0,0,0.347962,556,35,31,4,0.8857,2073.52,0.7227,50,UPI,TRAVEL,LARGE,3878.8,0.7793,0.2207,23,3,8,7.824409944624364,0.8857,2073.52,0.7793,71.426,0,0,1,ALTERNATIVE_PAYMENT,0.4176291065707193,1039.0351798072068,alternative payment has strongest net expected value; multiple previous attempts reduce retry priority,2499.91
EVT_00003764,ALTERNATIVE_PAYMENT,True,ALLOWED,0.742248,1,4237.52,CHECKOUT_ABANDONMENT,2026-08-18 19:44:02,CUS_001271,MER_00103,4237.52,INR,NETBANKING,MOBILE,AT_RISK,,0,16.96,287,True,False,0,0,0,0.712248,572,14,11,3,0.7857,3362.71,0.3868,11,UPI,FOOD_DELIVERY,SMALL,12886.43,0.9255,0.0745,19,1,8,8.351969430687793,0.7857,3362.71,0.9255,302.68,0,0,0,RECOVERY_REMINDER,0.848158710528481,3592.089499038649,reminder has strong predicted recovery value,4237.52
EVT_00003414,ALTERNATIVE_PAYMENT,True,ALLOWED,0.280606,0,0.0,PAYMENT_FAILURE,2026-08-06 22:40:01,CUS_000210,MER_00062,1940.63,INR,WALLET,MOBILE,FAILED,INSUFFICIENT_BALANCE,2,44.79,0,False,False,0,0,0,0.250606,1174,11,10,1,0.9091,2424.25,0.9132,15,NETBANKING,SAAS,SMALL,1825.36,0.9707,0.0293,22,3,8,7.571283105467312,0.9091,2424.25,0.9707,176.4209090909091,0,1,1,ALTERNATIVE_PAYMENT,0.3194326777787062,614.9006374776907,alternative payment has strongest net expected value; multiple previous attempts reduce retry priority; strong customer payment history,0.0
EVT_00002671,ALTERNATIVE_PAYMENT,True,ALLOWED,0.764699,1,565.47,CHECKOUT_ABANDONMENT,2026-08-28 14:38:33,CUS_001931,MER_00014,565.47,INR,NETBANKING,MOBILE,AT_RISK,,0,34.68,178,True,True,0,0,0,0.734699,161,56,52,4,0.9286,2283.61,0.7932,78,CARD,FOOD_DELIVERY,SMALL,3627.04,0.8438,0.1562,14,4,8,6.339424122313817,0.9286,2283.61,0.8438,10.097678571428572,0,1,0,RECOVERY_REMINDER,0.8839410480501572,497.84214444092237,reminder has strong predicted recovery value; strong customer payment history,565.47
EVT_00003219,ALTERNATIVE_PAYMENT,True,ALLOWED,0.427844,1,2596.16,PAYMENT_FAILURE,2026-08-06 22:21:59,CUS_000148,MER_00096,2596.16,INR,CARD,DESKTOP,FAILED,INSUFFICIENT_BALANCE,0,7.11,0,False,False,0,0,0,0.397844,373,74,67,7,0.9054,1899.66,0.7169,18,UPI,TRAVEL,MEDIUM,3014.41,0.9456,0.0544,22,3,8,7.862173819314438,0.9054,1899.66,0.9456,35.08324324324324,0,1,0,ALTERNATIVE_PAYMENT,0.4286386513511369,1107.8145210917673,alternative payment has strongest net expected value; strong customer payment history,2596.16
EVT_00006720,ALTERNATIVE_PAYMENT,True,ALLOWED,0.322314,1,3017.66,SUBSCRIPTION_FAILURE,2026-08-18 20:04:18,CUS_000554,MER_00193,3017.66,INR,UPI,MOBILE,AT_RISK,,0,9.63,0,False,False,114,3,2,0.292314,497,16,15,1,0.9375,5711.66,0.7739,37,UPI,DIGITAL_SERVICES,MEDIUM,8184.15,0.9805,0.0195,20,1,8,8.01256830329185,0.9375,5711.66,0.9805,188.60375,0,1,0,RECOVERY_REMINDER,0.38169422969565997,1149.8234091834051,reminder has strong predicted recovery value; strong customer payment history; decision margin is narrow,0.0
EVT_00002434,ALTERNATIVE_PAYMENT,True,ALLOWED,0.589995,1,11244.21,CHECKOUT_ABANDONMENT,2026-08-06 21:14:48,CUS_000172,MER_00024,11244.21,INR,UPI,MOBILE,AT_RISK,,0,35.47,303,False,False,0,0,0,0.559995,162,59,52,7,0.8814,6381.4,0.7667,40,UPI,DIGITAL_SERVICES,SMALL,6952.02,0.952,0.048,21,3,8,9.327697539185692,0.8814,6381.4,0.952,190.57983050847457,1,0,0,RECOVERY_REMINDER,0.7446312220618895,8370.789833420518,reminder has strong predicted recovery value; high-value transaction,11244.21
EVT_00002191,ALTERNATIVE_PAYMENT,True,ALLOWED,0.190901,0,0.0,PAYMENT_FAILURE,2026-08-28 14:39:25,CUS_001617,MER_00106,370.03,INR,NETBANKING,MOBILE,FAILED,INSUFFICIENT_BALANCE,3,27.33,0,False,False,0,0,0,0.160901,1197,5,4,1,0.8,2165.92,0.9129,89,CARD,SAAS,SMALL,2564.56,0.9372,0.0628,14,4,8,5.91628292187193,0.8,2165.92,0.9372,74.006,0,0,1,ALTERNATIVE_PAYMENT,0.32282112891061704,114.45350233079562,alternative payment has strongest net expected value; multiple previous attempts reduce retry priority,0.0
EVT_00000036,ALTERNATIVE_PAYMENT,True,ALLOWED,0.42715,1,1038.63,PAYMENT_FAILURE,2026-08-06 23:35:10,CUS_000110,MER_00008,1038.63,INR,WALLET,MOBILE,FAILED,BANK_TECHNICAL_ERROR,3,9.27,0,False,False,0,0,0,0.39715,1066,23,21,2,0.913,1108.7,0.6428,69,CARD,DIGITAL_SERVICES,MEDIUM,6017.04,0.8847,0.1153,23,3,8,6.9466201596037624,0.913,1108.7,0.8847,45.157826086956526,0,1,1,ALTERNATIVE_PAYMENT,0.3527634006937569,361.39065086255675,alternative payment has strongest net expected value; multiple previous attempts reduce retry priority; strong customer payment history,1038.63
EVT_00003149,ALTERNATIVE_PAYMENT,True,ALLOWED,0.590856,0,0.0,PAYMENT_FAILURE,2026-08-06 20:21:44,CUS_000947,MER_00023,6531.85,INR,WALLET,MOBILE,FAILED,NETWORK_ERROR,1,6.31,0,False,False,0,0,0,0.560856,1460,47,47,0,1.0,3337.38,0.8065,45,CARD,DIGITAL_SERVICES,SMALL,1219.34,0.8554,0.1446,20,3,8,8.784598574222038,1.0,3337.38,0.8554,138.97553191489362,0,1,0,RECOVERY_REMINDER,0.5393417222043031,3520.8992281801775,reminder has strong predicted recovery value; strong customer payment history; decision margin is narrow,0.0
EVT_00005830,ALTERNATIVE_PAYMENT,True,ALLOWED,0.454144,0,0.0,PAYMENT_FAILURE,2026-08-18 20:07:05,CUS_001055,MER_00174,10643.04,INR,CARD,MOBILE,FAILED,ISSUER_DECLINE,1,71.74,0,False,False,0,0,0,0.274144,142,63,56,7,0.8889,11139.55,0.5798,14,UPI,E_COMMERCE,SMALL,39917.69,0.9894,0.0106,20,1,8,9.272755390076238,0.8889,11139.55,0.9894,168.93714285714287,1,0,0,RECOVERY_REMINDER,0.4524314090436593,4813.245583708028,reminder has strong predicted recovery value; high-value transaction,0.0
EVT_00006804,ALTERNATIVE_PAYMENT,True,ALLOWED,0.624145,0,0.0,PAYMENT_FAILURE,2026-08-06 20:18:14,CUS_001078,MER_00028,1845.5,INR,UPI,MOBILE,FAILED,EXPIRED_PAYMENT_METHOD,0,24.22,0,False,False,0,0,0,0.444145,273,65,59,6,0.9077,5776.61,0.9407,45,CARD,RETAIL,SMALL,5325.69,0.8758,0.1242,20,3,8,7.521047234292618,0.9077,5776.61,0.8758,28.392307692307693,0,1,0,RECOVERY_REMINDER,0.5523664867661915,1017.3923513270064,reminder has strong predicted recovery value; strong customer payment history,1845.5
EVT_00000333,ALTERNATIVE_PAYMENT,True,ALLOWED,0.440369,0,0.0,PAYMENT_FAILURE,2026-08-28 14:42:27,CUS_001322,MER_00124,2647.12,INR,CARD,MOBILE,FAILED,NETWORK_ERROR,2,39.17,0,False,False,0,0,0,0.410369,433,13,12,1,0.9231,1840.71,0.7559,7,UPI,TRAVEL,SMALL,2268.54,0.7268,0.2732,14,4,8,7.8816052332506485,0.9231,1840.71,0.7268,203.62461538461537,0,1,1,RECOVERY_REMINDER,0.43757860912560836,1156.3230877885803,reminder has strong predicted recovery value; multiple previous attempts reduce retry priority; strong customer payment history; decision margin is narrow,2647.12
EVT_00008150,ALTERNATIVE_PAYMENT,True,ALLOWED,0.786069,1,6971.67,CHECKOUT_ABANDONMENT,2026-08-06 15:05:38,CUS_000131,MER_00056,6971.67,INR,UPI,DESKTOP,AT_RISK,,0,8.96,839,True,False,0,0,0,0.756069,861,57,52,5,0.9123,8378.88,0.5617,41,UPI,SAAS,SMALL,1706.75,0.9351,0.0649,15,3,8,8.849753500703166,0.9123,8378.88,0.9351,122.31,0,1,0,RECOVERY_REMINDER,0.9322482138731077,6497.326905212729,reminder has strong predicted recovery value; strong customer payment history,6971.67
EVT_00003146,ALTERNATIVE_PAYMENT,True,ALLOWED,0.247143,0,0.0,PAYMENT_FAILURE,2026-08-18 21:01:08,CUS_000480,MER_00116,794.6,INR,CARD,DESKTOP,FAILED,INSUFFICIENT_BALANCE,2,2.04,0,False,False,0,0,0,0.217143,190,11,9,2,0.8182,1606.23,0.5945,46,CARD,E_COMMERCE,SMALL,2851.89,0.9217,0.0783,21,1,8,6.679096546979817,0.8182,1606.23,0.9217,72.23636363636363,0,0,1,ALTERNATIVE_PAYMENT,0.37890047021939227,296.0743136363291,alternative payment has strongest net expected value; multiple previous attempts reduce retry priority,0.0
EVT_00000527,ALTERNATIVE_PAYMENT,True,ALLOWED,0.465948,1,6567.81,PAYMENT_FAILURE,2026-08-06 14:01:44,CUS_001764,MER_00105,6567.81,INR,NETBANKING,MOBILE,FAILED,TIMEOUT,1,3.58,0,False,False,0,0,0,0.435948,914,51,29,22,0.5686,4186.42,0.6093,8,UPI,SAAS,LARGE,3288.97,0.911,0.089,14,3,8,8.79008796874149,0.5686,4186.42,0.911,128.78058823529412,0,0,0,ALTERNATIVE_PAYMENT,0.5379526061654701,3528.1705062996366,alternative payment has strongest net expected value,6567.81
EVT_00005687,ALTERNATIVE_PAYMENT,True,ALLOWED,0.673768,1,4031.43,PAYMENT_FAILURE,2026-08-28 14:49:36,CUS_000487,MER_00124,4031.43,INR,CARD,MOBILE,FAILED,BANK_TECHNICAL_ERROR,0,65.86,0,False,False,0,0,0,0.643768,521,20,19,1,0.95,4432.97,0.4535,57,UPI,TRAVEL,SMALL,2268.54,0.7268,0.2732,14,4,8,8.302124450890233,0.95,4432.97,0.7268,201.5715,0,1,0,ALTERNATIVE_PAYMENT,0.6761951909383871,2721.0335786047417,alternative payment has strongest net expected value; strong customer payment history,4031.43
EVT_00009853,ALTERNATIVE_PAYMENT,True,ALLOWED,0.19117,1,1224.52,PAYMENT_FAILURE,2026-08-06 13:13:41,CUS_001139,MER_00151,1224.52,INR,UPI,MOBILE,FAILED,INSUFFICIENT_BALANCE,3,17.13,0,False,False,0,0,0,0.16117,1123,38,30,8,0.7895,2733.61,0.4813,18,UPI,TRAVEL,MEDIUM,1657.94,0.9487,0.0513,13,3,8,7.11112052270444,0.7895,2733.61,0.9487,32.22421052631579,0,0,1,ALTERNATIVE_PAYMENT,0.1850990624785985,221.65750398629345,alternative payment has strongest net expected value; multiple previous attempts reduce retry priority,1224.52
EVT_00005825,ALTERNATIVE_PAYMENT,True,ALLOWED,0.332476,0,0.0,PAYMENT_FAILURE,2026-08-22 14:56:35,CUS_001708,MER_00032,10975.68,INR,WALLET,MOBILE,FAILED,ISSUER_DECLINE,2,3.17,0,False,False,0,0,0,0.152476,1371,60,43,17,0.7167,8634.62,0.6103,86,CARD,TRAVEL,SMALL,7142.77,0.8186,0.1814,14,5,8,9.303528301399407,0.7167,8634.62,0.8186,182.928,1,0,1,ALTERNATIVE_PAYMENT,0.39879864118058583,4372.086270032933,alternative payment has strongest net expected value; multiple previous attempts reduce retry priority; high-value transaction,0.0
EVT_00007467,ALTERNATIVE_PAYMENT,True,ALLOWED,0.336593,0,0.0,SUBSCRIPTION_FAILURE,2026-08-06 13:12:21,CUS_001102,MER_00041,22557.41,INR,UPI,DESKTOP,AT_RISK,,0,46.87,0,False,False,720,4,2,0.306593,719,11,10,1,0.9091,6235.81,0.7523,32,CARD,TRAVEL,MEDIUM,3690.69,0.8746,0.1254,13,3,8,10.023863224404849,0.9091,6235.81,0.8746,2050.6736363636364,1,1,0,RECOVERY_REMINDER,0.5164830061460486,11648.518927668938,reminder has strong predicted recovery value; strong customer payment history; high-value transaction,0.0
EVT_00001249,ALTERNATIVE_PAYMENT,True,ALLOWED,0.60549,1,1057.5,PAYMENT_FAILURE,2026-08-28 14:58:24,CUS_001203,MER_00157,1057.5,INR,CARD,MOBILE,FAILED,EXPIRED_PAYMENT_METHOD,0,69.58,0,False,False,0,0,0,0.42549,1477,61,53,8,0.8689,1530.88,0.633,66,CARD,E_COMMERCE,MEDIUM,5657.2,0.8635,0.1365,14,4,8,6.96460809057492,0.8689,1530.88,0.8635,17.33606557377049,0,0,0,ALTERNATIVE_PAYMENT,0.5418848889103169,568.0432700226602,alternative payment has strongest net expected value,1057.5
EVT_00004557,ALTERNATIVE_PAYMENT,True,ALLOWED,0.428092,1,2249.74,PAYMENT_FAILURE,2026-08-22 14:59:29,CUS_000130,MER_00025,2249.74,INR,CARD,MOBILE,FAILED,NETWORK_ERROR,2,69.78,0,False,False,0,0,0,0.398092,963,26,20,6,0.7692,3008.69,0.7995,77,UPI,DIGITAL_SERVICES,MEDIUM,770.56,0.9566,0.0434,14,5,8,7.719014330015259,0.7692,3008.69,0.9566,86.52846153846153,0,0,1,ALTERNATIVE_PAYMENT,0.4369837961949948,978.0999256517274,alternative payment has strongest net expected value; multiple previous attempts reduce retry priority,2249.74
EVT_00003451,ALTERNATIVE_PAYMENT,True,ALLOWED,0.794686,1,11262.33,CHECKOUT_ABANDONMENT,2026-08-18 19:21:50,CUS_000747,MER_00104,11262.33,INR,UPI,DESKTOP,AT_RISK,,0,48.5,393,True,False,0,0,0,0.764686,812,18,17,1,0.9444,5198.42,0.9146,6,CARD,FOOD_DELIVERY,SMALL,12154.73,0.8804,0.1196,19,1,8,9.329307595094637,0.9444,5198.42,0.8804,625.685,1,1,0,RECOVERY_REMINDER,0.9251423346674608,10417.258269995384,reminder has strong predicted recovery value; strong customer payment history; high-value transaction,11262.33
EVT_00005133,ALTERNATIVE_PAYMENT,True,ALLOWED,0.600558,1,2015.62,PAYMENT_FAILURE,2026-08-28 13:24:58,CUS_001182,MER_00064,2015.62,INR,WALLET,MOBILE,FAILED,TIMEOUT,1,62.62,0,False,False,0,0,0,0.570558,1393,16,15,1,0.9375,2454.66,0.5775,48,NETBANKING,TRAVEL,SMALL,4568.4,0.9534,0.0466,13,4,8,7.609178121593164,0.9375,2454.66,0.9534,125.97625,0,1,0,RETRY_LATER,0.5639075602719076,1135.6233566352623,delayed retry has strong predicted recovery value; strong customer payment history; decision margin is narrow,0.0
EVT_00004471,ALTERNATIVE_PAYMENT,True,ALLOWED,0.318219,0,0.0,SUBSCRIPTION_FAILURE,2026-08-07 00:47:51,CUS_001780,MER_00022,9067.23,INR,UPI,DESKTOP,AT_RISK,,0,59.5,0,False,False,381,1,2,0.288219,1036,36,34,2,0.9444,5955.71,0.7308,25,UPI,DIGITAL_SERVICES,LARGE,2602.03,0.8671,0.1329,0,4,8,9.112532375222832,0.9444,5955.71,0.8671,251.86749999999998,0,1,0,RECOVERY_REMINDER,0.3424866233725443,3103.4049860422347,reminder has strong predicted recovery value; strong customer payment history; decision margin is narrow,0.0
EVT_00006199,ALTERNATIVE_PAYMENT,True,ALLOWED,0.459278,0,0.0,SUBSCRIPTION_FAILURE,2026-08-28 10:01:57,CUS_000948,MER_00029,4224.21,INR,NETBANKING,MOBILE,AT_RISK,,0,65.64,0,False,False,451,17,2,0.429278,227,40,38,2,0.95,6057.83,0.9439,34,NETBANKING,FOOD_DELIVERY,SMALL,5041.91,0.8787,0.1213,10,4,8,8.348824242698075,0.95,6057.83,0.8787,105.60525,0,1,0,ALTERNATIVE_PAYMENT,0.4397101591884889,1852.4280515456066,alternative payment has strongest net expected value; strong customer payment history,0.0
EVT_00002507,ALTERNATIVE_PAYMENT,True,ALLOWED,0.560151,0,0.0,SUBSCRIPTION_FAILURE,2026-08-07 05:06:20,CUS_001083,MER_00162,4834.08,INR,CARD,MOBILE,AT_RISK,,0,0.44,0,False,False,527,10,1,0.530151,1438,22,20,2,0.9091,4483.67,0.4705,76,CARD,DIGITAL_SERVICES,LARGE,1610.3,0.8922,0.1078,5,4,8,8.483652953769125,0.9091,4483.67,0.8922,219.73090909090908,0,1,0,ALTERNATIVE_PAYMENT,0.5101347233853226,2461.03206362252,alternative payment has strongest net expected value; strong customer payment history,0.0
EVT_00002341,ALTERNATIVE_PAYMENT,True,ALLOWED,0.330013,0,0.0,PAYMENT_FAILURE,2026-08-22 15:34:49,CUS_000061,MER_00117,9921.94,INR,CARD,DESKTOP,FAILED,ISSUER_DECLINE,3,49.94,0,False,False,0,0,0,0.150013,1386,71,66,5,0.9296,12218.24,0.309,75,WALLET,TRAVEL,SMALL,11500.96,0.8461,0.1539,15,5,8,9.20260452733746,0.9296,12218.24,0.8461,139.7456338028169,0,1,1,ALTERNATIVE_PAYMENT,0.390328742976376,3867.8183680870243,alternative payment has strongest net expected value; multiple previous attempts reduce retry priority; strong customer payment history,0.0
EVT_00009735,ALTERNATIVE_PAYMENT,True,ALLOWED,0.281361,0,0.0,PAYMENT_FAILURE,2026-08-18 15:42:59,CUS_001431,MER_00116,7627.47,INR,UPI,MOBILE,FAILED,INSUFFICIENT_BALANCE,2,2.69,0,False,False,0,0,0,0.251361,721,20,18,2,0.9,5390.06,0.7627,3,CARD,E_COMMERCE,SMALL,2851.89,0.9217,0.0783,15,1,8,8.939642579924433,0.9,5390.06,0.9217,381.37350000000004,0,1,1,RECOVERY_REMINDER,0.3401923759428245,2592.8071417326155,reminder has strong predicted recovery value; multiple previous attempts reduce retry priority; strong customer payment history,7627.47
EVT_00003278,ALTERNATIVE_PAYMENT,True,ALLOWED,0.265402,0,0.0,PAYMENT_FAILURE,2026-08-07 04:20:49,CUS_001124,MER_00093,3929.66,INR,UPI,MOBILE,FAILED,INSUFFICIENT_BALANCE,2,0.08,0,False,False,0,0,0,0.235402,388,49,42,7,0.8571,2513.45,0.8455,83,UPI,RETAIL,MEDIUM,968.76,0.94,0.06,4,4,8,8.27656262969444,0.8571,2513.45,0.94,80.19714285714285,0,0,1,RECOVERY_REMINDER,0.31822663749327773,1248.5224882918337,reminder has strong predicted recovery value; multiple previous attempts reduce retry priority,3929.66
EVT_00001408,ALTERNATIVE_PAYMENT,True,ALLOWED,0.38038,1,3978.1,PAYMENT_FAILURE,2026-08-28 10:35:10,CUS_000846,MER_00036,3978.1,INR,UPI,MOBILE,FAILED,INSUFFICIENT_BALANCE,0,69.39,0,False,False,0,0,0,0.35038,37,37,33,4,0.8919,5094.26,0.7454,44,CARD,SAAS,MEDIUM,1103.05,0.7,0.3,10,4,8,8.288810942053825,0.8919,5094.26,0.7,107.51621621621621,0,0,0,RECOVERY_REMINDER,0.4253337531744292,1690.0202035031966,reminder has strong predicted recovery value,0.0
EVT_00002313,ALTERNATIVE_PAYMENT,True,ALLOWED,0.431782,1,4906.83,PAYMENT_FAILURE,2026-08-07 03:51:38,CUS_000505,MER_00066,4906.83,INR,UPI,MOBILE,FAILED,PAYMENT_LIMIT,2,61.09,0,False,False,0,0,0,0.251782,432,5,4,1,0.8,4157.02,0.9678,77,UPI,FOOD_DELIVERY,SMALL,10924.95,0.9585,0.0415,3,4,8,8.498587167904102,0.8,4157.02,0.9585,981.366,0,0,1,ALTERNATIVE_PAYMENT,0.42586324617573795,2084.6385522324963,alternative payment has strongest net expected value; multiple previous attempts reduce retry priority,4906.83
EVT_00003342,ALTERNATIVE_PAYMENT,True,ALLOWED,0.801468,1,3425.96,CHECKOUT_ABANDONMENT,2026-08-18 16:22:02,CUS_001499,MER_00116,3425.96,INR,CARD,MOBILE,AT_RISK,,0,64.81,372,True,False,0,0,0,0.771468,716,10,10,0,1.0,4560.85,0.2566,88,CARD,E_COMMERCE,SMALL,2851.89,0.9217,0.0783,16,1,8,8.13942884979015,1.0,4560.85,0.9217,342.596,0,1,0,RECOVERY_REMINDER,0.9134326894408002,3127.383856716604,reminder has strong predicted recovery value; strong customer payment history,3425.96
EVT_00004053,ALTERNATIVE_PAYMENT,True,ALLOWED,0.631803,0,0.0,PAYMENT_FAILURE,2026-08-07 03:29:16,CUS_000790,MER_00057,1388.47,INR,UPI,DESKTOP,FAILED,TIMEOUT,0,15.96,0,False,False,0,0,0,0.601803,48,66,54,12,0.8182,1657.02,0.6609,36,UPI,E_COMMERCE,MEDIUM,11931.59,0.9085,0.0915,3,4,8,7.236677658449301,0.8182,1657.02,0.9085,21.037424242424244,0,0,0,RETRY_LATER,0.6433029063278208,892.2067863489895,delayed retry has strong predicted recovery value,0.0
EVT_00007385,ALTERNATIVE_PAYMENT,True,ALLOWED,0.439426,0,0.0,PAYMENT_FAILURE,2026-08-28 10:42:57,CUS_000456,MER_00089,11566.13,INR,CARD,DESKTOP,FAILED,BANK_TECHNICAL_ERROR,3,26.46,0,False,False,0,0,0,0.409426,846,38,33,5,0.8684,18918.89,0.7955,57,CARD,SAAS,MEDIUM,416.38,0.9005,0.0995,10,4,8,9.355922734101442,0.8684,18918.89,0.9005,304.3718421052631,1,0,1,ALTERNATIVE_PAYMENT,0.39840323267750577,4602.983581568279,alternative payment has strongest net expected value; multiple previous attempts reduce retry priority; high-value transaction,0.0
EVT_00002071,ALTERNATIVE_PAYMENT,True,ALLOWED,0.395924,0,0.0,PAYMENT_FAILURE,2026-08-07 03:21:26,CUS_001115,MER_00001,2413.11,INR,CARD,MOBILE,FAILED,ISSUER_DECLINE,2,65.59,0,False,False,0,0,0,0.215924,315,29,28,1,0.9655,5922.58,0.6011,88,CARD,FOOD_DELIVERY,SMALL,6229.18,0.9913,0.0087,3,4,8,7.789085968142093,0.9655,5922.58,0.9913,83.21068965517242,0,1,1,ALTERNATIVE_PAYMENT,0.45664296262303194,1096.9296995352647,alternative payment has strongest net expected value; multiple previous attempts reduce retry priority; strong customer payment history,0.0
EVT_00009436,ALTERNATIVE_PAYMENT,True,ALLOWED,0.619345,0,0.0,PAYMENT_FAILURE,2026-08-22 15:15:39,CUS_000324,MER_00110,4587.8,INR,CARD,MOBILE,FAILED,PAYMENT_LIMIT,0,51.79,0,False,False,0,0,0,0.439345,1376,52,47,5,0.9038,6682.24,0.5829,78,UPI,FOOD_DELIVERY,MEDIUM,25287.45,0.9495,0.0505,15,5,8,8.431373830965246,0.9038,6682.24,0.9495,88.22692307692309,0,1,0,ALTERNATIVE_PAYMENT,0.5907098496018044,2705.0586480031584,alternative payment has strongest net expected value; strong customer payment history,0.0
EVT_00007064,ALTERNATIVE_PAYMENT,True,ALLOWED,0.711008,1,13108.85,PAYMENT_FAILURE,2026-08-07 02:53:35,CUS_001961,MER_00123,13108.85,INR,UPI,DESKTOP,FAILED,TIMEOUT,0,36.63,0,False,False,0,0,0,0.681008,1264,75,72,3,0.96,3939.72,0.5925,36,NETBANKING,EDUCATION,SMALL,1684.78,0.9279,0.0721,2,4,8,9.481119135044692,0.96,3939.72,0.9279,174.78466666666668,1,1,0,RETRY_LATER,0.6745895407877057,8842.093101754916,delayed retry has strong predicted recovery value; strong customer payment history; high-value transaction,13108.85
EVT_00009841,ALTERNATIVE_PAYMENT,True,ALLOWED,0.167855,1,1210.96,PAYMENT_FAILURE,2026-08-28 11:07:40,CUS_000550,MER_00144,1210.96,INR,CARD,MOBILE,FAILED,INSUFFICIENT_BALANCE,3,63.71,0,False,False,0,0,0,0.137855,1030,11,8,3,0.7273,2343.33,0.7237,48,UPI,E_COMMERCE,SMALL,11138.28,0.8359,0.1641,11,4,8,7.099994162784309,0.7273,2343.33,0.8359,110.08727272727273,0,0,1,ALTERNATIVE_PAYMENT,0.2891041873639131,345.0936067302042,alternative payment has strongest net expected value; multiple previous attempts reduce retry priority,1210.96
EVT_00001338,ALTERNATIVE_PAYMENT,True,ALLOWED,0.757717,1,2136.01,CHECKOUT_ABANDONMENT,2026-08-18 16:33:40,CUS_000883,MER_00006,2136.01,INR,UPI,DESKTOP,AT_RISK,,0,56.1,810,True,False,0,0,0,0.727717,689,45,40,5,0.8889,1374.99,0.8671,50,CARD,SAAS,SMALL,11987.91,0.8542,0.1458,16,1,8,7.667162934765382,0.8889,1374.99,0.8542,47.466888888888896,0,0,0,RECOVERY_REMINDER,0.8831921013844263,1884.5071604781485,reminder has strong predicted recovery value,0.0
EVT_00002052,ALTERNATIVE_PAYMENT,True,ALLOWED,0.722886,1,2008.68,PAYMENT_FAILURE,2026-08-07 02:46:07,CUS_000479,MER_00016,2008.68,INR,UPI,MOBILE,FAILED,BANK_TECHNICAL_ERROR,0,24.7,0,False,False,0,0,0,0.692886,1005,7,7,0,1.0,1131.79,0.5413,78,CARD,DIGITAL_SERVICES,MEDIUM,5120.98,0.9357,0.0643,2,4,8,7.605730784398723,1.0,1131.79,0.9357,286.95428571428573,0,1,0,ALTERNATIVE_PAYMENT,0.7186623973952543,1438.5627843998993,alternative payment has strongest net expected value; strong customer payment history,2008.68
EVT_00003381,ALTERNATIVE_PAYMENT,True,ALLOWED,0.692816,1,4490.77,PAYMENT_FAILURE,2026-08-07 02:44:07,CUS_000476,MER_00045,4490.77,INR,NETBANKING,MOBILE,FAILED,TIMEOUT,0,19.16,0,False,False,0,0,0,0.662816,1183,34,32,2,0.9412,3111.76,0.7167,29,UPI,FOOD_DELIVERY,MEDIUM,1683.01,0.9677,0.0323,2,4,8,8.410002112410327,0.9412,3111.76,0.9677,132.0814705882353,0,1,0,RETRY_LATER,0.7337297343399022,3294.011479081603,delayed retry has strong predicted recovery value; strong customer payment history,4490.77
EVT_00008851,ALTERNATIVE_PAYMENT,True,ALLOWED,0.584147,1,35551.41,PAYMENT_FAILURE,2026-08-28 11:31:08,CUS_001261,MER_00071,35551.41,INR,UPI,DESKTOP,FAILED,PAYMENT_LIMIT,1,36.14,0,False,False,0,0,0,0.404147,421,35,31,4,0.8857,25484.97,0.807,85,CARD,TRAVEL,MEDIUM,1476.19,0.8534,0.1466,11,4,8,10.478763224776099,0.8857,25484.97,0.8534,1015.7545714285716,1,0,0,ALTERNATIVE_PAYMENT,0.6764147365624265,24042.497629572816,alternative payment has strongest net expected value; high-value transaction,35551.41
EVT_00001969,ALTERNATIVE_PAYMENT,True,ALLOWED,0.424786,0,0.0,PAYMENT_FAILURE,2026-08-18 16:35:57,CUS_001143,MER_00095,5733.45,INR,UPI,MOBILE,FAILED,EXPIRED_PAYMENT_METHOD,3,11.84,0,False,False,0,0,0,0.244786,1399,36,33,3,0.9167,7407.89,0.925,13,UPI,EDUCATION,SMALL,7386.47,0.995,0.005,16,1,8,8.65424712261058,0.9167,7407.89,0.995,159.2625,0,1,1,ALTERNATIVE_PAYMENT,0.3763747565379348,2152.9258478724223,alternative payment has strongest net expected value; multiple previous attempts reduce retry priority; strong customer payment history,0.0
EVT_00005329,ALTERNATIVE_PAYMENT,True,ALLOWED,0.338072,0,0.0,PAYMENT_FAILURE,2026-08-07 01:39:35,CUS_000641,MER_00020,2949.58,INR,CARD,DESKTOP,FAILED,ISSUER_DECLINE,3,29.11,0,False,False,0,0,0,0.158072,1016,19,18,1,0.9474,4158.56,0.617,35,CARD,FOOD_DELIVERY,LARGE,3635.97,0.9772,0.0228,1,4,8,7.989757040178111,0.9474,4158.56,0.9772,155.24105263157895,0,1,1,ALTERNATIVE_PAYMENT,0.3917662578822196,1150.5459189242372,alternative payment has strongest net expected value; multiple previous attempts reduce retry priority; strong customer payment history,0.0
EVT_00005170,ALTERNATIVE_PAYMENT,True,ALLOWED,0.245994,0,0.0,PAYMENT_FAILURE,2026-08-07 01:12:22,CUS_000348,MER_00070,3042.39,INR,UPI,DESKTOP,FAILED,INSUFFICIENT_BALANCE,2,52.98,0,False,False,0,0,0,0.215994,1405,60,52,8,0.8667,2666.7,0.9154,61,CARD,DIGITAL_SERVICES,SMALL,32979.79,0.7942,0.2058,1,4,8,8.020727304681838,0.8667,2666.7,0.7942,50.7065,0,0,1,RECOVERY_REMINDER,0.3029919744919897,919.8197532746846,reminder has strong predicted recovery value; multiple previous attempts reduce retry priority,0.0
EVT_00001420,ALTERNATIVE_PAYMENT,True,ALLOWED,0.823463,1,22596.51,CHECKOUT_ABANDONMENT,2026-08-28 12:58:44,CUS_000281,MER_00111,22596.51,INR,UPI,DESKTOP,AT_RISK,,0,4.35,559,True,False,0,0,0,0.793463,435,61,59,2,0.9672,11455.2,0.8421,9,CARD,SAAS,SMALL,5915.71,0.9052,0.0948,12,4,8,10.025595002199296,0.9672,11455.2,0.9052,370.4345901639344,1,1,0,RECOVERY_REMINDER,0.9507618753805184,21481.900224654637,reminder has strong predicted recovery value; strong customer payment history; high-value transaction,22596.51
EVT_00000821,ALTERNATIVE_PAYMENT,True,ALLOWED,0.651403,1,6010.59,PAYMENT_FAILURE,2026-08-22 15:09:38,CUS_000789,MER_00103,6010.59,INR,CARD,DESKTOP,FAILED,BANK_TECHNICAL_ERROR,1,41.7,0,False,False,0,0,0,0.621403,830,1,1,0,1.0,4278.52,0.9893,38,CARD,FOOD_DELIVERY,SMALL,12886.43,0.9255,0.0745,15,5,8,8.701444551607894,1.0,4278.52,0.9255,6010.59,0,1,0,ALTERNATIVE_PAYMENT,0.5768793050446959,3462.3849821085987,alternative payment has strongest net expected value; strong customer payment history,6010.59
EVT_00006868,ALTERNATIVE_PAYMENT,True,ALLOWED,0.744169,1,31492.08,PAYMENT_FAILURE,2026-08-18 16:48:14,CUS_000770,MER_00094,31492.08,INR,UPI,DESKTOP,FAILED,BANK_TECHNICAL_ERROR,0,41.65,0,False,False,0,0,0,0.714169,583,76,66,10,0.8684,28796.73,0.8613,7,UPI,DIGITAL_SERVICES,SMALL,1903.89,0.9415,0.0585,16,1,8,10.357523118140298,0.8684,28796.73,0.9415,414.36947368421056,1,0,0,RETRY_LATER,0.6200848145974067,19526.7605880867,delayed retry has strong predicted recovery value; high-value transaction; decision margin is narrow,31492.08
EVT_00008769,ALTERNATIVE_PAYMENT,True,ALLOWED,0.433629,1,14058.28,PAYMENT_FAILURE,2026-08-07 01:10:38,CUS_000858,MER_00043,14058.28,INR,UPI,MOBILE,FAILED,INSUFFICIENT_BALANCE,0,52.07,0,False,False,0,0,0,0.403629,114,62,58,4,0.9355,22234.64,0.734,64,WALLET,TRAVEL,SMALL,10675.23,0.776,0.224,1,4,8,9.551037954949585,0.9355,22234.64,0.776,226.74645161290323,1,1,0,RECOVERY_REMINDER,0.4787821260506518,6728.853187015357,reminder has strong predicted recovery value; strong customer payment history; high-value transaction,0.0
EVT_00004736,ALTERNATIVE_PAYMENT,True,ALLOWED,0.60542,0,0.0,PAYMENT_FAILURE,2026-08-23 03:59:30,CUS_000811,MER_00106,3243.86,INR,NETBANKING,MOBILE,FAILED,TIMEOUT,1,20.36,0,False,False,0,0,0,0.57542,94,41,39,2,0.9512,5130.7,0.8955,10,CARD,SAAS,SMALL,2564.56,0.9372,0.0628,3,6,8,8.084827484910111,0.9512,5130.7,0.9372,79.11853658536586,0,1,0,RETRY_LATER,0.6443530209949369,2089.190990684636,delayed retry has strong predicted recovery value; strong customer payment history,0.0
EVT_00003643,ALTERNATIVE_PAYMENT,True,ALLOWED,0.465097,1,10311.61,PAYMENT_FAILURE,2026-08-26 22:25:52,CUS_001442,MER_00157,10311.61,INR,CARD,TABLET,FAILED,INSUFFICIENT_BALANCE,0,65.93,0,False,False,0,0,0,0.435097,783,2,2,0,1.0,4233.32,0.6762,38,UPI,E_COMMERCE,MEDIUM,5657.2,0.8635,0.1365,22,2,8,9.241122697252715,1.0,4233.32,0.8635,5155.805,1,1,0,ALTERNATIVE_PAYMENT,0.5391961626911281,5554.980543167464,alternative payment has strongest net expected value; strong customer payment history; high-value transaction,10311.61
EVT_00005077,ALTERNATIVE_PAYMENT,True,ALLOWED,0.336368,0,0.0,PAYMENT_FAILURE,2026-08-09 22:17:13,CUS_000229,MER_00121,5797.34,INR,UPI,MOBILE,FAILED,ISSUER_DECLINE,3,43.22,0,False,False,0,0,0,0.156368,833,23,23,0,1.0,3234.56,0.9388,47,UPI,SAAS,SMALL,4761.05,0.8269,0.1731,22,6,8,8.665326948672949,1.0,3234.56,0.8269,252.05826086956523,0,1,1,ALTERNATIVE_PAYMENT,0.4392594203284315,2541.5362078468293,alternative payment has strongest net expected value; multiple previous attempts reduce retry priority; strong customer payment history,0.0
EVT_00009073,ALTERNATIVE_PAYMENT,True,ALLOWED,0.606934,1,5040.91,PAYMENT_FAILURE,2026-08-09 22:18:09,CUS_001936,MER_00014,5040.91,INR,CARD,MOBILE,FAILED,BANK_TECHNICAL_ERROR,1,29.58,0,False,False,0,0,0,0.576934,270,68,63,5,0.9265,2365.18,0.8423,70,UPI,FOOD_DELIVERY,SMALL,3627.04,0.8438,0.1562,22,6,8,8.52554025752905,0.9265,2365.18,0.8438,74.1310294117647,0,1,0,RETRY_LATER,0.618151323770771,3115.045189509317,delayed retry has strong predicted recovery value; strong customer payment history; decision margin is narrow,0.0
EVT_00003473,ALTERNATIVE_PAYMENT,True,ALLOWED,0.766202,1,880.86,CHECKOUT_ABANDONMENT,2026-08-24 21:35:09,CUS_001087,MER_00188,880.86,INR,NETBANKING,MOBILE,AT_RISK,,0,32.22,516,True,False,0,0,0,0.736202,1208,15,14,1,0.9333,1465.1,0.855,14,CARD,RETAIL,SMALL,9937.08,0.8407,0.1593,21,0,8,6.782033313249096,0.9333,1465.1,0.8407,58.724000000000004,0,1,0,RECOVERY_REMINDER,0.899609081568828,790.4296555907179,reminder has strong predicted recovery value; strong customer payment history,880.86
EVT_00005565,ALTERNATIVE_PAYMENT,True,ALLOWED,0.208423,0,0.0,PAYMENT_FAILURE,2026-08-12 22:01:22,CUS_000252,MER_00105,1953.18,INR,NETBANKING,MOBILE,FAILED,INSUFFICIENT_BALANCE,3,28.45,0,False,False,0,0,0,0.178423,756,44,39,5,0.8864,3062.0,0.6298,2,CARD,SAAS,LARGE,3288.97,0.911,0.089,22,2,8,7.577725947090867,0.8864,3062.0,0.911,44.390454545454546,0,0,1,ALTERNATIVE_PAYMENT,0.27368003865254104,529.5463778953701,alternative payment has strongest net expected value; multiple previous attempts reduce retry priority,0.0
EVT_00006719,ALTERNATIVE_PAYMENT,True,ALLOWED,0.724209,0,0.0,CHECKOUT_ABANDONMENT,2026-08-15 11:56:52,CUS_000315,MER_00098,417.04,INR,CARD,MOBILE,AT_RISK,,0,55.17,527,True,False,0,0,0,0.694209,388,18,14,4,0.7778,434.87,0.5933,88,CARD,DIGITAL_SERVICES,SMALL,599.1,0.88,0.12,11,5,8,6.035577121726303,0.7778,434.87,0.88,23.16888888888889,0,0,0,RECOVERY_REMINDER,0.9040905035402849,375.0419035964404,reminder has strong predicted recovery value,417.04
EVT_00004181,ALTERNATIVE_PAYMENT,True,ALLOWED,0.525878,1,15041.07,PAYMENT_FAILURE,2026-08-12 21:31:26,CUS_001248,MER_00032,15041.07,INR,UPI,DESKTOP,FAILED,PAYMENT_LIMIT,1,1.82,0,False,False,0,0,0,0.345878,713,8,7,1,0.875,7491.31,0.7254,73,UPI,TRAVEL,SMALL,7142.77,0.8186,0.1814,21,2,8,9.618606221012005,0.875,7491.31,0.8186,1880.13375,1,0,0,ALTERNATIVE_PAYMENT,0.6079438674139948,9139.126265844614,alternative payment has strongest net expected value; high-value transaction,15041.07
EVT_00002931,ALTERNATIVE_PAYMENT,True,ALLOWED,0.75147,1,20421.33,CHECKOUT_ABANDONMENT,2026-08-24 21:36:27,CUS_001207,MER_00135,20421.33,INR,NETBANKING,DESKTOP,AT_RISK,,0,46.59,105,True,False,0,0,0,0.72147,787,79,73,6,0.9241,10780.33,0.5107,29,UPI,FOOD_DELIVERY,SMALL,9749.43,0.833,0.167,21,0,8,9.924384189029096,0.9241,10780.33,0.833,258.49784810126584,1,1,0,RECOVERY_REMINDER,0.9245876706275464,18879.309935816433,reminder has strong predicted recovery value; strong customer payment history; high-value transaction,0.0
EVT_00008968,ALTERNATIVE_PAYMENT,True,ALLOWED,0.303802,1,586.17,PAYMENT_FAILURE,2026-08-12 21:00:19,CUS_001282,MER_00084,586.17,INR,UPI,MOBILE,FAILED,INSUFFICIENT_BALANCE,1,64.81,0,False,False,0,0,0,0.273802,1116,60,51,9,0.85,801.37,0.6905,80,NETBANKING,SAAS,LARGE,2123.34,0.8109,0.1891,21,2,8,6.375314386076916,0.85,801.37,0.8109,9.769499999999999,0,0,0,ALTERNATIVE_PAYMENT,0.38163920643474464,218.70545363585424,alternative payment has strongest net expected value; decision margin is narrow,586.17
EVT_00002454,ALTERNATIVE_PAYMENT,True,ALLOWED,0.67605,0,0.0,CHECKOUT_ABANDONMENT,2026-08-23 15:25:26,CUS_000534,MER_00121,6665.21,INR,CARD,DESKTOP,AT_RISK,,0,34.71,86,True,False,0,0,0,0.64605,448,14,11,3,0.7857,3917.23,0.4541,36,CARD,SAAS,SMALL,4761.05,0.8269,0.1731,15,6,8,8.804806761521787,0.7857,3917.23,0.8269,476.0864285714286,0,0,0,RECOVERY_REMINDER,0.8640267521910776,5756.9197489714925,reminder has strong predicted recovery value,6665.21
EVT_00007196,ALTERNATIVE_PAYMENT,True,ALLOWED,0.408743,1,4765.35,PAYMENT_FAILURE,2026-08-15 13:06:06,CUS_001016,MER_00029,4765.35,INR,UPI,MOBILE,FAILED,NETWORK_ERROR,3,19.39,0,False,False,0,0,0,0.378743,1260,37,36,1,0.973,4601.5,0.8095,40,CARD,FOOD_DELIVERY,SMALL,5041.91,0.8787,0.1213,13,5,8,8.469336091806648,0.973,4601.5,0.8787,128.79324324324324,0,1,1,ALTERNATIVE_PAYMENT,0.46849235278704954,2227.5300333537666,alternative payment has strongest net expected value; multiple previous attempts reduce retry priority; strong customer payment history,4765.35
EVT_00007548,ALTERNATIVE_PAYMENT,True,ALLOWED,0.752407,1,3981.12,CHECKOUT_ABANDONMENT,2026-08-12 20:25:56,CUS_000902,MER_00126,3981.12,INR,CARD,DESKTOP,AT_RISK,,0,53.45,154,True,False,0,0,0,0.722407,92,64,54,10,0.8438,1851.14,0.8195,47,CARD,DIGITAL_SERVICES,SMALL,2499.99,0.8824,0.1176,20,2,8,8.28956961978032,0.8438,1851.14,0.8824,62.205,0,0,0,RECOVERY_REMINDER,0.9202978104636668,3661.816019193113,reminder has strong predicted recovery value,3981.12
EVT_00009210,ALTERNATIVE_PAYMENT,True,ALLOWED,0.391084,1,593.84,PAYMENT_FAILURE,2026-08-24 22:13:48,CUS_000452,MER_00132,593.84,INR,CARD,MOBILE,FAILED,EXPIRED_PAYMENT_METHOD,3,6.99,0,False,False,0,0,0,0.211084,1389,71,64,7,0.9014,1204.51,0.5874,60,UPI,RETAIL,MEDIUM,27235.71,0.8482,0.1518,22,0,8,6.388292461820483,0.9014,1204.51,0.8482,8.363943661971831,0,1,1,ALTERNATIVE_PAYMENT,0.38480211909906953,223.51089040579146,alternative payment has strongest net expected value; multiple previous attempts reduce retry priority; strong customer payment history,593.84
EVT_00004349,ALTERNATIVE_PAYMENT,True,ALLOWED,0.335553,0,0.0,SUBSCRIPTION_FAILURE,2026-08-12 20:25:49,CUS_000866,MER_00107,3928.57,INR,UPI,DESKTOP,AT_RISK,,0,51.77,0,False,False,57,5,2,0.305553,1056,3,3,0,1.0,2812.62,0.8648,71,UPI,E_COMMERCE,SMALL,15795.0,0.9309,0.0691,20,2,8,8.276285284118806,1.0,2812.62,0.9309,1309.5233333333333,0,1,0,RECOVERY_REMINDER,0.44881306145991734,1761.1935288595876,reminder has strong predicted recovery value; strong customer payment history,3928.57
EVT_00001097,ALTERNATIVE_PAYMENT,True,ALLOWED,0.762179,1,2652.59,CHECKOUT_ABANDONMENT,2026-08-12 22:03:51,CUS_001928,MER_00137,2652.59,INR,UPI,MOBILE,AT_RISK,,0,38.11,776,True,False,0,0,0,0.732179,214,13,11,2,0.8462,3127.12,0.4703,45,UPI,SAAS,MEDIUM,8339.15,0.9561,0.0439,22,2,8,7.883668719160261,0.8462,3127.12,0.9561,204.04538461538462,0,0,0,RECOVERY_REMINDER,0.9079650633749949,2406.459047457878,reminder has strong predicted recovery value,2652.59
EVT_00008767,ALTERNATIVE_PAYMENT,True,ALLOWED,0.777274,1,1302.54,CHECKOUT_ABANDONMENT,2026-08-15 13:50:39,CUS_000596,MER_00176,1302.54,INR,CARD,MOBILE,AT_RISK,,0,45.97,851,True,False,0,0,0,0.747274,1208,14,13,1,0.9286,1302.31,0.5532,17,UPI,FOOD_DELIVERY,SMALL,1683.95,0.9165,0.0835,13,5,8,7.172838919515697,0.9286,1302.31,0.9165,93.03857142857143,0,1,0,RECOVERY_REMINDER,0.9217565891354702,1198.6248276125152,reminder has strong predicted recovery value; strong customer payment history,1302.54
EVT_00004571,ALTERNATIVE_PAYMENT,True,ALLOWED,0.286947,0,0.0,PAYMENT_FAILURE,2026-08-24 23:55:05,CUS_000817,MER_00148,1937.11,INR,UPI,MOBILE,FAILED,INSUFFICIENT_BALANCE,2,2.25,0,False,False,0,0,0,0.256947,93,54,50,4,0.9259,1712.67,0.7993,64,CARD,RETAIL,MEDIUM,1547.37,0.9811,0.0189,23,0,8,7.569468550385873,0.9259,1712.67,0.9811,35.87240740740741,0,1,1,RECOVERY_REMINDER,0.3307297298539793,638.6598669974418,reminder has strong predicted recovery value; multiple previous attempts reduce retry priority; strong customer payment history; decision margin is narrow,0.0
EVT_00002808,ALTERNATIVE_PAYMENT,True,ALLOWED,0.340335,0,0.0,SUBSCRIPTION_FAILURE,2026-08-12 19:31:45,CUS_001775,MER_00075,11823.76,INR,NETBANKING,DESKTOP,AT_RISK,,0,67.79,0,False,False,536,11,3,0.310335,1160,34,28,6,0.8235,17764.81,0.8284,47,UPI,EDUCATION,SMALL,18185.27,0.9412,0.0588,19,2,8,9.37795091717108,0.8235,17764.81,0.9412,347.7576470588235,1,0,0,RECOVERY_REMINDER,0.4263175212285529,5038.676054801314,reminder has strong predicted recovery value; high-value transaction,0.0
EVT_00000709,ALTERNATIVE_PAYMENT,True,ALLOWED,0.56832,0,0.0,PAYMENT_FAILURE,2026-08-23 15:21:39,CUS_001761,MER_00073,3375.11,INR,UPI,MOBILE,FAILED,TIMEOUT,0,52.41,0,False,False,0,0,0,0.53832,595,14,9,5,0.6429,4629.42,0.3072,76,UPI,FOOD_DELIVERY,MEDIUM,9905.73,0.8881,0.1119,15,6,8,8.124479438123425,0.6429,4629.42,0.8881,241.07928571428573,0,0,0,RETRY_LATER,0.6400258708178598,2159.1577168560666,delayed retry has strong predicted recovery value,3375.11
EVT_00004358,ALTERNATIVE_PAYMENT,True,ALLOWED,0.42605,1,17459.87,PAYMENT_FAILURE,2026-08-12 19:25:02,CUS_001000,MER_00132,17459.87,INR,UPI,MOBILE,FAILED,PAYMENT_LIMIT,2,0.83,0,False,False,0,0,0,0.24605,783,53,40,13,0.7547,16529.49,0.7933,4,CARD,RETAIL,MEDIUM,27235.71,0.8482,0.1518,19,2,8,9.767717656330905,0.7547,16529.49,0.8482,329.4315094339622,1,0,1,ALTERNATIVE_PAYMENT,0.43439726020268593,7579.519691495069,alternative payment has strongest net expected value; multiple previous attempts reduce retry priority; high-value transaction,17459.87
EVT_00008191,ALTERNATIVE_PAYMENT,True,ALLOWED,0.310964,1,2148.43,PAYMENT_FAILURE,2026-08-25 01:15:30,CUS_001257,MER_00025,2148.43,INR,NETBANKING,DESKTOP,FAILED,INSUFFICIENT_BALANCE,1,34.8,0,False,False,0,0,0,0.280964,356,14,11,3,0.7857,3472.53,0.5148,24,CARD,DIGITAL_SERVICES,MEDIUM,770.56,0.9566,0.0434,1,1,8,7.672957969693106,0.7857,3472.53,0.9566,153.4592857142857,0,0,0,ALTERNATIVE_PAYMENT,0.4165143368087574,889.8518966300386,alternative payment has strongest net expected value,2148.43
EVT_00002780,ALTERNATIVE_PAYMENT,True,ALLOWED,0.485763,1,2163.99,PAYMENT_FAILURE,2026-08-15 14:16:06,CUS_001743,MER_00197,2163.99,INR,CARD,MOBILE,FAILED,NETWORK_ERROR,2,22.87,0,False,False,0,0,0,0.455763,700,75,70,5,0.9333,2315.1,0.9738,42,UPI,E_COMMERCE,SMALL,1239.03,0.945,0.055,14,5,8,7.680171021488278,0.9333,2315.1,0.945,28.853199999999998,0,1,1,RECOVERY_REMINDER,0.41482012390120515,895.6665999209688,reminder has strong predicted recovery value; multiple previous attempts reduce retry priority; strong customer payment history; decision margin is narrow,0.0
EVT_00006437,ALTERNATIVE_PAYMENT,True,ALLOWED,0.570731,1,13023.63,SUBSCRIPTION_FAILURE,2026-08-12 18:25:39,CUS_001307,MER_00155,13023.63,INR,UPI,DESKTOP,AT_RISK,,0,20.28,0,False,False,713,10,1,0.540731,404,22,20,2,0.9091,7713.8,0.9697,78,UPI,SAAS,SMALL,2912.27,0.843,0.157,18,2,8,9.474597459308296,0.9091,7713.8,0.843,591.9831818181818,1,1,0,ALTERNATIVE_PAYMENT,0.5103426105197059,6641.513332642757,alternative payment has strongest net expected value; strong customer payment history; high-value transaction; decision margin is narrow,13023.63
EVT_00006312,ALTERNATIVE_PAYMENT,True,ALLOWED,0.230372,0,0.0,PAYMENT_FAILURE,2026-08-12 17:50:24,CUS_001895,MER_00178,5610.65,INR,NETBANKING,MOBILE,FAILED,INSUFFICIENT_BALANCE,3,27.48,0,False,False,0,0,0,0.200372,227,49,46,3,0.9388,4957.24,0.839,88,UPI,EDUCATION,SMALL,7809.93,0.9459,0.0541,17,2,8,8.632600072919685,0.9388,4957.24,0.9459,114.50306122448978,0,1,1,ALTERNATIVE_PAYMENT,0.23771372959647322,1328.7285369604524,alternative payment has strongest net expected value; multiple previous attempts reduce retry priority; strong customer payment history,0.0
EVT_00008120,ALTERNATIVE_PAYMENT,True,ALLOWED,0.516479,0,0.0,PAYMENT_FAILURE,2026-08-25 01:41:14,CUS_001660,MER_00035,17160.27,INR,CARD,DESKTOP,FAILED,NETWORK_ERROR,2,14.2,0,False,False,0,0,0,0.486479,402,39,35,4,0.8974,12164.82,0.7762,74,UPI,DIGITAL_SERVICES,SMALL,1661.67,0.979,0.021,1,1,8,9.750410379627407,0.8974,12164.82,0.979,440.0069230769231,1,0,1,RECOVERY_REMINDER,0.5158351068279838,8849.869708647046,reminder has strong predicted recovery value; multiple previous attempts reduce retry priority; high-value transaction,17160.27
EVT_00001683,ALTERNATIVE_PAYMENT,True,ALLOWED,0.407949,1,3886.16,PAYMENT_FAILURE,2026-08-15 14:34:25,CUS_000165,MER_00020,3886.16,INR,CARD,DESKTOP,FAILED,ISSUER_DECLINE,1,50.23,0,False,False,0,0,0,0.227949,644,76,59,17,0.7763,12067.62,0.8304,18,CARD,FOOD_DELIVERY,LARGE,3635.97,0.9772,0.0228,14,5,8,8.265434092855584,0.7763,12067.62,0.9772,51.13368421052631,0,0,0,ALTERNATIVE_PAYMENT,0.42107802763342617,1631.3765878679153,alternative payment has strongest net expected value,3886.16
EVT_00003069,ALTERNATIVE_PAYMENT,True,ALLOWED,0.652419,1,6394.68,PAYMENT_FAILURE,2026-08-12 17:28:31,CUS_001602,MER_00131,6394.68,INR,WALLET,MOBILE,FAILED,TIMEOUT,0,70.38,0,False,False,0,0,0,0.622419,1115,49,45,4,0.9184,7100.74,0.7846,19,WALLET,DIGITAL_SERVICES,MEDIUM,6995.59,0.7666,0.2334,17,2,8,8.763378041432695,0.9184,7100.74,0.7666,130.50367346938776,0,1,0,RETRY_LATER,0.612200327685751,3913.825191445518,delayed retry has strong predicted recovery value; strong customer payment history,0.0
EVT_00007274,ALTERNATIVE_PAYMENT,True,ALLOWED,0.327097,1,944.95,PAYMENT_FAILURE,2026-08-12 20:02:17,CUS_001781,MER_00122,944.95,INR,CARD,DESKTOP,FAILED,ISSUER_DECLINE,3,59.5,0,False,False,0,0,0,0.147097,98,5,5,0,1.0,1048.06,0.7676,87,UPI,TRAVEL,LARGE,1261.74,0.7975,0.2025,20,2,8,6.852189713532429,1.0,1048.06,0.7975,188.99,0,1,1,ALTERNATIVE_PAYMENT,0.4464023850474953,416.8279337506307,alternative payment has strongest net expected value; multiple previous attempts reduce retry priority; strong customer payment history,944.95
EVT_00006471,ALTERNATIVE_PAYMENT,True,ALLOWED,0.635627,0,0.0,PAYMENT_FAILURE,2026-08-12 17:04:19,CUS_001238,MER_00027,1786.87,INR,UPI,MOBILE,FAILED,NETWORK_ERROR,0,48.67,0,False,False,0,0,0,0.605627,212,79,75,4,0.9494,3192.18,0.5902,16,WALLET,DIGITAL_SERVICES,SMALL,12097.35,0.8025,0.1975,17,2,8,7.488780246155059,0.9494,3192.18,0.8025,22.61860759493671,0,1,0,ALTERNATIVE_PAYMENT,0.5587038486685978,993.3311460704573,alternative payment has strongest net expected value; strong customer payment history; decision margin is narrow,0.0
EVT_00008575,ALTERNATIVE_PAYMENT,True,ALLOWED,0.527038,0,0.0,PAYMENT_FAILURE,2026-08-15 11:13:18,CUS_000888,MER_00190,60930.52,INR,WALLET,MOBILE,FAILED,INSUFFICIENT_BALANCE,0,69.91,0,False,False,0,0,0,0.497038,313,6,5,1,0.8333,30623.59,0.6112,77,UPI,RETAIL,MEDIUM,2490.76,0.9915,0.0085,11,5,8,11.01750588959148,0.8333,30623.59,0.9915,10155.086666666666,1,0,0,ALTERNATIVE_PAYMENT,0.5304069122603031,32312.968975614644,alternative payment has strongest net expected value; high-value transaction,0.0
EVT_00003376,ALTERNATIVE_PAYMENT,True,ALLOWED,0.432799,1,1512.18,PAYMENT_FAILURE,2026-08-23 16:35:01,CUS_001127,MER_00048,1512.18,INR,NETBANKING,MOBILE,FAILED,ISSUER_DECLINE,1,40.87,0,False,False,0,0,0,0.252799,1285,66,61,5,0.9242,3240.18,0.938,78,UPI,EDUCATION,MEDIUM,7641.54,0.8998,0.1002,16,6,8,7.3219686756480025,0.9242,3240.18,0.8998,22.911818181818184,0,1,0,ALTERNATIVE_PAYMENT,0.5169615542869062,776.7389231615738,alternative payment has strongest net expected value; strong customer payment history,1512.18
EVT_00002958,ALTERNATIVE_PAYMENT,True,ALLOWED,0.782736,0,0.0,CHECKOUT_ABANDONMENT,2026-08-15 06:59:40,CUS_001688,MER_00040,8382.84,INR,WALLET,MOBILE,AT_RISK,,0,64.3,844,True,False,0,0,0,0.752736,629,75,67,8,0.8933,6824.94,0.8992,5,UPI,FOOD_DELIVERY,SMALL,7435.86,0.9306,0.0694,6,5,8,9.034061322409256,0.8933,6824.94,0.9306,111.77120000000001,0,0,0,RECOVERY_REMINDER,0.9397776267366872,7876.005480513371,reminder has strong predicted recovery value,8382.84
EVT_00000028,ALTERNATIVE_PAYMENT,True,ALLOWED,0.516009,1,5889.06,PAYMENT_FAILURE,2026-08-13 06:33:23,CUS_000746,MER_00067,5889.06,INR,UPI,MOBILE,FAILED,PAYMENT_LIMIT,1,5.28,0,False,False,0,0,0,0.336009,565,32,28,4,0.875,4266.09,0.6754,63,NETBANKING,TRAVEL,SMALL,6615.57,0.8781,0.1219,6,3,8,8.681021463350964,0.875,4266.09,0.8781,184.033125,0,0,0,ALTERNATIVE_PAYMENT,0.5355076145956786,3148.6364728108274,alternative payment has strongest net expected value,5889.06
EVT_00009383,ALTERNATIVE_PAYMENT,True,ALLOWED,0.396352,1,3845.19,PAYMENT_FAILURE,2026-08-24 17:47:33,CUS_001372,MER_00193,3845.19,INR,CARD,MOBILE,FAILED,INSUFFICIENT_BALANCE,0,8.79,0,False,False,0,0,0,0.366352,534,19,15,4,0.7895,1208.87,0.5056,47,CARD,DIGITAL_SERVICES,MEDIUM,8184.15,0.9805,0.0195,17,0,8,8.254838326904567,0.7895,1208.87,0.9805,202.37842105263158,0,0,0,ALTERNATIVE_PAYMENT,0.4562803505273841,1749.484641044392,alternative payment has strongest net expected value,3845.19
EVT_00002304,ALTERNATIVE_PAYMENT,True,ALLOWED,0.475093,0,0.0,PAYMENT_FAILURE,2026-08-13 04:49:04,CUS_001391,MER_00014,944.31,INR,CARD,TABLET,FAILED,TIMEOUT,2,50.19,0,False,False,0,0,0,0.445093,479,20,18,2,0.9,1786.63,0.7048,24,UPI,FOOD_DELIVERY,SMALL,3627.04,0.8438,0.1562,4,3,8,6.851512916027665,0.9,1786.63,0.8438,47.2155,0,1,1,ALTERNATIVE_PAYMENT,0.43477496634752455,405.56234847163086,alternative payment has strongest net expected value; multiple previous attempts reduce retry priority; strong customer payment history,0.0
EVT_00005148,ALTERNATIVE_PAYMENT,True,ALLOWED,0.506554,0,0.0,PAYMENT_FAILURE,2026-08-23 17:02:05,CUS_001401,MER_00161,340.54,INR,CARD,DESKTOP,FAILED,NETWORK_ERROR,1,35.36,0,False,False,0,0,0,0.476554,1286,65,49,16,0.7538,1381.17,0.8387,56,UPI,SAAS,SMALL,3979.68,0.9713,0.0287,17,6,8,5.833464802459093,0.7538,1381.17,0.9713,5.239076923076923,0,0,0,ALTERNATIVE_PAYMENT,0.519014293722315,171.74512758419715,alternative payment has strongest net expected value; decision margin is narrow,0.0
EVT_00008730,ALTERNATIVE_PAYMENT,True,ALLOWED,0.202243,1,4446.76,PAYMENT_FAILURE,2026-08-13 03:54:36,CUS_000929,MER_00182,4446.76,INR,UPI,MOBILE,FAILED,INSUFFICIENT_BALANCE,3,41.28,0,False,False,0,0,0,0.172243,645,15,12,3,0.8,5035.42,0.5538,73,UPI,DIGITAL_SERVICES,SMALL,4671.98,0.9884,0.0116,3,3,8,8.400155877640163,0.8,5035.42,0.9884,296.4506666666667,0,0,1,ALTERNATIVE_PAYMENT,0.2883839111539622,1277.3740407629932,alternative payment has strongest net expected value; multiple previous attempts reduce retry priority,4446.76
EVT_00005420,ALTERNATIVE_PAYMENT,True,ALLOWED,0.216081,0,0.0,PAYMENT_FAILURE,2026-08-24 17:49:18,CUS_000837,MER_00096,4819.16,INR,UPI,MOBILE,FAILED,INSUFFICIENT_BALANCE,3,0.67,0,False,False,0,0,0,0.186081,1218,77,68,9,0.8831,4596.98,0.8678,10,CARD,TRAVEL,MEDIUM,3014.41,0.9456,0.0544,17,0,8,8.480562401514451,0.8831,4596.98,0.9456,62.586493506493504,0,0,1,ALTERNATIVE_PAYMENT,0.22523583424361757,1080.447522953472,alternative payment has strongest net expected value; multiple previous attempts reduce retry priority,0.0
EVT_00009673,ALTERNATIVE_PAYMENT,True,ALLOWED,0.578267,1,4334.96,PAYMENT_FAILURE,2026-08-15 07:46:45,CUS_000579,MER_00108,4334.96,INR,UPI,DESKTOP,FAILED,NETWORK_ERROR,1,13.07,0,False,False,0,0,0,0.548267,1343,77,75,2,0.974,4117.73,0.8635,41,CARD,RETAIL,SMALL,3048.05,0.8679,0.1321,7,5,8,8.374698317984679,0.974,4117.73,0.8679,56.29818181818182,0,1,0,RECOVERY_REMINDER,0.5702357614990753,2469.9492166680316,reminder has strong predicted recovery value; strong customer payment history,0.0
EVT_00007807,ALTERNATIVE_PAYMENT,True,ALLOWED,0.535288,1,1229.42,CHECKOUT_ABANDONMENT,2026-08-13 03:25:39,CUS_000122,MER_00134,1229.42,INR,UPI,MOBILE,AT_RISK,,0,19.64,481,False,True,0,0,0,0.505288,1012,76,62,14,0.8158,1102.54,0.5619,17,UPI,EDUCATION,SMALL,5486.16,0.9252,0.0748,3,3,8,7.115110853495733,0.8158,1102.54,0.9252,16.176578947368423,0,0,0,RECOVERY_REMINDER,0.7222049995588051,885.8932705575862,reminder has strong predicted recovery value,0.0
EVT_00009087,ALTERNATIVE_PAYMENT,True,ALLOWED,0.634716,0,0.0,PAYMENT_FAILURE,2026-08-13 03:23:27,CUS_000578,MER_00041,708.45,INR,UPI,DESKTOP,FAILED,EXPIRED_PAYMENT_METHOD,0,57.37,0,False,False,0,0,0,0.454716,799,36,34,2,0.9444,1596.38,0.6265,69,UPI,TRAVEL,MEDIUM,3690.69,0.8746,0.1254,3,3,8,6.564490021953322,0.9444,1596.38,0.8746,19.679166666666667,0,1,0,ALTERNATIVE_PAYMENT,0.5585648018049314,390.7152338387037,alternative payment has strongest net expected value; strong customer payment history,0.0
EVT_00005313,ALTERNATIVE_PAYMENT,True,ALLOWED,0.753409,1,2943.63,CHECKOUT_ABANDONMENT,2026-08-24 19:14:47,CUS_001891,MER_00089,2943.63,INR,UPI,TABLET,AT_RISK,,0,64.14,893,True,True,0,0,0,0.723409,302,45,38,7,0.8444,2599.29,0.6386,46,CARD,SAAS,MEDIUM,416.38,0.9005,0.0995,19,0,8,7.987738451520413,0.8444,2599.29,0.9005,65.414,0,0,0,RECOVERY_REMINDER,0.9372342727047703,2756.8709221619433,reminder has strong predicted recovery value,2943.63
EVT_00003728,ALTERNATIVE_PAYMENT,True,ALLOWED,0.526849,0,0.0,PAYMENT_FAILURE,2026-08-12 22:07:28,CUS_000633,MER_00183,13035.3,INR,CARD,MOBILE,FAILED,ISSUER_DECLINE,0,4.69,0,False,False,0,0,0,0.346849,667,73,68,5,0.9315,5719.95,0.3102,45,NETBANKING,DIGITAL_SERVICES,SMALL,7807.06,0.8681,0.1319,22,2,8,9.475493052886884,0.9315,5719.95,0.8681,178.56575342465752,1,1,0,ALTERNATIVE_PAYMENT,0.5293052619154622,6894.652880646625,alternative payment has strongest net expected value; strong customer payment history; high-value transaction,0.0
EVT_00005932,ALTERNATIVE_PAYMENT,True,ALLOWED,0.328309,0,0.0,PAYMENT_FAILURE,2026-08-15 08:25:30,CUS_001726,MER_00141,3833.82,INR,UPI,MOBILE,FAILED,INSUFFICIENT_BALANCE,0,44.52,0,False,False,0,0,0,0.298309,1180,79,58,21,0.7342,7110.72,0.8016,77,NETBANKING,E_COMMERCE,MEDIUM,5168.9,0.7,0.3,8,5,8,8.25187777658509,0.7342,7110.72,0.7,48.5293670886076,0,0,0,RECOVERY_REMINDER,0.40002824959278255,1531.6363038538016,reminder has strong predicted recovery value,0.0
EVT_00001433,ALTERNATIVE_PAYMENT,True,ALLOWED,0.546375,1,33523.53,PAYMENT_FAILURE,2026-08-13 02:35:18,CUS_000270,MER_00048,33523.53,INR,UPI,DESKTOP,FAILED,NETWORK_ERROR,2,39.71,0,False,False,0,0,0,0.516375,898,78,71,7,0.9103,10118.09,0.576,62,CARD,EDUCATION,MEDIUM,7641.54,0.8998,0.1002,2,3,8,10.42003268866309,0.9103,10118.09,0.8998,429.7888461538461,1,1,1,RECOVERY_REMINDER,0.4979971863643258,16692.623617000067,reminder has strong predicted recovery value; multiple previous attempts reduce retry priority; strong customer payment history; high-value transaction,33523.53
EVT_00002656,ALTERNATIVE_PAYMENT,True,ALLOWED,0.77135,1,2393.47,CHECKOUT_ABANDONMENT,2026-08-24 19:44:56,CUS_000254,MER_00138,2393.47,INR,UPI,DESKTOP,AT_RISK,,0,46.64,888,True,True,0,0,0,0.74135,514,40,37,3,0.925,1034.9,0.6769,27,CARD,E_COMMERCE,MEDIUM,9578.85,0.8707,0.1293,19,0,8,7.7809171909925485,0.925,1034.9,0.8707,59.836749999999995,0,1,0,RECOVERY_REMINDER,0.8876040860048094,2122.453751729931,reminder has strong predicted recovery value; strong customer payment history,2393.47
EVT_00000879,ALTERNATIVE_PAYMENT,True,ALLOWED,0.632621,0,0.0,PAYMENT_FAILURE,2026-08-23 16:41:42,CUS_000157,MER_00081,1081.91,INR,UPI,DESKTOP,FAILED,TIMEOUT,0,70.63,0,False,False,0,0,0,0.602621,215,35,29,6,0.8286,2005.85,0.5738,45,CARD,FOOD_DELIVERY,MEDIUM,42052.11,0.8971,0.1029,16,6,8,6.987407141054712,0.8286,2005.85,0.8971,30.91171428571429,0,0,0,RETRY_LATER,0.6645095208665279,717.9394957207053,delayed retry has strong predicted recovery value,0.0
EVT_00001641,ALTERNATIVE_PAYMENT,True,ALLOWED,0.324543,1,1113.7,PAYMENT_FAILURE,2026-08-15 08:27:56,CUS_000673,MER_00069,1113.7,INR,UPI,TABLET,FAILED,INSUFFICIENT_BALANCE,1,64.81,0,False,False,0,0,0,0.294543,965,68,64,4,0.9412,2008.28,0.8641,64,NETBANKING,E_COMMERCE,SMALL,12615.7,0.7608,0.2392,8,5,8,7.016340589395578,0.9412,2008.28,0.7608,16.37794117647059,0,1,0,RECOVERY_REMINDER,0.4444321960968993,492.9641367931168,reminder has strong predicted recovery value; strong customer payment history; decision margin is narrow,0.0
EVT_00007576,ALTERNATIVE_PAYMENT,True,ALLOWED,0.624971,1,10406.26,PAYMENT_FAILURE,2026-08-13 02:33:11,CUS_000617,MER_00194,10406.26,INR,CARD,DESKTOP,FAILED,BANK_TECHNICAL_ERROR,1,0.35,0,False,False,0,0,0,0.594971,397,79,77,2,0.9747,7162.09,0.7793,38,NETBANKING,TRAVEL,LARGE,3878.8,0.7793,0.2207,2,3,8,9.25025891851018,0.9747,7162.09,0.7793,131.72481012658227,1,1,0,RECOVERY_REMINDER,0.536117198158379,5576.974954507613,reminder has strong predicted recovery value; strong customer payment history; high-value transaction,0.0
EVT_00005488,ALTERNATIVE_PAYMENT,True,ALLOWED,0.497745,0,0.0,PAYMENT_FAILURE,2026-08-13 00:33:24,CUS_001713,MER_00122,5960.15,INR,NETBANKING,TABLET,FAILED,TIMEOUT,1,30.1,0,False,False,0,0,0,0.467745,1323,64,46,18,0.7188,4671.37,0.4983,42,UPI,TRAVEL,LARGE,1261.74,0.7975,0.2025,0,3,8,8.69301869446649,0.7188,4671.37,0.7975,93.12734375,0,0,0,RECOVERY_REMINDER,0.5115303761475891,3046.797771396053,reminder has strong predicted recovery value; decision margin is narrow,5960.15
EVT_00008915,ALTERNATIVE_PAYMENT,True,ALLOWED,0.536574,0,0.0,PAYMENT_FAILURE,2026-08-24 19:55:34,CUS_000805,MER_00172,10593.57,INR,NETBANKING,MOBILE,FAILED,ISSUER_DECLINE,0,43.74,0,False,False,0,0,0,0.356574,1115,14,14,0,1.0,7683.88,0.8676,43,CARD,E_COMMERCE,SMALL,8580.85,0.8235,0.1765,19,0,8,9.268096884697108,1.0,7683.88,0.8235,756.6835714285714,1,1,0,ALTERNATIVE_PAYMENT,0.5369085240679413,5682.778033310421,alternative payment has strongest net expected value; strong customer payment history; high-value transaction,0.0
EVT_00005683,ALTERNATIVE_PAYMENT,True,ALLOWED,0.395793,0,0.0,PAYMENT_FAILURE,2026-08-15 10:53:44,CUS_001161,MER_00127,5168.57,INR,NETBANKING,MOBILE,FAILED,ISSUER_DECLINE,1,15.77,0,False,False,0,0,0,0.215793,886,10,8,2,0.8,4695.67,0.5395,60,CARD,SAAS,MEDIUM,11305.04,0.8287,0.1713,10,5,8,8.550544791896478,0.8,4695.67,0.8287,516.857,0,0,0,ALTERNATIVE_PAYMENT,0.46372827677390366,2391.8120594852953,alternative payment has strongest net expected value,0.0
EVT_00004630,ALTERNATIVE_PAYMENT,True,ALLOWED,0.655497,1,1879.8,PAYMENT_FAILURE,2026-08-13 00:32:52,CUS_001553,MER_00019,1879.8,INR,UPI,MOBILE,FAILED,EXPIRED_PAYMENT_METHOD,0,15.07,0,False,False,0,0,0,0.475497,813,75,73,2,0.9733,2216.48,0.899,36,UPI,FOOD_DELIVERY,MEDIUM,3617.98,0.9102,0.0898,0,3,8,7.539452497225859,0.9733,2216.48,0.9102,25.064,0,1,0,ALTERNATIVE_PAYMENT,0.544566075783696,1018.6753092581916,alternative payment has strongest net expected value; strong customer payment history,1879.8
EVT_00000785,ALTERNATIVE_PAYMENT,True,ALLOWED,0.566666,0,0.0,CHECKOUT_ABANDONMENT,2026-08-12 22:59:14,CUS_001318,MER_00019,1446.83,INR,WALLET,MOBILE,AT_RISK,,0,64.11,639,False,False,0,0,0,0.536666,897,32,29,3,0.9062,3291.44,0.8928,44,WALLET,FOOD_DELIVERY,MEDIUM,3617.98,0.9102,0.0898,22,2,8,7.2778211627384355,0.9062,3291.44,0.9102,45.2134375,0,1,0,RECOVERY_REMINDER,0.6916959597948236,998.7664655099445,reminder has strong predicted recovery value; strong customer payment history,1446.83
EVT_00006274,ALTERNATIVE_PAYMENT,True,ALLOWED,0.76902,1,3465.08,CHECKOUT_ABANDONMENT,2026-08-24 20:11:42,CUS_000625,MER_00060,3465.08,INR,UPI,MOBILE,AT_RISK,,0,38.06,164,True,True,0,0,0,0.73902,918,73,62,11,0.8493,3465.28,0.6569,13,CARD,FOOD_DELIVERY,LARGE,5310.7,0.9841,0.0159,20,0,8,8.15077955137098,0.8493,3465.28,0.9841,47.466849315068494,0,0,0,RECOVERY_REMINDER,0.8945439919498495,3097.6664956255845,reminder has strong predicted recovery value,3465.08
EVT_00004716,ALTERNATIVE_PAYMENT,True,ALLOWED,0.806045,0,0.0,CHECKOUT_ABANDONMENT,2026-08-13 02:43:26,CUS_000067,MER_00187,8759.69,INR,CARD,MOBILE,AT_RISK,,0,9.95,787,True,True,0,0,0,0.776045,1361,58,56,2,0.9655,5815.69,0.8155,79,CARD,FOOD_DELIVERY,LARGE,11630.69,0.9524,0.0476,2,3,8,9.078029947951759,0.9655,5815.69,0.9524,151.02913793103448,0,1,0,RECOVERY_REMINDER,0.9204714683713476,8061.04471677781,reminder has strong predicted recovery value; strong customer payment history,8759.69
EVT_00000617,ALTERNATIVE_PAYMENT,True,ALLOWED,0.786126,1,2789.82,CHECKOUT_ABANDONMENT,2026-08-13 06:46:41,CUS_000142,MER_00082,2789.82,INR,UPI,MOBILE,AT_RISK,,0,46.62,672,True,False,0,0,0,0.756126,345,70,65,5,0.9286,980.04,0.7933,83,UPI,DIGITAL_SERVICES,SMALL,5119.5,0.9572,0.0428,6,3,8,7.9340907384433015,0.9286,980.04,0.9572,39.85457142857143,0,1,0,RECOVERY_REMINDER,0.9322549354773721,2598.8234640934825,reminder has strong predicted recovery value; strong customer payment history,2789.82
EVT_00000352,ALTERNATIVE_PAYMENT,True,ALLOWED,0.781206,0,0.0,CHECKOUT_ABANDONMENT,2026-08-25 03:24:17,CUS_001218,MER_00042,1059.31,INR,UPI,DESKTOP,AT_RISK,,0,7.4,191,True,False,0,0,0,0.751206,1106,34,31,3,0.9118,2238.94,0.8444,64,NETBANKING,E_COMMERCE,SMALL,2406.16,0.9772,0.0228,3,1,8,6.966316597180309,0.9118,2238.94,0.9772,31.156176470588235,0,1,0,RECOVERY_REMINDER,0.811143658617426,857.2525890100255,reminder has strong predicted recovery value; strong customer payment history,1059.31
EVT_00006775,ALTERNATIVE_PAYMENT,True,ALLOWED,0.337561,0,0.0,SUBSCRIPTION_FAILURE,2026-08-15 16:02:32,CUS_000631,MER_00087,2149.19,INR,UPI,DESKTOP,AT_RISK,,0,3.2,0,False,False,333,9,3,0.307561,1113,74,69,5,0.9324,2620.16,0.5423,21,CARD,TRAVEL,MEDIUM,26627.4,0.8417,0.1583,16,5,8,7.673311489310148,0.9324,2620.16,0.8417,29.043108108108108,0,1,0,RECOVERY_REMINDER,0.49293186103928993,1057.4042264270315,reminder has strong predicted recovery value; strong customer payment history,0.0
EVT_00008505,ALTERNATIVE_PAYMENT,True,ALLOWED,0.782017,1,5175.88,CHECKOUT_ABANDONMENT,2026-08-25 07:19:15,CUS_001209,MER_00086,5175.88,INR,UPI,MOBILE,AT_RISK,,0,21.75,184,True,False,0,0,0,0.752017,448,34,30,4,0.8824,5844.84,0.7327,35,CARD,EDUCATION,LARGE,4399.36,0.9863,0.0137,7,1,8,8.551957837185697,0.8824,5844.84,0.9863,152.23176470588237,0,0,0,RECOVERY_REMINDER,0.8541286792457203,4418.867548334339,reminder has strong predicted recovery value,5175.88
EVT_00007688,ALTERNATIVE_PAYMENT,True,ALLOWED,0.227578,0,0.0,PAYMENT_FAILURE,2026-08-15 19:07:48,CUS_000388,MER_00055,787.7,INR,CARD,MOBILE,FAILED,INSUFFICIENT_BALANCE,2,48.59,0,False,False,0,0,0,0.197578,1251,78,66,12,0.8462,1042.03,0.7074,48,NETBANKING,DIGITAL_SERVICES,LARGE,4613.21,0.7204,0.2796,19,5,8,6.670386020403945,0.8462,1042.03,0.7204,10.09871794871795,0,0,1,RECOVERY_REMINDER,0.2940975709018574,229.6606565993931,reminder has strong predicted recovery value; multiple previous attempts reduce retry priority,0.0
EVT_00008182,ALTERNATIVE_PAYMENT,True,ALLOWED,0.529113,1,2614.27,CHECKOUT_ABANDONMENT,2026-08-12 08:27:40,CUS_000448,MER_00162,2614.27,INR,UPI,MOBILE,AT_RISK,,0,58.89,659,False,False,0,0,0,0.499113,1434,52,42,10,0.8077,5008.07,0.6911,0,WALLET,DIGITAL_SERVICES,LARGE,1610.3,0.8922,0.1078,8,2,8,7.869122621647071,0.8077,5008.07,0.8922,50.27442307692308,0,0,0,RECOVERY_REMINDER,0.7365263878303048,1923.4788399131307,reminder has strong predicted recovery value,2614.27
EVT_00007003,ALTERNATIVE_PAYMENT,True,ALLOWED,0.751548,1,2300.53,CHECKOUT_ABANDONMENT,2026-08-12 08:02:26,CUS_000075,MER_00063,2300.53,INR,UPI,DESKTOP,AT_RISK,,0,61.97,756,True,False,0,0,0,0.721548,1039,56,50,6,0.8929,2063.94,0.6972,49,CARD,E_COMMERCE,SMALL,3066.57,0.806,0.194,8,2,8,7.741329398149531,0.8929,2063.94,0.806,41.080892857142864,0,0,0,RECOVERY_REMINDER,0.9185348514626105,2111.1169818352796,reminder has strong predicted recovery value,2300.53
EVT_00003104,ALTERNATIVE_PAYMENT,True,ALLOWED,0.333271,1,2780.86,PAYMENT_FAILURE,2026-08-25 07:36:51,CUS_000632,MER_00023,2780.86,INR,CARD,MOBILE,FAILED,INSUFFICIENT_BALANCE,1,19.2,0,False,False,0,0,0,0.303271,511,54,49,5,0.9074,2383.46,0.6475,88,UPI,DIGITAL_SERVICES,SMALL,1219.34,0.8554,0.1446,7,1,8,7.9308750477088505,0.9074,2383.46,0.8554,51.49740740740741,0,1,0,ALTERNATIVE_PAYMENT,0.4223844820000485,1169.592110614655,alternative payment has strongest net expected value; strong customer payment history,2780.86
EVT_00007152,ALTERNATIVE_PAYMENT,True,ALLOWED,0.379568,0,0.0,PAYMENT_FAILURE,2026-08-15 19:34:06,CUS_001086,MER_00071,9363.32,INR,CARD,DESKTOP,FAILED,EXPIRED_PAYMENT_METHOD,3,58.31,0,False,False,0,0,0,0.199568,1263,29,23,6,0.7931,5593.63,0.5499,13,UPI,TRAVEL,MEDIUM,1476.19,0.8534,0.1466,19,5,8,9.14466200145706,0.7931,5593.63,0.8534,322.87310344827586,0,0,1,ALTERNATIVE_PAYMENT,0.3287934794128379,3073.5985616558132,alternative payment has strongest net expected value; multiple previous attempts reduce retry priority,0.0
EVT_00000457,ALTERNATIVE_PAYMENT,True,ALLOWED,0.474415,0,0.0,PAYMENT_FAILURE,2026-08-12 07:56:16,CUS_001652,MER_00129,1576.37,INR,UPI,DESKTOP,FAILED,PAYMENT_LIMIT,2,70.94,0,False,False,0,0,0,0.294415,56,6,6,0,1.0,4896.37,0.9532,75,CARD,TRAVEL,SMALL,6672.36,0.894,0.106,7,2,8,7.363514182144768,1.0,4896.37,0.894,262.7283333333333,0,1,1,ALTERNATIVE_PAYMENT,0.45217157452677725,707.7897049367758,alternative payment has strongest net expected value; multiple previous attempts reduce retry priority; strong customer payment history,0.0
EVT_00005289,ALTERNATIVE_PAYMENT,True,ALLOWED,0.416264,0,0.0,PAYMENT_FAILURE,2026-08-12 06:56:06,CUS_000192,MER_00147,8590.73,INR,UPI,MOBILE,FAILED,TIMEOUT,3,41.07,0,False,False,0,0,0,0.386264,956,33,30,3,0.9091,10292.64,0.25,44,UPI,TRAVEL,MEDIUM,6423.31,0.8655,0.1345,6,2,8,9.058555391673877,0.9091,10292.64,0.8655,260.3251515151515,0,1,1,ALTERNATIVE_PAYMENT,0.3749264331205035,3215.891756801303,alternative payment has strongest net expected value; multiple previous attempts reduce retry priority; strong customer payment history,0.0
EVT_00009794,ALTERNATIVE_PAYMENT,True,ALLOWED,0.639317,1,4295.58,PAYMENT_FAILURE,2026-08-25 08:19:54,CUS_001990,MER_00059,4295.58,INR,UPI,MOBILE,FAILED,PAYMENT_LIMIT,0,7.15,0,False,False,0,0,0,0.459317,1387,38,37,1,0.9737,3867.29,0.8974,66,CARD,DIGITAL_SERVICES,SMALL,6166.34,0.923,0.077,8,1,8,8.36557463638675,0.9737,3867.29,0.923,113.04157894736842,0,1,0,ALTERNATIVE_PAYMENT,0.55037606822401,2359.1844311416926,alternative payment has strongest net expected value; strong customer payment history,4295.58
EVT_00008576,ALTERNATIVE_PAYMENT,True,ALLOWED,0.514248,0,0.0,PAYMENT_FAILURE,2026-08-23 13:35:54,CUS_000294,MER_00146,39908.07,INR,UPI,TABLET,FAILED,INSUFFICIENT_BALANCE,0,43.78,0,False,False,0,0,0,0.484248,517,60,55,5,0.9167,22277.54,0.6359,82,CARD,RETAIL,LARGE,2271.18,0.8973,0.1027,13,6,8,10.594358895340806,0.9167,22277.54,0.8973,665.1345,1,1,0,ALTERNATIVE_PAYMENT,0.6031483045564562,24065.484758620372,alternative payment has strongest net expected value; strong customer payment history; high-value transaction; decision margin is narrow,0.0
EVT_00000288,ALTERNATIVE_PAYMENT,True,ALLOWED,0.507581,0,0.0,PAYMENT_FAILURE,2026-08-15 20:26:37,CUS_001024,MER_00122,2726.27,INR,NETBANKING,TABLET,FAILED,TIMEOUT,2,4.36,0,False,False,0,0,0,0.477581,1267,16,16,0,1.0,4490.48,0.9059,26,UPI,TRAVEL,LARGE,1261.74,0.7975,0.2025,20,5,8,7.911056387845422,1.0,4490.48,0.7975,170.391875,0,1,1,ALTERNATIVE_PAYMENT,0.4364154078341457,1184.7862339159963,alternative payment has strongest net expected value; multiple previous attempts reduce retry priority; strong customer payment history,0.0
EVT_00009933,ALTERNATIVE_PAYMENT,True,ALLOWED,0.415347,0,0.0,PAYMENT_FAILURE,2026-08-12 08:30:53,CUS_000349,MER_00183,1340.85,INR,CARD,DESKTOP,FAILED,PAYMENT_LIMIT,2,62.7,0,False,False,0,0,0,0.235347,295,16,13,3,0.8125,3656.36,0.9025,61,UPI,DIGITAL_SERVICES,SMALL,7807.06,0.8681,0.1319,8,2,8,7.201804537812078,0.8125,3656.36,0.8681,83.803125,0,0,1,ALTERNATIVE_PAYMENT,0.43708533555511087,581.0658721790703,alternative payment has strongest net expected value; multiple previous attempts reduce retry priority,0.0
EVT_00005358,ALTERNATIVE_PAYMENT,True,ALLOWED,0.475991,1,1262.79,PAYMENT_FAILURE,2026-08-12 06:35:10,CUS_001203,MER_00188,1262.79,INR,CARD,MOBILE,FAILED,ISSUER_DECLINE,0,18.1,0,False,False,0,0,0,0.295991,1477,61,53,8,0.8689,1530.88,0.633,66,CARD,RETAIL,SMALL,9937.08,0.8407,0.1593,6,2,8,7.141870421663644,0.8689,1530.88,0.8407,20.701475409836064,0,0,0,ALTERNATIVE_PAYMENT,0.46914435542168265,587.4308005829466,alternative payment has strongest net expected value,1262.79
EVT_00008735,ALTERNATIVE_PAYMENT,True,ALLOWED,0.763709,1,1095.12,CHECKOUT_ABANDONMENT,2026-08-25 10:00:57,CUS_001454,MER_00074,1095.12,INR,UPI,MOBILE,AT_RISK,,0,60.92,271,True,False,0,0,0,0.733709,391,28,24,4,0.8571,2302.63,0.9101,12,NETBANKING,FOOD_DELIVERY,MEDIUM,5401.12,0.9649,0.0351,10,1,8,6.999531950565567,0.8571,2302.63,0.9649,39.11142857142857,0,0,0,RECOVERY_REMINDER,0.8960027963249863,979.2305823114189,reminder has strong predicted recovery value,1095.12
EVT_00002292,ALTERNATIVE_PAYMENT,True,ALLOWED,0.284598,0,0.0,PAYMENT_FAILURE,2026-08-15 21:26:15,CUS_000422,MER_00076,9631.46,INR,CARD,DESKTOP,FAILED,INSUFFICIENT_BALANCE,2,52.53,0,False,False,0,0,0,0.254598,1050,60,58,2,0.9667,2624.05,0.7763,29,WALLET,RETAIL,SMALL,3701.29,0.793,0.207,21,5,8,9.172893923883333,0.9667,2624.05,0.793,160.52433333333332,0,1,1,RECOVERY_REMINDER,0.34653961754410395,3335.682464791335,reminder has strong predicted recovery value; multiple previous attempts reduce retry priority; strong customer payment history,9631.46
EVT_00008582,ALTERNATIVE_PAYMENT,True,ALLOWED,0.600996,0,0.0,PAYMENT_FAILURE,2026-08-12 05:36:56,CUS_001064,MER_00055,4634.26,INR,UPI,DESKTOP,FAILED,EXPIRED_PAYMENT_METHOD,0,71.37,0,False,False,0,0,0,0.420996,1066,11,10,1,0.9091,2931.72,0.9003,66,CARD,DIGITAL_SERVICES,LARGE,4613.21,0.7204,0.2796,5,2,8,8.441447571356575,0.9091,2931.72,0.7204,421.29636363636365,0,1,0,ALTERNATIVE_PAYMENT,0.513905253730323,2376.5705611522867,alternative payment has strongest net expected value; strong customer payment history,0.0
EVT_00001487,ALTERNATIVE_PAYMENT,True,ALLOWED,0.409958,1,1738.99,PAYMENT_FAILURE,2026-08-12 04:02:35,CUS_000748,MER_00018,1738.99,INR,UPI,MOBILE,FAILED,ISSUER_DECLINE,1,42.81,0,False,False,0,0,0,0.229958,492,64,54,10,0.8438,2960.63,0.7242,54,UPI,E_COMMERCE,SMALL,8469.12,0.8917,0.1083,4,2,8,7.461634645065623,0.8438,2960.63,0.8917,27.17171875,0,0,0,ALTERNATIVE_PAYMENT,0.4803657809317222,830.3512893824557,alternative payment has strongest net expected value,1738.99
EVT_00000054,ALTERNATIVE_PAYMENT,True,ALLOWED,0.77515,1,2269.1,CHECKOUT_ABANDONMENT,2026-08-25 11:18:47,CUS_001341,MER_00107,2269.1,INR,UPI,TABLET,AT_RISK,,0,38.5,613,True,False,0,0,0,0.74515,815,43,39,4,0.907,1662.65,0.6892,21,CARD,E_COMMERCE,SMALL,15795.0,0.9309,0.0691,11,1,8,7.727579162368586,0.907,1662.65,0.9309,52.769767441860466,0,1,0,RECOVERY_REMINDER,0.8979766413863691,2035.59879696981,reminder has strong predicted recovery value; strong customer payment history,2269.1
EVT_00007543,ALTERNATIVE_PAYMENT,True,ALLOWED,0.297863,0,0.0,PAYMENT_FAILURE,2026-08-23 13:23:29,CUS_000412,MER_00157,7637.72,INR,CARD,MOBILE,FAILED,ISSUER_DECLINE,3,70.37,0,False,False,0,0,0,0.117863,367,4,3,1,0.75,7467.01,0.7935,43,NETBANKING,E_COMMERCE,MEDIUM,5657.2,0.8635,0.1365,13,6,8,8.94098532885728,0.75,7467.01,0.8635,1909.43,0,0,1,ALTERNATIVE_PAYMENT,0.40614820924487555,3097.046300713771,alternative payment has strongest net expected value; multiple previous attempts reduce retry priority,0.0
EVT_00001826,ALTERNATIVE_PAYMENT,True,ALLOWED,0.453121,1,2852.36,PAYMENT_FAILURE,2026-08-12 04:01:30,CUS_001624,MER_00152,2852.36,INR,CARD,DESKTOP,FAILED,ISSUER_DECLINE,0,51.09,0,False,False,0,0,0,0.273121,54,35,26,9,0.7429,2387.04,0.8351,33,UPI,DIGITAL_SERVICES,SMALL,4325.9,0.9166,0.0834,4,2,8,7.956252526218399,0.7429,2387.04,0.9166,81.49600000000001,0,0,0,ALTERNATIVE_PAYMENT,0.45313636761653964,1287.508049534713,alternative payment has strongest net expected value,2852.36
EVT_00007856,ALTERNATIVE_PAYMENT,True,ALLOWED,0.510035,0,0.0,PAYMENT_FAILURE,2026-08-15 22:14:01,CUS_001384,MER_00020,1663.69,INR,UPI,MOBILE,FAILED,TIMEOUT,2,48.19,0,False,False,0,0,0,0.480035,1348,73,67,6,0.9178,3422.72,0.6874,85,CARD,FOOD_DELIVERY,LARGE,3635.97,0.9772,0.0228,22,5,8,7.417394198893558,0.9178,3422.72,0.9772,22.79027397260274,0,1,1,ALTERNATIVE_PAYMENT,0.4719310729790294,780.1470068044815,alternative payment has strongest net expected value; multiple previous attempts reduce retry priority; strong customer payment history,0.0
EVT_00008713,ALTERNATIVE_PAYMENT,True,ALLOWED,0.570677,1,1467.89,PAYMENT_FAILURE,2026-08-12 03:47:56,CUS_001972,MER_00014,1467.89,INR,NETBANKING,MOBILE,FAILED,TIMEOUT,1,52.61,0,False,False,0,0,0,0.540677,1383,74,68,6,0.9189,1108.73,0.6733,75,UPI,FOOD_DELIVERY,SMALL,3627.04,0.8438,0.1562,3,2,8,7.292262292498824,0.9189,1108.73,0.8438,19.836351351351354,0,1,0,ALTERNATIVE_PAYMENT,0.6102485767078395,890.7777832636706,alternative payment has strongest net expected value; strong customer payment history,1467.89
EVT_00000642,ALTERNATIVE_PAYMENT,True,ALLOWED,0.364318,1,12163.7,PAYMENT_FAILURE,2026-08-25 11:48:04,CUS_001091,MER_00175,12163.7,INR,UPI,DESKTOP,FAILED,ISSUER_DECLINE,3,52.87,0,False,False,0,0,0,0.184318,769,28,28,0,1.0,12709.56,0.6443,14,UPI,RETAIL,SMALL,14742.91,0.995,0.005,11,1,8,9.406293594001085,1.0,12709.56,0.995,434.41785714285714,1,1,1,ALTERNATIVE_PAYMENT,0.43333650013318803,5265.97518667006,alternative payment has strongest net expected value; multiple previous attempts reduce retry priority; strong customer payment history; high-value transaction,12163.7
EVT_00009115,ALTERNATIVE_PAYMENT,True,ALLOWED,0.482816,1,1388.99,PAYMENT_FAILURE,2026-08-12 03:26:09,CUS_000210,MER_00015,1388.99,INR,NETBANKING,MOBILE,FAILED,TIMEOUT,2,60.0,0,False,False,0,0,0,0.452816,1174,11,10,1,0.9091,2424.25,0.9132,15,NETBANKING,EDUCATION,SMALL,2436.77,0.8602,0.1398,3,2,8,7.237051831854254,0.9091,2424.25,0.8602,126.27181818181818,0,1,1,ALTERNATIVE_PAYMENT,0.4425129328362231,609.6460385801855,alternative payment has strongest net expected value; multiple previous attempts reduce retry priority; strong customer payment history,1388.99
EVT_00009301,ALTERNATIVE_PAYMENT,True,ALLOWED,0.349233,0,0.0,PAYMENT_FAILURE,2026-08-12 06:17:09,CUS_001116,MER_00156,4179.89,INR,NETBANKING,MOBILE,FAILED,INSUFFICIENT_BALANCE,1,65.66,0,False,False,0,0,0,0.319233,750,40,37,3,0.925,10734.18,0.7386,84,UPI,FOOD_DELIVERY,MEDIUM,16696.36,0.898,0.102,6,2,8,8.338279421515129,0.925,10734.18,0.898,104.49725000000001,0,1,0,ALTERNATIVE_PAYMENT,0.44307370013747865,1846.999328467646,alternative payment has strongest net expected value; strong customer payment history,0.0
EVT_00003371,ALTERNATIVE_PAYMENT,True,ALLOWED,0.379856,0,0.0,PAYMENT_FAILURE,2026-08-23 15:19:24,CUS_000058,MER_00054,5865.74,INR,CARD,MOBILE,FAILED,ISSUER_DECLINE,1,20.64,0,False,False,0,0,0,0.199856,256,59,41,18,0.6949,6286.75,0.6576,44,CARD,SAAS,SMALL,6765.64,0.896,0.104,15,6,8,8.67705439228001,0.6949,6286.75,0.896,99.4193220338983,0,0,0,ALTERNATIVE_PAYMENT,0.46856649193165434,2743.489214383182,alternative payment has strongest net expected value,0.0
EVT_00009593,ALTERNATIVE_PAYMENT,True,ALLOWED,0.499303,1,2188.8,PAYMENT_FAILURE,2026-08-23 13:46:46,CUS_001810,MER_00026,2188.8,INR,CARD,MOBILE,FAILED,BANK_TECHNICAL_ERROR,2,44.0,0,False,False,0,0,0,0.469303,1440,48,44,4,0.9167,2840.29,0.9197,3,UPI,SAAS,LARGE,6343.17,0.7939,0.2061,13,6,8,7.691565494439325,0.9167,2840.29,0.7939,45.6,0,1,1,RECOVERY_REMINDER,0.41728945967684045,911.3631693406685,reminder has strong predicted recovery value; multiple previous attempts reduce retry priority; strong customer payment history,2188.8
EVT_00008985,ALTERNATIVE_PAYMENT,True,ALLOWED,0.391628,1,3922.56,PAYMENT_FAILURE,2026-08-25 07:05:35,CUS_001400,MER_00104,3922.56,INR,NETBANKING,DESKTOP,FAILED,TIMEOUT,3,31.43,0,False,False,0,0,0,0.361628,470,58,50,8,0.8621,4862.91,0.9133,0,CARD,FOOD_DELIVERY,SMALL,12154.73,0.8804,0.1196,7,1,8,8.274754683919058,0.8621,4862.91,0.8804,67.6303448275862,0,0,1,ALTERNATIVE_PAYMENT,0.4637714883568037,1814.1714893688638,alternative payment has strongest net expected value; multiple previous attempts reduce retry priority,3922.56
EVT_00001957,ALTERNATIVE_PAYMENT,True,ALLOWED,0.554139,0,0.0,SUBSCRIPTION_FAILURE,2026-08-12 16:51:19,CUS_001431,MER_00119,2411.19,INR,CARD,DESKTOP,AT_RISK,,0,9.95,0,False,False,629,12,1,0.524139,721,20,18,2,0.9,5390.06,0.7627,3,CARD,FOOD_DELIVERY,MEDIUM,1203.04,0.9094,0.0906,16,2,8,7.788290327547315,0.9,5390.06,0.9094,120.5595,0,1,0,ALTERNATIVE_PAYMENT,0.5858357229894288,1407.5612369148807,alternative payment has strongest net expected value; strong customer payment history,0.0
EVT_00002701,ALTERNATIVE_PAYMENT,True,ALLOWED,0.359845,1,3898.4,SUBSCRIPTION_FAILURE,2026-08-12 16:02:16,CUS_001648,MER_00145,3898.4,INR,CARD,MOBILE,AT_RISK,,0,34.95,0,False,False,90,10,3,0.329845,1005,48,45,3,0.9375,3549.38,0.7651,28,UPI,DIGITAL_SERVICES,SMALL,22876.16,0.9386,0.0614,16,2,8,8.268577974128359,0.9375,3549.38,0.9386,81.21666666666667,0,1,0,RECOVERY_REMINDER,0.4871427933024858,1897.0774654104107,reminder has strong predicted recovery value; strong customer payment history,3898.4
EVT_00007588,ALTERNATIVE_PAYMENT,True,ALLOWED,0.763569,1,10756.75,CHECKOUT_ABANDONMENT,2026-08-25 03:31:14,CUS_001209,MER_00133,10756.75,INR,UPI,MOBILE,AT_RISK,,0,36.08,303,True,False,0,0,0,0.733569,448,34,30,4,0.8824,5844.84,0.7327,35,CARD,TRAVEL,SMALL,4316.96,0.7958,0.2042,3,1,8,9.283381704042998,0.8824,5844.84,0.7958,316.375,1,0,0,RECOVERY_REMINDER,0.9204670659977996,9899.234112171831,reminder has strong predicted recovery value; high-value transaction,10756.75
EVT_00005882,ALTERNATIVE_PAYMENT,True,ALLOWED,0.555575,1,10442.9,PAYMENT_FAILURE,2026-08-15 16:31:06,CUS_000129,MER_00075,10442.9,INR,CARD,MOBILE,FAILED,TIMEOUT,2,57.38,0,False,False,0,0,0,0.525575,874,6,6,0,1.0,5311.89,0.8189,81,CARD,EDUCATION,SMALL,18185.27,0.9412,0.0588,16,5,8,9.253773354897653,1.0,5311.89,0.9412,1740.4833333333333,1,1,1,ALTERNATIVE_PAYMENT,0.5093123087939758,5313.69750950461,alternative payment has strongest net expected value; multiple previous attempts reduce retry priority; strong customer payment history; high-value transaction; decision margin is narrow,10442.9
EVT_00005457,ALTERNATIVE_PAYMENT,True,ALLOWED,0.350896,1,3230.86,PAYMENT_FAILURE,2026-08-12 14:57:26,CUS_000412,MER_00156,3230.86,INR,WALLET,DESKTOP,FAILED,PAYMENT_LIMIT,3,71.63,0,False,False,0,0,0,0.170896,367,4,3,1,0.75,7467.01,0.7935,43,NETBANKING,FOOD_DELIVERY,MEDIUM,16696.36,0.898,0.102,14,2,8,8.080813101871103,0.75,7467.01,0.898,807.715,0,0,1,ALTERNATIVE_PAYMENT,0.41873262927543153,1347.8665026208207,alternative payment has strongest net expected value; multiple previous attempts reduce retry priority,3230.86
EVT_00000137,ALTERNATIVE_PAYMENT,True,ALLOWED,0.252711,0,0.0,PAYMENT_FAILURE,2026-08-12 13:56:31,CUS_001707,MER_00159,4792.11,INR,UPI,DESKTOP,FAILED,INSUFFICIENT_BALANCE,2,58.01,0,False,False,0,0,0,0.222711,1475,13,11,2,0.8462,3730.13,0.8116,55,UPI,EDUCATION,MEDIUM,1436.79,0.8598,0.1402,13,2,8,8.474934749031895,0.8462,3730.13,0.8598,368.6238461538461,0,0,1,ALTERNATIVE_PAYMENT,0.30675113380021446,1464.9851757953456,alternative payment has strongest net expected value; multiple previous attempts reduce retry priority,0.0
EVT_00001658,ALTERNATIVE_PAYMENT,True,ALLOWED,0.337918,0,0.0,PAYMENT_FAILURE,2026-08-25 04:15:02,CUS_000755,MER_00018,1467.11,INR,NETBANKING,MOBILE,FAILED,INSUFFICIENT_BALANCE,1,2.52,0,False,False,0,0,0,0.307918,845,79,72,7,0.9114,2141.74,0.8231,89,UPI,E_COMMERCE,SMALL,8469.12,0.8917,0.1083,4,1,8,7.291731138247317,0.9114,2141.74,0.8917,18.571012658227847,0,1,0,RECOVERY_REMINDER,0.41477058525181837,606.5140733287952,reminder has strong predicted recovery value; strong customer payment history; decision margin is narrow,0.0
EVT_00005784,ALTERNATIVE_PAYMENT,True,ALLOWED,0.768339,1,11168.39,CHECKOUT_ABANDONMENT,2026-08-23 15:15:23,CUS_000377,MER_00050,11168.39,INR,CARD,MOBILE,AT_RISK,,0,54.99,756,True,True,0,0,0,0.738339,1112,68,54,14,0.7941,8862.3,0.8172,74,UPI,SAAS,SMALL,2988.65,0.9869,0.0131,15,6,8,9.320932280008025,0.7941,8862.3,0.9869,164.24102941176469,1,0,0,RECOVERY_REMINDER,0.8693222362431756,9706.92977003592,reminder has strong predicted recovery value; high-value transaction,0.0
EVT_00009555,ALTERNATIVE_PAYMENT,True,ALLOWED,0.351202,0,0.0,PAYMENT_FAILURE,2026-08-12 11:54:48,CUS_001372,MER_00009,1185.51,INR,UPI,TABLET,FAILED,TIMEOUT,3,64.52,0,False,False,0,0,0,0.321202,534,19,15,4,0.7895,1208.87,0.5056,47,CARD,SAAS,MEDIUM,2469.96,0.8258,0.1742,11,2,8,7.078771503990323,0.7895,1208.87,0.8258,62.39526315789474,0,0,1,ALTERNATIVE_PAYMENT,0.40148364764799727,470.96287912317723,alternative payment has strongest net expected value; multiple previous attempts reduce retry priority,0.0
EVT_00008765,ALTERNATIVE_PAYMENT,True,ALLOWED,0.833165,1,35512.46,CHECKOUT_ABANDONMENT,2026-08-15 17:31:06,CUS_000119,MER_00170,35512.46,INR,CARD,MOBILE,AT_RISK,,0,31.5,327,True,False,0,0,0,0.803165,390,44,42,2,0.9545,18877.88,0.9126,27,CARD,EDUCATION,LARGE,584.64,0.8429,0.1571,17,5,8,10.477667058532019,0.9545,18877.88,0.8429,807.1013636363637,1,1,0,RECOVERY_REMINDER,0.9205187272826421,32687.884481875735,reminder has strong predicted recovery value; strong customer payment history; high-value transaction,35512.46
EVT_00001384,ALTERNATIVE_PAYMENT,True,ALLOWED,0.810251,1,6252.83,CHECKOUT_ABANDONMENT,2026-08-12 11:39:31,CUS_001699,MER_00110,6252.83,INR,NETBANKING,MOBILE,AT_RISK,,0,10.68,200,True,False,0,0,0,0.780251,558,23,23,0,1.0,3281.62,0.7994,32,CARD,FOOD_DELIVERY,MEDIUM,25287.45,0.9495,0.0505,11,2,8,8.740949355045199,1.0,3281.62,0.9495,271.8621739130435,0,1,0,RECOVERY_REMINDER,0.8763986492320779,5477.971765877814,reminder has strong predicted recovery value; strong customer payment history; decision margin is narrow,6252.83
EVT_00007466,ALTERNATIVE_PAYMENT,True,ALLOWED,0.318117,1,597.52,SUBSCRIPTION_FAILURE,2026-08-12 08:55:26,CUS_000946,MER_00183,597.52,INR,CARD,DESKTOP,AT_RISK,,0,9.94,0,False,False,183,1,2,0.288117,205,9,9,0,1.0,902.63,0.5771,51,UPI,DIGITAL_SERVICES,SMALL,7807.06,0.8681,0.1319,8,2,8,6.394459941315219,1.0,902.63,0.8681,66.39111111111112,0,1,0,RECOVERY_REMINDER,0.4139639850480572,245.35176034591512,reminder has strong predicted recovery value; strong customer payment history; decision margin is narrow,597.52
EVT_00004420,ALTERNATIVE_PAYMENT,True,ALLOWED,0.386843,0,0.0,PAYMENT_FAILURE,2026-08-25 05:18:44,CUS_000560,MER_00008,3512.94,INR,NETBANKING,MOBILE,FAILED,ISSUER_DECLINE,2,42.42,0,False,False,0,0,0,0.206843,1281,47,46,1,0.9787,1917.48,0.7015,42,NETBANKING,DIGITAL_SERVICES,MEDIUM,6017.04,0.8847,0.1153,5,1,8,8.164493194042363,0.9787,1917.48,0.8847,74.74340425531915,0,1,1,ALTERNATIVE_PAYMENT,0.49224087525231336,1724.2126603088618,alternative payment has strongest net expected value; multiple previous attempts reduce retry priority; strong customer payment history,0.0
EVT_00005415,ALTERNATIVE_PAYMENT,True,ALLOWED,0.534203,0,0.0,PAYMENT_FAILURE,2026-08-15 17:41:53,CUS_001937,MER_00056,6653.09,INR,UPI,MOBILE,FAILED,BANK_TECHNICAL_ERROR,2,70.3,0,False,False,0,0,0,0.504203,577,42,38,4,0.9048,10759.72,0.5997,8,CARD,SAAS,SMALL,1706.75,0.9351,0.0649,17,5,8,8.802986982185779,0.9048,10759.72,0.9351,158.40690476190477,0,1,1,RECOVERY_REMINDER,0.46384829819894596,3084.0244742644254,reminder has strong predicted recovery value; multiple previous attempts reduce retry priority; strong customer payment history; decision margin is narrow,6653.09
EVT_00009025,ALTERNATIVE_PAYMENT,True,ALLOWED,0.429008,0,0.0,PAYMENT_FAILURE,2026-08-12 11:34:51,CUS_001527,MER_00101,8990.93,INR,WALLET,MOBILE,FAILED,INSUFFICIENT_BALANCE,0,9.73,0,False,False,0,0,0,0.399008,498,11,10,1,0.9091,8911.76,0.9452,2,UPI,FOOD_DELIVERY,SMALL,3940.25,0.8648,0.1352,11,2,8,9.104082787405662,0.9091,8911.76,0.8648,817.3572727272727,0,1,0,ALTERNATIVE_PAYMENT,0.5438905262029048,4885.081648753483,alternative payment has strongest net expected value; strong customer payment history,0.0
EVT_00010000,ALTERNATIVE_PAYMENT,True,ALLOWED,0.728749,1,5311.95,CHECKOUT_ABANDONMENT,2026-08-25 05:41:24,CUS_000796,MER_00032,5311.95,INR,UPI,MOBILE,AT_RISK,,0,66.78,71,True,False,0,0,0,0.698749,464,73,70,3,0.9589,4782.27,0.8408,54,UPI,TRAVEL,SMALL,7142.77,0.8186,0.1814,5,1,8,8.577902515527684,0.9589,4782.27,0.8186,72.76643835616439,0,1,0,RECOVERY_REMINDER,0.9277622230168301,4926.22654055425,reminder has strong predicted recovery value; strong customer payment history,5311.95
EVT_00003836,ALTERNATIVE_PAYMENT,True,ALLOWED,0.340192,0,0.0,SUBSCRIPTION_FAILURE,2026-08-12 10:10:41,CUS_000338,MER_00135,17007.75,INR,CARD,MOBILE,AT_RISK,,0,65.65,0,False,False,783,14,3,0.310192,496,65,55,10,0.8462,12320.44,0.9426,78,CARD,FOOD_DELIVERY,SMALL,9749.43,0.833,0.167,10,2,8,9.741483196505069,0.8462,12320.44,0.833,261.6576923076923,1,0,0,RECOVERY_REMINDER,0.4315478437431447,7337.657839422469,reminder has strong predicted recovery value; high-value transaction; decision margin is narrow,0.0
EVT_00001419,ALTERNATIVE_PAYMENT,True,ALLOWED,0.828254,1,18601.64,CHECKOUT_ABANDONMENT,2026-08-23 15:08:54,CUS_001816,MER_00186,18601.64,INR,CARD,MOBILE,AT_RISK,,0,44.79,285,True,False,0,0,0,0.798254,192,6,6,0,1.0,12475.79,0.507,62,UPI,SAAS,LARGE,6624.61,0.9305,0.0695,15,6,8,9.831058785113276,1.0,12475.79,0.9305,3100.273333333333,1,1,0,RECOVERY_REMINDER,0.9273312191947223,17247.881500221312,reminder has strong predicted recovery value; strong customer payment history; high-value transaction,18601.64
EVT_00007504,ALTERNATIVE_PAYMENT,True,ALLOWED,0.513843,0,0.0,PAYMENT_FAILURE,2026-08-15 18:12:49,CUS_001664,MER_00144,5392.75,INR,CARD,MOBILE,FAILED,ISSUER_DECLINE,0,60.25,0,False,False,0,0,0,0.333843,843,77,74,3,0.961,3758.46,0.7355,44,UPI,E_COMMERCE,SMALL,11138.28,0.8359,0.1641,18,5,8,8.592996154831738,0.961,3758.46,0.8359,70.03571428571429,0,1,0,ALTERNATIVE_PAYMENT,0.5675956938029544,3055.9016777558822,alternative payment has strongest net expected value; strong customer payment history,0.0
EVT_00004146,ALTERNATIVE_PAYMENT,True,ALLOWED,0.370785,0,0.0,PAYMENT_FAILURE,2026-08-12 09:56:38,CUS_000473,MER_00124,1044.29,INR,UPI,MOBILE,FAILED,EXPIRED_PAYMENT_METHOD,3,11.4,0,False,False,0,0,0,0.190785,665,33,29,4,0.8788,2360.96,0.5448,4,NETBANKING,TRAVEL,SMALL,2268.54,0.7268,0.2732,9,2,8,6.952049637861312,0.8788,2360.96,0.7268,31.645151515151515,0,0,1,ALTERNATIVE_PAYMENT,0.4455959223600734,460.331365761401,alternative payment has strongest net expected value; multiple previous attempts reduce retry priority,0.0
EVT_00006170,ALTERNATIVE_PAYMENT,True,ALLOWED,0.51169,0,0.0,SUBSCRIPTION_FAILURE,2026-08-25 06:19:12,CUS_000899,MER_00108,2315.59,INR,UPI,DESKTOP,AT_RISK,,0,29.27,0,False,False,704,6,1,0.48169,133,63,51,12,0.8095,2605.08,0.7216,42,NETBANKING,RETAIL,SMALL,3048.05,0.8679,0.1321,6,1,8,7.747851555817945,0.8095,2605.08,0.8679,36.75539682539683,0,0,0,RECOVERY_REMINDER,0.5587108985799942,1291.745369642849,reminder has strong predicted recovery value,2315.59
EVT_00006018,ALTERNATIVE_PAYMENT,True,ALLOWED,0.452843,1,13370.59,PAYMENT_FAILURE,2026-08-12 09:24:10,CUS_000935,MER_00145,13370.59,INR,CARD,DESKTOP,FAILED,INSUFFICIENT_BALANCE,0,69.55,0,False,False,0,0,0,0.422843,680,64,58,6,0.9062,4545.42,0.7525,57,WALLET,DIGITAL_SERVICES,SMALL,22876.16,0.9386,0.0614,9,2,8,9.50088758598707,0.9062,4545.42,0.9386,208.91546875,1,1,0,RECOVERY_REMINDER,0.5011450994139711,6698.605654773448,reminder has strong predicted recovery value; strong customer payment history; high-value transaction,0.0
EVT_00003933,ALTERNATIVE_PAYMENT,True,ALLOWED,0.646806,1,1841.37,PAYMENT_FAILURE,2026-08-15 19:00:13,CUS_000095,MER_00083,1841.37,INR,UPI,MOBILE,FAILED,BANK_TECHNICAL_ERROR,0,15.91,0,False,False,0,0,0,0.616806,1350,13,10,3,0.7692,2354.67,0.9486,49,UPI,FOOD_DELIVERY,MEDIUM,6899.34,0.9485,0.0515,19,5,8,7.518808065264916,0.7692,2354.67,0.9485,141.64384615384614,0,0,0,RETRY_LATER,0.6325323691786028,1163.7261286344037,delayed retry has strong predicted recovery value,1841.37
EVT_00008863,ALTERNATIVE_PAYMENT,True,ALLOWED,0.55987,0,0.0,PAYMENT_FAILURE,2026-08-12 09:09:18,CUS_000770,MER_00016,21373.93,INR,CARD,MOBILE,FAILED,PAYMENT_LIMIT,1,24.29,0,False,False,0,0,0,0.37987,583,76,66,10,0.8684,28796.73,0.8613,7,UPI,DIGITAL_SERVICES,MEDIUM,5120.98,0.9357,0.0643,9,2,8,9.969974018945797,0.8684,28796.73,0.9357,281.23592105263157,1,0,0,ALTERNATIVE_PAYMENT,0.5557161076249397,11872.837184247928,alternative payment has strongest net expected value; high-value transaction,0.0
EVT_00003481,ALTERNATIVE_PAYMENT,True,ALLOWED,0.307694,0,0.0,PAYMENT_FAILURE,2026-08-12 11:38:14,CUS_001130,MER_00032,1911.44,INR,UPI,MOBILE,FAILED,ISSUER_DECLINE,3,58.37,0,False,False,0,0,0,0.127694,984,63,55,8,0.873,1277.83,0.7424,79,NETBANKING,TRAVEL,SMALL,7142.77,0.8186,0.1814,11,2,8,7.556135192659543,0.873,1277.83,0.8186,30.34031746031746,0,0,1,ALTERNATIVE_PAYMENT,0.3664601141669222,695.4665206232218,alternative payment has strongest net expected value; multiple previous attempts reduce retry priority,0.0
EVT_00005356,ALTERNATIVE_PAYMENT,True,ALLOWED,0.658466,1,20431.11,PAYMENT_FAILURE,2026-08-24 16:05:43,CUS_000905,MER_00083,20431.11,INR,UPI,MOBILE,FAILED,PAYMENT_LIMIT,0,56.47,0,False,False,0,0,0,0.478466,704,52,47,5,0.9038,7682.66,0.6044,76,NETBANKING,FOOD_DELIVERY,MEDIUM,6899.34,0.9485,0.0515,16,0,8,9.924862961969653,0.9038,7682.66,0.9485,392.90596153846155,1,1,0,ALTERNATIVE_PAYMENT,0.6404923341385779,13080.96933294204,alternative payment has strongest net expected value; strong customer payment history; high-value transaction,20431.11
EVT_00001123,ALTERNATIVE_PAYMENT,True,ALLOWED,0.378555,0,0.0,PAYMENT_FAILURE,2026-08-13 08:51:54,CUS_000863,MER_00080,9769.08,INR,CARD,MOBILE,FAILED,ISSUER_DECLINE,2,5.74,0,False,False,0,0,0,0.198555,206,66,57,9,0.8636,10500.33,0.906,79,CARD,EDUCATION,SMALL,3258.46,0.9582,0.0418,8,3,8,9.187079933334932,0.8636,10500.33,0.9582,148.01636363636362,0,0,1,ALTERNATIVE_PAYMENT,0.35771424389819034,3489.5390657809335,alternative payment has strongest net expected value; multiple previous attempts reduce retry priority,0.0
EVT_00001219,ALTERNATIVE_PAYMENT,True,ALLOWED,0.536116,0,0.0,PAYMENT_FAILURE,2026-08-15 06:53:43,CUS_000732,MER_00106,8437.64,INR,UPI,MOBILE,FAILED,ISSUER_DECLINE,0,61.21,0,False,False,0,0,0,0.356116,645,42,40,2,0.9524,9965.12,0.9649,89,CARD,SAAS,SMALL,2564.56,0.9372,0.0628,6,5,8,9.040576437165212,0.9524,9965.12,0.9372,200.89619047619047,0,1,0,ALTERNATIVE_PAYMENT,0.5756984362305535,4852.536153476367,alternative payment has strongest net expected value; strong customer payment history,0.0
EVT_00003156,ALTERNATIVE_PAYMENT,True,ALLOWED,0.586939,0,0.0,PAYMENT_FAILURE,2026-08-24 05:16:24,CUS_000805,MER_00169,21612.68,INR,UPI,MOBILE,FAILED,ISSUER_DECLINE,0,5.09,0,False,False,0,0,0,0.406939,1115,14,14,0,1.0,7683.88,0.8676,43,CARD,FOOD_DELIVERY,SMALL,4115.41,0.9528,0.0472,5,0,8,9.981081726534674,1.0,7683.88,0.9528,1543.7628571428572,1,1,0,ALTERNATIVE_PAYMENT,0.6204177024505911,13403.889269399842,alternative payment has strongest net expected value; strong customer payment history; high-value transaction,0.0
EVT_00000962,ALTERNATIVE_PAYMENT,True,ALLOWED,0.789106,1,3775.61,CHECKOUT_ABANDONMENT,2026-08-14 07:06:58,CUS_001698,MER_00073,3775.61,INR,UPI,MOBILE,AT_RISK,,0,19.5,483,True,False,0,0,0,0.759106,249,33,32,1,0.9697,2508.72,0.5086,64,CARD,FOOD_DELIVERY,MEDIUM,9905.73,0.8881,0.1119,7,4,8,8.236582060828312,0.9697,2508.72,0.8881,114.41242424242425,0,1,0,RECOVERY_REMINDER,0.958691027137943,3617.643428972289,reminder has strong predicted recovery value; strong customer payment history,3775.61
EVT_00006737,ALTERNATIVE_PAYMENT,True,ALLOWED,0.475671,0,0.0,PAYMENT_FAILURE,2026-08-23 23:48:39,CUS_000729,MER_00111,4539.23,INR,UPI,MOBILE,FAILED,PAYMENT_LIMIT,2,25.56,0,False,False,0,0,0,0.295671,747,46,45,1,0.9783,7993.93,0.8019,7,UPI,SAAS,SMALL,5915.71,0.9052,0.0948,23,6,8,8.42073295054513,0.9783,7993.93,0.9052,98.67891304347825,0,1,1,ALTERNATIVE_PAYMENT,0.5542072141642986,2510.674012751009,alternative payment has strongest net expected value; multiple previous attempts reduce retry priority; strong customer payment history,0.0
EVT_00004379,ALTERNATIVE_PAYMENT,True,ALLOWED,0.594496,1,19269.81,SUBSCRIPTION_FAILURE,2026-08-14 18:48:28,CUS_001022,MER_00072,19269.81,INR,NETBANKING,DESKTOP,AT_RISK,,0,52.47,0,False,False,549,12,1,0.564496,135,11,10,1,0.9091,19581.71,0.8256,46,UPI,TRAVEL,MEDIUM,4974.21,0.8851,0.1149,18,4,8,9.866346794775128,0.9091,19581.71,0.8851,1751.8009090909093,1,1,0,RECOVERY_REMINDER,0.5311724459759346,10233.592111191525,reminder has strong predicted recovery value; strong customer payment history; high-value transaction; decision margin is narrow,19269.81
EVT_00006451,ALTERNATIVE_PAYMENT,True,ALLOWED,0.215071,0,0.0,PAYMENT_FAILURE,2026-08-14 06:49:39,CUS_000040,MER_00096,3281.0,INR,NETBANKING,MOBILE,FAILED,INSUFFICIENT_BALANCE,3,40.89,0,False,False,0,0,0,0.185071,958,36,32,4,0.8889,3581.7,0.7305,4,WALLET,TRAVEL,MEDIUM,3014.41,0.9456,0.0544,6,4,8,8.096208271650037,0.8889,3581.7,0.9456,91.13888888888889,0,0,1,ALTERNATIVE_PAYMENT,0.19561043674210668,636.797842950852,alternative payment has strongest net expected value; multiple previous attempts reduce retry priority,0.0
EVT_00006604,ALTERNATIVE_PAYMENT,True,ALLOWED,0.784913,1,1428.84,CHECKOUT_ABANDONMENT,2026-08-24 05:47:15,CUS_000596,MER_00044,1428.84,INR,CARD,MOBILE,AT_RISK,,0,71.61,528,True,False,0,0,0,0.754913,1208,14,13,1,0.9286,1302.31,0.5532,17,UPI,TRAVEL,LARGE,2229.13,0.966,0.034,5,0,8,7.265317828882123,0.9286,1302.31,0.966,102.05999999999999,0,1,0,RECOVERY_REMINDER,0.897679755030308,1280.640741177505,reminder has strong predicted recovery value; strong customer payment history,1428.84
EVT_00004972,ALTERNATIVE_PAYMENT,True,ALLOWED,0.333708,0,0.0,PAYMENT_FAILURE,2026-08-14 06:22:50,CUS_000104,MER_00069,1324.71,INR,CARD,DESKTOP,FAILED,ISSUER_DECLINE,2,4.58,0,False,False,0,0,0,0.153708,40,11,9,2,0.8182,2041.65,0.7129,6,UPI,E_COMMERCE,SMALL,12615.7,0.7608,0.2392,6,4,8,7.189703443961087,0.8182,2041.65,0.7608,120.42818181818183,0,0,1,ALTERNATIVE_PAYMENT,0.4538905139695919,596.2733027606581,alternative payment has strongest net expected value; multiple previous attempts reduce retry priority,0.0
EVT_00003923,ALTERNATIVE_PAYMENT,True,ALLOWED,0.511316,0,0.0,PAYMENT_FAILURE,2026-08-14 19:01:47,CUS_001559,MER_00136,8295.13,INR,CARD,MOBILE,FAILED,ISSUER_DECLINE,0,17.78,0,False,False,0,0,0,0.331316,1492,14,12,2,0.8571,8461.39,0.7467,83,CARD,TRAVEL,MEDIUM,1391.97,0.9802,0.0198,19,4,8,9.023544419989094,0.8571,8461.39,0.9802,592.5092857142856,0,0,0,ALTERNATIVE_PAYMENT,0.48995806209695647,4059.2658196423263,alternative payment has strongest net expected value,0.0
EVT_00006298,ALTERNATIVE_PAYMENT,True,ALLOWED,0.596318,1,1304.4,SUBSCRIPTION_FAILURE,2026-08-14 05:29:50,CUS_001269,MER_00083,1304.4,INR,UPI,TABLET,AT_RISK,,0,27.87,0,False,False,892,13,1,0.566318,1431,11,11,0,1.0,731.52,0.9195,27,UPI,FOOD_DELIVERY,MEDIUM,6899.34,0.9485,0.0515,5,4,8,7.1742647862011175,1.0,731.52,0.9485,118.58181818181819,0,1,0,RECOVERY_REMINDER,0.6483143234792395,843.66120354632,reminder has strong predicted recovery value; strong customer payment history,0.0
EVT_00005477,ALTERNATIVE_PAYMENT,True,ALLOWED,0.41,0,0.0,PAYMENT_FAILURE,2026-08-24 06:11:17,CUS_000079,MER_00088,14497.19,INR,UPI,MOBILE,FAILED,NETWORK_ERROR,3,37.6,0,False,False,0,0,0,0.38,859,21,19,2,0.9048,6736.39,0.8746,82,CARD,SAAS,MEDIUM,2014.49,0.8916,0.1084,6,0,8,9.581779093030848,0.9048,6736.39,0.8916,690.342380952381,1,1,1,ALTERNATIVE_PAYMENT,0.3690360905948707,5344.986322211053,alternative payment has strongest net expected value; multiple previous attempts reduce retry priority; strong customer payment history; high-value transaction,0.0
EVT_00001315,ALTERNATIVE_PAYMENT,True,ALLOWED,0.522211,0,0.0,PAYMENT_FAILURE,2026-08-14 05:20:28,CUS_001669,MER_00171,902.55,INR,UPI,MOBILE,FAILED,ISSUER_DECLINE,0,67.98,0,False,False,0,0,0,0.342211,813,34,32,2,0.9412,1420.62,0.5876,47,UPI,E_COMMERCE,SMALL,2134.84,0.9759,0.0241,5,4,8,6.806331448844173,0.9412,1420.62,0.9759,26.545588235294115,0,1,0,ALTERNATIVE_PAYMENT,0.5506193879354535,491.9615285811435,alternative payment has strongest net expected value; strong customer payment history,0.0
EVT_00006823,ALTERNATIVE_PAYMENT,True,ALLOWED,0.552566,1,27316.65,PAYMENT_FAILURE,2026-08-14 07:27:14,CUS_000496,MER_00016,27316.65,INR,CARD,DESKTOP,FAILED,TIMEOUT,2,8.25,0,False,False,0,0,0,0.522566,636,17,15,2,0.8824,13106.89,0.9168,37,NETBANKING,DIGITAL_SERVICES,MEDIUM,5120.98,0.9357,0.0643,7,4,8,10.215288292415456,0.8824,13106.89,0.9357,1606.8617647058825,1,0,1,RECOVERY_REMINDER,0.5162127391380377,14099.202720575078,reminder has strong predicted recovery value; multiple previous attempts reduce retry priority; high-value transaction,0.0
EVT_00000716,ALTERNATIVE_PAYMENT,True,ALLOWED,0.319427,1,8078.25,SUBSCRIPTION_FAILURE,2026-08-23 23:29:29,CUS_000375,MER_00141,8078.25,INR,UPI,DESKTOP,AT_RISK,,0,37.07,0,False,False,684,8,3,0.289427,1332,56,51,5,0.9107,4212.53,0.6671,20,UPI,E_COMMERCE,MEDIUM,5168.9,0.7,0.3,23,6,8,8.997054325424754,0.9107,4212.53,0.7,144.25446428571428,0,1,0,RECOVERY_REMINDER,0.3389176495690156,2735.8615026309003,reminder has strong predicted recovery value; strong customer payment history; decision margin is narrow,0.0
EVT_00002579,ALTERNATIVE_PAYMENT,True,ALLOWED,0.685407,0,0.0,PAYMENT_FAILURE,2026-08-24 06:13:50,CUS_001517,MER_00107,17462.04,INR,CARD,DESKTOP,FAILED,BANK_TECHNICAL_ERROR,0,10.06,0,False,False,0,0,0,0.655407,739,14,11,3,0.7857,9327.6,0.7336,44,CARD,E_COMMERCE,SMALL,15795.0,0.9309,0.0691,6,0,8,9.7678419264944,0.7857,9327.6,0.9309,1247.2885714285715,1,0,0,ALTERNATIVE_PAYMENT,0.6853947221708119,11963.390054335605,alternative payment has strongest net expected value; high-value transaction,0.0
EVT_00006578,ALTERNATIVE_PAYMENT,True,ALLOWED,0.70093,1,584.44,CHECKOUT_ABANDONMENT,2026-08-14 19:38:00,CUS_000099,MER_00120,584.44,INR,CARD,MOBILE,AT_RISK,,0,12.81,24,True,False,0,0,0,0.67093,966,60,50,10,0.8333,767.57,0.696,47,UPI,E_COMMERCE,SMALL,2459.82,0.952,0.048,19,4,8,6.3723637012708965,0.8333,767.57,0.952,9.740666666666668,0,0,0,RECOVERY_REMINDER,0.7935919795699119,461.80689653983933,reminder has strong predicted recovery value,584.44
EVT_00009225,ALTERNATIVE_PAYMENT,True,ALLOWED,0.369641,0,0.0,PAYMENT_FAILURE,2026-08-14 04:29:22,CUS_000750,MER_00065,5861.29,INR,UPI,MOBILE,FAILED,ISSUER_DECLINE,1,28.81,0,False,False,0,0,0,0.189641,261,77,58,19,0.7532,5921.74,0.8826,43,NETBANKING,DIGITAL_SERVICES,MEDIUM,5883.79,0.7053,0.2947,4,4,8,8.676295591217428,0.7532,5921.74,0.7053,76.12064935064934,0,0,0,ALTERNATIVE_PAYMENT,0.4855488981623912,2840.942901310242,alternative payment has strongest net expected value,0.0
EVT_00004266,ALTERNATIVE_PAYMENT,True,ALLOWED,0.410461,0,0.0,SUBSCRIPTION_FAILURE,2026-08-14 03:22:16,CUS_001907,MER_00043,8345.92,INR,CARD,DESKTOP,AT_RISK,,0,0.68,0,False,False,703,10,2,0.380461,465,57,48,9,0.8421,6510.94,0.7989,17,CARD,TRAVEL,SMALL,10675.23,0.776,0.224,3,4,8,9.02964788752303,0.8421,6510.94,0.776,146.41964912280702,0,0,0,RECOVERY_REMINDER,0.4007180581626358,3342.3608559807053,reminder has strong predicted recovery value; decision margin is narrow,0.0
EVT_00004885,ALTERNATIVE_PAYMENT,True,ALLOWED,0.668929,1,7961.74,SUBSCRIPTION_FAILURE,2026-08-24 06:41:27,CUS_000298,MER_00059,7961.74,INR,UPI,MOBILE,AT_RISK,,0,70.55,0,False,False,871,22,0,0.638929,675,39,34,5,0.8718,7081.94,0.8272,70,CARD,DIGITAL_SERVICES,SMALL,6166.34,0.923,0.077,6,0,8,8.982528440713464,0.8718,7081.94,0.923,204.14717948717947,0,0,0,ALTERNATIVE_PAYMENT,0.5502970076734663,4376.321697874144,alternative payment has strongest net expected value,7961.74
EVT_00000871,ALTERNATIVE_PAYMENT,True,ALLOWED,0.339076,1,4321.69,SUBSCRIPTION_FAILURE,2026-08-14 19:47:34,CUS_000105,MER_00159,4321.69,INR,WALLET,MOBILE,AT_RISK,,0,45.37,0,False,False,166,22,3,0.309076,1201,69,63,6,0.913,5086.63,0.813,23,UPI,EDUCATION,MEDIUM,1436.79,0.8598,0.1402,19,4,8,8.371633172635363,0.913,5086.63,0.8598,62.63318840579709,0,1,0,ALTERNATIVE_PAYMENT,0.39043744431414595,1682.3495987180013,alternative payment has strongest net expected value; strong customer payment history,4321.69
EVT_00001218,ALTERNATIVE_PAYMENT,True,ALLOWED,0.558909,0,0.0,PAYMENT_FAILURE,2026-08-14 03:08:45,CUS_001915,MER_00049,2285.7,INR,CARD,DESKTOP,FAILED,TIMEOUT,1,70.98,0,False,False,0,0,0,0.528909,512,63,56,7,0.8889,3479.29,0.8468,64,CARD,EDUCATION,SMALL,8781.92,0.8307,0.1693,3,4,8,7.734865009205049,0.8889,3479.29,0.8307,36.28095238095238,0,0,0,RECOVERY_REMINDER,0.5321729507155528,1214.387713450539,reminder has strong predicted recovery value; decision margin is narrow,2285.7
EVT_00006094,ALTERNATIVE_PAYMENT,True,ALLOWED,0.555664,0,0.0,PAYMENT_FAILURE,2026-08-14 03:05:18,CUS_000703,MER_00098,2640.68,INR,UPI,TABLET,FAILED,EXPIRED_PAYMENT_METHOD,1,17.75,0,False,False,0,0,0,0.375664,276,18,17,1,0.9444,2392.33,0.8432,54,UPI,DIGITAL_SERVICES,SMALL,599.1,0.88,0.12,3,4,8,7.879170357383246,0.9444,2392.33,0.88,146.70444444444445,0,1,0,ALTERNATIVE_PAYMENT,0.4887681926812992,1285.680391049653,alternative payment has strongest net expected value; strong customer payment history,0.0
EVT_00000219,ALTERNATIVE_PAYMENT,True,ALLOWED,0.807491,1,19584.46,CHECKOUT_ABANDONMENT,2026-08-24 09:38:07,CUS_000598,MER_00162,19584.46,INR,CARD,MOBILE,AT_RISK,,0,46.89,587,True,False,0,0,0,0.777491,1175,58,54,4,0.931,10090.5,0.8036,62,UPI,DIGITAL_SERVICES,LARGE,1610.3,0.8922,0.1078,9,0,8,9.882542733186886,0.931,10090.5,0.8922,337.6631034482758,1,1,0,RECOVERY_REMINDER,0.9703620049848267,19002.015872145137,reminder has strong predicted recovery value; strong customer payment history; high-value transaction,19584.46
EVT_00005502,ALTERNATIVE_PAYMENT,True,ALLOWED,0.294387,0,0.0,PAYMENT_FAILURE,2026-08-23 23:04:21,CUS_000362,MER_00074,974.01,INR,CARD,DESKTOP,FAILED,INSUFFICIENT_BALANCE,2,39.08,0,False,False,0,0,0,0.264387,1339,60,58,2,0.9667,1743.16,0.8537,30,UPI,FOOD_DELIVERY,MEDIUM,5401.12,0.9649,0.0351,23,6,8,6.882447727355507,0.9667,1743.16,0.9649,16.2335,0,1,1,RECOVERY_REMINDER,0.29357654889792834,283.9464943920712,reminder has strong predicted recovery value; multiple previous attempts reduce retry priority; strong customer payment history,974.01
EVT_00002320,ALTERNATIVE_PAYMENT,True,ALLOWED,0.376266,0,0.0,PAYMENT_FAILURE,2026-08-14 20:48:28,CUS_001641,MER_00127,4604.61,INR,UPI,MOBILE,FAILED,INSUFFICIENT_BALANCE,0,67.05,0,False,False,0,0,0,0.346266,1090,57,46,11,0.807,2739.39,0.6994,30,CARD,SAAS,MEDIUM,11305.04,0.8287,0.1713,20,4,8,8.435030404629002,0.807,2739.39,0.8287,80.78263157894736,0,0,0,RECOVERY_REMINDER,0.3925994096063831,1805.7671674676476,reminder has strong predicted recovery value,0.0
EVT_00008723,ALTERNATIVE_PAYMENT,True,ALLOWED,0.59078,1,12002.67,CHECKOUT_ABANDONMENT,2026-08-14 05:13:36,CUS_001833,MER_00066,12002.67,INR,UPI,MOBILE,AT_RISK,,0,54.93,317,False,False,0,0,0,0.56078,895,64,56,8,0.875,12497.33,0.7815,75,CARD,FOOD_DELIVERY,SMALL,10924.95,0.9585,0.0415,5,4,8,9.39296771534599,0.875,12497.33,0.9585,187.54171875,1,0,0,RECOVERY_REMINDER,0.7020479994834151,8424.450461959603,reminder has strong predicted recovery value; high-value transaction,12002.67
EVT_00002900,ALTERNATIVE_PAYMENT,True,ALLOWED,0.400187,0,0.0,PAYMENT_FAILURE,2026-08-14 02:05:40,CUS_000350,MER_00033,20734.69,INR,WALLET,MOBILE,FAILED,INSUFFICIENT_BALANCE,1,66.98,0,False,False,0,0,0,0.370187,271,40,40,0,1.0,11085.9,0.9238,48,UPI,RETAIL,SMALL,1741.31,0.8328,0.1672,2,4,8,9.939611649194573,1.0,11085.9,0.8328,518.36725,1,1,0,ALTERNATIVE_PAYMENT,0.5108476253898895,10587.267149695486,alternative payment has strongest net expected value; strong customer payment history; high-value transaction,0.0
EVT_00000581,ALTERNATIVE_PAYMENT,True,ALLOWED,0.637343,0,0.0,PAYMENT_FAILURE,2026-08-14 18:37:09,CUS_000369,MER_00069,9786.74,INR,UPI,MOBILE,FAILED,NETWORK_ERROR,0,12.05,0,False,False,0,0,0,0.607343,62,13,12,1,0.9231,3668.45,0.9021,59,UPI,E_COMMERCE,SMALL,12615.7,0.7608,0.2392,18,4,8,9.188885861071219,0.9231,3668.45,0.7608,752.8261538461538,0,1,0,RECOVERY_REMINDER,0.6196523311030769,6062.376254899727,reminder has strong predicted recovery value; strong customer payment history,0.0
EVT_00008071,ALTERNATIVE_PAYMENT,True,ALLOWED,0.499852,0,0.0,PAYMENT_FAILURE,2026-08-24 04:07:37,CUS_000344,MER_00174,2064.24,INR,CARD,MOBILE,FAILED,TIMEOUT,2,26.62,0,False,False,0,0,0,0.469852,787,59,52,7,0.8814,3190.86,0.8317,55,WALLET,E_COMMERCE,SMALL,39917.69,0.9894,0.0106,4,0,8,7.633001721402082,0.8814,3190.86,0.9894,34.98711864406779,0,0,1,RECOVERY_REMINDER,0.5385869720760162,1109.7727712381957,reminder has strong predicted recovery value; multiple previous attempts reduce retry priority,0.0
EVT_00007887,ALTERNATIVE_PAYMENT,True,ALLOWED,0.247025,0,0.0,PAYMENT_FAILURE,2026-08-24 00:41:15,CUS_001653,MER_00047,4875.93,INR,UPI,DESKTOP,FAILED,INSUFFICIENT_BALANCE,2,36.17,0,False,False,0,0,0,0.217025,106,33,28,5,0.8485,10787.49,0.7395,43,CARD,DIGITAL_SERVICES,SMALL,5866.47,0.813,0.187,0,0,8,8.492271202521133,0.8485,10787.49,0.813,147.75545454545454,0,0,1,RECOVERY_REMINDER,0.2870164866679933,1397.4722978390687,reminder has strong predicted recovery value; multiple previous attempts reduce retry priority,4875.93
EVT_00001021,ALTERNATIVE_PAYMENT,True,ALLOWED,0.395809,0,0.0,PAYMENT_FAILURE,2026-08-14 15:36:10,CUS_000817,MER_00003,1719.32,INR,CARD,TABLET,FAILED,TIMEOUT,3,53.7,0,False,False,0,0,0,0.365809,93,54,50,4,0.9259,1712.67,0.7993,64,CARD,DIGITAL_SERVICES,SMALL,2951.94,0.8109,0.1891,15,4,8,7.450265599014621,0.9259,1712.67,0.8109,31.839259259259258,0,1,1,ALTERNATIVE_PAYMENT,0.42269017474959064,721.7396712504661,alternative payment has strongest net expected value; multiple previous attempts reduce retry priority; strong customer payment history,0.0
EVT_00003964,ALTERNATIVE_PAYMENT,True,ALLOWED,0.445474,1,4073.28,PAYMENT_FAILURE,2026-08-24 01:03:20,CUS_001902,MER_00111,4073.28,INR,UPI,MOBILE,FAILED,PAYMENT_LIMIT,2,38.86,0,False,False,0,0,0,0.265474,810,76,67,9,0.8816,3828.67,0.8432,50,UPI,SAAS,SMALL,5915.71,0.9052,0.0948,1,0,8,8.31244932294739,0.8816,3828.67,0.9052,53.59578947368421,0,0,1,ALTERNATIVE_PAYMENT,0.4165674793919336,1691.7959824575755,alternative payment has strongest net expected value; multiple previous attempts reduce retry priority,4073.28
EVT_00007179,ALTERNATIVE_PAYMENT,True,ALLOWED,0.58811,1,21023.5,SUBSCRIPTION_FAILURE,2026-08-14 16:09:41,CUS_000328,MER_00070,21023.5,INR,WALLET,TABLET,AT_RISK,,0,21.79,0,False,False,376,13,1,0.55811,84,14,13,1,0.9286,8674.76,0.9066,25,CARD,DIGITAL_SERVICES,SMALL,32979.79,0.7942,0.2058,16,4,8,9.95344370334553,0.9286,8674.76,0.7942,1501.6785714285713,1,1,0,RECOVERY_REMINDER,0.5781084665731175,12151.863346999937,reminder has strong predicted recovery value; strong customer payment history; high-value transaction,21023.5
EVT_00001943,ALTERNATIVE_PAYMENT,True,ALLOWED,0.314834,0,0.0,PAYMENT_FAILURE,2026-08-14 15:22:09,CUS_000127,MER_00106,3463.14,INR,UPI,DESKTOP,FAILED,INSUFFICIENT_BALANCE,1,52.28,0,False,False,0,0,0,0.284834,146,25,20,5,0.8,1619.39,0.9059,79,CARD,SAAS,SMALL,2564.56,0.9372,0.0628,15,4,8,8.150219684570022,0.8,1619.39,0.9372,138.5256,0,0,0,ALTERNATIVE_PAYMENT,0.35600072825532036,1227.88036205013,alternative payment has strongest net expected value,0.0
EVT_00009448,ALTERNATIVE_PAYMENT,True,ALLOWED,0.562261,1,869.31,SUBSCRIPTION_FAILURE,2026-08-14 14:29:26,CUS_001409,MER_00088,869.31,INR,UPI,MOBILE,AT_RISK,,0,12.19,0,False,False,290,10,0,0.532261,32,53,34,19,0.6415,1572.93,0.73,47,CARD,SAAS,MEDIUM,2014.49,0.8916,0.1084,14,4,8,6.768849470020159,0.6415,1572.93,0.8916,16.40207547169811,0,0,0,RECOVERY_REMINDER,0.5234195236524727,453.013826106331,reminder has strong predicted recovery value,869.31
EVT_00004988,ALTERNATIVE_PAYMENT,True,ALLOWED,0.315441,1,3466.86,SUBSCRIPTION_FAILURE,2026-08-24 02:09:11,CUS_000311,MER_00004,3466.86,INR,NETBANKING,MOBILE,AT_RISK,,0,17.89,0,False,False,587,9,3,0.285441,1009,23,18,5,0.7826,3595.27,0.429,24,UPI,EDUCATION,MEDIUM,2207.0,0.9735,0.0265,2,0,8,8.151292967996767,0.7826,3595.27,0.9735,150.73304347826087,0,0,0,ALTERNATIVE_PAYMENT,0.33466905443860373,1155.2507580710178,alternative payment has strongest net expected value,3466.86
EVT_00003423,ALTERNATIVE_PAYMENT,True,ALLOWED,0.391926,0,0.0,PAYMENT_FAILURE,2026-08-14 16:38:44,CUS_001151,MER_00031,879.23,INR,UPI,DESKTOP,FAILED,EXPIRED_PAYMENT_METHOD,3,11.63,0,False,False,0,0,0,0.211926,573,57,51,6,0.8947,2609.36,0.7568,3,CARD,FOOD_DELIVERY,LARGE,8241.74,0.8635,0.1365,16,4,8,6.780183236959091,0.8947,2609.36,0.8635,15.425087719298245,0,0,1,ALTERNATIVE_PAYMENT,0.40979561302064604,355.30459683614265,alternative payment has strongest net expected value; multiple previous attempts reduce retry priority,0.0
EVT_00005589,ALTERNATIVE_PAYMENT,True,ALLOWED,0.614504,1,18539.89,PAYMENT_FAILURE,2026-08-14 13:14:08,CUS_000255,MER_00194,18539.89,INR,WALLET,MOBILE,FAILED,TIMEOUT,1,51.41,0,False,False,0,0,0,0.584504,1001,24,23,1,0.9583,6502.66,0.6047,42,UPI,TRAVEL,LARGE,3878.8,0.7793,0.2207,13,4,8,9.82773384228267,0.9583,6502.66,0.7793,772.4954166666666,1,1,0,ALTERNATIVE_PAYMENT,0.5851652707109758,10843.899750801713,alternative payment has strongest net expected value; strong customer payment history; high-value transaction; decision margin is narrow,18539.89
EVT_00007193,ALTERNATIVE_PAYMENT,True,ALLOWED,0.228698,1,3965.91,PAYMENT_FAILURE,2026-08-14 13:05:09,CUS_001636,MER_00133,3965.91,INR,UPI,MOBILE,FAILED,INSUFFICIENT_BALANCE,2,54.38,0,False,False,0,0,0,0.198698,818,38,30,8,0.7895,4297.98,0.6451,28,UPI,TRAVEL,SMALL,4316.96,0.7958,0.2042,13,4,8,8.285742733087828,0.7895,4297.98,0.7958,104.36605263157894,0,0,1,RECOVERY_REMINDER,0.21756106631012967,860.8276084900064,reminder has strong predicted recovery value; multiple previous attempts reduce retry priority,3965.91
EVT_00002811,ALTERNATIVE_PAYMENT,True,ALLOWED,0.5346,1,1422.88,PAYMENT_FAILURE,2026-08-24 02:41:33,CUS_000362,MER_00101,1422.88,INR,NETBANKING,MOBILE,FAILED,PAYMENT_LIMIT,1,0.72,0,False,False,0,0,0,0.3546,1339,60,58,2,0.9667,1743.16,0.8537,30,UPI,FOOD_DELIVERY,SMALL,3940.25,0.8648,0.1352,2,0,8,7.261140818758112,0.9667,1743.16,0.8648,23.71466666666667,0,1,0,ALTERNATIVE_PAYMENT,0.49822966154047393,703.9210208127096,alternative payment has strongest net expected value; strong customer payment history,1422.88
EVT_00002970,ALTERNATIVE_PAYMENT,True,ALLOWED,0.427295,0,0.0,PAYMENT_FAILURE,2026-08-14 08:16:38,CUS_000340,MER_00187,1749.03,INR,NETBANKING,MOBILE,FAILED,ISSUER_DECLINE,1,46.66,0,False,False,0,0,0,0.247295,1430,8,7,1,0.875,2790.45,0.9151,44,WALLET,FOOD_DELIVERY,LARGE,11630.69,0.9524,0.0476,8,4,8,7.4673882096277655,0.875,2790.45,0.9524,218.62875,0,0,0,ALTERNATIVE_PAYMENT,0.5195770224172903,903.7557995185133,alternative payment has strongest net expected value,0.0
EVT_00000978,ALTERNATIVE_PAYMENT,True,ALLOWED,0.68374,1,4572.18,SUBSCRIPTION_FAILURE,2026-08-24 00:16:44,CUS_001189,MER_00063,4572.18,INR,UPI,DESKTOP,AT_RISK,,0,66.38,0,False,False,539,8,0,0.65374,862,5,5,0,1.0,2996.25,0.6926,25,UPI,E_COMMERCE,SMALL,3066.57,0.806,0.194,0,0,8,8.427964084352908,1.0,2996.25,0.806,914.436,0,1,0,RECOVERY_REMINDER,0.5183994528488782,2368.2156103265843,reminder has strong predicted recovery value; strong customer payment history,4572.18
EVT_00004460,ALTERNATIVE_PAYMENT,True,ALLOWED,0.683145,1,2341.87,PAYMENT_FAILURE,2026-08-14 12:50:10,CUS_000322,MER_00115,2341.87,INR,CARD,DESKTOP,FAILED,EXPIRED_PAYMENT_METHOD,0,30.83,0,False,False,0,0,0,0.503145,188,3,3,0,1.0,5114.13,0.8163,56,UPI,E_COMMERCE,MEDIUM,4625.14,0.9927,0.0073,12,4,8,7.759131952546796,1.0,5114.13,0.9927,780.6233333333333,0,1,0,ALTERNATIVE_PAYMENT,0.6738604530081581,1573.0935790862152,alternative payment has strongest net expected value; strong customer payment history,2341.87
EVT_00005217,ALTERNATIVE_PAYMENT,True,ALLOWED,0.677343,1,7792.89,PAYMENT_FAILURE,2026-08-14 11:36:59,CUS_000006,MER_00043,7792.89,INR,CARD,MOBILE,FAILED,BANK_TECHNICAL_ERROR,0,51.15,0,False,False,0,0,0,0.647343,1292,11,10,1,0.9091,10316.92,0.6482,6,NETBANKING,TRAVEL,SMALL,10675.23,0.776,0.224,11,4,8,8.961095372378479,0.9091,10316.92,0.776,708.4445454545455,0,1,0,RETRY_LATER,0.6469639573428957,5040.718953537878,delayed retry has strong predicted recovery value; strong customer payment history; decision margin is narrow,7792.89
EVT_00009554,ALTERNATIVE_PAYMENT,True,ALLOWED,0.550049,1,17079.1,PAYMENT_FAILURE,2026-08-24 03:31:09,CUS_000992,MER_00122,17079.1,INR,UPI,MOBILE,FAILED,TIMEOUT,1,71.7,0,False,False,0,0,0,0.520049,837,51,40,11,0.7843,16121.74,0.7168,49,NETBANKING,TRAVEL,LARGE,1261.74,0.7975,0.2025,3,0,8,9.745669322126359,0.7843,16121.74,0.7975,334.8843137254902,1,0,0,RECOVERY_REMINDER,0.5818948434054123,9936.240220005377,reminder has strong predicted recovery value; high-value transaction,0.0
EVT_00001867,ALTERNATIVE_PAYMENT,True,ALLOWED,0.51043,1,2556.02,PAYMENT_FAILURE,2026-08-14 18:02:32,CUS_000576,MER_00105,2556.02,INR,NETBANKING,MOBILE,FAILED,PAYMENT_LIMIT,0,33.94,0,False,False,0,0,0,0.33043,579,27,17,10,0.6296,2604.04,0.8345,39,UPI,SAAS,LARGE,3288.97,0.911,0.089,18,4,8,7.846597796926613,0.6296,2604.04,0.911,94.66740740740741,0,0,0,ALTERNATIVE_PAYMENT,0.44563673577241447,1134.0564093690068,alternative payment has strongest net expected value,2556.02
EVT_00003976,ALTERNATIVE_PAYMENT,True,ALLOWED,0.194284,0,0.0,PAYMENT_FAILURE,2026-08-14 11:15:40,CUS_000795,MER_00142,947.69,INR,UPI,MOBILE,FAILED,INSUFFICIENT_BALANCE,3,28.36,0,False,False,0,0,0,0.164284,664,6,5,1,0.8333,2096.22,0.6199,70,NETBANKING,RETAIL,MEDIUM,2317.11,0.8986,0.1014,11,4,8,6.855082085603318,0.8333,2096.22,0.8986,157.94833333333335,0,0,1,ALTERNATIVE_PAYMENT,0.2961402592962379,275.6491623324517,alternative payment has strongest net expected value; multiple previous attempts reduce retry priority,0.0
EVT_00002557,ALTERNATIVE_PAYMENT,True,ALLOWED,0.627673,0,0.0,PAYMENT_FAILURE,2026-08-14 10:27:47,CUS_001993,MER_00193,6057.3,INR,NETBANKING,TABLET,FAILED,EXPIRED_PAYMENT_METHOD,0,3.74,0,False,False,0,0,0,0.447673,452,12,10,2,0.8333,5126.62,0.8534,56,WALLET,DIGITAL_SERVICES,MEDIUM,8184.15,0.9805,0.0195,10,4,8,8.7091845116552,0.8333,5126.62,0.9805,504.77500000000003,0,0,0,ALTERNATIVE_PAYMENT,0.5659389911227216,3423.062250927662,alternative payment has strongest net expected value,0.0
EVT_00001633,ALTERNATIVE_PAYMENT,True,ALLOWED,0.441178,0,0.0,PAYMENT_FAILURE,2026-08-24 03:38:59,CUS_000958,MER_00189,6492.45,INR,CARD,MOBILE,FAILED,PAYMENT_LIMIT,1,11.67,0,False,False,0,0,0,0.261178,962,39,25,14,0.641,5606.11,0.6937,41,CARD,E_COMMERCE,LARGE,1688.36,0.8609,0.1391,3,0,8,8.7785492555128,0.641,5606.11,0.8609,166.47307692307692,0,0,0,ALTERNATIVE_PAYMENT,0.5229066903906402,3389.945542026712,alternative payment has strongest net expected value,0.0
EVT_00002963,ALTERNATIVE_PAYMENT,True,ALLOWED,0.741709,0,0.0,CHECKOUT_ABANDONMENT,2026-08-24 00:05:00,CUS_000194,MER_00124,4390.64,INR,NETBANKING,MOBILE,AT_RISK,,0,2.98,871,True,False,0,0,0,0.711709,561,18,16,2,0.8889,5643.79,0.7774,54,UPI,TRAVEL,SMALL,2268.54,0.7268,0.2732,0,0,8,8.387458012616756,0.8889,5643.79,0.7268,243.92444444444448,0,0,0,RECOVERY_REMINDER,0.9059822445111039,3975.8418820402335,reminder has strong predicted recovery value,4390.64
EVT_00002621,ALTERNATIVE_PAYMENT,True,ALLOWED,0.599419,1,7120.14,SUBSCRIPTION_FAILURE,2026-08-14 10:05:24,CUS_001885,MER_00088,7120.14,INR,UPI,DESKTOP,AT_RISK,,0,68.36,0,False,False,382,16,1,0.569419,938,13,13,0,1.0,5592.8,0.6162,39,UPI,SAAS,MEDIUM,2014.49,0.8916,0.1084,10,4,8,8.870823103948956,1.0,5592.8,0.8916,547.703076923077,0,1,0,ALTERNATIVE_PAYMENT,0.46512724386550475,3306.7710941365353,alternative payment has strongest net expected value; strong customer payment history,7120.14
EVT_00006121,ALTERNATIVE_PAYMENT,True,ALLOWED,0.375498,0,0.0,PAYMENT_FAILURE,2026-08-14 18:34:08,CUS_001370,MER_00022,7243.26,INR,NETBANKING,DESKTOP,FAILED,TIMEOUT,3,15.13,0,False,False,0,0,0,0.345498,962,10,8,2,0.8,4643.78,0.3979,67,CARD,DIGITAL_SERVICES,LARGE,2602.03,0.8671,0.1329,18,4,8,8.887964710131712,0.8,4643.78,0.8671,724.326,0,0,1,ALTERNATIVE_PAYMENT,0.384585909620307,2780.6557357163847,alternative payment has strongest net expected value; multiple previous attempts reduce retry priority,0.0
EVT_00003313,ALTERNATIVE_PAYMENT,True,ALLOWED,0.511464,0,0.0,PAYMENT_FAILURE,2026-08-14 08:20:57,CUS_001366,MER_00030,2038.26,INR,CARD,DESKTOP,FAILED,TIMEOUT,2,7.14,0,False,False,0,0,0,0.481464,55,60,57,3,0.95,2657.66,0.5693,28,CARD,TRAVEL,LARGE,789.69,0.9193,0.0807,8,4,8,7.620342275932305,0.95,2657.66,0.9193,33.971,0,1,1,ALTERNATIVE_PAYMENT,0.476338741390081,965.9022030257464,alternative payment has strongest net expected value; multiple previous attempts reduce retry priority; strong customer payment history,0.0
EVT_00006355,ALTERNATIVE_PAYMENT,True,ALLOWED,0.477127,0,0.0,PAYMENT_FAILURE,2026-08-14 17:35:28,CUS_001245,MER_00177,13518.34,INR,CARD,MOBILE,FAILED,BANK_TECHNICAL_ERROR,3,37.99,0,False,False,0,0,0,0.447127,1316,58,56,2,0.9655,8292.2,0.7816,6,CARD,SAAS,SMALL,9080.37,0.8866,0.1134,17,4,8,9.51187653183734,0.9655,8292.2,0.8866,233.0748275862069,1,1,1,ALTERNATIVE_PAYMENT,0.40896675188791287,5523.551600716448,alternative payment has strongest net expected value; multiple previous attempts reduce retry priority; strong customer payment history; high-value transaction,0.0
EVT_00008457,ALTERNATIVE_PAYMENT,True,ALLOWED,0.656222,1,2721.5,PAYMENT_FAILURE,2026-08-14 01:39:28,CUS_001873,MER_00081,2721.5,INR,CARD,DESKTOP,FAILED,TIMEOUT,0,51.95,0,False,False,0,0,0,0.626222,916,69,61,8,0.8841,1241.17,0.319,18,UPI,FOOD_DELIVERY,MEDIUM,42052.11,0.8971,0.1029,1,4,8,7.909305854807116,0.8841,1241.17,0.8971,39.44202898550725,0,0,0,RETRY_LATER,0.6777030194115101,1843.3687673284248,delayed retry has strong predicted recovery value,2721.5
EVT_00003132,ALTERNATIVE_PAYMENT,True,ALLOWED,0.398157,1,1422.87,SUBSCRIPTION_FAILURE,2026-08-24 09:57:58,CUS_000127,MER_00028,1422.87,INR,UPI,DESKTOP,AT_RISK,,0,50.54,0,False,False,866,17,2,0.368157,146,25,20,5,0.8,1619.39,0.9059,79,CARD,RETAIL,SMALL,5325.69,0.8758,0.1242,9,0,8,7.261133795669709,0.8,1619.39,0.8758,56.91479999999999,0,0,0,RECOVERY_REMINDER,0.42958795082179846,609.2478075858123,reminder has strong predicted recovery value,1422.87
EVT_00003678,ALTERNATIVE_PAYMENT,True,ALLOWED,0.810026,1,6602.0,CHECKOUT_ABANDONMENT,2026-08-14 21:59:33,CUS_001788,MER_00173,6602.0,INR,UPI,MOBILE,AT_RISK,,0,26.67,834,True,False,0,0,0,0.780026,175,2,2,0,1.0,5027.01,0.9242,48,CARD,DIGITAL_SERVICES,MEDIUM,866.54,0.9435,0.0565,21,4,8,8.79527937019457,1.0,5027.01,0.9435,3301.0,0,1,0,RECOVERY_REMINDER,0.8730692931416112,5762.003473320917,reminder has strong predicted recovery value; strong customer payment history,6602.0
EVT_00008820,ALTERNATIVE_PAYMENT,True,ALLOWED,0.363841,0,0.0,PAYMENT_FAILURE,2026-08-15 03:27:48,CUS_000715,MER_00122,3626.48,INR,CARD,MOBILE,FAILED,ISSUER_DECLINE,2,69.08,0,False,False,0,0,0,0.183841,1382,41,38,3,0.9268,9723.93,0.4818,9,UPI,TRAVEL,LARGE,1261.74,0.7975,0.2025,3,5,8,8.196293471304136,0.9268,9723.93,0.7975,88.45073170731708,0,1,1,ALTERNATIVE_PAYMENT,0.36540915131019713,1320.1489790434036,alternative payment has strongest net expected value; multiple previous attempts reduce retry priority; strong customer payment history,0.0
EVT_00002838,ALTERNATIVE_PAYMENT,True,ALLOWED,0.216833,1,1501.66,SUBSCRIPTION_FAILURE,2026-08-13 14:07:52,CUS_000110,MER_00013,1501.66,INR,CARD,MOBILE,AT_RISK,,0,58.97,0,False,False,158,4,3,0.186833,1066,23,21,2,0.913,1108.7,0.6428,69,CARD,TRAVEL,SMALL,3031.81,0.8747,0.1253,14,3,8,7.3149921499244845,0.913,1108.7,0.8747,65.28956521739131,0,1,0,ALTERNATIVE_PAYMENT,0.3831313622000611,570.3330413613438,alternative payment has strongest net expected value; strong customer payment history; decision margin is narrow,1501.66
EVT_00006505,ALTERNATIVE_PAYMENT,True,ALLOWED,0.548747,1,2096.5,SUBSCRIPTION_FAILURE,2026-08-13 12:50:41,CUS_001041,MER_00013,2096.5,INR,CARD,MOBILE,AT_RISK,,0,35.4,0,False,False,561,15,1,0.518747,1068,32,29,3,0.9062,5352.8,0.9453,43,CARD,TRAVEL,SMALL,3031.81,0.8747,0.1253,12,3,8,7.648501438341361,0.9062,5352.8,0.8747,65.515625,0,1,0,ALTERNATIVE_PAYMENT,0.5543368264857101,1157.1671567272913,alternative payment has strongest net expected value; strong customer payment history,2096.5
EVT_00004760,ALTERNATIVE_PAYMENT,True,ALLOWED,0.571578,0,0.0,CHECKOUT_ABANDONMENT,2026-08-24 13:32:24,CUS_000361,MER_00174,8982.64,INR,UPI,DESKTOP,AT_RISK,,0,53.13,292,False,False,0,0,0,0.541578,1273,52,43,9,0.8269,10712.68,0.974,47,CARD,E_COMMERCE,SMALL,39917.69,0.9894,0.0106,13,0,8,9.10316042437765,0.8269,10712.68,0.9894,172.7430769230769,0,0,0,RECOVERY_REMINDER,0.6796636565147053,6103.173947555252,reminder has strong predicted recovery value,0.0
EVT_00006217,ALTERNATIVE_PAYMENT,True,ALLOWED,0.754649,1,9838.04,CHECKOUT_ABANDONMENT,2026-08-23 19:34:38,CUS_001945,MER_00153,9838.04,INR,UPI,MOBILE,AT_RISK,,0,8.13,730,True,True,0,0,0,0.724649,588,11,9,2,0.8182,3712.33,0.7397,15,UPI,DIGITAL_SERVICES,MEDIUM,11301.58,0.8712,0.1288,19,6,8,9.194113424311308,0.8182,3712.33,0.8712,894.3672727272728,0,0,0,RECOVERY_REMINDER,0.8648736947565516,8506.662003962745,reminder has strong predicted recovery value,9838.04
EVT_00007898,ALTERNATIVE_PAYMENT,True,ALLOWED,0.757247,1,1530.19,CHECKOUT_ABANDONMENT,2026-08-15 03:38:18,CUS_001828,MER_00157,1530.19,INR,UPI,DESKTOP,AT_RISK,,0,48.57,288,True,False,0,0,0,0.727247,1477,44,39,5,0.8864,1152.07,0.8021,57,CARD,E_COMMERCE,MEDIUM,5657.2,0.8635,0.1365,3,5,8,7.333800489851868,0.8864,1152.07,0.8635,34.77704545454546,0,0,0,RECOVERY_REMINDER,0.8947780955397241,1367.1804940139305,reminder has strong predicted recovery value,1530.19
EVT_00005241,ALTERNATIVE_PAYMENT,True,ALLOWED,0.352317,0,0.0,PAYMENT_FAILURE,2026-08-13 12:27:37,CUS_000370,MER_00013,6919.37,INR,WALLET,MOBILE,FAILED,INSUFFICIENT_BALANCE,1,12.56,0,False,False,0,0,0,0.322317,1164,14,13,1,0.9286,8795.23,0.7333,25,WALLET,TRAVEL,SMALL,3031.81,0.8747,0.1253,12,3,8,8.842224515390434,0.9286,8795.23,0.8747,494.24071428571426,0,1,0,ALTERNATIVE_PAYMENT,0.5127034029112757,3542.584545002194,alternative payment has strongest net expected value; strong customer payment history,0.0
EVT_00006187,ALTERNATIVE_PAYMENT,True,ALLOWED,0.483746,0,0.0,PAYMENT_FAILURE,2026-08-13 11:55:20,CUS_000508,MER_00178,6573.4,INR,CARD,DESKTOP,FAILED,NETWORK_ERROR,2,21.94,0,False,False,0,0,0,0.453746,394,49,44,5,0.898,6827.91,0.4875,54,CARD,EDUCATION,SMALL,7809.93,0.9459,0.0541,11,3,8,8.790938598129145,0.898,6827.91,0.9459,134.15102040816325,0,0,1,RECOVERY_REMINDER,0.48585474650930643,3191.7175907042747,reminder has strong predicted recovery value; multiple previous attempts reduce retry priority,0.0
EVT_00003175,ALTERNATIVE_PAYMENT,True,ALLOWED,0.427374,0,0.0,PAYMENT_FAILURE,2026-08-24 13:32:46,CUS_001514,MER_00138,6697.0,INR,NETBANKING,MOBILE,FAILED,INSUFFICIENT_BALANCE,0,7.72,0,False,False,0,0,0,0.397374,516,12,11,1,0.9167,5632.59,0.7495,19,UPI,E_COMMERCE,MEDIUM,9578.85,0.8707,0.1293,13,0,8,8.80956425335415,0.9167,5632.59,0.8707,558.0833333333334,0,1,0,ALTERNATIVE_PAYMENT,0.5161139095638934,3451.4148523493936,alternative payment has strongest net expected value; strong customer payment history,0.0
EVT_00005220,ALTERNATIVE_PAYMENT,True,ALLOWED,0.390184,1,2611.51,PAYMENT_FAILURE,2026-08-15 04:12:08,CUS_001121,MER_00170,2611.51,INR,CARD,MOBILE,FAILED,BANK_TECHNICAL_ERROR,3,14.22,0,False,False,0,0,0,0.360184,50,50,41,9,0.82,5630.87,0.5829,55,CARD,EDUCATION,LARGE,584.64,0.8429,0.1571,4,5,8,7.868066724016937,0.82,5630.87,0.8429,52.2302,0,0,1,ALTERNATIVE_PAYMENT,0.3950856235879533,1026.770056856176,alternative payment has strongest net expected value; multiple previous attempts reduce retry priority,2611.51
EVT_00004359,ALTERNATIVE_PAYMENT,True,ALLOWED,0.386486,0,0.0,PAYMENT_FAILURE,2026-08-13 11:47:11,CUS_001891,MER_00008,3999.08,INR,UPI,MOBILE,FAILED,TIMEOUT,3,40.45,0,False,False,0,0,0,0.356486,302,45,38,7,0.8444,2599.29,0.6386,46,CARD,DIGITAL_SERVICES,MEDIUM,6017.04,0.8847,0.1153,11,3,8,8.29406963990203,0.8444,2599.29,0.8847,88.86844444444445,0,0,1,ALTERNATIVE_PAYMENT,0.3529095886730592,1406.3136778706576,alternative payment has strongest net expected value; multiple previous attempts reduce retry priority,0.0
EVT_00008947,ALTERNATIVE_PAYMENT,True,ALLOWED,0.501432,1,5460.11,PAYMENT_FAILURE,2026-08-24 13:19:27,CUS_001431,MER_00011,5460.11,INR,CARD,TABLET,FAILED,ISSUER_DECLINE,0,57.87,0,False,False,0,0,0,0.321432,721,20,18,2,0.9,5390.06,0.7627,3,CARD,DIGITAL_SERVICES,SMALL,11685.15,0.879,0.121,13,0,8,8.605407344780273,0.9,5390.06,0.879,273.0055,0,1,0,ALTERNATIVE_PAYMENT,0.48341377101972205,2634.4923652824946,alternative payment has strongest net expected value; strong customer payment history,5460.11
EVT_00003165,ALTERNATIVE_PAYMENT,True,ALLOWED,0.729542,0,0.0,PAYMENT_FAILURE,2026-08-13 11:06:35,CUS_000749,MER_00013,23670.6,INR,UPI,MOBILE,FAILED,BANK_TECHNICAL_ERROR,0,3.16,0,False,False,0,0,0,0.699542,490,33,30,3,0.9091,10128.45,0.7286,43,UPI,TRAVEL,SMALL,3031.81,0.8747,0.1253,11,3,8,10.072031296336739,0.9091,10128.45,0.8747,717.290909090909,1,1,0,ALTERNATIVE_PAYMENT,0.7476368720966441,17692.013344650823,alternative payment has strongest net expected value; strong customer payment history; high-value transaction,0.0
EVT_00003574,ALTERNATIVE_PAYMENT,True,ALLOWED,0.288005,0,0.0,SUBSCRIPTION_FAILURE,2026-08-23 19:10:08,CUS_000226,MER_00060,6750.62,INR,CARD,DESKTOP,AT_RISK,,0,62.65,0,False,False,170,4,2,0.258005,479,49,39,10,0.7959,4467.29,0.9547,48,NETBANKING,FOOD_DELIVERY,LARGE,5310.7,0.9841,0.0159,19,6,8,8.817537755071182,0.7959,4467.29,0.9841,137.7677551020408,0,0,0,ALTERNATIVE_PAYMENT,0.4398537644187716,2964.285619160648,alternative payment has strongest net expected value,0.0
EVT_00000855,ALTERNATIVE_PAYMENT,True,ALLOWED,0.270395,1,946.39,SUBSCRIPTION_FAILURE,2026-08-13 10:57:05,CUS_001354,MER_00114,946.39,INR,CARD,MOBILE,AT_RISK,,0,20.98,0,False,False,389,2,2,0.240395,1375,58,53,5,0.9138,1283.49,0.6844,67,NETBANKING,FOOD_DELIVERY,MEDIUM,5161.89,0.7179,0.2821,10,3,8,6.853710835230229,0.9138,1283.49,0.7179,16.31706896551724,0,1,0,ALTERNATIVE_PAYMENT,0.45139661055152835,422.1972382598609,alternative payment has strongest net expected value; strong customer payment history,946.39
EVT_00001211,ALTERNATIVE_PAYMENT,True,ALLOWED,0.510458,1,5675.73,PAYMENT_FAILURE,2026-08-15 05:19:02,CUS_000557,MER_00177,5675.73,INR,UPI,DESKTOP,FAILED,ISSUER_DECLINE,0,58.87,0,False,False,0,0,0,0.330458,1111,64,59,5,0.9219,5082.75,0.9018,50,CARD,SAAS,SMALL,9080.37,0.8866,0.1134,5,5,8,8.644130641708538,0.9219,5082.75,0.8866,88.68328125,0,1,0,ALTERNATIVE_PAYMENT,0.5525080214374173,3130.8863525129923,alternative payment has strongest net expected value; strong customer payment history,5675.73
EVT_00001759,ALTERNATIVE_PAYMENT,True,ALLOWED,0.483141,0,0.0,PAYMENT_FAILURE,2026-08-13 10:45:04,CUS_001178,MER_00114,12329.33,INR,UPI,MOBILE,FAILED,EXPIRED_PAYMENT_METHOD,1,64.37,0,False,False,0,0,0,0.303141,311,24,18,6,0.75,3969.23,0.839,17,CARD,FOOD_DELIVERY,MEDIUM,5161.89,0.7179,0.2821,10,3,8,9.419817359790509,0.75,3969.23,0.7179,513.7220833333333,1,0,0,ALTERNATIVE_PAYMENT,0.4968322644980032,6120.608943643166,alternative payment has strongest net expected value; high-value transaction,0.0
EVT_00001356,ALTERNATIVE_PAYMENT,True,ALLOWED,0.490093,1,1274.4,PAYMENT_FAILURE,2026-08-24 15:08:11,CUS_000152,MER_00195,1274.4,INR,UPI,MOBILE,FAILED,EXPIRED_PAYMENT_METHOD,2,23.84,0,False,False,0,0,0,0.310093,443,26,25,1,0.9615,2539.83,0.7856,71,UPI,TRAVEL,LARGE,10413.1,0.9379,0.0621,15,0,8,7.151015133881171,0.9615,2539.83,0.9379,49.01538461538462,0,1,1,ALTERNATIVE_PAYMENT,0.4376660309996041,552.7615899058956,alternative payment has strongest net expected value; multiple previous attempts reduce retry priority; strong customer payment history,1274.4
EVT_00004303,ALTERNATIVE_PAYMENT,True,ALLOWED,0.580092,0,0.0,PAYMENT_FAILURE,2026-08-13 10:21:53,CUS_000758,MER_00011,9699.15,INR,CARD,MOBILE,FAILED,BANK_TECHNICAL_ERROR,1,10.02,0,False,False,0,0,0,0.550092,593,51,41,10,0.8039,11338.35,0.8664,32,CARD,DIGITAL_SERVICES,SMALL,11685.15,0.879,0.121,10,3,8,9.179896628289434,0.8039,11338.35,0.879,190.17941176470586,0,0,0,ALTERNATIVE_PAYMENT,0.6306673184225372,6111.936921477952,alternative payment has strongest net expected value,0.0
EVT_00009856,ALTERNATIVE_PAYMENT,True,ALLOWED,0.377039,0,0.0,SUBSCRIPTION_FAILURE,2026-08-15 06:33:32,CUS_001125,MER_00195,15115.03,INR,WALLET,MOBILE,AT_RISK,,0,42.3,0,False,False,512,8,3,0.347039,1265,35,32,3,0.9143,11951.93,0.7777,7,CARD,TRAVEL,LARGE,10413.1,0.9379,0.0621,6,5,8,9.623511049119434,0.9143,11951.93,0.9379,431.858,1,1,0,RECOVERY_REMINDER,0.5441029584957237,8222.132540751618,reminder has strong predicted recovery value; strong customer payment history; high-value transaction,0.0
EVT_00001869,ALTERNATIVE_PAYMENT,True,ALLOWED,0.425952,0,0.0,PAYMENT_FAILURE,2026-08-13 10:08:21,CUS_000590,MER_00002,19733.3,INR,CARD,MOBILE,FAILED,EXPIRED_PAYMENT_METHOD,3,13.16,0,False,False,0,0,0,0.245952,1270,28,25,3,0.8929,8466.72,0.8523,12,WALLET,E_COMMERCE,LARGE,9205.47,0.8725,0.1275,10,3,8,9.890113517490676,0.8929,8466.72,0.8725,704.7607142857142,1,0,1,ALTERNATIVE_PAYMENT,0.33416806797255616,6589.238735722843,alternative payment has strongest net expected value; multiple previous attempts reduce retry priority; high-value transaction,0.0
EVT_00002387,ALTERNATIVE_PAYMENT,True,ALLOWED,0.46132,0,0.0,PAYMENT_FAILURE,2026-08-24 16:00:54,CUS_000857,MER_00046,4066.22,INR,UPI,MOBILE,FAILED,BANK_TECHNICAL_ERROR,3,32.54,0,False,False,0,0,0,0.43132,389,45,42,3,0.9333,5451.1,0.753,24,UPI,SAAS,MEDIUM,17647.99,0.9849,0.0151,16,0,8,8.310714998370928,0.9333,5451.1,0.9849,90.36044444444444,0,1,1,ALTERNATIVE_PAYMENT,0.4052765623744601,1642.943663458277,alternative payment has strongest net expected value; multiple previous attempts reduce retry priority; strong customer payment history,0.0
EVT_00000804,ALTERNATIVE_PAYMENT,True,ALLOWED,0.562827,1,4974.68,CHECKOUT_ABANDONMENT,2026-08-13 09:52:41,CUS_001614,MER_00077,4974.68,INR,UPI,MOBILE,AT_RISK,,0,35.46,593,False,False,0,0,0,0.532827,1048,6,5,1,0.8333,3239.58,0.8413,5,CARD,TRAVEL,MEDIUM,2007.39,0.9835,0.0165,9,3,8,8.512317323669452,0.8333,3239.58,0.9835,829.1133333333333,0,0,0,RECOVERY_REMINDER,0.742749412541345,3692.9406475811784,reminder has strong predicted recovery value,4974.68
EVT_00007302,ALTERNATIVE_PAYMENT,True,ALLOWED,0.719536,0,0.0,CHECKOUT_ABANDONMENT,2026-08-23 17:27:26,CUS_000221,MER_00039,1439.04,INR,CARD,MOBILE,AT_RISK,,0,40.95,430,True,False,0,0,0,0.689536,217,75,60,15,0.8,1745.93,0.5735,1,UPI,DIGITAL_SERVICES,SMALL,6776.92,0.7982,0.2018,17,6,8,7.272426169962029,0.8,1745.93,0.7982,19.1872,0,0,0,RECOVERY_REMINDER,0.8439133762409077,1212.4251049457157,reminder has strong predicted recovery value,1439.04
EVT_00001692,ALTERNATIVE_PAYMENT,True,ALLOWED,0.317049,0,0.0,PAYMENT_FAILURE,2026-08-24 14:27:10,CUS_001432,MER_00146,4785.2,INR,NETBANKING,MOBILE,FAILED,INSUFFICIENT_BALANCE,1,27.34,0,False,False,0,0,0,0.287049,302,61,50,11,0.8197,4848.34,0.7824,38,WALLET,RETAIL,LARGE,2271.18,0.8973,0.1027,14,0,8,8.473492056145139,0.8197,4848.34,0.8973,78.44590163934426,0,0,0,RECOVERY_REMINDER,0.4473814069738344,2138.809508651192,reminder has strong predicted recovery value,0.0
EVT_00009743,ALTERNATIVE_PAYMENT,True,ALLOWED,0.487008,0,0.0,PAYMENT_FAILURE,2026-08-13 14:34:45,CUS_000972,MER_00062,1429.33,INR,CARD,MOBILE,FAILED,PAYMENT_LIMIT,2,36.9,0,False,False,0,0,0,0.307008,645,5,5,0,1.0,1112.16,0.4326,58,UPI,SAAS,SMALL,1825.36,0.9707,0.0293,14,3,8,7.265660465861599,1.0,1112.16,0.9707,285.866,0,1,1,ALTERNATIVE_PAYMENT,0.44588977510964445,632.323632257468,alternative payment has strongest net expected value; multiple previous attempts reduce retry priority; strong customer payment history,0.0
EVT_00004187,ALTERNATIVE_PAYMENT,True,ALLOWED,0.560673,0,0.0,SUBSCRIPTION_FAILURE,2026-08-13 15:01:21,CUS_000861,MER_00151,5638.58,INR,WALLET,MOBILE,AT_RISK,,0,16.27,0,False,False,540,9,1,0.530673,1453,16,14,2,0.875,6823.78,0.7244,66,CARD,TRAVEL,MEDIUM,1657.94,0.9487,0.0513,15,3,8,8.637564873634112,0.875,6823.78,0.9487,352.41125,0,0,0,ALTERNATIVE_PAYMENT,0.5377447357537273,3027.1167121262515,alternative payment has strongest net expected value,0.0
EVT_00005401,ALTERNATIVE_PAYMENT,True,ALLOWED,0.360368,0,0.0,PAYMENT_FAILURE,2026-08-15 02:38:16,CUS_000226,MER_00143,3102.93,INR,UPI,MOBILE,FAILED,NETWORK_ERROR,3,22.55,0,False,False,0,0,0,0.330368,479,49,39,10,0.7959,4467.29,0.9547,48,NETBANKING,RETAIL,MEDIUM,1410.83,0.967,0.033,2,5,8,8.040424329502427,0.7959,4467.29,0.967,63.325102040816326,0,0,1,ALTERNATIVE_PAYMENT,0.38529506456742824,1190.54361469821,alternative payment has strongest net expected value; multiple previous attempts reduce retry priority,0.0
EVT_00008759,ALTERNATIVE_PAYMENT,True,ALLOWED,0.582377,1,5939.1,CHECKOUT_ABANDONMENT,2026-08-14 01:04:47,CUS_000181,MER_00078,5939.1,INR,CARD,DESKTOP,AT_RISK,,0,12.89,179,False,False,0,0,0,0.552377,1408,56,51,5,0.9107,4905.16,0.9255,35,UPI,E_COMMERCE,LARGE,10945.16,0.9248,0.0752,1,4,8,8.689481247231818,0.9107,4905.16,0.9248,106.05535714285715,0,1,0,RECOVERY_REMINDER,0.785316202482191,4662.071458161981,reminder has strong predicted recovery value; strong customer payment history,5939.1
EVT_00004833,ALTERNATIVE_PAYMENT,True,ALLOWED,0.779501,1,2344.47,CHECKOUT_ABANDONMENT,2026-08-14 00:39:20,CUS_001179,MER_00115,2344.47,INR,UPI,MOBILE,AT_RISK,,0,70.16,621,True,False,0,0,0,0.749501,410,18,16,2,0.8889,6344.37,0.6907,62,UPI,E_COMMERCE,MEDIUM,4625.14,0.9927,0.0073,0,4,8,7.760241087236917,0.8889,6344.37,0.9927,130.24833333333333,0,0,0,RECOVERY_REMINDER,0.8249356355319698,1932.0368494356371,reminder has strong predicted recovery value,2344.47
EVT_00002863,ALTERNATIVE_PAYMENT,True,ALLOWED,0.777759,1,2786.74,CHECKOUT_ABANDONMENT,2026-08-24 10:22:57,CUS_001077,MER_00052,2786.74,INR,CARD,MOBILE,AT_RISK,,0,53.47,503,True,False,0,0,0,0.747759,1075,9,8,1,0.8889,1928.93,0.4386,19,CARD,RETAIL,LARGE,8899.2,0.9756,0.0244,10,0,8,7.932986510716806,0.8889,1928.93,0.9756,309.6377777777777,0,0,0,RECOVERY_REMINDER,0.9038783211837964,2516.8738727757327,reminder has strong predicted recovery value,2786.74
EVT_00004581,ALTERNATIVE_PAYMENT,True,ALLOWED,0.676297,1,5970.25,PAYMENT_FAILURE,2026-08-23 22:55:39,CUS_000333,MER_00128,5970.25,INR,CARD,DESKTOP,FAILED,BANK_TECHNICAL_ERROR,0,45.81,0,False,False,0,0,0,0.646297,485,22,18,4,0.8182,3309.86,0.625,31,CARD,TRAVEL,LARGE,637.62,0.9635,0.0365,22,6,8,8.694711564704171,0.8182,3309.86,0.9635,271.375,0,0,0,RETRY_LATER,0.6392958059637502,3815.75578555508,delayed retry has strong predicted recovery value,5970.25
EVT_00009985,ALTERNATIVE_PAYMENT,True,ALLOWED,0.452678,0,0.0,PAYMENT_FAILURE,2026-08-14 00:25:39,CUS_000158,MER_00022,2953.09,INR,UPI,MOBILE,FAILED,NETWORK_ERROR,2,6.57,0,False,False,0,0,0,0.422678,848,50,44,6,0.88,3355.88,0.7314,35,WALLET,DIGITAL_SERVICES,LARGE,2602.03,0.8671,0.1329,0,4,8,7.990945929790379,0.88,3355.88,0.8671,59.061800000000005,0,0,1,RECOVERY_REMINDER,0.4520771254866874,1333.0244385034816,reminder has strong predicted recovery value; multiple previous attempts reduce retry priority,0.0
EVT_00005497,ALTERNATIVE_PAYMENT,True,ALLOWED,0.306833,1,1918.23,PAYMENT_FAILURE,2026-08-14 22:42:22,CUS_001097,MER_00191,1918.23,INR,NETBANKING,MOBILE,FAILED,INSUFFICIENT_BALANCE,1,42.14,0,False,False,0,0,0,0.276833,1258,14,11,3,0.7857,1903.83,0.4204,86,UPI,EDUCATION,SMALL,18406.03,0.9338,0.0662,22,4,8,7.559679342916445,0.7857,1903.83,0.9338,137.01642857142858,0,0,0,ALTERNATIVE_PAYMENT,0.48175798727156505,919.1226239239343,alternative payment has strongest net expected value,1918.23
EVT_00002290,ALTERNATIVE_PAYMENT,True,ALLOWED,0.498611,0,0.0,PAYMENT_FAILURE,2026-08-13 23:37:13,CUS_000631,MER_00008,2292.02,INR,UPI,MOBILE,FAILED,TIMEOUT,2,70.77,0,False,False,0,0,0,0.468611,1113,74,69,5,0.9324,2620.16,0.5423,21,CARD,DIGITAL_SERVICES,MEDIUM,6017.04,0.8847,0.1153,23,3,8,7.73762500501786,0.9324,2620.16,0.8847,30.973243243243243,0,1,1,ALTERNATIVE_PAYMENT,0.43632253466782783,995.0599759093548,alternative payment has strongest net expected value; multiple previous attempts reduce retry priority; strong customer payment history,0.0
EVT_00000634,ALTERNATIVE_PAYMENT,True,ALLOWED,0.803546,1,4215.38,CHECKOUT_ABANDONMENT,2026-08-24 10:36:07,CUS_000759,MER_00001,4215.38,INR,CARD,MOBILE,AT_RISK,,0,24.84,527,True,False,0,0,0,0.773546,218,29,28,1,0.9655,6277.45,0.6089,70,UPI,FOOD_DELIVERY,SMALL,6229.18,0.9913,0.0087,10,0,8,8.346732218986803,0.9655,6277.45,0.9913,145.35793103448276,0,1,0,RECOVERY_REMINDER,0.8897642307408153,3748.694342980218,reminder has strong predicted recovery value; strong customer payment history,4215.38
EVT_00007660,ALTERNATIVE_PAYMENT,True,ALLOWED,0.249819,1,6147.59,SUBSCRIPTION_FAILURE,2026-08-13 23:26:56,CUS_000591,MER_00057,6147.59,INR,UPI,MOBILE,AT_RISK,,0,56.07,0,False,False,150,3,3,0.219819,1207,6,6,0,1.0,3466.54,0.8816,32,UPI,E_COMMERCE,MEDIUM,11931.59,0.9085,0.0915,23,3,8,8.723978066221887,1.0,3466.54,0.9085,1024.5983333333334,0,1,0,RECOVERY_REMINDER,0.4264451713696811,2619.610071060538,reminder has strong predicted recovery value; strong customer payment history,6147.59
EVT_00003510,ALTERNATIVE_PAYMENT,True,ALLOWED,0.766295,1,3735.1,CHECKOUT_ABANDONMENT,2026-08-14 23:28:03,CUS_001319,MER_00083,3735.1,INR,CARD,MOBILE,AT_RISK,,0,7.01,322,True,True,0,0,0,0.736295,689,21,18,3,0.8571,4058.69,0.5063,60,CARD,FOOD_DELIVERY,MEDIUM,6899.34,0.9485,0.0515,23,4,8,8.225797565585804,0.8571,4058.69,0.9485,177.86190476190475,0,0,0,RECOVERY_REMINDER,0.9272452954711407,3461.3539031142573,reminder has strong predicted recovery value,3735.1
EVT_00007116,ALTERNATIVE_PAYMENT,True,ALLOWED,0.630238,1,6409.03,PAYMENT_FAILURE,2026-08-13 21:53:31,CUS_001317,MER_00160,6409.03,INR,UPI,MOBILE,FAILED,EXPIRED_PAYMENT_METHOD,0,31.9,0,False,False,0,0,0,0.450238,1073,50,44,6,0.88,3667.11,0.9415,10,NETBANKING,RETAIL,MEDIUM,70458.78,0.9015,0.0985,21,3,8,8.765619230090971,0.88,3667.11,0.9015,128.1806,0,0,0,ALTERNATIVE_PAYMENT,0.5885854052390185,3767.2615197390264,alternative payment has strongest net expected value,6409.03
EVT_00001646,ALTERNATIVE_PAYMENT,True,ALLOWED,0.349115,1,4970.76,PAYMENT_FAILURE,2026-08-24 11:12:44,CUS_001286,MER_00110,4970.76,INR,UPI,DESKTOP,FAILED,INSUFFICIENT_BALANCE,1,26.66,0,False,False,0,0,0,0.319115,101,37,33,4,0.8919,2357.17,0.9073,48,CARD,FOOD_DELIVERY,MEDIUM,25287.45,0.9495,0.0505,11,0,8,8.511529181151795,0.8919,2357.17,0.9495,134.34486486486486,0,0,0,RECOVERY_REMINDER,0.43937151914899525,2182.0103725250597,reminder has strong predicted recovery value; decision margin is narrow,4970.76
EVT_00005459,ALTERNATIVE_PAYMENT,True,ALLOWED,0.454658,0,0.0,PAYMENT_FAILURE,2026-08-13 19:43:56,CUS_000354,MER_00178,9881.4,INR,CARD,MOBILE,FAILED,ISSUER_DECLINE,1,8.77,0,False,False,0,0,0,0.274658,669,37,34,3,0.9189,4781.23,0.6105,6,UPI,EDUCATION,SMALL,7809.93,0.9459,0.0541,19,3,8,9.198510676222604,0.9189,4781.23,0.9459,267.06486486486483,0,1,0,ALTERNATIVE_PAYMENT,0.46981956145194553,4637.475014531255,alternative payment has strongest net expected value; strong customer payment history,0.0
EVT_00004083,ALTERNATIVE_PAYMENT,True,ALLOWED,0.447621,1,6917.45,PAYMENT_FAILURE,2026-08-23 22:50:02,CUS_000105,MER_00110,6917.45,INR,WALLET,MOBILE,FAILED,ISSUER_DECLINE,1,63.36,0,False,False,0,0,0,0.267621,1201,69,63,6,0.913,5086.63,0.813,23,UPI,FOOD_DELIVERY,MEDIUM,25287.45,0.9495,0.0505,22,6,8,8.841947035083251,0.913,5086.63,0.9495,100.25289855072464,0,1,0,ALTERNATIVE_PAYMENT,0.489448966669234,3380.7387544860926,alternative payment has strongest net expected value; strong customer payment history,6917.45
EVT_00001763,ALTERNATIVE_PAYMENT,True,ALLOWED,0.379598,0,0.0,PAYMENT_FAILURE,2026-08-15 00:53:57,CUS_000141,MER_00029,12387.95,INR,UPI,DESKTOP,FAILED,ISSUER_DECLINE,2,47.01,0,False,False,0,0,0,0.199598,1474,56,50,6,0.8929,5695.79,0.7679,65,UPI,FOOD_DELIVERY,SMALL,5041.91,0.8787,0.1213,0,5,8,9.424560225269351,0.8929,5695.79,0.8787,221.21339285714288,1,0,1,ALTERNATIVE_PAYMENT,0.4161960051732822,5150.815302286362,alternative payment has strongest net expected value; multiple previous attempts reduce retry priority; high-value transaction,0.0
EVT_00008070,ALTERNATIVE_PAYMENT,True,ALLOWED,0.729304,0,0.0,CHECKOUT_ABANDONMENT,2026-08-13 18:20:10,CUS_000929,MER_00114,12466.53,INR,UPI,MOBILE,AT_RISK,,0,19.92,590,True,False,0,0,0,0.699304,645,15,12,3,0.8,5035.42,0.5538,73,UPI,FOOD_DELIVERY,MEDIUM,5161.89,0.7179,0.2821,18,3,8,9.430882943673648,0.8,5035.42,0.7179,831.1020000000001,1,0,0,RECOVERY_REMINDER,0.8244362668448072,10275.859453708796,reminder has strong predicted recovery value; high-value transaction,12466.53
EVT_00006158,ALTERNATIVE_PAYMENT,True,ALLOWED,0.753339,1,2764.47,CHECKOUT_ABANDONMENT,2026-08-24 11:49:18,CUS_000441,MER_00191,2764.47,INR,CARD,MOBILE,AT_RISK,,0,30.27,859,True,False,0,0,0,0.723339,1460,29,24,5,0.8276,3249.78,0.4816,45,UPI,EDUCATION,SMALL,18406.03,0.9338,0.0662,11,0,8,7.924965881427964,0.8276,3249.78,0.9338,95.32655172413793,0,0,0,RECOVERY_REMINDER,0.8187052660497923,2261.286146836669,reminder has strong predicted recovery value,2764.47
EVT_00008012,ALTERNATIVE_PAYMENT,True,ALLOWED,0.391825,0,0.0,PAYMENT_FAILURE,2026-08-13 17:30:13,CUS_001317,MER_00014,4251.0,INR,UPI,DESKTOP,FAILED,TIMEOUT,3,67.34,0,False,False,0,0,0,0.361825,1073,50,44,6,0.88,3667.11,0.9415,10,NETBANKING,FOOD_DELIVERY,SMALL,3627.04,0.8438,0.1562,17,3,8,8.355144739461839,0.88,3667.11,0.8438,85.02,0,0,1,ALTERNATIVE_PAYMENT,0.35381996505761604,1499.0886714599258,alternative payment has strongest net expected value; multiple previous attempts reduce retry priority,0.0
EVT_00006816,ALTERNATIVE_PAYMENT,True,ALLOWED,0.42821,0,0.0,PAYMENT_FAILURE,2026-08-15 01:47:00,CUS_001254,MER_00111,16796.18,INR,UPI,DESKTOP,FAILED,INSUFFICIENT_BALANCE,0,24.92,0,False,False,0,0,0,0.39821,1196,30,25,5,0.8333,18524.74,0.5681,31,CARD,SAAS,SMALL,5915.71,0.9052,0.0948,1,5,8,9.728966294158907,0.8333,18524.74,0.9052,559.8726666666666,1,0,0,ALTERNATIVE_PAYMENT,0.47369986908467077,7951.348267122566,alternative payment has strongest net expected value; high-value transaction,0.0
EVT_00008316,ALTERNATIVE_PAYMENT,True,ALLOWED,0.745968,1,3754.72,CHECKOUT_ABANDONMENT,2026-08-13 16:22:36,CUS_001276,MER_00128,3754.72,INR,UPI,DESKTOP,AT_RISK,,0,17.29,459,True,False,0,0,0,0.715968,1078,73,57,16,0.7808,5052.46,0.5922,23,CARD,TRAVEL,LARGE,637.62,0.9635,0.0365,16,3,8,8.231035290158518,0.7808,5052.46,0.9635,51.434520547945205,0,0,0,RECOVERY_REMINDER,0.83161526252867,3120.482458521648,reminder has strong predicted recovery value,3754.72
EVT_00008139,ALTERNATIVE_PAYMENT,True,ALLOWED,0.741939,1,13434.8,PAYMENT_FAILURE,2026-08-24 12:17:19,CUS_001137,MER_00182,13434.8,INR,UPI,DESKTOP,FAILED,BANK_TECHNICAL_ERROR,0,28.99,0,False,False,0,0,0,0.711939,1095,46,44,2,0.9565,9353.96,0.8311,77,NETBANKING,DIGITAL_SERVICES,SMALL,4671.98,0.9884,0.0116,12,0,8,9.50567806523884,0.9565,9353.96,0.9884,292.0608695652174,1,1,0,RETRY_LATER,0.7380190848738922,9914.138801463767,delayed retry has strong predicted recovery value; strong customer payment history; high-value transaction,13434.8
EVT_00004250,ALTERNATIVE_PAYMENT,True,ALLOWED,0.454046,1,1650.96,PAYMENT_FAILURE,2026-08-13 16:17:49,CUS_000664,MER_00057,1650.96,INR,CARD,MOBILE,FAILED,PAYMENT_LIMIT,2,17.18,0,False,False,0,0,0,0.274046,327,40,37,3,0.925,3983.25,0.7722,51,UPI,E_COMMERCE,MEDIUM,11931.59,0.9085,0.0915,16,3,8,7.409717740712722,0.925,3983.25,0.9085,41.274,0,1,1,ALTERNATIVE_PAYMENT,0.40990135294858543,671.7307376639966,alternative payment has strongest net expected value; multiple previous attempts reduce retry priority; strong customer payment history,1650.96
EVT_00008275,ALTERNATIVE_PAYMENT,True,ALLOWED,0.427008,0,0.0,PAYMENT_FAILURE,2026-08-23 20:15:15,CUS_000207,MER_00006,4335.55,INR,UPI,DESKTOP,FAILED,ISSUER_DECLINE,1,17.7,0,False,False,0,0,0,0.247008,1153,11,10,1,0.9091,4263.88,0.3115,19,UPI,SAAS,SMALL,11987.91,0.8542,0.1458,20,6,8,8.374834380093784,0.9091,4263.88,0.8542,394.14090909090913,0,1,0,ALTERNATIVE_PAYMENT,0.43036734457730924,1860.8791407821532,alternative payment has strongest net expected value; strong customer payment history,0.0
EVT_00009993,ALTERNATIVE_PAYMENT,True,ALLOWED,0.664656,1,1649.19,PAYMENT_FAILURE,2026-08-13 15:30:00,CUS_001553,MER_00109,1649.19,INR,UPI,DESKTOP,FAILED,NETWORK_ERROR,0,37.87,0,False,False,0,0,0,0.634656,813,75,73,2,0.9733,2216.48,0.899,36,UPI,E_COMMERCE,SMALL,4316.36,0.9135,0.0865,15,3,8,7.408645711780351,0.9733,2216.48,0.9135,21.9892,0,1,0,RETRY_LATER,0.5712213546329056,941.0525458470415,delayed retry has strong predicted recovery value; strong customer payment history,1649.19
EVT_00004780,ALTERNATIVE_PAYMENT,True,ALLOWED,0.332301,1,9401.04,PAYMENT_FAILURE,2026-08-24 12:46:35,CUS_000829,MER_00114,9401.04,INR,WALLET,DESKTOP,FAILED,ISSUER_DECLINE,2,68.98,0,False,False,0,0,0,0.152301,1299,50,39,11,0.78,4767.17,0.3192,44,UPI,FOOD_DELIVERY,MEDIUM,5161.89,0.7179,0.2821,12,0,8,9.148681965988981,0.78,4767.17,0.7179,188.0208,0,0,1,ALTERNATIVE_PAYMENT,0.4228273053307486,3970.016410506581,alternative payment has strongest net expected value; multiple previous attempts reduce retry priority,9401.04
EVT_00009564,ALTERNATIVE_PAYMENT,True,ALLOWED,0.732257,1,23427.67,CHECKOUT_ABANDONMENT,2026-08-16 01:04:02,CUS_000402,MER_00085,23427.67,INR,UPI,DESKTOP,AT_RISK,,0,50.09,249,True,True,0,0,0,0.702257,1172,45,31,14,0.6889,17285.85,0.7847,18,CARD,EDUCATION,SMALL,4896.74,0.8068,0.1932,1,6,8,10.061715765059244,0.6889,17285.85,0.8068,520.6148888888888,1,0,0,RECOVERY_REMINDER,0.8688266480554695,20352.58399784968,reminder has strong predicted recovery value; high-value transaction,23427.67
EVT_00000273,ALTERNATIVE_PAYMENT,True,ALLOWED,0.729182,1,1176.79,CHECKOUT_ABANDONMENT,2026-08-29 05:07:11,CUS_000529,MER_00133,1176.79,INR,CARD,MOBILE,AT_RISK,,0,36.35,49,True,False,0,0,0,0.699182,1375,7,7,0,1.0,1783.02,0.8108,70,UPI,TRAVEL,SMALL,4316.96,0.7958,0.2042,5,5,8,7.071395080068585,1.0,1783.02,0.7958,168.11285714285714,0,1,0,RECOVERY_REMINDER,0.8762061680287814,1029.1106564745896,reminder has strong predicted recovery value; strong customer payment history,1176.79
EVT_00005295,ALTERNATIVE_PAYMENT,True,ALLOWED,0.513578,1,8302.96,SUBSCRIPTION_FAILURE,2026-08-12 03:14:06,CUS_001695,MER_00153,8302.96,INR,UPI,MOBILE,AT_RISK,,0,4.68,0,False,False,30,1,0,0.483578,265,32,29,3,0.9062,5197.52,0.625,78,NETBANKING,DIGITAL_SERVICES,MEDIUM,11301.58,0.8712,0.1288,3,2,8,9.024487788438384,0.9062,5197.52,0.8712,259.4675,0,1,0,RECOVERY_REMINDER,0.4949710826662301,4107.7251005344015,reminder has strong predicted recovery value; strong customer payment history,8302.96
EVT_00002618,ALTERNATIVE_PAYMENT,True,ALLOWED,0.522474,0,0.0,SUBSCRIPTION_FAILURE,2026-08-12 02:50:11,CUS_000248,MER_00004,1754.29,INR,UPI,DESKTOP,AT_RISK,,0,39.04,0,False,False,325,10,1,0.492474,641,14,11,3,0.7857,1216.78,0.6496,70,UPI,EDUCATION,MEDIUM,2207.0,0.9735,0.0265,2,2,8,7.470389364414226,0.7857,1216.78,0.9735,125.30642857142857,0,0,0,ALTERNATIVE_PAYMENT,0.6064721317209343,1058.9279959567177,alternative payment has strongest net expected value,0.0
EVT_00000517,ALTERNATIVE_PAYMENT,True,ALLOWED,0.596132,1,5808.8,SUBSCRIPTION_FAILURE,2026-08-26 07:32:22,CUS_001423,MER_00122,5808.8,INR,UPI,DESKTOP,AT_RISK,,0,12.59,0,False,False,239,14,0,0.566132,895,48,36,12,0.75,11474.58,0.7168,28,NETBANKING,TRAVEL,LARGE,1261.74,0.7975,0.2025,7,2,8,8.66730142584554,0.75,11474.58,0.7975,121.01666666666667,0,0,0,ALTERNATIVE_PAYMENT,0.5191143501476797,3010.431437137842,alternative payment has strongest net expected value,5808.8
EVT_00004472,ALTERNATIVE_PAYMENT,True,ALLOWED,0.407655,0,0.0,PAYMENT_FAILURE,2026-08-16 23:08:00,CUS_001974,MER_00181,5092.83,INR,UPI,MOBILE,FAILED,INSUFFICIENT_BALANCE,0,52.27,0,False,False,0,0,0,0.377655,531,21,19,2,0.9048,9049.83,0.6761,44,CARD,TRAVEL,SMALL,3734.39,0.8092,0.1908,23,6,8,8.535785282387314,0.9048,9049.83,0.8092,242.5157142857143,0,1,0,ALTERNATIVE_PAYMENT,0.4701077061513836,2389.178629118951,alternative payment has strongest net expected value; strong customer payment history,0.0
EVT_00008806,ALTERNATIVE_PAYMENT,True,ALLOWED,0.450232,0,0.0,PAYMENT_FAILURE,2026-08-10 20:01:49,CUS_001404,MER_00044,5025.43,INR,UPI,MOBILE,FAILED,PAYMENT_LIMIT,2,59.42,0,False,False,0,0,0,0.270232,504,78,67,11,0.859,4227.85,0.8689,87,UPI,TRAVEL,LARGE,2229.13,0.966,0.034,20,0,8,8.522465269557317,0.859,4227.85,0.966,64.42858974358975,0,0,1,ALTERNATIVE_PAYMENT,0.43390962806573596,2175.5824621703914,alternative payment has strongest net expected value; multiple previous attempts reduce retry priority,0.0
EVT_00005610,ALTERNATIVE_PAYMENT,True,ALLOWED,0.210386,0,0.0,SUBSCRIPTION_FAILURE,2026-08-10 18:42:56,CUS_000968,MER_00106,2835.32,INR,WALLET,MOBILE,AT_RISK,,0,34.22,0,False,False,139,3,3,0.180386,496,19,16,3,0.8421,8097.45,0.9029,85,UPI,SAAS,SMALL,2564.56,0.9372,0.0628,18,0,8,7.950262716265474,0.8421,8097.45,0.9372,149.22736842105263,0,0,0,ALTERNATIVE_PAYMENT,0.3670714226696439,1035.7649461236947,alternative payment has strongest net expected value,0.0
EVT_00002782,ALTERNATIVE_PAYMENT,True,ALLOWED,0.741793,1,34173.78,PAYMENT_FAILURE,2026-08-26 08:16:08,CUS_000294,MER_00123,34173.78,INR,CARD,MOBILE,FAILED,TIMEOUT,0,50.2,0,False,False,0,0,0,0.711793,517,60,55,5,0.9167,22277.54,0.6359,82,CARD,EDUCATION,SMALL,1684.78,0.9279,0.0721,8,2,8,10.43924322411715,0.9167,22277.54,0.9279,569.563,1,1,0,ALTERNATIVE_PAYMENT,0.7445673962422503,25439.68239435549,alternative payment has strongest net expected value; strong customer payment history; high-value transaction,34173.78
EVT_00003780,ALTERNATIVE_PAYMENT,True,ALLOWED,0.794252,0,0.0,CHECKOUT_ABANDONMENT,2026-08-23 07:27:48,CUS_000111,MER_00046,846.56,INR,WALLET,MOBILE,AT_RISK,,0,70.05,824,True,False,0,0,0,0.764252,437,23,22,1,0.9565,1833.46,0.7983,50,UPI,SAAS,MEDIUM,17647.99,0.9849,0.0151,7,6,8,6.742361633208831,0.9565,1833.46,0.9849,36.80695652173913,0,1,0,RECOVERY_REMINDER,0.8559557968800247,722.6179394067536,reminder has strong predicted recovery value; strong customer payment history,0.0
EVT_00000455,ALTERNATIVE_PAYMENT,True,ALLOWED,0.231095,0,0.0,SUBSCRIPTION_FAILURE,2026-08-10 17:29:04,CUS_000847,MER_00062,7282.38,INR,UPI,MOBILE,AT_RISK,,0,59.49,0,False,False,181,3,3,0.201095,259,69,61,8,0.8841,5452.04,0.5548,61,NETBANKING,SAAS,SMALL,1825.36,0.9707,0.0293,17,0,8,8.893350319157754,0.8841,5452.04,0.9707,105.54173913043478,0,0,0,RETRY_LATER,0.31816008448995864,2315.962636087985,delayed retry has strong predicted recovery value,0.0
EVT_00007368,ALTERNATIVE_PAYMENT,True,ALLOWED,0.78687,1,2435.72,CHECKOUT_ABANDONMENT,2026-08-17 00:38:54,CUS_001103,MER_00033,2435.72,INR,WALLET,DESKTOP,AT_RISK,,0,60.69,430,True,False,0,0,0,0.75687,1380,2,2,0,1.0,2975.52,0.8504,88,CARD,RETAIL,SMALL,1741.31,0.8328,0.1672,0,0,8,7.798408151661077,1.0,2975.52,0.8328,1217.86,0,1,0,RECOVERY_REMINDER,0.8755117824437272,2130.501558733835,reminder has strong predicted recovery value; strong customer payment history,2435.72
EVT_00009520,ALTERNATIVE_PAYMENT,True,ALLOWED,0.397396,0,0.0,PAYMENT_FAILURE,2026-08-10 17:15:09,CUS_001641,MER_00001,5805.53,INR,UPI,MOBILE,FAILED,TIMEOUT,3,54.17,0,False,False,0,0,0,0.367396,1090,57,46,11,0.807,2739.39,0.6994,30,CARD,FOOD_DELIVERY,SMALL,6229.18,0.9913,0.0087,17,0,8,8.666738425296076,0.807,2739.39,0.9913,101.85140350877192,0,0,1,ALTERNATIVE_PAYMENT,0.36629267862186,2121.5231345195666,alternative payment has strongest net expected value; multiple previous attempts reduce retry priority,0.0
EVT_00004423,ALTERNATIVE_PAYMENT,True,ALLOWED,0.412937,0,0.0,PAYMENT_FAILURE,2026-08-26 08:40:40,CUS_002000,MER_00167,7372.92,INR,UPI,TABLET,FAILED,ISSUER_DECLINE,1,28.06,0,False,False,0,0,0,0.232937,442,42,35,7,0.8333,3400.94,0.9563,46,CARD,EDUCATION,SMALL,8093.76,0.8619,0.1381,8,2,8,8.90570472980657,0.8333,3400.94,0.8619,175.5457142857143,0,0,0,ALTERNATIVE_PAYMENT,0.4660353259723513,3431.0411755680684,alternative payment has strongest net expected value,0.0
EVT_00002930,ALTERNATIVE_PAYMENT,True,ALLOWED,0.341092,0,0.0,PAYMENT_FAILURE,2026-08-10 16:29:45,CUS_001778,MER_00155,6137.69,INR,CARD,MOBILE,FAILED,ISSUER_DECLINE,2,9.29,0,False,False,0,0,0,0.161092,269,68,53,15,0.7794,8482.44,0.8512,73,UPI,SAAS,SMALL,2912.27,0.843,0.157,16,0,8,8.722366643328902,0.7794,8482.44,0.843,90.26014705882352,0,0,1,ALTERNATIVE_PAYMENT,0.38069662865232334,2331.5978907130784,alternative payment has strongest net expected value; multiple previous attempts reduce retry priority,0.0
EVT_00006465,ALTERNATIVE_PAYMENT,True,ALLOWED,0.483089,0,0.0,PAYMENT_FAILURE,2026-08-10 20:02:53,CUS_000655,MER_00011,27975.18,INR,WALLET,MOBILE,FAILED,TIMEOUT,3,18.02,0,False,False,0,0,0,0.453089,842,68,65,3,0.9559,15513.23,0.6568,53,UPI,DIGITAL_SERVICES,SMALL,11685.15,0.879,0.121,20,0,8,10.239108712808873,0.9559,15513.23,0.879,411.3997058823529,1,1,1,ALTERNATIVE_PAYMENT,0.5678776404757273,15881.479210283756,alternative payment has strongest net expected value; multiple previous attempts reduce retry priority; strong customer payment history; high-value transaction,0.0
EVT_00004441,ALTERNATIVE_PAYMENT,True,ALLOWED,0.298214,0,0.0,PAYMENT_FAILURE,2026-08-17 01:22:06,CUS_000127,MER_00144,2682.99,INR,CARD,MOBILE,FAILED,ISSUER_DECLINE,3,69.89,0,False,False,0,0,0,0.118214,146,25,20,5,0.8,1619.39,0.9059,79,CARD,E_COMMERCE,SMALL,11138.28,0.8359,0.1641,1,0,8,7.895059772302218,0.8,1619.39,0.8359,107.3196,0,0,1,ALTERNATIVE_PAYMENT,0.3570929699110259,953.0768673415834,alternative payment has strongest net expected value; multiple previous attempts reduce retry priority,0.0
EVT_00002679,ALTERNATIVE_PAYMENT,True,ALLOWED,0.719773,1,4566.87,CHECKOUT_ABANDONMENT,2026-08-26 09:09:28,CUS_001159,MER_00051,4566.87,INR,CARD,MOBILE,AT_RISK,,0,46.77,198,True,True,0,0,0,0.689773,594,53,43,10,0.8113,3518.85,0.9299,62,CARD,EDUCATION,MEDIUM,3095.23,0.7393,0.2607,9,2,8,8.426802292086752,0.8113,3518.85,0.7393,86.16735849056603,0,0,0,RECOVERY_REMINDER,0.8859781762673059,4044.1471538498713,reminder has strong predicted recovery value,4566.87
EVT_00005712,ALTERNATIVE_PAYMENT,True,ALLOWED,0.60161,0,0.0,PAYMENT_FAILURE,2026-08-10 15:36:28,CUS_001466,MER_00018,5501.17,INR,CARD,MOBILE,FAILED,TIMEOUT,0,20.68,0,False,False,0,0,0,0.57161,194,60,43,17,0.7167,7847.47,0.7431,69,UPI,E_COMMERCE,SMALL,8469.12,0.8917,0.1083,15,0,8,8.612897838862516,0.7167,7847.47,0.8917,91.68616666666667,0,0,0,RETRY_LATER,0.691135494543424,3801.053848517448,delayed retry has strong predicted recovery value,5501.17
EVT_00000055,ALTERNATIVE_PAYMENT,True,ALLOWED,0.55691,1,3842.3,SUBSCRIPTION_FAILURE,2026-08-23 06:26:38,CUS_000404,MER_00107,3842.3,INR,CARD,MOBILE,AT_RISK,,0,27.58,0,False,False,801,18,1,0.52691,1458,44,39,5,0.8864,4077.81,0.9587,33,UPI,E_COMMERCE,SMALL,15795.0,0.9309,0.0691,6,6,8,8.254086651530498,0.8864,4077.81,0.9309,87.325,0,0,0,RECOVERY_REMINDER,0.5853068649126973,2246.924567054057,reminder has strong predicted recovery value,3842.3
EVT_00007804,ALTERNATIVE_PAYMENT,True,ALLOWED,0.337823,1,4531.41,SUBSCRIPTION_FAILURE,2026-08-17 01:37:57,CUS_001980,MER_00170,4531.41,INR,CARD,MOBILE,AT_RISK,,0,6.58,0,False,False,59,13,3,0.307823,1197,12,11,1,0.9167,4163.52,0.4183,42,UPI,EDUCATION,LARGE,584.64,0.8429,0.1571,1,0,8,8.419009085840576,0.9167,4163.52,0.8429,377.6175,0,1,0,RECOVERY_REMINDER,0.4664267370831735,2111.5707806860632,reminder has strong predicted recovery value; strong customer payment history,4531.41
EVT_00009154,ALTERNATIVE_PAYMENT,True,ALLOWED,0.662337,0,0.0,PAYMENT_FAILURE,2026-08-10 14:56:45,CUS_000342,MER_00162,26474.5,INR,UPI,MOBILE,FAILED,NETWORK_ERROR,0,58.85,0,False,False,0,0,0,0.632337,457,32,26,6,0.8125,8498.17,0.6483,31,CARD,DIGITAL_SERVICES,LARGE,1610.3,0.8922,0.1078,14,0,8,10.183975056032539,0.8125,8498.17,0.8922,827.328125,1,0,0,ALTERNATIVE_PAYMENT,0.6171903809391106,16334.806740172484,alternative payment has strongest net expected value; high-value transaction,0.0
EVT_00007208,ALTERNATIVE_PAYMENT,True,ALLOWED,0.451228,0,0.0,PAYMENT_FAILURE,2026-08-26 11:51:52,CUS_001947,MER_00109,646.39,INR,CARD,MOBILE,FAILED,INSUFFICIENT_BALANCE,0,50.26,0,False,False,0,0,0,0.421228,260,2,2,0,1.0,1258.88,0.782,1,UPI,E_COMMERCE,SMALL,4316.36,0.9135,0.0865,11,2,8,6.472948894971858,1.0,1258.88,0.9135,323.195,0,1,0,ALTERNATIVE_PAYMENT,0.5307649347290448,338.0811461595073,alternative payment has strongest net expected value; strong customer payment history; decision margin is narrow,0.0
EVT_00006141,ALTERNATIVE_PAYMENT,True,ALLOWED,0.330013,1,8075.47,PAYMENT_FAILURE,2026-08-10 13:42:53,CUS_001280,MER_00128,8075.47,INR,UPI,MOBILE,FAILED,ISSUER_DECLINE,3,13.97,0,False,False,0,0,0,0.150013,1302,58,51,7,0.8793,3554.15,0.9253,39,CARD,TRAVEL,LARGE,637.62,0.9635,0.0365,13,0,8,8.996710174866632,0.8793,3554.15,0.9635,139.23224137931035,0,0,1,ALTERNATIVE_PAYMENT,0.3296055061964159,2656.7193771239704,alternative payment has strongest net expected value; multiple previous attempts reduce retry priority,8075.47
EVT_00009338,ALTERNATIVE_PAYMENT,True,ALLOWED,0.663158,0,0.0,SUBSCRIPTION_FAILURE,2026-08-17 02:08:17,CUS_001012,MER_00046,15037.01,INR,UPI,MOBILE,AT_RISK,,0,4.75,0,False,False,659,7,0,0.633158,1205,40,31,9,0.775,10326.94,0.7881,81,CARD,SAAS,MEDIUM,17647.99,0.9849,0.0151,2,0,8,9.618336274919796,0.775,10326.94,0.9849,375.92525,1,0,0,RECOVERY_REMINDER,0.5574414028522364,8380.251949103107,reminder has strong predicted recovery value; high-value transaction,15037.01
EVT_00007000,ALTERNATIVE_PAYMENT,True,ALLOWED,0.743875,1,3186.09,CHECKOUT_ABANDONMENT,2026-08-10 13:39:41,CUS_000285,MER_00055,3186.09,INR,UPI,DESKTOP,AT_RISK,,0,55.19,633,True,False,0,0,0,0.713875,678,54,49,5,0.9074,1502.12,0.6401,6,NETBANKING,DIGITAL_SERVICES,LARGE,4613.21,0.7204,0.2796,13,0,8,8.06686355374248,0.9074,1502.12,0.7204,59.00166666666667,0,1,0,RECOVERY_REMINDER,0.9083981673779863,2892.2383171013284,reminder has strong predicted recovery value; strong customer payment history,3186.09
EVT_00008790,ALTERNATIVE_PAYMENT,True,ALLOWED,0.548171,1,2923.58,PAYMENT_FAILURE,2026-08-26 12:27:25,CUS_001474,MER_00034,2923.58,INR,CARD,MOBILE,FAILED,TIMEOUT,1,26.99,0,False,False,0,0,0,0.518171,334,70,56,14,0.8,4063.61,0.8439,68,CARD,FOOD_DELIVERY,MEDIUM,27974.45,0.9356,0.0644,12,2,8,7.980906159612373,0.8,4063.61,0.9356,41.76542857142857,0,0,0,RETRY_LATER,0.5603707088423956,1637.2885969574509,delayed retry has strong predicted recovery value,2923.58
EVT_00001730,ALTERNATIVE_PAYMENT,True,ALLOWED,0.773254,1,824.85,CHECKOUT_ABANDONMENT,2026-08-10 12:42:32,CUS_000142,MER_00054,824.85,INR,UPI,MOBILE,AT_RISK,,0,71.7,599,True,False,0,0,0,0.743254,345,70,65,5,0.9286,980.04,0.7933,83,UPI,SAAS,SMALL,6765.64,0.896,0.104,12,0,8,6.716413158967099,0.9286,980.04,0.896,11.78357142857143,0,1,0,RECOVERY_REMINDER,0.9501513436334015,781.7323357960113,reminder has strong predicted recovery value; strong customer payment history,824.85
EVT_00007176,ALTERNATIVE_PAYMENT,True,ALLOWED,0.370799,0,0.0,PAYMENT_FAILURE,2026-08-10 16:10:30,CUS_000634,MER_00144,4319.4,INR,UPI,MOBILE,FAILED,NETWORK_ERROR,3,9.69,0,False,False,0,0,0,0.340799,587,45,40,5,0.8889,3980.61,0.2874,75,UPI,E_COMMERCE,SMALL,11138.28,0.8359,0.1641,16,0,8,8.371103269544319,0.8889,3980.61,0.8359,95.98666666666666,0,0,1,ALTERNATIVE_PAYMENT,0.34499666142210667,1485.1785793466474,alternative payment has strongest net expected value; multiple previous attempts reduce retry priority,0.0
EVT_00005489,ALTERNATIVE_PAYMENT,True,ALLOWED,0.357787,1,1538.56,PAYMENT_FAILURE,2026-08-23 05:54:45,CUS_001275,MER_00176,1538.56,INR,UPI,MOBILE,FAILED,ISSUER_DECLINE,2,70.46,0,False,False,0,0,0,0.177787,1151,20,17,3,0.85,1047.55,0.8044,74,WALLET,FOOD_DELIVERY,SMALL,1683.95,0.9165,0.0835,5,6,8,7.339251940297858,0.85,1047.55,0.9165,76.928,0,0,1,ALTERNATIVE_PAYMENT,0.41193452015878135,628.7859753354946,alternative payment has strongest net expected value; multiple previous attempts reduce retry priority,1538.56
EVT_00002526,ALTERNATIVE_PAYMENT,True,ALLOWED,0.397843,0,0.0,PAYMENT_FAILURE,2026-08-10 20:17:55,CUS_000683,MER_00077,7021.81,INR,UPI,DESKTOP,FAILED,NETWORK_ERROR,3,57.33,0,False,False,0,0,0,0.367843,1441,31,27,4,0.871,5807.51,0.8567,9,UPI,TRAVEL,MEDIUM,2007.39,0.9835,0.0165,20,0,8,8.856918701827514,0.871,5807.51,0.9835,226.51000000000002,0,0,1,ALTERNATIVE_PAYMENT,0.3555134022763973,2491.3475632384293,alternative payment has strongest net expected value; multiple previous attempts reduce retry priority,0.0
EVT_00009556,ALTERNATIVE_PAYMENT,True,ALLOWED,0.799912,0,0.0,CHECKOUT_ABANDONMENT,2026-08-23 08:28:36,CUS_000057,MER_00107,6894.45,INR,UPI,MOBILE,AT_RISK,,0,33.63,711,True,False,0,0,0,0.769912,833,59,57,2,0.9661,3701.31,0.8473,30,UPI,E_COMMERCE,SMALL,15795.0,0.9309,0.0691,8,6,8,8.83861705278231,0.9661,3701.31,0.9309,116.85508474576271,0,1,0,RECOVERY_REMINDER,0.9341788324823171,6438.649251607711,reminder has strong predicted recovery value; strong customer payment history,0.0
EVT_00001403,ALTERNATIVE_PAYMENT,True,ALLOWED,0.454031,1,18347.39,PAYMENT_FAILURE,2026-08-16 18:18:00,CUS_001937,MER_00072,18347.39,INR,CARD,MOBILE,FAILED,INSUFFICIENT_BALANCE,0,8.4,0,False,False,0,0,0,0.424031,577,42,38,4,0.9048,10759.72,0.5997,8,CARD,TRAVEL,MEDIUM,4974.21,0.8851,0.1149,18,6,8,9.817297111213858,0.9048,10759.72,0.8851,436.84261904761905,1,1,0,ALTERNATIVE_PAYMENT,0.5010713266036789,9188.351047015072,alternative payment has strongest net expected value; strong customer payment history; high-value transaction,18347.39
EVT_00007133,ALTERNATIVE_PAYMENT,True,ALLOWED,0.684283,1,747.88,PAYMENT_FAILURE,2026-08-11 01:23:09,CUS_000700,MER_00030,747.88,INR,CARD,MOBILE,FAILED,BANK_TECHNICAL_ERROR,0,32.44,0,False,False,0,0,0,0.654283,169,10,9,1,0.9,636.17,0.7032,28,CARD,TRAVEL,LARGE,789.69,0.9193,0.0807,1,1,8,6.6185787570634895,0.9,636.17,0.9193,74.788,0,1,0,RETRY_LATER,0.6544771615319265,488.4703795664972,delayed retry has strong predicted recovery value; strong customer payment history,0.0
EVT_00009257,ALTERNATIVE_PAYMENT,True,ALLOWED,0.575324,1,2705.34,PAYMENT_FAILURE,2026-08-26 03:58:56,CUS_001486,MER_00029,2705.34,INR,CARD,MOBILE,FAILED,EXPIRED_PAYMENT_METHOD,1,40.37,0,False,False,0,0,0,0.395324,1298,3,3,0,1.0,2854.64,0.7992,28,UPI,FOOD_DELIVERY,SMALL,5041.91,0.8787,0.1213,3,2,8,7.903352447548859,1.0,2854.64,0.8787,901.7800000000001,0,1,0,ALTERNATIVE_PAYMENT,0.5486232666411437,1479.2124681749517,alternative payment has strongest net expected value; strong customer payment history,2705.34
EVT_00004153,ALTERNATIVE_PAYMENT,True,ALLOWED,0.591161,1,1316.58,CHECKOUT_ABANDONMENT,2026-08-11 01:15:23,CUS_000398,MER_00075,1316.58,INR,UPI,DESKTOP,AT_RISK,,0,58.18,681,False,False,0,0,0,0.561161,318,23,22,1,0.9565,2370.17,0.8442,47,UPI,EDUCATION,SMALL,18185.27,0.9412,0.0588,1,1,8,7.183551999634687,0.9565,2370.17,0.9412,57.24260869565217,0,1,0,RECOVERY_REMINDER,0.6612584811733627,868.5996911432259,reminder has strong predicted recovery value; strong customer payment history,1316.58
EVT_00007721,ALTERNATIVE_PAYMENT,True,ALLOWED,0.605046,1,4556.71,PAYMENT_FAILURE,2026-08-23 09:22:58,CUS_000664,MER_00155,4556.71,INR,UPI,DESKTOP,FAILED,BANK_TECHNICAL_ERROR,1,43.94,0,False,False,0,0,0,0.575046,327,40,37,3,0.925,3983.25,0.7722,51,UPI,SAAS,SMALL,2912.27,0.843,0.157,9,6,8,8.424575583384847,0.925,3983.25,0.843,113.91775,0,1,0,RETRY_LATER,0.709382115287169,3231.4485785501956,delayed retry has strong predicted recovery value; strong customer payment history,4556.71
EVT_00005680,ALTERNATIVE_PAYMENT,True,ALLOWED,0.496766,1,2206.95,CHECKOUT_ABANDONMENT,2026-08-16 18:26:03,CUS_001611,MER_00035,2206.95,INR,UPI,MOBILE,AT_RISK,,0,4.55,52,False,False,0,0,0,0.466766,1171,45,38,7,0.8444,3585.83,0.7207,14,UPI,DIGITAL_SERVICES,SMALL,1661.67,0.979,0.021,18,6,8,7.69981976221305,0.8444,3585.83,0.979,49.04333333333333,0,0,0,RECOVERY_REMINDER,0.6424333704696772,1415.818326958054,reminder has strong predicted recovery value,0.0
EVT_00002023,ALTERNATIVE_PAYMENT,True,ALLOWED,0.737869,1,2434.85,CHECKOUT_ABANDONMENT,2026-08-11 01:02:29,CUS_000134,MER_00153,2434.85,INR,WALLET,MOBILE,AT_RISK,,0,48.28,489,True,False,0,0,0,0.707869,852,32,26,6,0.8125,3381.51,0.736,13,CARD,DIGITAL_SERVICES,MEDIUM,11301.58,0.8712,0.1288,1,1,8,7.798051050579207,0.8125,3381.51,0.8712,76.0890625,0,0,0,RECOVERY_REMINDER,0.880837066339929,2142.706130977776,reminder has strong predicted recovery value,0.0
EVT_00008164,ALTERNATIVE_PAYMENT,True,ALLOWED,0.311003,0,0.0,PAYMENT_FAILURE,2026-08-26 04:01:34,CUS_000173,MER_00139,2624.01,INR,UPI,MOBILE,FAILED,NETWORK_ERROR,3,20.89,0,False,False,0,0,0,0.281003,1164,79,50,29,0.6329,2012.82,0.7246,32,UPI,FOOD_DELIVERY,SMALL,4070.36,0.9874,0.0126,4,2,8,7.872839984542278,0.6329,2012.82,0.9874,33.215316455696204,0,0,1,ALTERNATIVE_PAYMENT,0.27164937127036376,707.8106667071472,alternative payment has strongest net expected value; multiple previous attempts reduce retry priority,0.0
EVT_00001451,ALTERNATIVE_PAYMENT,True,ALLOWED,0.71605,1,8820.51,PAYMENT_FAILURE,2026-08-11 00:53:12,CUS_000600,MER_00153,8820.51,INR,UPI,TABLET,FAILED,BANK_TECHNICAL_ERROR,0,22.53,0,False,False,0,0,0,0.68605,974,31,30,1,0.9677,8633.76,0.9256,68,WALLET,DIGITAL_SERVICES,MEDIUM,11301.58,0.8712,0.1288,0,1,8,9.084948336161538,0.9677,8633.76,0.8712,284.5325806451613,0,1,0,ALTERNATIVE_PAYMENT,0.6532823874883601,5757.283831664955,alternative payment has strongest net expected value; strong customer payment history,8820.51
EVT_00004580,ALTERNATIVE_PAYMENT,True,ALLOWED,0.63945,1,6111.28,CHECKOUT_ABANDONMENT,2026-08-16 18:26:50,CUS_000047,MER_00100,6111.28,INR,NETBANKING,MOBILE,AT_RISK,,0,9.98,100,True,False,0,0,0,0.60945,685,36,22,14,0.6111,8995.49,0.5173,45,CARD,EDUCATION,MEDIUM,10164.26,0.9653,0.0347,18,6,8,8.718055141315366,0.6111,8995.49,0.9653,169.75777777777776,0,0,0,RECOVERY_REMINDER,0.751252226799827,4589.112708597247,reminder has strong predicted recovery value; decision margin is narrow,0.0
EVT_00009563,ALTERNATIVE_PAYMENT,True,ALLOWED,0.743899,1,21356.51,CHECKOUT_ABANDONMENT,2026-08-10 23:54:41,CUS_000078,MER_00038,21356.51,INR,UPI,DESKTOP,AT_RISK,,0,48.1,119,True,False,0,0,0,0.713899,363,35,31,4,0.8857,15422.15,0.6772,51,NETBANKING,RETAIL,MEDIUM,5118.25,0.8466,0.1534,23,0,8,9.969158713245259,0.8857,15422.15,0.8466,610.1859999999999,1,0,0,RECOVERY_REMINDER,0.9515945366761603,20320.738238469785,reminder has strong predicted recovery value; high-value transaction,0.0
EVT_00002057,ALTERNATIVE_PAYMENT,True,ALLOWED,0.441643,1,10157.33,PAYMENT_FAILURE,2026-08-16 21:51:06,CUS_001808,MER_00024,10157.33,INR,NETBANKING,DESKTOP,FAILED,TIMEOUT,3,5.51,0,False,False,0,0,0,0.411643,737,13,12,1,0.9231,10466.42,0.7457,55,NETBANKING,DIGITAL_SERVICES,SMALL,6952.02,0.952,0.048,21,6,8,9.226049337543492,0.9231,10466.42,0.952,781.3330769230769,1,1,1,ALTERNATIVE_PAYMENT,0.42908829100020074,4353.391370825069,alternative payment has strongest net expected value; multiple previous attempts reduce retry priority; strong customer payment history; high-value transaction,10157.33
EVT_00006788,ALTERNATIVE_PAYMENT,True,ALLOWED,0.457186,1,2105.94,SUBSCRIPTION_FAILURE,2026-08-26 05:05:54,CUS_000568,MER_00105,2105.94,INR,NETBANKING,MOBILE,AT_RISK,,0,10.53,0,False,False,344,6,2,0.427186,396,51,48,3,0.9412,3248.96,0.7235,74,UPI,SAAS,LARGE,3288.97,0.911,0.089,5,2,8,7.652991936891844,0.9412,3248.96,0.911,41.29294117647059,0,1,0,RECOVERY_REMINDER,0.41344207309387804,868.6841994113215,reminder has strong predicted recovery value; strong customer payment history,2105.94
EVT_00006776,ALTERNATIVE_PAYMENT,True,ALLOWED,0.670143,0,0.0,SUBSCRIPTION_FAILURE,2026-08-23 09:12:36,CUS_001182,MER_00088,1145.47,INR,NETBANKING,MOBILE,AT_RISK,,0,52.93,0,False,False,449,15,0,0.640143,1393,16,15,1,0.9375,2454.66,0.5775,48,NETBANKING,SAAS,MEDIUM,2014.49,0.8916,0.1084,9,6,8,7.0444429353616265,0.9375,2454.66,0.8916,71.591875,0,1,0,RECOVERY_REMINDER,0.5770641952840558,659.0097237720274,reminder has strong predicted recovery value; strong customer payment history,0.0
EVT_00006962,ALTERNATIVE_PAYMENT,True,ALLOWED,0.498305,0,0.0,PAYMENT_FAILURE,2026-08-10 21:28:00,CUS_001923,MER_00060,6134.94,INR,UPI,MOBILE,FAILED,PAYMENT_LIMIT,1,16.93,0,False,False,0,0,0,0.318305,1243,38,29,9,0.7632,5392.31,0.8944,19,CARD,FOOD_DELIVERY,LARGE,5310.7,0.9841,0.0159,21,0,8,8.721918564642047,0.7632,5392.31,0.9841,161.4457894736842,0,0,0,ALTERNATIVE_PAYMENT,0.5360728286572183,3283.7746394423143,alternative payment has strongest net expected value,0.0
EVT_00002147,ALTERNATIVE_PAYMENT,True,ALLOWED,0.354065,1,1110.85,SUBSCRIPTION_FAILURE,2026-08-26 05:10:36,CUS_001758,MER_00198,1110.85,INR,NETBANKING,DESKTOP,AT_RISK,,0,25.04,0,False,False,605,13,3,0.324065,924,44,41,3,0.9318,3254.62,0.7637,45,NETBANKING,DIGITAL_SERVICES,SMALL,5306.23,0.9513,0.0487,5,2,8,7.013780573625441,0.9318,3254.62,0.9513,25.24659090909091,0,1,0,RECOVERY_REMINDER,0.5164981844418088,571.7520081871833,reminder has strong predicted recovery value; strong customer payment history,0.0
EVT_00002948,ALTERNATIVE_PAYMENT,True,ALLOWED,0.579759,0,0.0,PAYMENT_FAILURE,2026-08-16 19:46:46,CUS_000333,MER_00199,2779.26,INR,UPI,MOBILE,FAILED,PAYMENT_LIMIT,0,16.26,0,False,False,0,0,0,0.399759,485,22,18,4,0.8182,3309.86,0.625,31,CARD,SAAS,SMALL,1416.06,0.9293,0.0707,19,6,8,7.930299727491332,0.8182,3309.86,0.9293,126.33000000000001,0,0,0,ALTERNATIVE_PAYMENT,0.46087641227941684,1275.895377591692,alternative payment has strongest net expected value,0.0
EVT_00004131,ALTERNATIVE_PAYMENT,True,ALLOWED,0.700033,0,0.0,SUBSCRIPTION_FAILURE,2026-08-10 21:13:31,CUS_000780,MER_00138,6677.38,INR,UPI,MOBILE,AT_RISK,,0,70.48,0,False,False,485,16,0,0.670033,1280,4,4,0,1.0,7649.58,0.7136,85,WALLET,E_COMMERCE,MEDIUM,9578.85,0.8707,0.1293,21,0,8,8.806630722149121,1.0,7649.58,0.8707,1669.345,0,1,0,RECOVERY_REMINDER,0.5555696815080506,3707.7498799082273,reminder has strong predicted recovery value; strong customer payment history,0.0
EVT_00002333,ALTERNATIVE_PAYMENT,True,ALLOWED,0.438337,0,0.0,PAYMENT_FAILURE,2026-08-10 21:13:03,CUS_001652,MER_00156,1575.38,INR,UPI,MOBILE,FAILED,TIMEOUT,3,11.31,0,False,False,0,0,0,0.408337,56,6,6,0,1.0,4896.37,0.9532,75,CARD,FOOD_DELIVERY,MEDIUM,16696.36,0.898,0.102,21,0,8,7.362886358105121,1.0,4896.37,0.898,262.56333333333333,0,1,1,ALTERNATIVE_PAYMENT,0.3878434608275088,606.0008313184409,alternative payment has strongest net expected value; multiple previous attempts reduce retry priority; strong customer payment history,0.0
EVT_00006128,ALTERNATIVE_PAYMENT,True,ALLOWED,0.53045,1,2992.01,CHECKOUT_ABANDONMENT,2026-08-26 06:30:09,CUS_001189,MER_00117,2992.01,INR,UPI,MOBILE,AT_RISK,,0,61.01,20,False,False,0,0,0,0.50045,862,5,5,0,1.0,2996.25,0.6926,25,UPI,TRAVEL,SMALL,11500.96,0.8461,0.1539,6,2,8,8.004034848976419,1.0,2996.25,0.8461,598.402,0,1,0,RECOVERY_REMINDER,0.6779868391139771,2026.5434024974106,reminder has strong predicted recovery value; strong customer payment history,2992.01
EVT_00001800,ALTERNATIVE_PAYMENT,True,ALLOWED,0.764688,1,2269.97,CHECKOUT_ABANDONMENT,2026-08-16 20:23:25,CUS_001074,MER_00194,2269.97,INR,WALLET,MOBILE,AT_RISK,,0,49.25,142,True,False,0,0,0,0.734688,801,62,59,3,0.9516,1666.93,0.8473,67,UPI,TRAVEL,LARGE,3878.8,0.7793,0.2207,20,6,8,7.7279623319786745,0.9516,1666.93,0.7793,36.61241935483871,0,1,0,RECOVERY_REMINDER,0.9147439777702983,2074.4413872192436,reminder has strong predicted recovery value; strong customer payment history,2269.97
EVT_00005540,ALTERNATIVE_PAYMENT,True,ALLOWED,0.544511,0,0.0,PAYMENT_FAILURE,2026-08-10 21:08:55,CUS_000315,MER_00147,395.91,INR,CARD,DESKTOP,FAILED,BANK_TECHNICAL_ERROR,1,37.51,0,False,False,0,0,0,0.514511,388,18,14,4,0.7778,434.87,0.5933,88,CARD,TRAVEL,MEDIUM,6423.31,0.8655,0.1345,21,0,8,5.983709554734915,0.7778,434.87,0.8655,21.995,0,0,0,ALTERNATIVE_PAYMENT,0.5345481423411563,206.63295503428722,alternative payment has strongest net expected value,0.0
EVT_00000408,ALTERNATIVE_PAYMENT,True,ALLOWED,0.193487,0,0.0,SUBSCRIPTION_FAILURE,2026-08-10 20:32:17,CUS_001815,MER_00004,3083.8,INR,CARD,DESKTOP,AT_RISK,,0,63.83,0,False,False,769,2,3,0.163487,1328,31,23,8,0.7419,4701.71,0.8099,23,UPI,EDUCATION,MEDIUM,2207.0,0.9735,0.0265,20,0,8,8.034242104416226,0.7419,4701.71,0.9735,99.47741935483872,0,0,0,RECOVERY_REMINDER,0.30735802301741,945.830671381089,reminder has strong predicted recovery value; decision margin is narrow,3083.8
EVT_00005375,ALTERNATIVE_PAYMENT,True,ALLOWED,0.496385,0,0.0,PAYMENT_FAILURE,2026-08-26 06:33:42,CUS_000993,MER_00192,5063.69,INR,UPI,MOBILE,FAILED,TIMEOUT,2,60.94,0,False,False,0,0,0,0.466385,319,16,14,2,0.875,4666.05,0.9529,72,CARD,TRAVEL,MEDIUM,20196.01,0.9465,0.0535,6,2,8,8.530048210466187,0.875,4666.05,0.9465,316.480625,0,0,1,RECOVERY_REMINDER,0.46055185492424294,2330.0918222613395,reminder has strong predicted recovery value; multiple previous attempts reduce retry priority,5063.69
EVT_00009483,ALTERNATIVE_PAYMENT,True,ALLOWED,0.331673,0,0.0,PAYMENT_FAILURE,2026-08-10 23:04:15,CUS_001007,MER_00099,788.41,INR,UPI,MOBILE,FAILED,INSUFFICIENT_BALANCE,1,63.63,0,False,False,0,0,0,0.301673,1279,48,44,4,0.9167,2586.54,0.9356,14,UPI,E_COMMERCE,MEDIUM,3130.24,0.8534,0.1466,23,0,8,6.671285830997509,0.9167,2586.54,0.8534,16.425208333333334,0,1,0,RECOVERY_REMINDER,0.4132185137104545,323.7856083944594,reminder has strong predicted recovery value; strong customer payment history; decision margin is narrow,788.41
EVT_00005799,ALTERNATIVE_PAYMENT,True,ALLOWED,0.451005,1,8958.92,PAYMENT_FAILURE,2026-08-11 01:26:11,CUS_000839,MER_00177,8958.92,INR,NETBANKING,DESKTOP,FAILED,ISSUER_DECLINE,1,6.12,0,False,False,0,0,0,0.271005,51,18,17,1,0.9444,2973.68,0.6403,79,UPI,SAAS,SMALL,9080.37,0.8866,0.1134,1,1,8,9.100516577357688,0.9444,2973.68,0.8866,497.71777777777777,0,1,0,ALTERNATIVE_PAYMENT,0.48615374952931306,4350.412549733153,alternative payment has strongest net expected value; strong customer payment history,8958.92
EVT_00008396,ALTERNATIVE_PAYMENT,True,ALLOWED,0.514494,0,0.0,PAYMENT_FAILURE,2026-08-10 11:39:43,CUS_000815,MER_00034,10609.16,INR,CARD,MOBILE,FAILED,ISSUER_DECLINE,0,45.72,0,False,False,0,0,0,0.334494,1173,16,14,2,0.875,6676.95,0.7971,32,CARD,FOOD_DELIVERY,MEDIUM,27974.45,0.9356,0.0644,11,0,8,9.269567311607426,0.875,6676.95,0.9356,663.0725,1,0,0,ALTERNATIVE_PAYMENT,0.4821893664918584,5110.624139410765,alternative payment has strongest net expected value; high-value transaction,0.0
EVT_00002769,ALTERNATIVE_PAYMENT,True,ALLOWED,0.806121,0,0.0,CHECKOUT_ABANDONMENT,2026-08-17 03:29:58,CUS_000478,MER_00001,11226.1,INR,CARD,MOBILE,AT_RISK,,0,42.8,667,True,False,0,0,0,0.776121,56,14,13,1,0.9286,17748.18,0.8056,55,UPI,FOOD_DELIVERY,SMALL,6229.18,0.9913,0.0087,3,0,8,9.326085777518069,0.9286,17748.18,0.9913,801.8642857142858,1,1,0,RECOVERY_REMINDER,0.8581417057746881,9631.584603197227,reminder has strong predicted recovery value; strong customer payment history; high-value transaction,11226.1
EVT_00000353,ALTERNATIVE_PAYMENT,True,ALLOWED,0.720532,1,5508.83,CHECKOUT_ABANDONMENT,2026-08-10 04:43:34,CUS_001455,MER_00003,5508.83,INR,CARD,MOBILE,AT_RISK,,0,26.52,543,True,False,0,0,0,0.690532,871,65,50,15,0.7692,4953.92,0.6696,22,UPI,DIGITAL_SERVICES,SMALL,2951.94,0.8109,0.1891,4,0,8,8.614289048676442,0.7692,4953.92,0.8109,84.75123076923077,0,0,0,RECOVERY_REMINDER,0.8882614553936912,4891.281353316428,reminder has strong predicted recovery value,5508.83
EVT_00000917,ALTERNATIVE_PAYMENT,True,ALLOWED,0.348287,1,632.31,PAYMENT_FAILURE,2026-08-26 17:18:12,CUS_000977,MER_00018,632.31,INR,UPI,MOBILE,FAILED,ISSUER_DECLINE,2,27.02,0,False,False,0,0,0,0.168287,170,40,33,7,0.825,949.71,0.6346,69,CARD,E_COMMERCE,SMALL,8469.12,0.8917,0.1083,17,2,8,6.450960033702472,0.825,949.71,0.8917,15.807749999999999,0,0,1,ALTERNATIVE_PAYMENT,0.3684285193225612,227.96103705284867,alternative payment has strongest net expected value; multiple previous attempts reduce retry priority,632.31
EVT_00005528,ALTERNATIVE_PAYMENT,True,ALLOWED,0.703008,1,2191.33,CHECKOUT_ABANDONMENT,2026-08-10 04:25:42,CUS_001908,MER_00013,2191.33,INR,CARD,DESKTOP,AT_RISK,,0,14.34,20,True,False,0,0,0,0.673008,267,77,67,10,0.8701,3329.71,0.9468,45,CARD,TRAVEL,SMALL,3031.81,0.8747,0.1253,4,0,8,7.692720184182032,0.8701,3329.71,0.8747,28.458831168831168,0,0,0,RECOVERY_REMINDER,0.7850752605039872,1718.3589706002024,reminder has strong predicted recovery value,2191.33
EVT_00002992,ALTERNATIVE_PAYMENT,True,ALLOWED,0.219364,0,0.0,PAYMENT_FAILURE,2026-08-17 09:15:20,CUS_001521,MER_00029,6159.35,INR,UPI,DESKTOP,FAILED,INSUFFICIENT_BALANCE,3,52.82,0,False,False,0,0,0,0.189364,1300,66,61,5,0.9242,6430.67,0.7725,75,UPI,FOOD_DELIVERY,SMALL,5041.91,0.8787,0.1213,9,0,8,8.725888873095291,0.9242,6430.67,0.8787,93.32348484848485,0,1,1,ALTERNATIVE_PAYMENT,0.23408663451839593,1436.821512320882,alternative payment has strongest net expected value; multiple previous attempts reduce retry priority; strong customer payment history,0.0
EVT_00001861,ALTERNATIVE_PAYMENT,True,ALLOWED,0.33275,0,0.0,PAYMENT_FAILURE,2026-08-10 03:32:47,CUS_001898,MER_00032,3692.34,INR,CARD,MOBILE,FAILED,ISSUER_DECLINE,3,62.31,0,False,False,0,0,0,0.15275,1315,2,2,0,1.0,6156.74,0.9656,78,WALLET,TRAVEL,SMALL,7142.77,0.8186,0.1814,3,0,8,8.214286476685688,1.0,6156.74,0.8186,1846.17,0,1,1,ALTERNATIVE_PAYMENT,0.3901786839544685,1435.6723619124423,alternative payment has strongest net expected value; multiple previous attempts reduce retry priority; strong customer payment history,0.0
EVT_00006050,ALTERNATIVE_PAYMENT,True,ALLOWED,0.538193,1,4130.64,PAYMENT_FAILURE,2026-08-26 18:36:15,CUS_001683,MER_00196,4130.64,INR,CARD,DESKTOP,FAILED,ISSUER_DECLINE,0,36.21,0,False,False,0,0,0,0.358193,81,18,18,0,1.0,4597.98,0.6713,17,CARD,SAAS,SMALL,9200.06,0.9131,0.0869,18,2,8,8.326429701564944,1.0,4597.98,0.9131,229.48000000000002,0,1,0,ALTERNATIVE_PAYMENT,0.5529767582392391,2279.147916653331,alternative payment has strongest net expected value; strong customer payment history,4130.64
EVT_00002760,ALTERNATIVE_PAYMENT,True,ALLOWED,0.495749,0,0.0,PAYMENT_FAILURE,2026-08-10 02:26:31,CUS_000895,MER_00154,2253.99,INR,CARD,DESKTOP,FAILED,NETWORK_ERROR,2,0.03,0,False,False,0,0,0,0.465749,1131,21,20,1,0.9524,1809.01,0.9605,86,UPI,E_COMMERCE,SMALL,7670.89,0.9583,0.0417,2,0,8,7.720900817337145,0.9524,1809.01,0.9583,107.33285714285714,0,1,1,ALTERNATIVE_PAYMENT,0.4408032543996613,988.5661273842925,alternative payment has strongest net expected value; multiple previous attempts reduce retry priority; strong customer payment history,0.0
EVT_00009241,ALTERNATIVE_PAYMENT,True,ALLOWED,0.721427,0,0.0,CHECKOUT_ABANDONMENT,2026-08-23 04:38:35,CUS_000032,MER_00180,12024.69,INR,UPI,DESKTOP,AT_RISK,,0,29.19,389,True,False,0,0,0,0.691427,364,15,11,4,0.7333,16447.32,0.9204,63,CARD,EDUCATION,SMALL,8065.97,0.802,0.198,4,6,8,9.394800473785146,0.7333,16447.32,0.802,801.6460000000001,1,0,0,RECOVERY_REMINDER,0.8665950113231761,10418.536366707682,reminder has strong predicted recovery value; high-value transaction,12024.69
EVT_00002530,ALTERNATIVE_PAYMENT,True,ALLOWED,0.467033,1,10187.94,PAYMENT_FAILURE,2026-08-10 02:01:56,CUS_000827,MER_00162,10187.94,INR,NETBANKING,MOBILE,FAILED,BANK_TECHNICAL_ERROR,2,27.81,0,False,False,0,0,0,0.437033,1030,29,21,8,0.7241,8284.37,0.4549,81,UPI,DIGITAL_SERVICES,LARGE,1610.3,0.8922,0.1078,2,0,8,9.229058097253443,0.7241,8284.37,0.8922,351.30827586206897,1,0,1,ALTERNATIVE_PAYMENT,0.39774510749599795,4047.2032904627777,alternative payment has strongest net expected value; multiple previous attempts reduce retry priority; high-value transaction,10187.94
EVT_00009487,ALTERNATIVE_PAYMENT,True,ALLOWED,0.63067,1,4645.85,PAYMENT_FAILURE,2026-08-26 20:39:18,CUS_001424,MER_00066,4645.85,INR,NETBANKING,MOBILE,FAILED,TIMEOUT,1,42.01,0,False,False,0,0,0,0.60067,1021,31,31,0,1.0,2364.08,0.6801,34,NETBANKING,FOOD_DELIVERY,SMALL,10924.95,0.9585,0.0415,20,2,8,8.443944849674399,1.0,2364.08,0.9585,149.86612903225807,0,1,0,ALTERNATIVE_PAYMENT,0.593177097739664,2750.811819533818,alternative payment has strongest net expected value; strong customer payment history,4645.85
EVT_00003660,ALTERNATIVE_PAYMENT,True,ALLOWED,0.766447,1,3269.41,CHECKOUT_ABANDONMENT,2026-08-17 09:36:26,CUS_001507,MER_00130,3269.41,INR,NETBANKING,MOBILE,AT_RISK,,0,6.19,601,True,False,0,0,0,0.736447,1373,67,60,7,0.8955,3107.85,0.6846,86,CARD,FOOD_DELIVERY,MEDIUM,2704.71,0.8833,0.1167,9,0,8,8.092670638294598,0.8955,3107.85,0.8833,48.79716417910448,0,0,0,RECOVERY_REMINDER,0.933838931562981,3051.1023412413256,reminder has strong predicted recovery value,3269.41
EVT_00003719,ALTERNATIVE_PAYMENT,True,ALLOWED,0.627342,1,796.1,PAYMENT_FAILURE,2026-08-17 07:45:20,CUS_001266,MER_00146,796.1,INR,CARD,MOBILE,FAILED,NETWORK_ERROR,0,53.05,0,False,False,0,0,0,0.597342,84,51,45,6,0.8824,1340.06,0.5505,26,CARD,RETAIL,LARGE,2271.18,0.8973,0.1027,7,0,8,6.680980141433878,0.8824,1340.06,0.8973,15.609803921568627,0,0,0,RETRY_LATER,0.5568630260709183,442.31865505505806,delayed retry has strong predicted recovery value,796.1
EVT_00009797,ALTERNATIVE_PAYMENT,True,ALLOWED,0.567815,1,3212.11,PAYMENT_FAILURE,2026-08-10 01:36:34,CUS_000406,MER_00025,3212.11,INR,CARD,MOBILE,FAILED,TIMEOUT,0,33.28,0,False,False,0,0,0,0.537815,766,66,40,26,0.6061,4442.6,0.5778,84,NETBANKING,DIGITAL_SERVICES,MEDIUM,770.56,0.9566,0.0434,1,0,8,8.074994594446412,0.6061,4442.6,0.9566,48.66833333333334,0,0,0,RETRY_LATER,0.6056058829062201,1944.2727125418987,delayed retry has strong predicted recovery value,3212.11
EVT_00008377,ALTERNATIVE_PAYMENT,True,ALLOWED,0.68389,1,31879.18,PAYMENT_FAILURE,2026-08-26 20:58:07,CUS_001610,MER_00086,31879.18,INR,UPI,DESKTOP,FAILED,BANK_TECHNICAL_ERROR,1,2.35,0,False,False,0,0,0,0.65389,215,54,48,6,0.8889,34714.52,0.5203,50,NETBANKING,EDUCATION,LARGE,4399.36,0.9863,0.0137,20,2,8,10.36973977906136,0.8889,34714.52,0.9863,590.3551851851852,1,0,0,RECOVERY_REMINDER,0.6929346233494903,22088.187585990603,reminder has strong predicted recovery value; high-value transaction,31879.18
EVT_00000621,ALTERNATIVE_PAYMENT,True,ALLOWED,0.547067,0,0.0,SUBSCRIPTION_FAILURE,2026-08-17 10:05:45,CUS_000595,MER_00030,1785.43,INR,UPI,MOBILE,AT_RISK,,0,10.74,0,False,False,199,18,1,0.517067,501,25,22,3,0.88,5224.27,0.8852,54,NETBANKING,TRAVEL,LARGE,789.69,0.9193,0.0807,10,0,8,7.487974493936214,0.88,5224.27,0.9193,71.41720000000001,0,0,0,ALTERNATIVE_PAYMENT,0.5107579783822338,906.9226173429918,alternative payment has strongest net expected value,0.0
EVT_00003285,ALTERNATIVE_PAYMENT,True,ALLOWED,0.547683,0,0.0,SUBSCRIPTION_FAILURE,2026-08-10 00:29:54,CUS_000528,MER_00032,6083.08,INR,UPI,MOBILE,AT_RISK,,0,3.69,0,False,False,458,12,1,0.517683,241,75,68,7,0.9067,4664.99,0.3789,61,UPI,TRAVEL,SMALL,7142.77,0.8186,0.1814,0,0,8,8.713430802536651,0.9067,4664.99,0.8186,81.10773333333333,0,1,0,ALTERNATIVE_PAYMENT,0.49679435048951964,3017.039777575787,alternative payment has strongest net expected value; strong customer payment history,0.0
EVT_00007085,ALTERNATIVE_PAYMENT,True,ALLOWED,0.582562,0,0.0,PAYMENT_FAILURE,2026-08-10 00:27:06,CUS_000675,MER_00141,3134.96,INR,UPI,MOBILE,FAILED,PAYMENT_LIMIT,0,57.08,0,False,False,0,0,0,0.402562,944,74,70,4,0.9459,8866.54,0.496,43,CARD,E_COMMERCE,MEDIUM,5168.9,0.7,0.3,0,0,8,8.05069062628691,0.9459,8866.54,0.7,42.36432432432432,0,1,0,ALTERNATIVE_PAYMENT,0.5277067206896612,1649.3394610932603,alternative payment has strongest net expected value; strong customer payment history,0.0
EVT_00006784,ALTERNATIVE_PAYMENT,True,ALLOWED,0.502546,0,0.0,PAYMENT_FAILURE,2026-08-26 21:31:05,CUS_000519,MER_00057,4322.24,INR,UPI,MOBILE,FAILED,TIMEOUT,2,41.26,0,False,False,0,0,0,0.472546,728,12,11,1,0.9167,4096.44,0.9102,32,UPI,E_COMMERCE,MEDIUM,11931.59,0.9085,0.0915,21,2,8,8.371760400128702,0.9167,4096.44,0.9085,360.18666666666667,0,1,1,ALTERNATIVE_PAYMENT,0.46300045572308485,1996.1990897445462,alternative payment has strongest net expected value; multiple previous attempts reduce retry priority; strong customer payment history,0.0
EVT_00002558,ALTERNATIVE_PAYMENT,True,ALLOWED,0.412884,0,0.0,PAYMENT_FAILURE,2026-08-23 04:00:04,CUS_000485,MER_00136,5019.24,INR,CARD,DESKTOP,FAILED,ISSUER_DECLINE,1,23.26,0,False,False,0,0,0,0.232884,710,28,22,6,0.7857,7984.19,0.437,18,UPI,TRAVEL,MEDIUM,1391.97,0.9802,0.0198,4,6,8,8.521233020307912,0.7857,7984.19,0.9802,179.25857142857143,0,0,0,RECOVERY_REMINDER,0.3375539766155202,1692.2644215876837,reminder has strong predicted recovery value; decision margin is narrow,0.0
EVT_00009396,ALTERNATIVE_PAYMENT,True,ALLOWED,0.39414,1,5595.92,PAYMENT_FAILURE,2026-08-17 11:48:24,CUS_000860,MER_00176,5595.92,INR,CARD,MOBILE,FAILED,INSUFFICIENT_BALANCE,0,19.48,0,False,False,0,0,0,0.36414,1207,36,29,7,0.8056,7917.51,0.7013,19,CARD,FOOD_DELIVERY,SMALL,1683.95,0.9165,0.0835,11,0,8,8.629971725417759,0.8056,7917.51,0.9165,155.44222222222223,0,0,0,RECOVERY_REMINDER,0.425975678552418,2381.725819125047,reminder has strong predicted recovery value; decision margin is narrow,5595.92
EVT_00006525,ALTERNATIVE_PAYMENT,True,ALLOWED,0.646092,1,6313.9,PAYMENT_FAILURE,2026-08-09 23:38:51,CUS_001315,MER_00185,6313.9,INR,UPI,MOBILE,FAILED,EXPIRED_PAYMENT_METHOD,0,62.3,0,False,False,0,0,0,0.466092,1356,32,29,3,0.9062,5864.36,0.9763,35,UPI,TRAVEL,SMALL,6499.82,0.9334,0.0666,23,6,8,8.750667199346465,0.9062,5864.36,0.9334,197.309375,0,1,0,ALTERNATIVE_PAYMENT,0.591171363517554,3727.5968721134836,alternative payment has strongest net expected value; strong customer payment history,6313.9
EVT_00004747,ALTERNATIVE_PAYMENT,True,ALLOWED,0.779055,0,0.0,CHECKOUT_ABANDONMENT,2026-08-09 22:55:06,CUS_001233,MER_00115,4882.0,INR,CARD,TABLET,AT_RISK,,0,57.66,844,True,True,0,0,0,0.749055,1456,54,47,7,0.8704,4328.32,0.7317,69,CARD,E_COMMERCE,MEDIUM,4625.14,0.9927,0.0073,22,6,8,8.49351506406166,0.8704,4328.32,0.9927,90.4074074074074,0,0,0,RECOVERY_REMINDER,0.8655003876926604,4223.372892715568,reminder has strong predicted recovery value,4882.0
EVT_00004488,ALTERNATIVE_PAYMENT,True,ALLOWED,0.320911,1,2945.65,SUBSCRIPTION_FAILURE,2026-08-26 21:51:07,CUS_000748,MER_00142,2945.65,INR,UPI,DESKTOP,AT_RISK,,0,47.81,0,False,False,501,19,3,0.290911,492,64,54,10,0.8438,2960.63,0.7242,54,UPI,RETAIL,MEDIUM,2317.11,0.8986,0.1014,21,2,8,7.9884242108389865,0.8438,2960.63,0.8986,46.02578125,0,0,0,ALTERNATIVE_PAYMENT,0.34592082841943605,1013.9616882337118,alternative payment has strongest net expected value,2945.65
EVT_00005283,ALTERNATIVE_PAYMENT,True,ALLOWED,0.481351,1,1722.68,PAYMENT_FAILURE,2026-08-17 11:51:35,CUS_001422,MER_00083,1722.68,INR,WALLET,DESKTOP,FAILED,ISSUER_DECLINE,0,5.16,0,False,False,0,0,0,0.301351,1492,63,52,11,0.8254,2117.22,0.5789,19,CARD,FOOD_DELIVERY,MEDIUM,6899.34,0.9485,0.0515,11,0,8,7.452216819145883,0.8254,2117.22,0.9485,27.344126984126984,0,0,0,ALTERNATIVE_PAYMENT,0.446947007348878,764.9466706197652,alternative payment has strongest net expected value,1722.68
EVT_00006551,ALTERNATIVE_PAYMENT,True,ALLOWED,0.557962,0,0.0,PAYMENT_FAILURE,2026-08-10 00:39:04,CUS_001503,MER_00017,2096.61,INR,CARD,MOBILE,FAILED,NETWORK_ERROR,1,34.45,0,False,False,0,0,0,0.527962,366,25,22,3,0.88,1669.44,0.7118,14,NETBANKING,E_COMMERCE,SMALL,2871.65,0.97,0.03,0,0,8,7.648553880351237,0.88,1669.44,0.97,83.8644,0,0,0,RETRY_LATER,0.5521594419862806,1156.663007662856,delayed retry has strong predicted recovery value,0.0
EVT_00002840,ALTERNATIVE_PAYMENT,True,ALLOWED,0.393697,1,5884.69,PAYMENT_FAILURE,2026-08-26 13:08:39,CUS_001799,MER_00077,5884.69,INR,UPI,MOBILE,FAILED,INSUFFICIENT_BALANCE,1,57.12,0,False,False,0,0,0,0.363697,733,1,1,0,1.0,2908.48,0.5145,34,UPI,TRAVEL,MEDIUM,2007.39,0.9835,0.0165,13,2,8,8.6802792600602,1.0,2908.48,0.9835,5884.69,0,1,0,ALTERNATIVE_PAYMENT,0.442497915396121,2598.963057752399,alternative payment has strongest net expected value; strong customer payment history; decision margin is narrow,5884.69
EVT_00005821,ALTERNATIVE_PAYMENT,True,ALLOWED,0.641973,1,8701.46,PAYMENT_FAILURE,2026-08-23 04:50:14,CUS_000350,MER_00143,8701.46,INR,CARD,TABLET,FAILED,TIMEOUT,1,13.31,0,False,False,0,0,0,0.611973,271,40,40,0,1.0,11085.9,0.9238,48,UPI,RETAIL,MEDIUM,1410.83,0.967,0.033,4,6,8,9.07136102329468,1.0,11085.9,0.967,217.5365,0,1,0,ALTERNATIVE_PAYMENT,0.6128606958331602,5327.782830364409,alternative payment has strongest net expected value; strong customer payment history,8701.46
EVT_00008936,ALTERNATIVE_PAYMENT,True,ALLOWED,0.692608,1,1592.82,PAYMENT_FAILURE,2026-08-26 16:13:40,CUS_001182,MER_00008,1592.82,INR,UPI,MOBILE,FAILED,BANK_TECHNICAL_ERROR,0,6.13,0,False,False,0,0,0,0.662608,1393,16,15,1,0.9375,2454.66,0.5775,48,NETBANKING,DIGITAL_SERVICES,MEDIUM,6017.04,0.8847,0.1153,16,2,8,7.37388892951084,0.9375,2454.66,0.8847,99.55125,0,1,0,RETRY_LATER,0.6460617761934744,1028.0601183564897,delayed retry has strong predicted recovery value; strong customer payment history,1592.82
EVT_00004594,ALTERNATIVE_PAYMENT,True,ALLOWED,0.372275,0,0.0,PAYMENT_FAILURE,2026-08-10 11:27:43,CUS_000482,MER_00092,7472.44,INR,UPI,MOBILE,FAILED,ISSUER_DECLINE,2,8.58,0,False,False,0,0,0,0.192275,1249,68,62,6,0.9118,8303.45,0.6414,84,CARD,E_COMMERCE,SMALL,2690.26,0.8466,0.1534,11,0,8,8.919110680826746,0.9118,8303.45,0.8466,109.88882352941175,0,1,1,ALTERNATIVE_PAYMENT,0.381931856291584,2848.9628802274838,alternative payment has strongest net expected value; multiple previous attempts reduce retry priority; strong customer payment history,0.0
EVT_00002756,ALTERNATIVE_PAYMENT,True,ALLOWED,0.674846,1,4341.03,SUBSCRIPTION_FAILURE,2026-08-10 11:00:00,CUS_001547,MER_00186,4341.03,INR,CARD,MOBILE,AT_RISK,,0,71.89,0,False,False,592,10,0,0.644846,1040,33,30,3,0.9091,5756.73,0.9126,24,UPI,SAAS,LARGE,6624.61,0.9305,0.0695,11,0,8,8.376097259672775,0.9091,5756.73,0.9305,131.54636363636362,0,1,0,ALTERNATIVE_PAYMENT,0.5529379852971247,2395.320382314377,alternative payment has strongest net expected value; strong customer payment history,4341.03
EVT_00002256,ALTERNATIVE_PAYMENT,True,ALLOWED,0.376156,0,0.0,PAYMENT_FAILURE,2026-08-26 13:23:27,CUS_000066,MER_00028,6331.19,INR,UPI,MOBILE,FAILED,PAYMENT_LIMIT,3,39.12,0,False,False,0,0,0,0.196156,508,41,35,6,0.8537,6800.11,0.9523,7,CARD,RETAIL,SMALL,5325.69,0.8758,0.1242,13,2,8,8.75340142686784,0.8537,6800.11,0.8758,154.41926829268291,0,0,1,ALTERNATIVE_PAYMENT,0.42205523315376997,2667.111871590817,alternative payment has strongest net expected value; multiple previous attempts reduce retry priority,0.0
EVT_00005127,ALTERNATIVE_PAYMENT,True,ALLOWED,0.496324,0,0.0,PAYMENT_FAILURE,2026-08-17 04:45:11,CUS_000504,MER_00188,7837.28,INR,UPI,MOBILE,FAILED,ISSUER_DECLINE,0,39.74,0,False,False,0,0,0,0.316324,1305,9,8,1,0.8889,5676.96,0.9505,87,UPI,RETAIL,SMALL,9937.08,0.8407,0.1593,4,0,8,8.966774701520338,0.8889,5676.96,0.8407,870.8088888888889,0,0,0,ALTERNATIVE_PAYMENT,0.511521575681258,4003.9378146552094,alternative payment has strongest net expected value,0.0
EVT_00005436,ALTERNATIVE_PAYMENT,True,ALLOWED,0.645585,1,4466.18,PAYMENT_FAILURE,2026-08-10 09:45:18,CUS_000326,MER_00018,4466.18,INR,NETBANKING,MOBILE,FAILED,EXPIRED_PAYMENT_METHOD,0,54.62,0,False,False,0,0,0,0.465585,368,66,62,4,0.9394,3292.98,0.6195,26,UPI,E_COMMERCE,SMALL,8469.12,0.8917,0.1083,9,0,8,8.404512616040613,0.9394,3292.98,0.8917,67.66939393939394,0,1,0,RECOVERY_REMINDER,0.5986680821568071,2671.759415167089,reminder has strong predicted recovery value; strong customer payment history,4466.18
EVT_00007635,ALTERNATIVE_PAYMENT,True,ALLOWED,0.321557,0,0.0,PAYMENT_FAILURE,2026-08-10 09:27:42,CUS_000732,MER_00065,10974.53,INR,CARD,MOBILE,FAILED,ISSUER_DECLINE,3,0.17,0,False,False,0,0,0,0.141557,645,42,40,2,0.9524,9965.12,0.9649,89,CARD,DIGITAL_SERVICES,MEDIUM,5883.79,0.7053,0.2947,9,0,8,9.303423528349125,0.9524,9965.12,0.7053,261.29833333333335,1,1,1,ALTERNATIVE_PAYMENT,0.47318207478671215,5187.950875209016,alternative payment has strongest net expected value; multiple previous attempts reduce retry priority; strong customer payment history; high-value transaction,0.0
EVT_00004655,ALTERNATIVE_PAYMENT,True,ALLOWED,0.648747,1,17525.41,PAYMENT_FAILURE,2026-08-26 13:55:06,CUS_000771,MER_00164,17525.41,INR,CARD,MOBILE,FAILED,BANK_TECHNICAL_ERROR,0,35.5,0,False,False,0,0,0,0.618747,988,53,38,15,0.717,18944.26,0.883,51,UPI,EDUCATION,LARGE,10820.21,0.8606,0.1394,13,2,8,9.771464165157068,0.717,18944.26,0.8606,330.66811320754715,1,0,0,ALTERNATIVE_PAYMENT,0.6716383714631128,11765.737831623352,alternative payment has strongest net expected value; high-value transaction,17525.41
EVT_00006990,ALTERNATIVE_PAYMENT,True,ALLOWED,0.591782,0,0.0,PAYMENT_FAILURE,2026-08-23 05:54:40,CUS_001540,MER_00083,6284.56,INR,UPI,DESKTOP,FAILED,NETWORK_ERROR,1,66.63,0,False,False,0,0,0,0.561782,941,66,63,3,0.9545,2334.52,0.8612,36,UPI,FOOD_DELIVERY,MEDIUM,6899.34,0.9485,0.0515,5,6,8,8.746010218089294,0.9545,2334.52,0.9485,95.22060606060607,0,1,0,ALTERNATIVE_PAYMENT,0.5528265920543711,3469.271887361219,alternative payment has strongest net expected value; strong customer payment history,0.0
EVT_00000653,ALTERNATIVE_PAYMENT,True,ALLOWED,0.288864,0,0.0,PAYMENT_FAILURE,2026-08-17 04:55:12,CUS_001974,MER_00091,5343.62,INR,CARD,MOBILE,FAILED,INSUFFICIENT_BALANCE,2,57.4,0,False,False,0,0,0,0.258864,531,21,19,2,0.9048,9049.83,0.6761,44,CARD,EDUCATION,SMALL,20175.16,0.9906,0.0094,4,0,8,8.58384572645099,0.9048,9049.83,0.9906,254.45809523809524,0,1,1,ALTERNATIVE_PAYMENT,0.34610921396042976,1844.4761179032316,alternative payment has strongest net expected value; multiple previous attempts reduce retry priority; strong customer payment history,0.0
EVT_00008167,ALTERNATIVE_PAYMENT,True,ALLOWED,0.695569,1,14023.17,PAYMENT_FAILURE,2026-08-10 09:13:40,CUS_001283,MER_00140,14023.17,INR,WALLET,DESKTOP,FAILED,BANK_TECHNICAL_ERROR,0,62.1,0,False,False,0,0,0,0.665569,608,77,63,14,0.8182,7770.17,0.6798,73,UPI,EDUCATION,MEDIUM,8286.12,0.9696,0.0304,9,0,8,9.548537548604038,0.8182,7770.17,0.9696,182.11909090909091,1,0,0,RETRY_LATER,0.6593860817838996,9245.683120489526,delayed retry has strong predicted recovery value; high-value transaction,14023.17
EVT_00005038,ALTERNATIVE_PAYMENT,True,ALLOWED,0.327994,0,0.0,PAYMENT_FAILURE,2026-08-10 08:59:53,CUS_001821,MER_00187,4266.21,INR,CARD,MOBILE,FAILED,ISSUER_DECLINE,3,30.41,0,False,False,0,0,0,0.147994,489,10,9,1,0.9,3110.57,0.904,13,UPI,FOOD_DELIVERY,LARGE,11630.69,0.9524,0.0476,8,0,8,8.358715496882072,0.9,3110.57,0.9524,426.621,0,1,1,ALTERNATIVE_PAYMENT,0.36114478446489834,1535.719490931994,alternative payment has strongest net expected value; multiple previous attempts reduce retry priority; strong customer payment history,0.0
EVT_00005167,ALTERNATIVE_PAYMENT,True,ALLOWED,0.289771,1,5293.9,SUBSCRIPTION_FAILURE,2026-08-10 05:25:41,CUS_000912,MER_00147,5293.9,INR,UPI,MOBILE,AT_RISK,,0,68.81,0,False,False,698,4,2,0.259771,299,8,7,1,0.875,3375.33,0.3522,4,NETBANKING,TRAVEL,MEDIUM,6423.31,0.8655,0.1345,5,0,8,8.574499372115904,0.875,3375.33,0.8655,661.7375,0,0,0,RETRY_LATER,0.43396455976590753,2296.3649829447377,delayed retry has strong predicted recovery value,0.0
EVT_00003021,ALTERNATIVE_PAYMENT,True,ALLOWED,0.481228,1,9527.92,PAYMENT_FAILURE,2026-08-26 15:00:06,CUS_000268,MER_00016,9527.92,INR,UPI,DESKTOP,FAILED,TIMEOUT,2,11.28,0,False,False,0,0,0,0.451228,539,58,47,11,0.8103,4794.91,0.5588,9,UPI,DIGITAL_SERVICES,MEDIUM,5120.98,0.9357,0.0643,15,2,8,9.162086663888452,0.8103,4794.91,0.9357,164.27448275862068,0,0,1,ALTERNATIVE_PAYMENT,0.4312542338720495,4103.955839994178,alternative payment has strongest net expected value; multiple previous attempts reduce retry priority,9527.92
EVT_00008456,ALTERNATIVE_PAYMENT,True,ALLOWED,0.46526,0,0.0,PAYMENT_FAILURE,2026-08-10 08:56:37,CUS_000398,MER_00052,2934.93,INR,UPI,MOBILE,FAILED,BANK_TECHNICAL_ERROR,3,29.64,0,False,False,0,0,0,0.43526,318,23,22,1,0.9565,2370.17,0.8442,47,UPI,RETAIL,LARGE,8899.2,0.9756,0.0244,8,0,8,7.984779547488329,0.9565,2370.17,0.9756,127.60565217391304,0,1,1,ALTERNATIVE_PAYMENT,0.42957297826347834,1255.7666210948305,alternative payment has strongest net expected value; multiple previous attempts reduce retry priority; strong customer payment history,0.0
EVT_00006896,ALTERNATIVE_PAYMENT,True,ALLOWED,0.833924,1,21743.99,CHECKOUT_ABANDONMENT,2026-08-10 08:56:04,CUS_000537,MER_00016,21743.99,INR,UPI,MOBILE,AT_RISK,,0,2.87,469,True,False,0,0,0,0.803924,699,26,26,0,1.0,6722.04,0.9495,80,UPI,DIGITAL_SERVICES,MEDIUM,5120.98,0.9357,0.0643,8,0,8,9.987138665155799,1.0,6722.04,0.9357,836.3073076923077,1,1,0,RECOVERY_REMINDER,0.9253718614620748,20119.276501912744,reminder has strong predicted recovery value; strong customer payment history; high-value transaction,21743.99
EVT_00005907,ALTERNATIVE_PAYMENT,True,ALLOWED,0.429623,0,0.0,PAYMENT_FAILURE,2026-08-26 15:54:26,CUS_000188,MER_00037,18216.78,INR,UPI,MOBILE,FAILED,ISSUER_DECLINE,1,5.28,0,False,False,0,0,0,0.249623,590,21,16,5,0.7619,10177.06,0.3398,71,CARD,E_COMMERCE,SMALL,979.69,0.9742,0.0258,15,2,8,9.810153319263017,0.7619,10177.06,0.9742,867.4657142857143,1,0,0,RECOVERY_REMINDER,0.5151836059366572,9382.98640895478,reminder has strong predicted recovery value; high-value transaction,0.0
EVT_00004437,ALTERNATIVE_PAYMENT,True,ALLOWED,0.305065,0,0.0,SUBSCRIPTION_FAILURE,2026-08-23 05:38:57,CUS_000555,MER_00027,2462.58,INR,CARD,MOBILE,AT_RISK,,0,64.63,0,False,False,326,14,3,0.275065,1477,78,66,12,0.8462,1748.31,0.6435,69,CARD,DIGITAL_SERVICES,SMALL,12097.35,0.8025,0.1975,5,6,8,7.809370855578929,0.8462,1748.31,0.8025,31.57153846153846,0,0,0,ALTERNATIVE_PAYMENT,0.39898062809997376,977.5217151464334,alternative payment has strongest net expected value,0.0
EVT_00009900,ALTERNATIVE_PAYMENT,True,ALLOWED,0.234843,0,0.0,PAYMENT_FAILURE,2026-08-10 08:43:42,CUS_001250,MER_00042,3874.53,INR,UPI,MOBILE,FAILED,INSUFFICIENT_BALANCE,2,71.33,0,False,False,0,0,0,0.204843,1467,32,23,9,0.7188,3535.52,0.9006,6,NETBANKING,E_COMMERCE,SMALL,2406.16,0.9772,0.0228,8,0,8,8.262437706628258,0.7188,3535.52,0.9772,121.0790625,0,0,1,RECOVERY_REMINDER,0.33111261716493756,1280.9057685840655,reminder has strong predicted recovery value; multiple previous attempts reduce retry priority,0.0
EVT_00006984,ALTERNATIVE_PAYMENT,True,ALLOWED,0.447312,1,11497.67,PAYMENT_FAILURE,2026-08-17 06:24:35,CUS_001053,MER_00178,11497.67,INR,CARD,MOBILE,FAILED,ISSUER_DECLINE,0,37.44,0,False,False,0,0,0,0.267312,767,60,39,21,0.65,4609.79,0.7089,62,UPI,EDUCATION,SMALL,7809.93,0.9459,0.0541,6,0,8,9.3499866554892,0.65,4609.79,0.9459,191.62783333333334,1,0,0,ALTERNATIVE_PAYMENT,0.42819447998003757,4918.238826632079,alternative payment has strongest net expected value; high-value transaction,11497.67
EVT_00007676,ALTERNATIVE_PAYMENT,True,ALLOWED,0.71011,1,2970.59,CHECKOUT_ABANDONMENT,2026-08-10 06:55:40,CUS_001469,MER_00102,2970.59,INR,UPI,MOBILE,AT_RISK,,0,25.78,439,True,True,0,0,0,0.68011,1172,42,28,14,0.6667,3236.17,0.8584,16,UPI,DIGITAL_SERVICES,MEDIUM,1989.33,0.9744,0.0256,6,0,8,7.9968524420815195,0.6667,3236.17,0.9744,70.72833333333334,0,0,0,RECOVERY_REMINDER,0.8633079790721112,2562.534049551823,reminder has strong predicted recovery value,0.0
EVT_00008446,ALTERNATIVE_PAYMENT,True,ALLOWED,0.690908,1,7159.78,PAYMENT_FAILURE,2026-08-26 16:10:22,CUS_001871,MER_00161,7159.78,INR,UPI,MOBILE,FAILED,EXPIRED_PAYMENT_METHOD,0,23.9,0,False,False,0,0,0,0.510908,93,4,4,0,1.0,3458.57,0.1549,68,CARD,SAAS,SMALL,3979.68,0.9713,0.0287,16,2,8,8.876374192568804,1.0,3458.57,0.9713,1789.945,0,1,0,ALTERNATIVE_PAYMENT,0.5846213026622853,4180.759910375376,alternative payment has strongest net expected value; strong customer payment history,7159.78
EVT_00007858,ALTERNATIVE_PAYMENT,True,ALLOWED,0.652438,0,0.0,PAYMENT_FAILURE,2026-08-10 06:51:08,CUS_000331,MER_00172,4616.12,INR,CARD,MOBILE,FAILED,BANK_TECHNICAL_ERROR,0,48.74,0,False,False,0,0,0,0.622438,833,6,5,1,0.8333,5177.08,0.8771,37,CARD,E_COMMERCE,SMALL,8580.85,0.8235,0.1765,6,0,8,8.437526413072415,0.8333,5177.08,0.8235,769.3533333333334,0,0,0,RETRY_LATER,0.6306714599625726,2910.25513976243,delayed retry has strong predicted recovery value,4616.12
EVT_00007691,ALTERNATIVE_PAYMENT,True,ALLOWED,0.593534,0,0.0,PAYMENT_FAILURE,2026-08-17 07:11:38,CUS_000081,MER_00179,14799.41,INR,UPI,DESKTOP,FAILED,PAYMENT_LIMIT,0,4.56,0,False,False,0,0,0,0.413534,1412,66,56,10,0.8485,3383.73,0.8117,36,WALLET,DIGITAL_SERVICES,SMALL,4183.78,0.7936,0.2064,7,0,8,9.602410162071196,0.8485,3383.73,0.7936,224.23348484848484,1,0,0,ALTERNATIVE_PAYMENT,0.5533861639971257,8184.788729320702,alternative payment has strongest net expected value; high-value transaction,0.0
EVT_00002254,ALTERNATIVE_PAYMENT,True,ALLOWED,0.663402,0,0.0,PAYMENT_FAILURE,2026-08-10 06:15:43,CUS_001337,MER_00193,9698.48,INR,CARD,MOBILE,FAILED,EXPIRED_PAYMENT_METHOD,0,59.28,0,False,False,0,0,0,0.483402,968,42,38,4,0.9048,8524.88,0.7614,83,UPI,DIGITAL_SERVICES,MEDIUM,8184.15,0.9805,0.0195,6,0,8,9.179827554807078,0.9048,8524.88,0.9805,230.91619047619048,0,1,0,ALTERNATIVE_PAYMENT,0.5779790786916293,5600.518535109193,alternative payment has strongest net expected value; strong customer payment history,0.0
EVT_00004456,ALTERNATIVE_PAYMENT,True,ALLOWED,0.696996,1,4334.94,PAYMENT_FAILURE,2026-08-17 04:56:01,CUS_000773,MER_00183,4334.94,INR,CARD,MOBILE,FAILED,BANK_TECHNICAL_ERROR,0,20.28,0,False,False,0,0,0,0.666996,37,17,16,1,0.9412,5073.34,0.7944,62,UPI,DIGITAL_SERVICES,SMALL,7807.06,0.8681,0.1319,4,0,8,8.374693705385365,0.9412,5073.34,0.8681,254.99647058823527,0,1,0,RETRY_LATER,0.7039724330702838,3050.678259013696,delayed retry has strong predicted recovery value; strong customer payment history,4334.94
EVT_00005242,ALTERNATIVE_PAYMENT,True,ALLOWED,0.376494,1,2962.61,PAYMENT_FAILURE,2026-08-26 02:48:46,CUS_000531,MER_00090,2962.61,INR,UPI,DESKTOP,FAILED,ISSUER_DECLINE,2,62.34,0,False,False,0,0,0,0.196494,909,73,67,6,0.9178,7200.01,0.8568,41,CARD,SAAS,LARGE,7209.68,0.9254,0.0746,2,2,8,7.99416339881134,0.9178,7200.01,0.9254,40.583698630136986,0,1,1,ALTERNATIVE_PAYMENT,0.3649365480892118,1076.1646667345797,alternative payment has strongest net expected value; multiple previous attempts reduce retry priority; strong customer payment history,2962.61
EVT_00006714,ALTERNATIVE_PAYMENT,True,ALLOWED,0.366098,0,0.0,SUBSCRIPTION_FAILURE,2026-08-11 01:29:59,CUS_001129,MER_00133,1262.8,INR,UPI,MOBILE,AT_RISK,,0,48.69,0,False,False,456,9,2,0.336098,847,40,30,10,0.75,4272.04,0.7932,46,UPI,TRAVEL,SMALL,4316.96,0.7958,0.2042,1,1,8,7.141878334339355,0.75,4272.04,0.7958,31.57,0,0,0,RECOVERY_REMINDER,0.37544334417100556,472.1098550191458,reminder has strong predicted recovery value,0.0
EVT_00005198,ALTERNATIVE_PAYMENT,True,ALLOWED,0.531423,1,7086.08,PAYMENT_FAILURE,2026-08-16 17:35:05,CUS_000435,MER_00096,7086.08,INR,UPI,MOBILE,FAILED,BANK_TECHNICAL_ERROR,2,45.63,0,False,False,0,0,0,0.501423,667,36,32,4,0.8889,4754.64,0.6907,82,UPI,TRAVEL,MEDIUM,3014.41,0.9456,0.0544,17,6,8,8.86602868702085,0.8889,4754.64,0.9456,196.83555555555554,0,0,1,ALTERNATIVE_PAYMENT,0.5231571273705179,3702.1332571176795,alternative payment has strongest net expected value; multiple previous attempts reduce retry priority,7086.08
EVT_00000092,ALTERNATIVE_PAYMENT,True,ALLOWED,0.517875,1,683.07,PAYMENT_FAILURE,2026-08-25 15:55:21,CUS_001358,MER_00198,683.07,INR,UPI,MOBILE,FAILED,ISSUER_DECLINE,0,21.23,0,False,False,0,0,0,0.337875,227,70,66,4,0.9429,1663.98,0.7809,38,NETBANKING,DIGITAL_SERVICES,SMALL,5306.23,0.9513,0.0487,15,1,8,6.52806025156754,0.9429,1663.98,0.9513,9.758142857142857,0,1,0,ALTERNATIVE_PAYMENT,0.5437935563849392,366.44906455986046,alternative payment has strongest net expected value; strong customer payment history,683.07
EVT_00002426,ALTERNATIVE_PAYMENT,True,ALLOWED,0.639235,1,6820.92,PAYMENT_FAILURE,2026-08-23 11:29:06,CUS_001347,MER_00199,6820.92,INR,UPI,MOBILE,FAILED,BANK_TECHNICAL_ERROR,1,60.2,0,False,False,0,0,0,0.609235,1287,48,46,2,0.9583,6482.02,0.418,38,WALLET,SAAS,SMALL,1416.06,0.9293,0.0707,11,6,8,8.827896236143488,0.9583,6482.02,0.9293,142.1025,0,1,0,RETRY_LATER,0.6948129508652789,4738.263552815998,delayed retry has strong predicted recovery value; strong customer payment history,0.0
EVT_00001056,ALTERNATIVE_PAYMENT,True,ALLOWED,0.408145,1,8586.36,PAYMENT_FAILURE,2026-08-11 21:30:00,CUS_000316,MER_00195,8586.36,INR,UPI,MOBILE,FAILED,ISSUER_DECLINE,2,0.75,0,False,False,0,0,0,0.228145,999,1,1,0,1.0,10377.97,0.8265,23,UPI,TRAVEL,LARGE,10413.1,0.9379,0.0621,21,1,8,9.058046633632065,1.0,10377.97,0.9379,8586.36,0,1,1,ALTERNATIVE_PAYMENT,0.4267167180734912,3658.9433593975023,alternative payment has strongest net expected value; multiple previous attempts reduce retry priority; strong customer payment history,8586.36
EVT_00007291,ALTERNATIVE_PAYMENT,True,ALLOWED,0.368395,0,0.0,PAYMENT_FAILURE,2026-08-16 05:43:29,CUS_000242,MER_00006,1243.36,INR,CARD,MOBILE,FAILED,INSUFFICIENT_BALANCE,0,56.07,0,False,False,0,0,0,0.338395,888,53,42,11,0.7925,2368.84,0.971,44,CARD,SAAS,SMALL,11987.91,0.8542,0.1458,5,6,8,7.126376620501709,0.7925,2368.84,0.8542,23.459622641509434,0,0,0,RECOVERY_REMINDER,0.4094512496015795,507.0953057046199,reminder has strong predicted recovery value; decision margin is narrow,0.0
EVT_00004265,ALTERNATIVE_PAYMENT,True,ALLOWED,0.388265,0,0.0,PAYMENT_FAILURE,2026-08-11 21:19:38,CUS_000037,MER_00094,6208.3,INR,CARD,MOBILE,FAILED,ISSUER_DECLINE,2,12.73,0,False,False,0,0,0,0.208265,1291,47,44,3,0.9362,5181.52,0.4368,83,CARD,DIGITAL_SERVICES,SMALL,1903.89,0.9415,0.0585,21,1,8,8.73380344715692,0.9362,5181.52,0.9415,132.09148936170214,0,1,1,ALTERNATIVE_PAYMENT,0.4473634135232378,2772.366280176317,alternative payment has strongest net expected value; multiple previous attempts reduce retry priority; strong customer payment history,0.0
EVT_00002783,ALTERNATIVE_PAYMENT,True,ALLOWED,0.395875,1,2300.23,PAYMENT_FAILURE,2026-08-25 16:13:38,CUS_000585,MER_00096,2300.23,INR,NETBANKING,DESKTOP,FAILED,EXPIRED_PAYMENT_METHOD,3,71.06,0,False,False,0,0,0,0.215875,624,28,24,4,0.8571,1956.44,0.9754,30,UPI,TRAVEL,MEDIUM,3014.41,0.9456,0.0544,16,1,8,7.741199041580678,0.8571,1956.44,0.9456,82.15107142857143,0,0,1,ALTERNATIVE_PAYMENT,0.3812955051696682,872.0673598564259,alternative payment has strongest net expected value; multiple previous attempts reduce retry priority,2300.23
EVT_00002717,ALTERNATIVE_PAYMENT,True,ALLOWED,0.353927,1,5077.4,PAYMENT_FAILURE,2026-08-11 20:14:30,CUS_000136,MER_00142,5077.4,INR,CARD,MOBILE,FAILED,ISSUER_DECLINE,2,8.03,0,False,False,0,0,0,0.173927,476,55,45,10,0.8182,2864.77,0.6047,86,UPI,RETAIL,MEDIUM,2317.11,0.8986,0.1014,20,1,8,8.53275153033209,0.8182,2864.77,0.8986,92.31636363636363,0,0,1,ALTERNATIVE_PAYMENT,0.4249014544750592,2152.3946449516657,alternative payment has strongest net expected value; multiple previous attempts reduce retry priority,5077.4
EVT_00006493,ALTERNATIVE_PAYMENT,True,ALLOWED,0.754592,1,9870.74,CHECKOUT_ABANDONMENT,2026-08-16 07:03:25,CUS_001793,MER_00122,9870.74,INR,UPI,DESKTOP,AT_RISK,,0,49.97,691,True,False,0,0,0,0.724592,535,21,18,3,0.8571,6404.1,0.6134,87,CARD,TRAVEL,LARGE,1261.74,0.7975,0.2025,7,6,8,9.197431408683268,0.8571,6404.1,0.7975,470.03523809523807,0,0,0,RECOVERY_REMINDER,0.9114028489693144,8994.22055743537,reminder has strong predicted recovery value,0.0
EVT_00004546,ALTERNATIVE_PAYMENT,True,ALLOWED,0.380898,0,0.0,PAYMENT_FAILURE,2026-08-11 19:58:30,CUS_000720,MER_00199,7716.47,INR,CARD,MOBILE,FAILED,NETWORK_ERROR,3,3.01,0,False,False,0,0,0,0.350898,911,13,11,2,0.8462,8002.28,0.8739,15,UPI,SAAS,SMALL,1416.06,0.9293,0.0707,19,1,8,8.951241869099565,0.8462,8002.28,0.9293,593.5746153846154,0,0,1,ALTERNATIVE_PAYMENT,0.39722006297161183,3060.136699318554,alternative payment has strongest net expected value; multiple previous attempts reduce retry priority,0.0
EVT_00001047,ALTERNATIVE_PAYMENT,True,ALLOWED,0.318346,0,0.0,SUBSCRIPTION_FAILURE,2026-08-25 16:15:14,CUS_000959,MER_00174,3930.1,INR,UPI,MOBILE,AT_RISK,,0,32.07,0,False,False,599,7,3,0.288346,1458,41,32,9,0.7805,3459.47,0.8749,58,UPI,E_COMMERCE,SMALL,39917.69,0.9894,0.0106,16,1,8,8.276674563917938,0.7805,3459.47,0.9894,95.85609756097561,0,0,0,RECOVERY_REMINDER,0.37053022312040396,1454.2208298854996,reminder has strong predicted recovery value; decision margin is narrow,0.0
EVT_00002982,ALTERNATIVE_PAYMENT,True,ALLOWED,0.702239,1,14082.79,PAYMENT_FAILURE,2026-08-11 19:50:58,CUS_000524,MER_00066,14082.79,INR,WALLET,MOBILE,FAILED,BANK_TECHNICAL_ERROR,0,38.89,0,False,False,0,0,0,0.672239,1242,32,27,5,0.8438,11070.59,0.7233,38,UPI,FOOD_DELIVERY,SMALL,10924.95,0.9585,0.0415,19,1,8,9.552779769627001,0.8438,11070.59,0.9585,440.0871875,1,0,0,RETRY_LATER,0.6573831907323696,9256.789424613908,delayed retry has strong predicted recovery value; high-value transaction; decision margin is narrow,14082.79
EVT_00009433,ALTERNATIVE_PAYMENT,True,ALLOWED,0.439356,0,0.0,PAYMENT_FAILURE,2026-08-11 22:48:23,CUS_000044,MER_00060,1839.91,INR,NETBANKING,MOBILE,FAILED,ISSUER_DECLINE,1,32.4,0,False,False,0,0,0,0.259356,551,60,54,6,0.9,1275.5,0.5543,87,NETBANKING,FOOD_DELIVERY,LARGE,5310.7,0.9841,0.0159,22,1,8,7.518015293563353,0.9,1275.5,0.9841,30.665166666666668,0,1,0,ALTERNATIVE_PAYMENT,0.5540249942400787,1014.3561271522632,alternative payment has strongest net expected value; strong customer payment history,0.0
EVT_00004868,ALTERNATIVE_PAYMENT,True,ALLOWED,0.34959,0,0.0,PAYMENT_FAILURE,2026-08-23 11:05:16,CUS_000867,MER_00027,1734.12,INR,CARD,MOBILE,FAILED,INSUFFICIENT_BALANCE,0,41.4,0,False,False,0,0,0,0.31959,1235,25,19,6,0.76,3070.08,0.6663,63,NETBANKING,DIGITAL_SERVICES,SMALL,12097.35,0.8025,0.1975,11,6,8,7.458831854254352,0.76,3070.08,0.8025,69.3648,0,0,0,ALTERNATIVE_PAYMENT,0.425699679571633,733.2143283387602,alternative payment has strongest net expected value,0.0
EVT_00009516,ALTERNATIVE_PAYMENT,True,ALLOWED,0.65148,1,19155.66,PAYMENT_FAILURE,2026-08-11 19:31:49,CUS_000522,MER_00177,19155.66,INR,CARD,DESKTOP,FAILED,TIMEOUT,1,15.55,0,False,False,0,0,0,0.62148,244,4,4,0,1.0,17936.71,0.8567,78,UPI,SAAS,SMALL,9080.37,0.8866,0.1134,19,1,8,9.86040571482596,1.0,17936.71,0.8866,4788.915,1,1,0,RECOVERY_REMINDER,0.6422396395726725,12300.52417417666,reminder has strong predicted recovery value; strong customer payment history; high-value transaction; decision margin is narrow,0.0
EVT_00007413,ALTERNATIVE_PAYMENT,True,ALLOWED,0.508642,1,7293.54,SUBSCRIPTION_FAILURE,2026-08-25 17:47:11,CUS_000688,MER_00131,7293.54,INR,CARD,TABLET,AT_RISK,,0,18.0,0,False,False,829,9,1,0.478642,902,45,37,8,0.8222,8750.85,0.7928,68,UPI,DIGITAL_SERVICES,MEDIUM,6995.59,0.7666,0.2334,17,1,8,8.894881402080438,0.8222,8750.85,0.7666,162.07866666666666,0,0,0,ALTERNATIVE_PAYMENT,0.5619803125692786,4093.825888936536,alternative payment has strongest net expected value,7293.54
EVT_00006313,ALTERNATIVE_PAYMENT,True,ALLOWED,0.424921,0,0.0,PAYMENT_FAILURE,2026-08-11 19:12:54,CUS_000709,MER_00182,2119.3,INR,UPI,DESKTOP,FAILED,ISSUER_DECLINE,1,13.95,0,False,False,0,0,0,0.244921,729,58,49,9,0.8448,1620.08,0.7837,5,UPI,DIGITAL_SERVICES,SMALL,4671.98,0.9884,0.0116,19,1,8,7.659312867088505,0.8448,1620.08,0.9884,36.539655172413795,0,0,0,ALTERNATIVE_PAYMENT,0.4583081201808014,966.2923990991725,alternative payment has strongest net expected value,0.0
EVT_00007849,ALTERNATIVE_PAYMENT,True,ALLOWED,0.357634,0,0.0,SUBSCRIPTION_FAILURE,2026-08-16 07:46:05,CUS_000416,MER_00136,1728.44,INR,UPI,DESKTOP,AT_RISK,,0,38.41,0,False,False,87,18,3,0.327634,1026,39,36,3,0.9231,1518.8,0.7892,29,UPI,TRAVEL,MEDIUM,1391.97,0.9802,0.0198,7,6,8,7.4555529356678925,0.9231,1518.8,0.9802,44.31897435897436,0,1,0,RECOVERY_REMINDER,0.459863714738077,792.8468391018819,reminder has strong predicted recovery value; strong customer payment history,1728.44
EVT_00001041,ALTERNATIVE_PAYMENT,True,ALLOWED,0.773698,1,6742.86,CHECKOUT_ABANDONMENT,2026-08-11 18:57:57,CUS_000190,MER_00186,6742.86,INR,UPI,TABLET,AT_RISK,,0,45.93,883,True,False,0,0,0,0.743698,473,47,41,6,0.8723,8314.15,0.7599,9,CARD,SAAS,LARGE,6624.61,0.9305,0.0695,18,1,8,8.816387740272859,0.8723,8314.15,0.9305,143.46510638297872,0,0,0,RECOVERY_REMINDER,0.9015489789201667,6077.018548001635,reminder has strong predicted recovery value,6742.86
EVT_00000807,ALTERNATIVE_PAYMENT,True,ALLOWED,0.424597,0,0.0,PAYMENT_FAILURE,2026-08-25 18:31:54,CUS_000107,MER_00083,6120.8,INR,UPI,DESKTOP,FAILED,EXPIRED_PAYMENT_METHOD,2,49.15,0,False,False,0,0,0,0.244597,1177,61,43,18,0.7049,8193.17,0.8596,0,UPI,FOOD_DELIVERY,MEDIUM,6899.34,0.9485,0.0515,18,1,8,8.719611449909314,0.7049,8193.17,0.9485,100.34098360655739,0,0,1,ALTERNATIVE_PAYMENT,0.37942597119611354,2317.3904844971717,alternative payment has strongest net expected value; multiple previous attempts reduce retry priority,0.0
EVT_00003089,ALTERNATIVE_PAYMENT,True,ALLOWED,0.824441,1,29473.8,CHECKOUT_ABANDONMENT,2026-08-11 18:27:01,CUS_001312,MER_00126,29473.8,INR,WALLET,MOBILE,AT_RISK,,0,42.67,232,True,True,0,0,0,0.794441,541,32,30,2,0.9375,14282.53,0.7802,2,NETBANKING,DIGITAL_SERVICES,SMALL,2499.99,0.8824,0.1176,18,1,8,10.291290939971185,0.9375,14282.53,0.8824,921.05625,1,1,0,RECOVERY_REMINDER,0.9198506259684723,27109.49337966956,reminder has strong predicted recovery value; strong customer payment history; high-value transaction,29473.8
EVT_00002560,ALTERNATIVE_PAYMENT,True,ALLOWED,0.480972,1,721.5,PAYMENT_FAILURE,2026-08-23 10:58:20,CUS_000582,MER_00008,721.5,INR,CARD,MOBILE,FAILED,ISSUER_DECLINE,0,0.44,0,False,False,0,0,0,0.300972,1255,37,32,5,0.8649,2021.65,0.9008,43,UPI,DIGITAL_SERVICES,MEDIUM,6017.04,0.8847,0.1153,10,6,8,6.582717419986587,0.8649,2021.65,0.8847,19.5,0,0,0,RECOVERY_REMINDER,0.4260726124425881,305.41138987732734,reminder has strong predicted recovery value,0.0
EVT_00007780,ALTERNATIVE_PAYMENT,True,ALLOWED,0.562929,1,2120.79,PAYMENT_FAILURE,2026-08-11 18:16:20,CUS_000999,MER_00044,2120.79,INR,UPI,MOBILE,FAILED,TIMEOUT,1,17.96,0,False,False,0,0,0,0.532929,1443,35,29,6,0.8286,1511.22,0.5885,33,UPI,TRAVEL,LARGE,2229.13,0.966,0.034,18,1,8,7.660015351034519,0.8286,1511.22,0.966,60.594,0,0,0,ALTERNATIVE_PAYMENT,0.5620230434266059,1186.9328502687115,alternative payment has strongest net expected value,2120.79
EVT_00006095,ALTERNATIVE_PAYMENT,True,ALLOWED,0.320343,0,0.0,SUBSCRIPTION_FAILURE,2026-08-25 18:45:12,CUS_000988,MER_00076,2208.0,INR,UPI,MOBILE,AT_RISK,,0,10.73,0,False,False,520,22,3,0.290343,494,62,56,6,0.9032,3724.95,0.7421,69,UPI,RETAIL,SMALL,3701.29,0.793,0.207,18,1,8,7.700295203420117,0.9032,3724.95,0.793,35.61290322580645,0,1,0,RECOVERY_REMINDER,0.37578205127820297,827.7267692222722,reminder has strong predicted recovery value; strong customer payment history,0.0
EVT_00006139,ALTERNATIVE_PAYMENT,True,ALLOWED,0.567598,0,0.0,PAYMENT_FAILURE,2026-08-16 07:53:17,CUS_000504,MER_00036,6232.5,INR,WALLET,MOBILE,FAILED,BANK_TECHNICAL_ERROR,1,54.93,0,False,False,0,0,0,0.537598,1305,9,8,1,0.8889,5676.96,0.9505,87,UPI,SAAS,MEDIUM,1103.05,0.7,0.3,7,6,8,8.73769325178503,0.8889,5676.96,0.7,692.5,0,0,0,ALTERNATIVE_PAYMENT,0.603987456845475,3759.3518247894226,alternative payment has strongest net expected value,0.0
EVT_00006009,ALTERNATIVE_PAYMENT,True,ALLOWED,0.765934,1,4341.25,CHECKOUT_ABANDONMENT,2026-08-16 07:34:02,CUS_000051,MER_00145,4341.25,INR,UPI,MOBILE,AT_RISK,,0,46.13,320,True,False,0,0,0,0.735934,1147,14,12,2,0.8571,2346.65,0.7858,88,UPI,DIGITAL_SERVICES,SMALL,22876.16,0.9386,0.0614,7,6,8,8.376147925934122,0.8571,2346.65,0.9386,310.0892857142857,0,0,0,RECOVERY_REMINDER,0.9278350340116003,4025.9638414028595,reminder has strong predicted recovery value,4341.25
EVT_00000687,ALTERNATIVE_PAYMENT,True,ALLOWED,0.755659,0,0.0,CHECKOUT_ABANDONMENT,2026-08-11 17:35:14,CUS_001018,MER_00078,3792.0,INR,WALLET,MOBILE,AT_RISK,,0,34.72,222,True,False,0,0,0,0.725659,756,18,15,3,0.8333,4038.45,0.4458,30,UPI,E_COMMERCE,LARGE,10945.16,0.9248,0.0752,17,1,8,8.2409125416889,0.8333,4038.45,0.9248,210.66666666666666,0,0,0,RECOVERY_REMINDER,0.9155666643292888,3469.8287911366633,reminder has strong predicted recovery value,3792.0
EVT_00000233,ALTERNATIVE_PAYMENT,True,ALLOWED,0.313408,1,7093.28,PAYMENT_FAILURE,2026-08-11 22:50:02,CUS_000450,MER_00043,7093.28,INR,UPI,DESKTOP,FAILED,INSUFFICIENT_BALANCE,1,6.83,0,False,False,0,0,0,0.283408,451,14,12,2,0.8571,11690.76,0.7205,47,NETBANKING,TRAVEL,SMALL,10675.23,0.776,0.224,22,1,8,8.867044104529274,0.8571,11690.76,0.776,506.66285714285715,0,0,0,ALTERNATIVE_PAYMENT,0.4635124466265529,3282.823567407195,alternative payment has strongest net expected value,7093.28
EVT_00005156,ALTERNATIVE_PAYMENT,True,ALLOWED,0.440251,0,0.0,PAYMENT_FAILURE,2026-08-25 14:48:30,CUS_000761,MER_00132,1351.02,INR,CARD,DESKTOP,FAILED,INSUFFICIENT_BALANCE,0,49.35,0,False,False,0,0,0,0.410251,288,11,11,0,1.0,2351.43,0.5115,25,UPI,RETAIL,MEDIUM,27235.71,0.8482,0.1518,14,1,8,7.2093550493929035,1.0,2351.43,0.8482,122.82,0,1,0,RECOVERY_REMINDER,0.5114371757588363,688.961853193703,reminder has strong predicted recovery value; strong customer payment history,1351.02
EVT_00000008,ALTERNATIVE_PAYMENT,True,ALLOWED,0.756538,1,4906.6,CHECKOUT_ABANDONMENT,2026-08-23 13:01:13,CUS_001694,MER_00162,4906.6,INR,UPI,MOBILE,AT_RISK,,0,15.14,332,True,False,0,0,0,0.726538,610,26,22,4,0.8462,5289.07,0.4653,36,CARD,DIGITAL_SERVICES,LARGE,1610.3,0.8922,0.1078,13,6,8,8.498540302917029,0.8462,5289.07,0.8922,188.71538461538464,0,0,0,RECOVERY_REMINDER,0.9012194383287437,4419.923296103814,reminder has strong predicted recovery value,4906.6
EVT_00000774,ALTERNATIVE_PAYMENT,True,ALLOWED,0.703556,1,11488.27,SUBSCRIPTION_FAILURE,2026-08-16 01:23:22,CUS_001162,MER_00007,11488.27,INR,NETBANKING,MOBILE,AT_RISK,,0,64.72,0,False,False,543,9,0,0.673556,763,71,67,4,0.9437,6158.92,0.982,88,UPI,EDUCATION,SMALL,5075.52,0.9361,0.0639,1,6,8,9.349168835317064,0.9437,6158.92,0.9361,161.80661971830986,1,1,0,ALTERNATIVE_PAYMENT,0.5244771194764967,6020.334757368252,alternative payment has strongest net expected value; strong customer payment history; high-value transaction,11488.27
EVT_00001072,ALTERNATIVE_PAYMENT,True,ALLOWED,0.521188,1,2316.88,SUBSCRIPTION_FAILURE,2026-08-12 02:38:49,CUS_001855,MER_00092,2316.88,INR,NETBANKING,MOBILE,AT_RISK,,0,34.19,0,False,False,435,11,1,0.491188,186,39,33,6,0.8462,1780.33,0.8635,4,UPI,E_COMMERCE,SMALL,2690.26,0.8466,0.1534,2,2,8,7.74840825379347,0.8462,1780.33,0.8466,59.40717948717949,0,0,0,ALTERNATIVE_PAYMENT,0.5223227255420105,1205.1590763537733,alternative payment has strongest net expected value,2316.88
EVT_00008746,ALTERNATIVE_PAYMENT,True,ALLOWED,0.441671,0,0.0,PAYMENT_FAILURE,2026-08-25 12:42:27,CUS_000909,MER_00182,4356.64,INR,UPI,MOBILE,FAILED,INSUFFICIENT_BALANCE,0,24.05,0,False,False,0,0,0,0.411671,575,11,10,1,0.9091,3787.05,0.7526,58,CARD,DIGITAL_SERVICES,SMALL,4671.98,0.9884,0.0116,12,1,8,8.379685905392122,0.9091,3787.05,0.9884,396.0581818181818,0,1,0,ALTERNATIVE_PAYMENT,0.6099419798454331,2652.2976270738077,alternative payment has strongest net expected value; strong customer payment history,0.0
EVT_00006117,ALTERNATIVE_PAYMENT,True,ALLOWED,0.377425,1,12887.41,PAYMENT_FAILURE,2026-08-12 02:32:29,CUS_001339,MER_00197,12887.41,INR,CARD,MOBILE,FAILED,INSUFFICIENT_BALANCE,1,7.8,0,False,False,0,0,0,0.347425,1169,68,63,5,0.9265,6181.32,0.54,69,CARD,E_COMMERCE,SMALL,1239.03,0.945,0.055,2,2,8,9.464083736889599,0.9265,6181.32,0.945,189.52073529411766,1,1,0,ALTERNATIVE_PAYMENT,0.4234576293732726,5452.272087361407,alternative payment has strongest net expected value; strong customer payment history; high-value transaction,12887.41
EVT_00003845,ALTERNATIVE_PAYMENT,True,ALLOWED,0.785536,1,6049.92,CHECKOUT_ABANDONMENT,2026-08-16 02:15:13,CUS_001461,MER_00162,6049.92,INR,UPI,MOBILE,AT_RISK,,0,45.37,519,True,False,0,0,0,0.755536,1191,33,31,2,0.9394,5564.16,0.5882,16,CARD,DIGITAL_SERVICES,LARGE,1610.3,0.8922,0.1078,2,6,8,8.70796560557971,0.9394,5564.16,0.8922,183.3309090909091,0,1,0,RECOVERY_REMINDER,0.9581914868139545,5794.981839905479,reminder has strong predicted recovery value; strong customer payment history,6049.92
EVT_00000531,ALTERNATIVE_PAYMENT,True,ALLOWED,0.474887,0,0.0,PAYMENT_FAILURE,2026-08-12 02:27:27,CUS_001162,MER_00092,24040.29,INR,WALLET,DESKTOP,FAILED,ISSUER_DECLINE,1,54.25,0,False,False,0,0,0,0.294887,763,71,67,4,0.9437,6158.92,0.982,88,UPI,E_COMMERCE,SMALL,2690.26,0.8466,0.1534,2,2,8,10.08752804777519,0.9437,6158.92,0.8466,338.5956338028169,1,1,0,ALTERNATIVE_PAYMENT,0.6255939462199678,15034.45988937243,alternative payment has strongest net expected value; strong customer payment history; high-value transaction,0.0
EVT_00004351,ALTERNATIVE_PAYMENT,True,ALLOWED,0.637065,1,1293.03,SUBSCRIPTION_FAILURE,2026-08-25 13:23:39,CUS_001742,MER_00049,1293.03,INR,UPI,DESKTOP,AT_RISK,,0,28.92,0,False,False,325,19,0,0.607065,1123,24,21,3,0.875,1272.35,0.6158,70,UPI,EDUCATION,SMALL,8781.92,0.8307,0.1693,13,1,8,7.165516658717914,0.875,1272.35,0.8307,53.87625,0,0,0,RECOVERY_REMINDER,0.5883062593378968,758.6976425116807,reminder has strong predicted recovery value,0.0
EVT_00004005,ALTERNATIVE_PAYMENT,True,ALLOWED,0.269408,0,0.0,PAYMENT_FAILURE,2026-08-12 01:17:45,CUS_001084,MER_00187,6215.19,INR,UPI,MOBILE,FAILED,INSUFFICIENT_BALANCE,2,62.34,0,False,False,0,0,0,0.239408,847,20,17,3,0.85,5354.49,0.7029,79,UPI,FOOD_DELIVERY,LARGE,11630.69,0.9524,0.0476,1,2,8,8.73491245786091,0.85,5354.49,0.9524,310.7595,0,0,1,ALTERNATIVE_PAYMENT,0.2767455478482439,1715.0261615309269,alternative payment has strongest net expected value; multiple previous attempts reduce retry priority,0.0
EVT_00009494,ALTERNATIVE_PAYMENT,True,ALLOWED,0.201025,0,0.0,PAYMENT_FAILURE,2026-08-23 12:57:29,CUS_000047,MER_00031,6916.95,INR,NETBANKING,MOBILE,FAILED,INSUFFICIENT_BALANCE,2,55.53,0,False,False,0,0,0,0.171025,685,36,22,14,0.6111,8995.49,0.5173,45,CARD,FOOD_DELIVERY,LARGE,8241.74,0.8635,0.1365,12,6,8,8.84187476194859,0.6111,8995.49,0.8635,192.1375,0,0,1,ALTERNATIVE_PAYMENT,0.22161505634546366,1527.900263988755,alternative payment has strongest net expected value; multiple previous attempts reduce retry priority,0.0
EVT_00007735,ALTERNATIVE_PAYMENT,True,ALLOWED,0.774173,0,0.0,CHECKOUT_ABANDONMENT,2026-08-12 01:17:14,CUS_001301,MER_00192,1257.36,INR,UPI,MOBILE,AT_RISK,,0,42.49,182,True,False,0,0,0,0.744173,1146,51,46,5,0.902,4043.38,0.6083,74,NETBANKING,TRAVEL,MEDIUM,20196.01,0.9465,0.0535,1,2,8,7.137564564843447,0.902,4043.38,0.9465,24.654117647058822,0,1,0,RECOVERY_REMINDER,0.845797016088743,1061.4713361493418,reminder has strong predicted recovery value; strong customer payment history,1257.36
EVT_00007834,ALTERNATIVE_PAYMENT,True,ALLOWED,0.466767,1,38989.22,PAYMENT_FAILURE,2026-08-16 04:43:11,CUS_001775,MER_00144,38989.22,INR,CARD,DESKTOP,FAILED,ISSUER_DECLINE,1,11.08,0,False,False,0,0,0,0.286767,1160,34,28,6,0.8235,17764.81,0.8284,47,UPI,E_COMMERCE,SMALL,11138.28,0.8359,0.1641,4,6,8,10.571066124433154,0.8235,17764.81,0.8359,1146.7417647058824,1,0,0,ALTERNATIVE_PAYMENT,0.5794484219171692,22587.24200078133,alternative payment has strongest net expected value; high-value transaction,38989.22
EVT_00002030,ALTERNATIVE_PAYMENT,True,ALLOWED,0.550254,0,0.0,PAYMENT_FAILURE,2026-08-25 13:54:01,CUS_001464,MER_00199,4262.04,INR,WALLET,DESKTOP,FAILED,TIMEOUT,1,66.71,0,False,False,0,0,0,0.520254,104,5,4,1,0.8,7862.87,0.7823,1,NETBANKING,SAAS,SMALL,1416.06,0.9293,0.0707,13,1,8,8.35773779978476,0.8,7862.87,0.9293,852.408,0,0,0,RETRY_LATER,0.5403321060460137,2301.917049252352,delayed retry has strong predicted recovery value; decision margin is narrow,0.0
EVT_00000794,ALTERNATIVE_PAYMENT,True,ALLOWED,0.384948,0,0.0,PAYMENT_FAILURE,2026-08-12 00:50:04,CUS_000911,MER_00049,973.11,INR,CARD,DESKTOP,FAILED,TIMEOUT,3,19.43,0,False,False,0,0,0,0.354948,1162,9,8,1,0.8889,1018.39,0.8953,36,CARD,EDUCATION,SMALL,8781.92,0.8307,0.1693,0,2,8,6.8815242336106754,0.8889,1018.39,0.8307,108.12333333333333,0,0,1,ALTERNATIVE_PAYMENT,0.42614498123507377,409.6859426896626,alternative payment has strongest net expected value; multiple previous attempts reduce retry priority,0.0
EVT_00009466,ALTERNATIVE_PAYMENT,True,ALLOWED,0.786454,1,8581.67,CHECKOUT_ABANDONMENT,2026-08-12 00:37:00,CUS_000516,MER_00084,8581.67,INR,CARD,MOBILE,AT_RISK,,0,71.07,777,True,False,0,0,0,0.756454,184,65,63,2,0.9692,9757.44,0.7886,10,UPI,SAAS,LARGE,2123.34,0.8109,0.1891,0,2,8,9.057500332884,0.9692,9757.44,0.8109,132.0256923076923,0,1,0,RECOVERY_REMINDER,0.9371891743788755,8040.648222091964,reminder has strong predicted recovery value; strong customer payment history,8581.67
EVT_00001642,ALTERNATIVE_PAYMENT,True,ALLOWED,0.654373,0,0.0,PAYMENT_FAILURE,2026-08-25 14:22:08,CUS_001734,MER_00093,3280.12,INR,UPI,MOBILE,FAILED,NETWORK_ERROR,0,15.95,0,False,False,0,0,0,0.624373,1302,74,68,6,0.9189,4486.78,0.6791,30,NETBANKING,RETAIL,MEDIUM,968.76,0.94,0.06,14,1,8,8.09594010650746,0.9189,4486.78,0.94,44.325945945945946,0,1,0,RETRY_LATER,0.6265945708922923,2054.3053838752257,delayed retry has strong predicted recovery value; strong customer payment history,3280.12
EVT_00008779,ALTERNATIVE_PAYMENT,True,ALLOWED,0.452326,0,0.0,PAYMENT_FAILURE,2026-08-16 02:58:56,CUS_001346,MER_00111,6843.8,INR,UPI,MOBILE,FAILED,EXPIRED_PAYMENT_METHOD,2,36.02,0,False,False,0,0,0,0.272326,1496,61,50,11,0.8197,9603.71,0.6622,47,UPI,SAAS,SMALL,5915.71,0.9052,0.0948,2,6,8,8.831244518888086,0.8197,9603.71,0.9052,112.19344262295083,0,0,1,ALTERNATIVE_PAYMENT,0.3794951180554477,2592.1886889478733,alternative payment has strongest net expected value; multiple previous attempts reduce retry priority,0.0
EVT_00004907,ALTERNATIVE_PAYMENT,True,ALLOWED,0.338619,0,0.0,PAYMENT_FAILURE,2026-08-12 00:35:02,CUS_001727,MER_00144,5104.08,INR,UPI,MOBILE,FAILED,ISSUER_DECLINE,2,28.2,0,False,False,0,0,0,0.158619,1426,9,7,2,0.7778,14336.36,0.7701,7,UPI,E_COMMERCE,SMALL,11138.28,0.8359,0.1641,0,2,8,8.53799140138685,0.7778,14336.36,0.8359,567.12,0,0,1,ALTERNATIVE_PAYMENT,0.39930341964147076,2033.076598123638,alternative payment has strongest net expected value; multiple previous attempts reduce retry priority,0.0
EVT_00006675,ALTERNATIVE_PAYMENT,True,ALLOWED,0.785503,1,9894.87,CHECKOUT_ABANDONMENT,2026-08-12 00:19:26,CUS_000146,MER_00145,9894.87,INR,UPI,MOBILE,AT_RISK,,0,53.01,203,True,False,0,0,0,0.755503,1284,36,32,4,0.8889,7298.8,0.601,41,UPI,DIGITAL_SERVICES,SMALL,22876.16,0.9386,0.0614,0,2,8,9.199872777365181,0.8889,7298.8,0.9386,274.8575,0,0,0,RECOVERY_REMINDER,0.9143638256395699,9045.511187406211,reminder has strong predicted recovery value,9894.87
EVT_00003384,ALTERNATIVE_PAYMENT,True,ALLOWED,0.779272,1,4497.42,CHECKOUT_ABANDONMENT,2026-08-25 14:43:07,CUS_001417,MER_00138,4497.42,INR,NETBANKING,MOBILE,AT_RISK,,0,28.92,585,True,False,0,0,0,0.749272,963,49,46,3,0.9388,2267.66,0.6906,41,CARD,E_COMMERCE,MEDIUM,9578.85,0.8707,0.1293,14,1,8,8.411481502993363,0.9388,2267.66,0.8707,91.78408163265306,0,1,0,RECOVERY_REMINDER,0.9324935259541901,4191.815033496894,reminder has strong predicted recovery value; strong customer payment history,4497.42
EVT_00009328,ALTERNATIVE_PAYMENT,True,ALLOWED,0.772419,1,15550.09,CHECKOUT_ABANDONMENT,2026-08-23 12:34:19,CUS_000427,MER_00072,15550.09,INR,UPI,MOBILE,AT_RISK,,0,33.95,88,True,False,0,0,0,0.742419,1300,13,13,0,1.0,9324.48,0.8557,88,CARD,TRAVEL,MEDIUM,4974.21,0.8851,0.1149,12,6,8,9.65188601161376,1.0,9324.48,0.8851,1196.1607692307693,1,1,0,RECOVERY_REMINDER,0.9305528007967284,14468.1798021412,reminder has strong predicted recovery value; strong customer payment history; high-value transaction,15550.09
EVT_00009553,ALTERNATIVE_PAYMENT,True,ALLOWED,0.513984,0,0.0,PAYMENT_FAILURE,2026-08-16 03:53:20,CUS_000567,MER_00015,2342.0,INR,UPI,DESKTOP,FAILED,ISSUER_DECLINE,0,58.91,0,False,False,0,0,0,0.333984,365,64,62,2,0.9688,11031.86,0.8736,75,UPI,EDUCATION,SMALL,2436.77,0.8602,0.1398,3,6,8,7.759187438507795,0.9688,11031.86,0.8602,36.59375,0,1,0,ALTERNATIVE_PAYMENT,0.5824318659015403,1359.0554299414073,alternative payment has strongest net expected value; strong customer payment history,0.0
EVT_00001308,ALTERNATIVE_PAYMENT,True,ALLOWED,0.392742,0,0.0,PAYMENT_FAILURE,2026-08-11 23:45:38,CUS_000684,MER_00072,4498.87,INR,UPI,DESKTOP,FAILED,NETWORK_ERROR,2,6.25,0,False,False,0,0,0,0.362742,1439,65,45,20,0.6923,2728.27,0.923,51,UPI,TRAVEL,MEDIUM,4974.21,0.8851,0.1149,23,1,8,8.41180378645223,0.6923,2728.27,0.8851,69.21338461538461,0,0,1,RECOVERY_REMINDER,0.3429315795427674,1540.8045952575699,reminder has strong predicted recovery value; multiple previous attempts reduce retry priority; decision margin is narrow,0.0
EVT_00005927,ALTERNATIVE_PAYMENT,True,ALLOWED,0.527412,0,0.0,CHECKOUT_ABANDONMENT,2026-08-11 23:36:34,CUS_001726,MER_00035,6014.87,INR,UPI,TABLET,AT_RISK,,0,60.4,248,False,True,0,0,0,0.497412,1180,79,58,21,0.7342,7110.72,0.8016,77,NETBANKING,DIGITAL_SERVICES,SMALL,1661.67,0.979,0.021,23,1,8,8.702156256353645,0.7342,7110.72,0.979,76.13759493670887,0,0,0,RECOVERY_REMINDER,0.7419432590375886,4460.692250487421,reminder has strong predicted recovery value,6014.87
EVT_00009948,ALTERNATIVE_PAYMENT,True,ALLOWED,0.80392,1,1478.15,CHECKOUT_ABANDONMENT,2026-08-16 02:40:19,CUS_000314,MER_00128,1478.15,INR,NETBANKING,MOBILE,AT_RISK,,0,3.14,875,True,False,0,0,0,0.77392,443,5,5,0,1.0,2492.04,0.4173,40,UPI,TRAVEL,LARGE,637.62,0.9635,0.0365,2,6,8,7.299222877446448,1.0,2492.04,0.9635,295.63,0,1,0,RECOVERY_REMINDER,0.818964923308643,1208.5530013886707,reminder has strong predicted recovery value; strong customer payment history; decision margin is narrow,1478.15
EVT_00008641,ALTERNATIVE_PAYMENT,True,ALLOWED,0.67239,1,5291.36,SUBSCRIPTION_FAILURE,2026-08-11 16:20:30,CUS_000510,MER_00149,5291.36,INR,UPI,MOBILE,AT_RISK,,0,62.21,0,False,False,616,7,0,0.64239,377,10,9,1,0.9,5761.27,0.7464,59,CARD,EDUCATION,SMALL,3023.4,0.9223,0.0777,16,1,8,8.574019550131984,0.9,5761.27,0.9223,529.136,0,1,0,ALTERNATIVE_PAYMENT,0.5594274918423342,2955.132253234853,alternative payment has strongest net expected value; strong customer payment history,5291.36
EVT_00000775,ALTERNATIVE_PAYMENT,True,ALLOWED,0.581283,0,0.0,PAYMENT_FAILURE,2026-08-25 19:40:47,CUS_000287,MER_00001,4276.68,INR,UPI,DESKTOP,FAILED,NETWORK_ERROR,1,69.82,0,False,False,0,0,0,0.551283,266,72,66,6,0.9167,2520.55,0.7832,30,UPI,FOOD_DELIVERY,SMALL,6229.18,0.9913,0.0087,19,1,8,8.36116608553557,0.9167,2520.55,0.9913,59.39833333333334,0,1,0,RETRY_LATER,0.5921720744241395,2531.5304672482293,delayed retry has strong predicted recovery value; strong customer payment history,4276.68
EVT_00004333,ALTERNATIVE_PAYMENT,True,ALLOWED,0.763448,0,0.0,CHECKOUT_ABANDONMENT,2026-08-16 09:04:47,CUS_000414,MER_00079,2852.95,INR,NETBANKING,MOBILE,AT_RISK,,0,26.65,212,True,False,0,0,0,0.733448,223,48,42,6,0.875,2060.56,0.9304,70,UPI,FOOD_DELIVERY,LARGE,412.23,0.9077,0.0923,9,6,8,7.956459278612119,0.875,2060.56,0.9077,59.43645833333333,0,0,0,RECOVERY_REMINDER,0.9413789079721062,2683.7069554990203,reminder has strong predicted recovery value,2852.95
EVT_00000697,ALTERNATIVE_PAYMENT,True,ALLOWED,0.386297,0,0.0,PAYMENT_FAILURE,2026-08-26 00:39:54,CUS_000118,MER_00033,4606.78,INR,UPI,MOBILE,FAILED,PAYMENT_LIMIT,3,29.12,0,False,False,0,0,0,0.206297,235,43,40,3,0.9302,3775.89,0.8898,75,CARD,RETAIL,SMALL,1741.31,0.8328,0.1672,0,2,8,8.435501458180436,0.9302,3775.89,0.8328,107.13441860465116,0,1,1,ALTERNATIVE_PAYMENT,0.4198564030186186,1929.1860802981116,alternative payment has strongest net expected value; multiple previous attempts reduce retry priority; strong customer payment history,0.0
EVT_00006671,ALTERNATIVE_PAYMENT,True,ALLOWED,0.558434,1,845.75,PAYMENT_FAILURE,2026-08-11 10:09:49,CUS_000437,MER_00077,845.75,INR,UPI,MOBILE,FAILED,NETWORK_ERROR,1,60.3,0,False,False,0,0,0,0.528434,863,51,45,6,0.8824,1281.15,0.8053,67,NETBANKING,TRAVEL,MEDIUM,2007.39,0.9835,0.0165,10,1,8,6.741405491697881,0.8824,1281.15,0.9835,16.583333333333332,0,0,0,RETRY_LATER,0.5034724946368649,424.81186233912854,delayed retry has strong predicted recovery value; decision margin is narrow,845.75
EVT_00004813,ALTERNATIVE_PAYMENT,True,ALLOWED,0.389827,1,9329.58,SUBSCRIPTION_FAILURE,2026-08-23 09:58:01,CUS_001398,MER_00048,9329.58,INR,CARD,MOBILE,AT_RISK,,0,8.29,0,False,False,876,6,2,0.359827,990,76,54,22,0.7105,6855.51,0.7438,54,CARD,EDUCATION,MEDIUM,7641.54,0.8998,0.1002,9,6,8,9.141052456968172,0.7105,6855.51,0.8998,122.75763157894737,0,0,0,RECOVERY_REMINDER,0.39330298462752006,3667.3516593212184,reminder has strong predicted recovery value,0.0
EVT_00003594,ALTERNATIVE_PAYMENT,True,ALLOWED,0.618384,1,5015.81,PAYMENT_FAILURE,2026-08-11 08:42:38,CUS_001890,MER_00034,5015.81,INR,CARD,MOBILE,FAILED,BANK_TECHNICAL_ERROR,1,50.47,0,False,False,0,0,0,0.588384,691,66,60,6,0.9091,5424.79,0.8689,34,NETBANKING,FOOD_DELIVERY,MEDIUM,27974.45,0.9356,0.0644,8,1,8,8.520549552529328,0.9091,5424.79,0.9356,75.99712121212121,0,1,0,RETRY_LATER,0.5967827863046066,2992.349067374509,delayed retry has strong predicted recovery value; strong customer payment history; decision margin is narrow,0.0
EVT_00005902,ALTERNATIVE_PAYMENT,True,ALLOWED,0.423341,1,2719.11,PAYMENT_FAILURE,2026-08-26 01:31:29,CUS_000917,MER_00018,2719.11,INR,CARD,TABLET,FAILED,PAYMENT_LIMIT,2,4.12,0,False,False,0,0,0,0.243341,828,50,41,9,0.82,3086.51,0.7497,62,UPI,E_COMMERCE,SMALL,8469.12,0.8917,0.1083,1,2,8,7.908427599648792,0.82,3086.51,0.8917,54.382200000000005,0,0,1,ALTERNATIVE_PAYMENT,0.37930790158189487,1026.3799082703463,alternative payment has strongest net expected value; multiple previous attempts reduce retry priority,2719.11
EVT_00007508,ALTERNATIVE_PAYMENT,True,ALLOWED,0.649463,1,12076.05,PAYMENT_FAILURE,2026-08-16 12:06:41,CUS_001587,MER_00015,12076.05,INR,UPI,MOBILE,FAILED,NETWORK_ERROR,0,16.35,0,False,False,0,0,0,0.619463,1240,36,32,4,0.8889,14454.0,0.6717,36,WALLET,EDUCATION,SMALL,2436.77,0.8602,0.1398,12,6,8,9.399062236367824,0.8889,14454.0,0.8602,335.4458333333333,1,0,0,ALTERNATIVE_PAYMENT,0.6407901446841179,7733.213826712641,alternative payment has strongest net expected value; high-value transaction,12076.05
EVT_00006769,ALTERNATIVE_PAYMENT,True,ALLOWED,0.611675,1,2529.95,PAYMENT_FAILURE,2026-08-11 07:47:14,CUS_001226,MER_00117,2529.95,INR,CARD,DESKTOP,FAILED,EXPIRED_PAYMENT_METHOD,0,69.76,0,False,False,0,0,0,0.431675,1455,61,54,7,0.8852,6356.37,0.8705,44,UPI,TRAVEL,SMALL,11500.96,0.8461,0.1539,7,1,8,7.836350005312456,0.8852,6356.37,0.8461,41.47459016393442,0,0,0,ALTERNATIVE_PAYMENT,0.5621817460737066,1417.291708479174,alternative payment has strongest net expected value,2529.95
EVT_00007855,ALTERNATIVE_PAYMENT,True,ALLOWED,0.389736,1,63401.22,PAYMENT_FAILURE,2026-08-11 07:44:55,CUS_001847,MER_00117,63401.22,INR,UPI,MOBILE,FAILED,ISSUER_DECLINE,3,30.86,0,False,False,0,0,0,0.209736,621,61,57,4,0.9344,34682.83,0.6885,50,UPI,TRAVEL,SMALL,11500.96,0.8461,0.1539,7,1,8,11.05725415558515,0.9344,34682.83,0.8461,1039.364262295082,1,1,1,ALTERNATIVE_PAYMENT,0.535452827822718,33943.36253641026,alternative payment has strongest net expected value; multiple previous attempts reduce retry priority; strong customer payment history; high-value transaction,63401.22
EVT_00002303,ALTERNATIVE_PAYMENT,True,ALLOWED,0.520565,0,0.0,PAYMENT_FAILURE,2026-08-26 01:36:33,CUS_001204,MER_00004,6340.36,INR,UPI,MOBILE,FAILED,TIMEOUT,2,9.47,0,False,False,0,0,0,0.490565,1149,12,11,1,0.9167,5528.4,0.7852,20,CARD,EDUCATION,MEDIUM,2207.0,0.9735,0.0265,1,2,8,8.754848535468078,0.9167,5528.4,0.9735,528.3633333333333,0,1,1,ALTERNATIVE_PAYMENT,0.4421181932177381,2798.1885075500177,alternative payment has strongest net expected value; multiple previous attempts reduce retry priority; strong customer payment history; decision margin is narrow,0.0
EVT_00000304,ALTERNATIVE_PAYMENT,True,ALLOWED,0.405382,0,0.0,PAYMENT_FAILURE,2026-08-16 12:17:08,CUS_000778,MER_00195,5760.44,INR,CARD,MOBILE,FAILED,EXPIRED_PAYMENT_METHOD,3,44.7,0,False,False,0,0,0,0.225382,204,72,63,9,0.875,3888.84,0.8504,80,CARD,TRAVEL,LARGE,10413.1,0.9379,0.0621,12,6,8,8.658942722445143,0.875,3888.84,0.9379,80.00611111111111,0,0,1,ALTERNATIVE_PAYMENT,0.3884965576577859,2232.911110594216,alternative payment has strongest net expected value; multiple previous attempts reduce retry priority,0.0
EVT_00009218,ALTERNATIVE_PAYMENT,True,ALLOWED,0.322634,0,0.0,PAYMENT_FAILURE,2026-08-11 05:05:05,CUS_000692,MER_00123,6130.44,INR,UPI,MOBILE,FAILED,INSUFFICIENT_BALANCE,1,50.07,0,False,False,0,0,0,0.292634,1198,48,39,9,0.8125,13758.9,0.8116,31,NETBANKING,EDUCATION,SMALL,1684.78,0.9279,0.0721,5,1,8,8.721184911620483,0.8125,13758.9,0.9279,127.71749999999999,0,0,0,RECOVERY_REMINDER,0.4421541693070868,2708.599605686937,reminder has strong predicted recovery value,0.0
EVT_00002194,ALTERNATIVE_PAYMENT,True,ALLOWED,0.67049,1,6374.7,PAYMENT_FAILURE,2026-08-11 10:53:15,CUS_000255,MER_00082,6374.7,INR,NETBANKING,MOBILE,FAILED,EXPIRED_PAYMENT_METHOD,0,31.26,0,False,False,0,0,0,0.49049,1001,24,23,1,0.9583,6502.66,0.6047,42,UPI,DIGITAL_SERVICES,SMALL,5119.5,0.9572,0.0428,10,1,8,8.760249167920186,0.9583,6502.66,0.9572,265.6125,0,1,0,ALTERNATIVE_PAYMENT,0.6358351705810631,4048.2584619031027,alternative payment has strongest net expected value; strong customer payment history,6374.7
EVT_00007405,ALTERNATIVE_PAYMENT,True,ALLOWED,0.544426,1,6605.01,SUBSCRIPTION_FAILURE,2026-08-11 04:56:16,CUS_000896,MER_00126,6605.01,INR,CARD,MOBILE,AT_RISK,,0,5.35,0,False,False,747,10,1,0.514426,928,43,37,6,0.8605,5961.73,0.8852,55,NETBANKING,DIGITAL_SERVICES,SMALL,2499.99,0.8824,0.1176,4,1,8,8.795735119724945,0.8605,5961.73,0.8824,153.60488372093025,0,0,0,ALTERNATIVE_PAYMENT,0.5523148377303638,3643.0450263574303,alternative payment has strongest net expected value,6605.01
EVT_00008466,ALTERNATIVE_PAYMENT,True,ALLOWED,0.317653,0,0.0,PAYMENT_FAILURE,2026-08-23 09:54:42,CUS_000199,MER_00146,4783.52,INR,UPI,MOBILE,FAILED,ISSUER_DECLINE,3,59.21,0,False,False,0,0,0,0.137653,528,46,40,6,0.8696,4312.15,0.7139,45,CARD,RETAIL,LARGE,2271.18,0.8973,0.1027,9,6,8,8.473140985375696,0.8696,4312.15,0.8973,103.98956521739132,0,0,1,ALTERNATIVE_PAYMENT,0.3515197866130983,1676.501929659488,alternative payment has strongest net expected value; multiple previous attempts reduce retry priority,0.0
EVT_00006787,ALTERNATIVE_PAYMENT,True,ALLOWED,0.41539,1,10641.71,PAYMENT_FAILURE,2026-08-16 14:41:53,CUS_000758,MER_00017,10641.71,INR,CARD,MOBILE,FAILED,INSUFFICIENT_BALANCE,0,11.4,0,False,False,0,0,0,0.38539,593,51,41,10,0.8039,11338.35,0.8664,32,CARD,E_COMMERCE,SMALL,2871.65,0.97,0.03,14,6,8,9.27263042971341,0.8039,11338.35,0.97,208.66098039215686,1,0,0,RECOVERY_REMINDER,0.4914001740857699,5227.338146570278,reminder has strong predicted recovery value; high-value transaction,0.0
EVT_00000885,ALTERNATIVE_PAYMENT,True,ALLOWED,0.449233,0,0.0,SUBSCRIPTION_FAILURE,2026-08-11 04:53:43,CUS_000141,MER_00015,10156.77,INR,CARD,MOBILE,AT_RISK,,0,18.33,0,False,False,82,14,2,0.419233,1474,56,50,6,0.8929,5695.79,0.7679,65,UPI,EDUCATION,SMALL,2436.77,0.8602,0.1398,4,1,8,9.22599420885244,0.8929,5695.79,0.8602,181.37089285714288,1,0,0,RETRY_LATER,0.4423468701358031,4491.815420189221,delayed retry has strong predicted recovery value; high-value transaction; decision margin is narrow,10156.77
EVT_00006230,ALTERNATIVE_PAYMENT,True,ALLOWED,0.685865,1,17376.01,PAYMENT_FAILURE,2026-08-11 03:58:29,CUS_001978,MER_00049,17376.01,INR,CARD,MOBILE,FAILED,NETWORK_ERROR,0,32.25,0,False,False,0,0,0,0.655865,533,78,76,2,0.9744,6843.16,0.7053,23,UPI,EDUCATION,SMALL,8781.92,0.8307,0.1693,3,1,8,9.762903347195415,0.9744,6843.16,0.8307,222.76935897435897,1,1,0,ALTERNATIVE_PAYMENT,0.6475121158137224,11246.176999500396,alternative payment has strongest net expected value; strong customer payment history; high-value transaction,17376.01
EVT_00002994,ALTERNATIVE_PAYMENT,True,ALLOWED,0.426075,1,1974.41,PAYMENT_FAILURE,2026-08-26 02:18:08,CUS_000658,MER_00013,1974.41,INR,UPI,MOBILE,FAILED,BANK_TECHNICAL_ERROR,3,41.83,0,False,False,0,0,0,0.396075,960,22,20,2,0.9091,4067.38,0.7147,30,UPI,TRAVEL,SMALL,3031.81,0.8747,0.1253,2,2,8,7.588531250727084,0.9091,4067.38,0.8747,89.7459090909091,0,1,1,ALTERNATIVE_PAYMENT,0.3767891228131519,738.9362119735152,alternative payment has strongest net expected value; multiple previous attempts reduce retry priority; strong customer payment history,1974.41
EVT_00001012,ALTERNATIVE_PAYMENT,True,ALLOWED,0.256696,1,2940.68,PAYMENT_FAILURE,2026-08-16 15:09:15,CUS_001527,MER_00179,2940.68,INR,UPI,MOBILE,FAILED,INSUFFICIENT_BALANCE,2,32.4,0,False,False,0,0,0,0.226696,498,11,10,1,0.9091,8911.76,0.9452,2,UPI,DIGITAL_SERVICES,SMALL,4183.78,0.7936,0.2064,15,6,8,7.986736125701019,0.9091,8911.76,0.7936,267.33454545454543,0,1,1,RECOVERY_REMINDER,0.3296909512743346,967.5155865934103,reminder has strong predicted recovery value; multiple previous attempts reduce retry priority; strong customer payment history,0.0
EVT_00006249,ALTERNATIVE_PAYMENT,True,ALLOWED,0.246653,0,0.0,PAYMENT_FAILURE,2026-08-11 03:33:50,CUS_000917,MER_00057,1292.07,INR,UPI,DESKTOP,FAILED,INSUFFICIENT_BALANCE,2,64.75,0,False,False,0,0,0,0.216653,828,50,41,9,0.82,3086.51,0.7497,62,UPI,E_COMMERCE,MEDIUM,11931.59,0.9085,0.0915,3,1,8,7.164774514970813,0.82,3086.51,0.9085,25.8414,0,0,1,ALTERNATIVE_PAYMENT,0.25593664260029964,325.68805780456915,alternative payment has strongest net expected value; multiple previous attempts reduce retry priority,0.0
EVT_00006134,ALTERNATIVE_PAYMENT,True,ALLOWED,0.774267,1,2578.65,CHECKOUT_ABANDONMENT,2026-08-11 02:27:48,CUS_001492,MER_00040,2578.65,INR,UPI,DESKTOP,AT_RISK,,0,50.06,542,True,False,0,0,0,0.744267,749,51,46,5,0.902,3705.23,0.7041,41,UPI,FOOD_DELIVERY,SMALL,7435.86,0.9306,0.0694,2,1,8,7.855409009798431,0.902,3705.23,0.9306,50.561764705882354,0,1,0,RECOVERY_REMINDER,0.9341020696173794,2406.7223018188556,reminder has strong predicted recovery value; strong customer payment history,2578.65
EVT_00000337,ALTERNATIVE_PAYMENT,True,ALLOWED,0.778678,1,1384.46,CHECKOUT_ABANDONMENT,2026-08-26 02:27:36,CUS_001322,MER_00056,1384.46,INR,UPI,MOBILE,AT_RISK,,0,55.49,535,True,False,0,0,0,0.748678,433,13,12,1,0.9231,1840.71,0.7559,7,UPI,SAAS,SMALL,1706.75,0.9351,0.0649,2,2,8,7.2337874934423905,0.9231,1840.71,0.9351,106.49692307692308,0,1,0,RECOVERY_REMINDER,0.9122800592114202,1261.0152507758428,reminder has strong predicted recovery value; strong customer payment history,0.0
EVT_00002511,ALTERNATIVE_PAYMENT,True,ALLOWED,0.673443,0,0.0,PAYMENT_FAILURE,2026-08-23 09:53:59,CUS_000905,MER_00149,5180.09,INR,UPI,DESKTOP,FAILED,TIMEOUT,0,7.08,0,False,False,0,0,0,0.643443,704,52,47,5,0.9038,7682.66,0.6044,76,NETBANKING,EDUCATION,SMALL,3023.4,0.9223,0.0777,9,6,8,8.55277073782778,0.9038,7682.66,0.9223,99.61711538461539,0,1,0,RETRY_LATER,0.6932960811489041,3590.3360969986265,delayed retry has strong predicted recovery value; strong customer payment history,5180.09
EVT_00008676,ALTERNATIVE_PAYMENT,True,ALLOWED,0.750907,1,3884.47,CHECKOUT_ABANDONMENT,2026-08-11 01:44:03,CUS_001411,MER_00012,3884.47,INR,CARD,DESKTOP,AT_RISK,,0,38.73,83,True,False,0,0,0,0.720907,119,6,6,0,1.0,3373.46,0.6184,54,WALLET,FOOD_DELIVERY,MEDIUM,4480.78,0.8939,0.1061,1,1,8,8.264999233605463,1.0,3373.46,0.8939,647.4116666666666,0,1,0,RECOVERY_REMINDER,0.8752140348603593,3397.7426619940197,reminder has strong predicted recovery value; strong customer payment history,3884.47
EVT_00008408,ALTERNATIVE_PAYMENT,True,ALLOWED,0.734126,1,6815.44,CHECKOUT_ABANDONMENT,2026-08-26 02:03:41,CUS_000342,MER_00026,6815.44,INR,WALLET,MOBILE,AT_RISK,,0,7.94,195,True,False,0,0,0,0.704126,457,32,26,6,0.8125,8498.17,0.6483,31,CARD,SAAS,LARGE,6343.17,0.7939,0.2061,2,2,8,8.827092620416243,0.8125,8498.17,0.7939,212.9825,0,0,0,RECOVERY_REMINDER,0.8548146064866455,5823.937661633343,reminder has strong predicted recovery value,6815.44
EVT_00001779,ALTERNATIVE_PAYMENT,True,ALLOWED,0.564467,0,0.0,SUBSCRIPTION_FAILURE,2026-08-16 11:10:40,CUS_000419,MER_00168,28822.87,INR,UPI,MOBILE,AT_RISK,,0,43.14,0,False,False,109,4,0,0.534467,465,23,21,2,0.913,21491.77,0.6585,83,UPI,RETAIL,LARGE,1697.36,0.8567,0.1433,11,6,8,10.268959142287311,0.913,21491.77,0.8567,1253.168260869565,1,1,0,ALTERNATIVE_PAYMENT,0.5817751704615314,16763.43010744056,alternative payment has strongest net expected value; strong customer payment history; high-value transaction,0.0
EVT_00006361,ALTERNATIVE_PAYMENT,True,ALLOWED,0.206711,0,0.0,PAYMENT_FAILURE,2026-08-11 10:58:19,CUS_000715,MER_00065,11176.98,INR,CARD,MOBILE,FAILED,INSUFFICIENT_BALANCE,3,27.09,0,False,False,0,0,0,0.176711,1382,41,38,3,0.9268,9723.93,0.4818,9,UPI,DIGITAL_SERVICES,MEDIUM,5883.79,0.7053,0.2947,10,1,8,9.3217010505992,0.9268,9723.93,0.7053,272.60926829268294,1,1,1,ALTERNATIVE_PAYMENT,0.33420617349156295,3730.415716991729,alternative payment has strongest net expected value; multiple previous attempts reduce retry priority; strong customer payment history; high-value transaction,0.0
EVT_00008143,ALTERNATIVE_PAYMENT,True,ALLOWED,0.559345,0,0.0,PAYMENT_FAILURE,2026-08-25 23:04:05,CUS_001360,MER_00166,24122.9,INR,CARD,MOBILE,FAILED,ISSUER_DECLINE,0,40.67,0,False,False,0,0,0,0.379345,567,42,38,4,0.9048,18534.16,0.596,3,CARD,EDUCATION,SMALL,9718.64,0.9553,0.0447,23,1,8,10.090958329312741,0.9048,18534.16,0.9553,574.354761904762,1,1,0,RECOVERY_REMINDER,0.5754008663927319,13878.337559905234,reminder has strong predicted recovery value; strong customer payment history; high-value transaction; decision margin is narrow,24122.9
EVT_00007361,ALTERNATIVE_PAYMENT,True,ALLOWED,0.482478,0,0.0,SUBSCRIPTION_FAILURE,2026-08-11 16:18:27,CUS_000842,MER_00065,1799.45,INR,NETBANKING,DESKTOP,AT_RISK,,0,29.53,0,False,False,527,14,1,0.452478,994,56,46,10,0.8214,1636.44,0.5564,30,CARD,DIGITAL_SERVICES,MEDIUM,5883.79,0.7053,0.2947,16,1,8,7.495791912639463,0.8214,1636.44,0.7053,32.13303571428572,0,0,0,ALTERNATIVE_PAYMENT,0.577308532581872,1033.8378389544496,alternative payment has strongest net expected value,0.0
EVT_00004287,ALTERNATIVE_PAYMENT,True,ALLOWED,0.755808,1,12285.78,CHECKOUT_ABANDONMENT,2026-08-11 16:11:09,CUS_001057,MER_00192,12285.78,INR,CARD,MOBILE,AT_RISK,,0,10.14,212,True,True,0,0,0,0.725808,690,64,49,15,0.7656,10964.29,0.6474,31,CARD,TRAVEL,MEDIUM,20196.01,0.9465,0.0535,16,1,8,9.416279166604319,0.7656,10964.29,0.9465,191.9653125,1,0,0,RECOVERY_REMINDER,0.8726612340140166,10719.323935624725,reminder has strong predicted recovery value; high-value transaction,12285.78
EVT_00005642,ALTERNATIVE_PAYMENT,True,ALLOWED,0.654959,1,33633.03,SUBSCRIPTION_FAILURE,2026-08-25 21:05:47,CUS_001590,MER_00064,33633.03,INR,NETBANKING,MOBILE,AT_RISK,,0,18.41,0,False,False,704,14,1,0.624959,73,72,68,4,0.9444,6588.43,0.4285,49,UPI,TRAVEL,SMALL,4568.4,0.9534,0.0466,21,1,8,10.423293631036866,0.9444,6588.43,0.9534,467.12541666666664,1,1,0,ALTERNATIVE_PAYMENT,0.535161522844949,17994.103552689856,alternative payment has strongest net expected value; strong customer payment history; high-value transaction; decision margin is narrow,33633.03
EVT_00005144,ALTERNATIVE_PAYMENT,True,ALLOWED,0.783453,1,2949.35,CHECKOUT_ABANDONMENT,2026-08-23 10:49:41,CUS_000939,MER_00185,2949.35,INR,NETBANKING,TABLET,AT_RISK,,0,63.6,866,True,False,0,0,0,0.753453,708,72,67,5,0.9306,2372.12,0.6174,54,UPI,TRAVEL,SMALL,6499.82,0.9334,0.0666,10,6,8,7.989679086364012,0.9306,2372.12,0.9334,40.96319444444444,0,1,0,RECOVERY_REMINDER,0.9455521853688744,2786.7643379176898,reminder has strong predicted recovery value; strong customer payment history,2949.35
EVT_00004667,ALTERNATIVE_PAYMENT,True,ALLOWED,0.696356,1,15134.75,CHECKOUT_ABANDONMENT,2026-08-16 09:17:48,CUS_001066,MER_00089,15134.75,INR,UPI,MOBILE,AT_RISK,,0,7.25,80,True,True,0,0,0,0.666356,600,44,33,11,0.75,14683.22,0.7862,77,UPI,SAAS,MEDIUM,416.38,0.9005,0.0995,9,6,8,9.624814774241935,0.75,14683.22,0.9005,343.97159090909093,1,0,0,RECOVERY_REMINDER,0.8491190398492297,12849.204388358128,reminder has strong predicted recovery value; high-value transaction,15134.75
EVT_00002650,ALTERNATIVE_PAYMENT,True,ALLOWED,0.59085,0,0.0,SUBSCRIPTION_FAILURE,2026-08-11 16:00:10,CUS_001159,MER_00065,1842.21,INR,NETBANKING,MOBILE,AT_RISK,,0,29.02,0,False,False,467,22,0,0.56085,594,53,43,10,0.8113,3518.85,0.9299,62,CARD,DIGITAL_SERVICES,MEDIUM,5883.79,0.7053,0.2947,16,1,8,7.519263895834078,0.8113,3518.85,0.7053,34.75867924528302,0,0,0,ALTERNATIVE_PAYMENT,0.5313473901611471,973.8534756287668,alternative payment has strongest net expected value,0.0
EVT_00009704,ALTERNATIVE_PAYMENT,True,ALLOWED,0.515053,0,0.0,PAYMENT_FAILURE,2026-08-11 15:08:53,CUS_000053,MER_00052,1821.48,INR,NETBANKING,MOBILE,FAILED,TIMEOUT,2,42.49,0,False,False,0,0,0,0.485053,564,29,27,2,0.931,5237.57,0.7282,84,CARD,RETAIL,LARGE,8899.2,0.9756,0.0244,15,1,8,7.5079534898857,0.931,5237.57,0.9756,62.80965517241379,0,1,1,ALTERNATIVE_PAYMENT,0.46877579889226695,848.8657421662864,alternative payment has strongest net expected value; multiple previous attempts reduce retry priority; strong customer payment history,0.0
EVT_00004341,ALTERNATIVE_PAYMENT,True,ALLOWED,0.781546,0,0.0,CHECKOUT_ABANDONMENT,2026-08-25 21:15:41,CUS_000812,MER_00005,10747.58,INR,CARD,MOBILE,AT_RISK,,0,68.39,742,True,False,0,0,0,0.751546,1322,23,20,3,0.8696,9485.18,0.334,45,WALLET,EDUCATION,SMALL,832.59,0.9375,0.0625,21,1,8,9.282528931807501,0.8696,9485.18,0.9375,467.28608695652173,1,0,0,RECOVERY_REMINDER,0.8952984242497634,9620.291438498272,reminder has strong predicted recovery value; high-value transaction,10747.58
EVT_00000026,ALTERNATIVE_PAYMENT,True,ALLOWED,0.736382,1,5699.8,CHECKOUT_ABANDONMENT,2026-08-16 09:26:22,CUS_001274,MER_00145,5699.8,INR,CARD,DESKTOP,AT_RISK,,0,12.82,150,True,False,0,0,0,0.706382,1022,32,24,8,0.75,2028.64,0.1122,48,CARD,DIGITAL_SERVICES,SMALL,22876.16,0.9386,0.0614,9,6,8,8.64836179485157,0.75,2028.64,0.9386,178.11875,0,0,0,RECOVERY_REMINDER,0.7932259574934708,4519.2293125212855,reminder has strong predicted recovery value,5699.8
EVT_00002477,ALTERNATIVE_PAYMENT,True,ALLOWED,0.680061,0,0.0,PAYMENT_FAILURE,2026-08-11 13:43:41,CUS_001475,MER_00052,11877.76,INR,CARD,MOBILE,FAILED,NETWORK_ERROR,0,53.11,0,False,False,0,0,0,0.650061,1466,24,22,2,0.9167,8450.39,0.7959,51,CARD,RETAIL,LARGE,8899.2,0.9756,0.0244,13,1,8,9.38250721036459,0.9167,8450.39,0.9756,494.9066666666667,1,1,0,RETRY_LATER,0.6774293545545881,8045.343290354304,delayed retry has strong predicted recovery value; strong customer payment history; high-value transaction; decision margin is narrow,11877.76
EVT_00001512,ALTERNATIVE_PAYMENT,True,ALLOWED,0.475961,1,847.77,CHECKOUT_ABANDONMENT,2026-08-11 13:31:24,CUS_000127,MER_00102,847.77,INR,NETBANKING,MOBILE,AT_RISK,,0,48.54,75,False,False,0,0,0,0.445961,146,25,20,5,0.8,1619.39,0.9059,79,CARD,DIGITAL_SERVICES,MEDIUM,1989.33,0.9744,0.0256,13,1,8,6.743788242660079,0.8,1619.39,0.9744,33.9108,0,0,0,RECOVERY_REMINDER,0.6276859780780207,530.1333416352036,reminder has strong predicted recovery value,847.77
EVT_00004201,ALTERNATIVE_PAYMENT,True,ALLOWED,0.382122,0,0.0,PAYMENT_FAILURE,2026-08-25 22:09:15,CUS_000486,MER_00068,11397.33,INR,CARD,MOBILE,FAILED,ISSUER_DECLINE,2,60.8,0,False,False,0,0,0,0.202122,371,29,27,2,0.931,9671.56,0.9319,26,NETBANKING,TRAVEL,MEDIUM,5113.13,0.8393,0.1607,22,1,8,9.34122213242363,0.931,9671.56,0.8393,393.0113793103448,1,1,1,ALTERNATIVE_PAYMENT,0.33817859967004466,3849.33309937739,alternative payment has strongest net expected value; multiple previous attempts reduce retry priority; strong customer payment history; high-value transaction,0.0
EVT_00000969,ALTERNATIVE_PAYMENT,True,ALLOWED,0.730697,1,31574.1,SUBSCRIPTION_FAILURE,2026-08-23 10:24:57,CUS_000976,MER_00060,31574.1,INR,CARD,DESKTOP,AT_RISK,,0,69.94,0,False,False,419,20,0,0.700697,361,38,33,5,0.8684,21980.49,0.7924,87,NETBANKING,FOOD_DELIVERY,LARGE,5310.7,0.9841,0.0159,10,6,8,10.360124114276227,0.8684,21980.49,0.9841,830.8973684210526,1,0,0,RECOVERY_REMINDER,0.6155479239706028,19433.371706240207,reminder has strong predicted recovery value; high-value transaction,0.0
EVT_00003801,ALTERNATIVE_PAYMENT,True,ALLOWED,0.703974,0,0.0,PAYMENT_FAILURE,2026-08-11 12:33:47,CUS_000548,MER_00048,9332.6,INR,UPI,MOBILE,FAILED,TIMEOUT,0,61.4,0,False,False,0,0,0,0.673974,898,47,46,1,0.9787,6683.43,0.7146,2,CARD,EDUCATION,MEDIUM,7641.54,0.8998,0.1002,12,1,8,9.141376071509647,0.9787,6683.43,0.8998,198.5659574468085,0,1,0,RETRY_LATER,0.7245466668245979,6760.904222807242,delayed retry has strong predicted recovery value; strong customer payment history,9332.6
EVT_00009066,ALTERNATIVE_PAYMENT,True,ALLOWED,0.531746,0,0.0,PAYMENT_FAILURE,2026-08-16 09:54:21,CUS_000047,MER_00096,13885.47,INR,CARD,DESKTOP,FAILED,BANK_TECHNICAL_ERROR,1,23.34,0,False,False,0,0,0,0.501746,685,36,22,14,0.6111,8995.49,0.5173,45,CARD,TRAVEL,MEDIUM,3014.41,0.9456,0.0544,9,6,8,9.538670263780604,0.6111,8995.49,0.9456,385.7075,1,0,0,RETRY_LATER,0.5914023218615904,8210.899198139457,delayed retry has strong predicted recovery value; high-value transaction,13885.47
EVT_00000260,ALTERNATIVE_PAYMENT,True,ALLOWED,0.70799,0,0.0,PAYMENT_FAILURE,2026-08-11 12:13:55,CUS_000018,MER_00186,10690.16,INR,CARD,MOBILE,FAILED,TIMEOUT,0,70.52,0,False,False,0,0,0,0.67799,218,58,56,2,0.9655,11967.93,0.7062,70,NETBANKING,SAAS,LARGE,6624.61,0.9305,0.0695,12,1,8,9.277172510760646,0.9655,11967.93,0.9305,184.31310344827585,1,1,0,RETRY_LATER,0.6733127500224195,7196.821027779668,delayed retry has strong predicted recovery value; strong customer payment history; high-value transaction; decision margin is narrow,10690.16
EVT_00000988,ALTERNATIVE_PAYMENT,True,ALLOWED,0.496476,1,1299.11,PAYMENT_FAILURE,2026-08-25 22:37:45,CUS_000284,MER_00029,1299.11,INR,NETBANKING,MOBILE,FAILED,TIMEOUT,2,58.22,0,False,False,0,0,0,0.466476,751,63,59,4,0.9365,4222.72,0.4478,32,UPI,FOOD_DELIVERY,SMALL,5041.91,0.8787,0.1213,22,1,8,7.170204155254564,0.9365,4222.72,0.8787,20.62079365079365,0,1,1,ALTERNATIVE_PAYMENT,0.4806909016101559,619.4703571907695,alternative payment has strongest net expected value; multiple previous attempts reduce retry priority; strong customer payment history,1299.11
EVT_00008508,ALTERNATIVE_PAYMENT,True,ALLOWED,0.310263,0,0.0,SUBSCRIPTION_FAILURE,2026-08-11 12:10:02,CUS_001337,MER_00079,7848.21,INR,NETBANKING,MOBILE,AT_RISK,,0,31.1,0,False,False,839,4,2,0.280263,968,42,38,4,0.9048,8524.88,0.7614,83,UPI,FOOD_DELIVERY,LARGE,412.23,0.9077,0.0923,12,1,8,8.968168168769543,0.9048,8524.88,0.9077,186.86214285714286,0,1,0,ALTERNATIVE_PAYMENT,0.3955982560537333,3099.73818914347,alternative payment has strongest net expected value; strong customer payment history,0.0
EVT_00004205,ALTERNATIVE_PAYMENT,True,ALLOWED,0.533618,0,0.0,PAYMENT_FAILURE,2026-08-16 10:27:13,CUS_001936,MER_00105,5092.18,INR,WALLET,MOBILE,FAILED,BANK_TECHNICAL_ERROR,2,14.07,0,False,False,0,0,0,0.503618,270,68,63,5,0.9265,2365.18,0.8423,70,UPI,SAAS,LARGE,3288.97,0.911,0.089,10,6,8,8.535657668887204,0.9265,2365.18,0.911,74.885,0,1,1,ALTERNATIVE_PAYMENT,0.45254071960457093,2299.418801556004,alternative payment has strongest net expected value; multiple previous attempts reduce retry priority; strong customer payment history,0.0
EVT_00003261,ALTERNATIVE_PAYMENT,True,ALLOWED,0.547833,1,12563.06,SUBSCRIPTION_FAILURE,2026-08-11 11:43:16,CUS_000255,MER_00088,12563.06,INR,UPI,MOBILE,AT_RISK,,0,67.49,0,False,False,343,4,0,0.517833,1001,24,23,1,0.9583,6502.66,0.6047,42,UPI,SAAS,MEDIUM,2014.49,0.8916,0.1084,11,1,8,9.438595636196322,0.9583,6502.66,0.8916,523.4608333333333,1,1,0,ALTERNATIVE_PAYMENT,0.4617950158920413,5796.5584923526685,alternative payment has strongest net expected value; strong customer payment history; high-value transaction,12563.06
EVT_00003191,ALTERNATIVE_PAYMENT,True,ALLOWED,0.768367,1,7378.0,CHECKOUT_ABANDONMENT,2026-08-25 22:45:34,CUS_000710,MER_00144,7378.0,INR,UPI,MOBILE,AT_RISK,,0,22.06,656,True,False,0,0,0,0.738367,714,70,63,7,0.9,7909.56,0.6615,18,CARD,E_COMMERCE,SMALL,11138.28,0.8359,0.1641,22,1,8,8.906393407058367,0.9,7909.56,0.8359,105.4,0,1,0,RECOVERY_REMINDER,0.8882280550566727,6551.346590208131,reminder has strong predicted recovery value; strong customer payment history,7378.0
EVT_00001449,ALTERNATIVE_PAYMENT,True,ALLOWED,0.646919,0,0.0,PAYMENT_FAILURE,2026-08-11 11:28:27,CUS_000366,MER_00198,8480.0,INR,WALLET,MOBILE,FAILED,NETWORK_ERROR,0,46.26,0,False,False,0,0,0,0.616919,792,7,6,1,0.8571,3929.9,0.276,28,NETBANKING,DIGITAL_SERVICES,SMALL,5306.23,0.9513,0.0487,11,1,8,9.0455836463617,0.8571,3929.9,0.9513,1211.4285714285713,0,0,0,RETRY_LATER,0.6074443484659946,5150.128074991634,delayed retry has strong predicted recovery value,8480.0
EVT_00000041,ALTERNATIVE_PAYMENT,True,ALLOWED,0.26154,0,0.0,PAYMENT_FAILURE,2026-08-23 10:01:18,CUS_001092,MER_00071,41614.64,INR,CARD,DESKTOP,FAILED,INSUFFICIENT_BALANCE,3,55.39,0,False,False,0,0,0,0.23154,688,31,27,4,0.871,18612.36,0.8089,59,CARD,TRAVEL,MEDIUM,1476.19,0.8534,0.1466,10,6,8,10.636231337131985,0.871,18612.36,0.8534,1342.407741935484,1,0,1,HUMAN_ESCALATION,0.5092518726202064,20942.33334841575,high-value case eligible for human escalation; multiple previous attempts reduce retry priority; high-value transaction,0.0
EVT_00000816,ALTERNATIVE_PAYMENT,True,ALLOWED,0.440002,0,0.0,PAYMENT_FAILURE,2026-08-16 10:52:22,CUS_000869,MER_00052,2081.28,INR,NETBANKING,MOBILE,FAILED,INSUFFICIENT_BALANCE,0,14.05,0,False,False,0,0,0,0.410002,686,68,63,5,0.9265,2148.29,0.7243,7,UPI,RETAIL,LARGE,8899.2,0.9756,0.0244,10,6,8,7.641218726203559,0.9265,2148.29,0.9756,30.607058823529414,0,1,0,ALTERNATIVE_PAYMENT,0.4610905942924717,954.6586320890356,alternative payment has strongest net expected value; strong customer payment history,0.0
EVT_00003931,ALTERNATIVE_PAYMENT,True,ALLOWED,0.554769,1,4374.64,PAYMENT_FAILURE,2026-08-11 11:03:13,CUS_001397,MER_00168,4374.64,INR,UPI,DESKTOP,FAILED,NETWORK_ERROR,1,20.71,0,False,False,0,0,0,0.524769,941,36,33,3,0.9167,2751.06,0.4566,63,CARD,RETAIL,LARGE,1697.36,0.8567,0.1433,11,1,8,8.38380807380729,0.9167,2751.06,0.8567,121.51777777777778,0,1,0,RETRY_LATER,0.6048884114923869,2645.169040451056,delayed retry has strong predicted recovery value; strong customer payment history,4374.64
EVT_00005249,ALTERNATIVE_PAYMENT,True,ALLOWED,0.446917,1,6820.96,PAYMENT_FAILURE,2026-08-25 12:02:10,CUS_000250,MER_00125,6820.96,INR,UPI,MOBILE,FAILED,BANK_TECHNICAL_ERROR,2,10.89,0,False,False,0,0,0,0.416917,91,34,25,9,0.7353,6015.41,0.836,32,UPI,E_COMMERCE,MEDIUM,4606.05,0.8105,0.1895,12,1,8,8.82790209957823,0.7353,6015.41,0.8105,200.6164705882353,0,0,1,ALTERNATIVE_PAYMENT,0.48878922284093934,3329.0117374291335,alternative payment has strongest net expected value; multiple previous attempts reduce retry priority,6820.96
EVT_00009597,ALTERNATIVE_PAYMENT,True,ALLOWED,0.472518,1,5353.23,PAYMENT_FAILURE,2026-08-05 07:35:38,CUS_000773,MER_00096,5353.23,INR,CARD,DESKTOP,FAILED,PAYMENT_LIMIT,2,5.6,0,False,False,0,0,0,0.292518,37,17,16,1,0.9412,5073.34,0.7944,62,UPI,TRAVEL,MEDIUM,3014.41,0.9456,0.0544,7,2,8,8.58564218169328,0.9412,5073.34,0.9456,314.89588235294116,0,1,1,ALTERNATIVE_PAYMENT,0.4769416870917065,2548.1785475899355,alternative payment has strongest net expected value; multiple previous attempts reduce retry priority; strong customer payment history,5353.23
EVT_00002456,ALTERNATIVE_PAYMENT,True,ALLOWED,0.577014,1,1794.51,PAYMENT_FAILURE,2026-08-08 06:30:39,CUS_000475,MER_00123,1794.51,INR,CARD,DESKTOP,FAILED,TIMEOUT,1,23.3,0,False,False,0,0,0,0.547014,962,9,8,1,0.8889,2088.77,0.7432,17,CARD,EDUCATION,SMALL,1684.78,0.9279,0.0721,6,5,8,7.493044383129882,0.8889,2088.77,0.9279,199.39,0,0,0,ALTERNATIVE_PAYMENT,0.5860785672233227,1046.723849667925,alternative payment has strongest net expected value; decision margin is narrow,1794.51
EVT_00009684,ALTERNATIVE_PAYMENT,True,ALLOWED,0.773348,1,6353.31,CHECKOUT_ABANDONMENT,2026-08-03 09:45:05,CUS_000584,MER_00112,6353.31,INR,UPI,MOBILE,AT_RISK,,0,50.04,146,True,False,0,0,0,0.743348,106,53,49,4,0.9245,8071.05,0.4778,89,UPI,DIGITAL_SERVICES,SMALL,3201.31,0.8352,0.1648,9,0,8,8.756888601804294,0.9245,8071.05,0.8352,119.87377358490566,0,1,0,RECOVERY_REMINDER,0.9202760464117367,5844.799008428151,reminder has strong predicted recovery value; strong customer payment history,6353.31
EVT_00005404,ALTERNATIVE_PAYMENT,True,ALLOWED,0.686195,1,5019.12,PAYMENT_FAILURE,2026-08-19 21:57:21,CUS_000634,MER_00146,5019.12,INR,CARD,MOBILE,FAILED,BANK_TECHNICAL_ERROR,0,37.93,0,False,False,0,0,0,0.656195,587,45,40,5,0.8889,3980.61,0.2874,75,UPI,RETAIL,LARGE,2271.18,0.8973,0.1027,21,2,8,8.52120911678254,0.8889,3980.61,0.8973,111.536,0,0,0,RETRY_LATER,0.6886294337618044,3455.313763582548,delayed retry has strong predicted recovery value,5019.12
EVT_00001301,ALTERNATIVE_PAYMENT,True,ALLOWED,0.206485,1,4594.72,SUBSCRIPTION_FAILURE,2026-08-03 21:28:40,CUS_000066,MER_00015,4594.72,INR,CARD,MOBILE,AT_RISK,,0,59.58,0,False,False,741,3,3,0.176485,508,41,35,6,0.8537,6800.11,0.9523,7,CARD,EDUCATION,SMALL,2436.77,0.8602,0.1398,21,0,8,8.432880714571453,0.8537,6800.11,0.8602,112.06634146341464,0,0,0,ALTERNATIVE_PAYMENT,0.31472709304463203,1441.0828689540317,alternative payment has strongest net expected value,4594.72
EVT_00002662,ALTERNATIVE_PAYMENT,True,ALLOWED,0.236674,0,0.0,SUBSCRIPTION_FAILURE,2026-08-21 10:23:02,CUS_000677,MER_00005,5725.61,INR,UPI,DESKTOP,AT_RISK,,0,27.85,0,False,False,36,2,3,0.206674,883,77,72,5,0.9351,5488.34,0.6921,14,UPI,EDUCATION,SMALL,832.59,0.9375,0.0625,10,4,8,8.65287901159417,0.9351,5488.34,0.9375,74.35857142857142,0,1,0,RECOVERY_REMINDER,0.37371545407022855,2137.748940979041,reminder has strong predicted recovery value; strong customer payment history,0.0
EVT_00001537,ALTERNATIVE_PAYMENT,True,ALLOWED,0.440714,0,0.0,PAYMENT_FAILURE,2026-08-21 04:08:07,CUS_001708,MER_00185,24096.83,INR,UPI,MOBILE,FAILED,PAYMENT_LIMIT,2,59.01,0,False,False,0,0,0,0.260714,1371,60,43,17,0.7167,8634.62,0.6103,86,CARD,TRAVEL,SMALL,6499.82,0.9334,0.0666,4,4,8,10.089877073930992,0.7167,8634.62,0.9334,401.6138333333334,1,0,1,ALTERNATIVE_PAYMENT,0.45048892738080715,10850.355099977656,alternative payment has strongest net expected value; multiple previous attempts reduce retry priority; high-value transaction,0.0
EVT_00005456,ALTERNATIVE_PAYMENT,True,ALLOWED,0.366368,0,0.0,PAYMENT_FAILURE,2026-08-22 06:32:41,CUS_000598,MER_00060,4169.73,INR,UPI,MOBILE,FAILED,INSUFFICIENT_BALANCE,1,1.51,0,False,False,0,0,0,0.336368,1175,58,54,4,0.931,10090.5,0.8036,62,UPI,FOOD_DELIVERY,LARGE,5310.7,0.9841,0.0159,6,5,8,8.33584635942368,0.931,10090.5,0.9841,71.89189655172413,0,1,0,ALTERNATIVE_PAYMENT,0.45467898422449327,1890.8886008903962,alternative payment has strongest net expected value; strong customer payment history; decision margin is narrow,0.0
EVT_00009728,ALTERNATIVE_PAYMENT,True,ALLOWED,0.73151,1,10146.65,PAYMENT_FAILURE,2026-08-02 13:59:14,CUS_001531,MER_00096,10146.65,INR,UPI,MOBILE,FAILED,BANK_TECHNICAL_ERROR,0,48.95,0,False,False,0,0,0,0.70151,162,31,30,1,0.9677,8623.39,0.4825,41,NETBANKING,TRAVEL,MEDIUM,3014.41,0.9456,0.0544,13,6,8,9.224997430569802,0.9677,8623.39,0.9456,327.31129032258065,1,1,0,RETRY_LATER,0.7411717674694939,7519.41051439434,delayed retry has strong predicted recovery value; strong customer payment history; high-value transaction,10146.65
EVT_00001718,ALTERNATIVE_PAYMENT,True,ALLOWED,0.338512,0,0.0,PAYMENT_FAILURE,2026-08-29 17:47:35,CUS_000773,MER_00196,9337.81,INR,UPI,MOBILE,FAILED,ISSUER_DECLINE,3,14.89,0,False,False,0,0,0,0.158512,37,17,16,1,0.9412,5073.34,0.7944,62,UPI,SAAS,SMALL,9200.06,0.9131,0.0869,17,5,8,9.141934114112097,0.9412,5073.34,0.9131,549.2829411764706,0,1,1,ALTERNATIVE_PAYMENT,0.3815512585742542,3557.8531578272564,alternative payment has strongest net expected value; multiple previous attempts reduce retry priority; strong customer payment history,0.0
EVT_00004694,ALTERNATIVE_PAYMENT,True,ALLOWED,0.744755,1,1906.18,CHECKOUT_ABANDONMENT,2026-08-04 15:05:26,CUS_001892,MER_00025,1906.18,INR,UPI,MOBILE,AT_RISK,,0,6.19,87,True,True,0,0,0,0.714755,390,74,71,3,0.9595,4530.89,0.6351,16,UPI,DIGITAL_SERVICES,MEDIUM,770.56,0.9566,0.0434,15,1,8,7.553380990238865,0.9595,4530.89,0.9566,25.75918918918919,0,1,0,RECOVERY_REMINDER,0.8373561326153931,1594.1515128688102,reminder has strong predicted recovery value; strong customer payment history,1906.18
EVT_00001146,ALTERNATIVE_PAYMENT,True,ALLOWED,0.405676,0,0.0,PAYMENT_FAILURE,2026-08-29 23:39:12,CUS_001479,MER_00087,1004.7,INR,CARD,MOBILE,FAILED,INSUFFICIENT_BALANCE,0,17.54,0,False,False,0,0,0,0.375676,368,33,30,3,0.9091,2050.39,0.8238,49,UPI,TRAVEL,MEDIUM,26627.4,0.8417,0.1583,23,5,8,6.913439095450435,0.9091,2050.39,0.8417,30.445454545454545,0,1,0,RECOVERY_REMINDER,0.4845180988959572,484.79533396076823,reminder has strong predicted recovery value; strong customer payment history,0.0
EVT_00000139,ALTERNATIVE_PAYMENT,True,ALLOWED,0.317534,1,7210.91,SUBSCRIPTION_FAILURE,2026-08-02 23:12:41,CUS_001313,MER_00125,7210.91,INR,NETBANKING,MOBILE,AT_RISK,,0,36.06,0,False,False,89,22,3,0.287534,1176,74,63,11,0.8514,17446.51,0.8746,66,NETBANKING,E_COMMERCE,MEDIUM,4606.05,0.8105,0.1895,23,6,8,8.883489105044012,0.8514,17446.51,0.8105,97.44472972972973,0,0,0,ALTERNATIVE_PAYMENT,0.39434042431543975,2838.5533091004477,alternative payment has strongest net expected value,7210.91
EVT_00006736,ALTERNATIVE_PAYMENT,True,ALLOWED,0.259919,0,0.0,PAYMENT_FAILURE,2026-08-01 16:28:59,CUS_001132,MER_00092,3110.08,INR,NETBANKING,DESKTOP,FAILED,INSUFFICIENT_BALANCE,2,13.13,0,False,False,0,0,0,0.229919,1015,37,33,4,0.8919,5410.66,0.6068,27,NETBANKING,E_COMMERCE,SMALL,2690.26,0.8466,0.1534,16,5,8,8.04272521177112,0.8919,5410.66,0.8466,84.05621621621621,0,0,1,RECOVERY_REMINDER,0.3373018151849383,1047.0356293703728,reminder has strong predicted recovery value; multiple previous attempts reduce retry priority,3110.08
EVT_00007766,ALTERNATIVE_PAYMENT,True,ALLOWED,0.420628,1,1920.56,SUBSCRIPTION_FAILURE,2026-08-29 10:14:50,CUS_000343,MER_00121,1920.56,INR,NETBANKING,MOBILE,AT_RISK,,0,35.59,0,False,False,138,18,2,0.390628,944,44,39,5,0.8864,2949.36,0.7725,20,CARD,SAAS,SMALL,4761.05,0.8269,0.1731,10,5,8,7.560892635122386,0.8864,2949.36,0.8269,43.64909090909091,0,0,0,RETRY_LATER,0.386335549420573,740.9806027951757,delayed retry has strong predicted recovery value; decision margin is narrow,0.0
EVT_00000170,ALTERNATIVE_PAYMENT,True,ALLOWED,0.786784,1,3435.59,CHECKOUT_ABANDONMENT,2026-08-21 18:05:33,CUS_001415,MER_00171,3435.59,INR,UPI,MOBILE,AT_RISK,,0,63.14,406,True,False,0,0,0,0.756784,889,48,44,4,0.9167,2447.31,0.8223,39,UPI,E_COMMERCE,SMALL,2134.84,0.9759,0.0241,18,4,8,8.14223497965565,0.9167,2447.31,0.9759,71.57479166666667,0,1,0,RECOVERY_REMINDER,0.9181858086400772,3152.5099823057626,reminder has strong predicted recovery value; strong customer payment history,3435.59
EVT_00000278,ALTERNATIVE_PAYMENT,True,ALLOWED,0.654032,1,4748.86,PAYMENT_FAILURE,2026-08-04 15:05:53,CUS_000097,MER_00115,4748.86,INR,NETBANKING,MOBILE,FAILED,BANK_TECHNICAL_ERROR,0,58.72,0,False,False,0,0,0,0.624032,382,75,56,19,0.7467,5923.69,0.9288,65,WALLET,E_COMMERCE,MEDIUM,4625.14,0.9927,0.0073,15,1,8,8.465870422910118,0.7467,5923.69,0.9927,63.31813333333333,0,0,0,RETRY_LATER,0.617567756614737,2931.7428166774594,delayed retry has strong predicted recovery value,4748.86
EVT_00000611,ALTERNATIVE_PAYMENT,True,ALLOWED,0.490504,1,9815.59,PAYMENT_FAILURE,2026-08-02 13:24:05,CUS_001817,MER_00091,9815.59,INR,UPI,TABLET,FAILED,PAYMENT_LIMIT,2,47.43,0,False,False,0,0,0,0.310504,374,36,34,2,0.9444,13062.45,0.8863,33,CARD,EDUCATION,SMALL,20175.16,0.9906,0.0094,13,6,8,9.191829090533927,0.9444,13062.45,0.9906,272.65527777777777,0,1,1,RECOVERY_REMINDER,0.4398170915296619,4315.064245447635,reminder has strong predicted recovery value; multiple previous attempts reduce retry priority; strong customer payment history,9815.59
EVT_00009377,ALTERNATIVE_PAYMENT,True,ALLOWED,0.674415,1,4852.79,SUBSCRIPTION_FAILURE,2026-08-30 14:50:20,CUS_001843,MER_00097,4852.79,INR,CARD,DESKTOP,AT_RISK,,0,40.67,0,False,False,482,10,0,0.644415,1230,45,41,4,0.9111,5324.79,0.6769,15,CARD,E_COMMERCE,LARGE,5194.38,0.918,0.082,14,6,8,8.487515122062653,0.9111,5324.79,0.918,107.83977777777778,0,1,0,ALTERNATIVE_PAYMENT,0.5815828130353052,2817.2992592695987,alternative payment has strongest net expected value; strong customer payment history,4852.79
EVT_00005274,ALTERNATIVE_PAYMENT,True,ALLOWED,0.265842,1,4784.68,PAYMENT_FAILURE,2026-08-21 11:21:16,CUS_001043,MER_00169,4784.68,INR,CARD,DESKTOP,FAILED,INSUFFICIENT_BALANCE,2,11.57,0,False,False,0,0,0,0.235842,640,26,22,4,0.8462,3105.67,0.5003,10,CARD,FOOD_DELIVERY,SMALL,4115.41,0.9528,0.0472,11,4,8,8.473383404553077,0.8462,3105.67,0.9528,184.02615384615385,0,0,1,ALTERNATIVE_PAYMENT,0.2863652166612867,1365.1659248549254,alternative payment has strongest net expected value; multiple previous attempts reduce retry priority,4784.68
EVT_00003295,ALTERNATIVE_PAYMENT,True,ALLOWED,0.341532,1,788.21,PAYMENT_FAILURE,2026-08-20 19:34:48,CUS_000265,MER_00128,788.21,INR,UPI,MOBILE,FAILED,INSUFFICIENT_BALANCE,1,23.8,0,False,False,0,0,0,0.311532,1484,9,8,1,0.8889,1215.9,0.8559,9,CARD,TRAVEL,LARGE,637.62,0.9635,0.0365,19,3,8,6.671032445127484,0.8889,1215.9,0.9635,87.5788888888889,0,0,0,ALTERNATIVE_PAYMENT,0.4286366818987642,332.85571903942497,alternative payment has strongest net expected value,788.21
EVT_00007566,ALTERNATIVE_PAYMENT,True,ALLOWED,0.449169,1,8455.6,PAYMENT_FAILURE,2026-08-19 21:39:16,CUS_001342,MER_00180,8455.6,INR,WALLET,MOBILE,FAILED,PAYMENT_LIMIT,2,6.5,0,False,False,0,0,0,0.269169,231,25,23,2,0.92,6527.18,0.9126,1,NETBANKING,EDUCATION,SMALL,8065.97,0.802,0.198,21,2,8,9.04270248056738,0.92,6527.18,0.802,338.224,0,1,1,ALTERNATIVE_PAYMENT,0.3878412881340467,3274.430795946246,alternative payment has strongest net expected value; multiple previous attempts reduce retry priority; strong customer payment history,8455.6
EVT_00004169,ALTERNATIVE_PAYMENT,True,ALLOWED,0.503805,1,5320.3,SUBSCRIPTION_FAILURE,2026-08-03 20:47:01,CUS_000476,MER_00026,5320.3,INR,NETBANKING,DESKTOP,AT_RISK,,0,52.53,0,False,False,250,5,0,0.473805,1183,34,32,2,0.9412,3111.76,0.7167,29,UPI,SAAS,LARGE,6343.17,0.7939,0.2061,20,0,8,8.579472913386683,0.9412,3111.76,0.7939,156.4794117647059,0,1,0,ALTERNATIVE_PAYMENT,0.43188884188160104,2292.778205462682,alternative payment has strongest net expected value; strong customer payment history; decision margin is narrow,5320.3
EVT_00002874,ALTERNATIVE_PAYMENT,True,ALLOWED,0.441443,1,1863.78,PAYMENT_FAILURE,2026-08-20 03:55:56,CUS_000492,MER_00013,1863.78,INR,UPI,MOBILE,FAILED,BANK_TECHNICAL_ERROR,3,44.91,0,False,False,0,0,0,0.411443,1305,21,20,1,0.9524,2986.66,0.7823,48,CARD,TRAVEL,SMALL,3031.81,0.8747,0.1253,3,3,8,7.530898362653309,0.9524,2986.66,0.8747,88.75142857142858,0,1,1,ALTERNATIVE_PAYMENT,0.3836579971882477,710.0541019995123,alternative payment has strongest net expected value; multiple previous attempts reduce retry priority; strong customer payment history,1863.78
EVT_00005348,ALTERNATIVE_PAYMENT,True,ALLOWED,0.429748,0,0.0,PAYMENT_FAILURE,2026-08-02 13:21:59,CUS_001804,MER_00060,16776.06,INR,CARD,MOBILE,FAILED,ISSUER_DECLINE,2,14.48,0,False,False,0,0,0,0.249748,411,2,2,0,1.0,7467.71,0.8434,53,CARD,FOOD_DELIVERY,LARGE,5310.7,0.9841,0.0159,13,6,8,9.727767756088737,1.0,7467.71,0.9841,8388.03,1,1,1,ALTERNATIVE_PAYMENT,0.3985267463589232,6680.708608522078,alternative payment has strongest net expected value; multiple previous attempts reduce retry priority; strong customer payment history; high-value transaction,0.0
EVT_00006732,ALTERNATIVE_PAYMENT,True,ALLOWED,0.770282,1,7711.52,CHECKOUT_ABANDONMENT,2026-08-04 15:40:41,CUS_001084,MER_00195,7711.52,INR,CARD,MOBILE,AT_RISK,,0,57.85,553,True,False,0,0,0,0.740282,847,20,17,3,0.85,5354.49,0.7029,79,UPI,TRAVEL,LARGE,10413.1,0.9379,0.0621,15,1,8,8.95060026140315,0.85,5354.49,0.9379,385.576,0,0,0,RECOVERY_REMINDER,0.9192744451763416,7087.003269466262,reminder has strong predicted recovery value,7711.52
EVT_00006060,ALTERNATIVE_PAYMENT,True,ALLOWED,0.532954,1,1873.64,CHECKOUT_ABANDONMENT,2026-08-29 10:08:34,CUS_000929,MER_00056,1873.64,INR,CARD,DESKTOP,AT_RISK,,0,52.64,500,False,True,0,0,0,0.502954,645,15,12,3,0.8,5035.42,0.5538,73,UPI,SAAS,SMALL,1706.75,0.9351,0.0649,10,5,8,7.536171919970152,0.8,5035.42,0.9351,124.90933333333334,0,0,0,RECOVERY_REMINDER,0.6804509175659149,1272.9200571882009,reminder has strong predicted recovery value,1873.64
EVT_00004625,ALTERNATIVE_PAYMENT,True,ALLOWED,0.761541,1,1961.69,CHECKOUT_ABANDONMENT,2026-08-21 13:31:13,CUS_001386,MER_00159,1961.69,INR,UPI,MOBILE,AT_RISK,,0,27.0,385,True,False,0,0,0,0.731541,375,20,18,2,0.9,3799.72,0.715,82,UPI,EDUCATION,MEDIUM,1436.79,0.8598,0.1402,13,4,8,7.582071260256891,0.9,3799.72,0.8598,98.0845,0,1,0,RECOVERY_REMINDER,0.9107719284136605,1784.6521842497937,reminder has strong predicted recovery value; strong customer payment history,1961.69
EVT_00004703,ALTERNATIVE_PAYMENT,True,ALLOWED,0.558753,0,0.0,PAYMENT_FAILURE,2026-08-21 23:23:42,CUS_000535,MER_00088,33437.48,INR,UPI,MOBILE,FAILED,ISSUER_DECLINE,0,32.91,0,False,False,0,0,0,0.378753,878,64,56,8,0.875,24368.73,0.3159,88,UPI,SAAS,MEDIUM,2014.49,0.8916,0.1084,23,4,8,10.417462611620094,0.875,24368.73,0.8916,522.460625,1,0,0,ALTERNATIVE_PAYMENT,0.613968935417457,20524.57399864251,alternative payment has strongest net expected value; high-value transaction,0.0
EVT_00003326,ALTERNATIVE_PAYMENT,True,ALLOWED,0.781836,1,2308.07,CHECKOUT_ABANDONMENT,2026-08-02 22:57:31,CUS_000857,MER_00103,2308.07,INR,CARD,MOBILE,AT_RISK,,0,60.46,595,True,False,0,0,0,0.751836,389,45,42,3,0.9333,5451.1,0.753,24,UPI,FOOD_DELIVERY,SMALL,12886.43,0.9255,0.0745,22,6,8,7.74460012504915,0.9333,5451.1,0.9255,51.29044444444445,0,1,0,RECOVERY_REMINDER,0.8626316527439222,1989.0142387486646,reminder has strong predicted recovery value; strong customer payment history,2308.07
EVT_00001078,ALTERNATIVE_PAYMENT,True,ALLOWED,0.730461,1,5116.45,CHECKOUT_ABANDONMENT,2026-08-04 15:00:10,CUS_001720,MER_00073,5116.45,INR,UPI,MOBILE,AT_RISK,,0,27.75,142,True,False,0,0,0,0.700461,790,21,16,5,0.7619,4729.91,0.7223,29,CARD,FOOD_DELIVERY,MEDIUM,9905.73,0.8881,0.1119,15,1,8,8.540411547092013,0.7619,4729.91,0.8881,243.6404761904762,0,0,0,RECOVERY_REMINDER,0.8036635262440704,4109.904248851474,reminder has strong predicted recovery value,0.0
EVT_00008544,ALTERNATIVE_PAYMENT,True,ALLOWED,0.365111,0,0.0,PAYMENT_FAILURE,2026-08-29 10:32:34,CUS_001299,MER_00128,5374.25,INR,CARD,DESKTOP,FAILED,INSUFFICIENT_BALANCE,1,47.36,0,False,False,0,0,0,0.335111,809,43,40,3,0.9302,5390.74,0.6678,80,UPI,TRAVEL,LARGE,637.62,0.9635,0.0365,10,5,8,8.58956036354214,0.9302,5390.74,0.9635,124.98255813953489,0,1,0,ALTERNATIVE_PAYMENT,0.4065365079991642,2179.8288281145083,alternative payment has strongest net expected value; strong customer payment history,0.0
EVT_00002550,ALTERNATIVE_PAYMENT,True,ALLOWED,0.26879,0,0.0,PAYMENT_FAILURE,2026-08-22 06:03:31,CUS_001203,MER_00035,912.31,INR,CARD,MOBILE,FAILED,INSUFFICIENT_BALANCE,2,7.57,0,False,False,0,0,0,0.23879,1477,61,53,8,0.8689,1530.88,0.633,66,CARD,DIGITAL_SERVICES,SMALL,1661.67,0.979,0.021,6,5,8,6.8170753629424095,0.8689,1530.88,0.979,14.955901639344262,0,0,1,RECOVERY_REMINDER,0.27158827770440847,245.77270163250887,reminder has strong predicted recovery value; multiple previous attempts reduce retry priority; decision margin is narrow,0.0
EVT_00001290,ALTERNATIVE_PAYMENT,True,ALLOWED,0.310808,0,0.0,SUBSCRIPTION_FAILURE,2026-08-21 18:24:48,CUS_001790,MER_00138,798.22,INR,UPI,MOBILE,AT_RISK,,0,65.96,0,False,False,252,20,3,0.280808,1137,25,21,4,0.84,2183.18,0.4861,75,CARD,E_COMMERCE,MEDIUM,9578.85,0.8707,0.1293,18,4,8,6.683636252046248,0.84,2183.18,0.8707,31.928800000000003,0,0,0,RECOVERY_REMINDER,0.4124030025070396,327.18832466116913,reminder has strong predicted recovery value,798.22
EVT_00005373,ALTERNATIVE_PAYMENT,True,ALLOWED,0.451965,0,0.0,PAYMENT_FAILURE,2026-08-29 23:42:39,CUS_000286,MER_00060,9390.78,INR,NETBANKING,DESKTOP,FAILED,TIMEOUT,3,65.38,0,False,False,0,0,0,0.421965,1408,66,62,4,0.9394,7702.09,0.7834,49,CARD,FOOD_DELIVERY,LARGE,5310.7,0.9841,0.0159,23,5,8,9.147590117602727,0.9394,7702.09,0.9841,142.28454545454545,0,1,1,ALTERNATIVE_PAYMENT,0.3968427459350655,3721.662921672095,alternative payment has strongest net expected value; multiple previous attempts reduce retry priority; strong customer payment history,0.0
EVT_00001224,ALTERNATIVE_PAYMENT,True,ALLOWED,0.588065,0,0.0,PAYMENT_FAILURE,2026-08-03 22:34:49,CUS_000639,MER_00032,12819.78,INR,CARD,MOBILE,FAILED,PAYMENT_LIMIT,0,24.0,0,False,False,0,0,0,0.408065,1195,12,10,2,0.8333,5372.93,0.6655,80,UPI,TRAVEL,SMALL,7142.77,0.8186,0.1814,22,0,8,9.458822571057533,0.8333,5372.93,0.8186,1068.315,1,0,0,ALTERNATIVE_PAYMENT,0.5736697863572772,7349.320453747295,alternative payment has strongest net expected value; high-value transaction,0.0
EVT_00005999,ALTERNATIVE_PAYMENT,True,ALLOWED,0.718703,1,13313.13,SUBSCRIPTION_FAILURE,2026-08-20 19:01:32,CUS_001111,MER_00145,13313.13,INR,UPI,DESKTOP,AT_RISK,,0,19.32,0,False,False,419,6,0,0.688703,959,43,42,1,0.9767,5750.8,0.9227,27,CARD,DIGITAL_SERVICES,SMALL,22876.16,0.9386,0.0614,19,3,8,9.49658115627101,0.9767,5750.8,0.9386,309.60767441860463,1,1,0,RECOVERY_REMINDER,0.5513756469227331,7338.535666316446,reminder has strong predicted recovery value; strong customer payment history; high-value transaction,13313.13
EVT_00008557,ALTERNATIVE_PAYMENT,True,ALLOWED,0.39788,0,0.0,PAYMENT_FAILURE,2026-08-04 13:23:21,CUS_001592,MER_00053,1197.78,INR,NETBANKING,MOBILE,FAILED,TIMEOUT,3,60.13,0,False,False,0,0,0,0.36788,539,24,21,3,0.875,1569.29,0.7378,68,CARD,E_COMMERCE,SMALL,2869.11,0.924,0.076,13,1,8,7.089059651953323,0.875,1569.29,0.924,49.9075,0,0,1,ALTERNATIVE_PAYMENT,0.4352614357027595,516.3474424560512,alternative payment has strongest net expected value; multiple previous attempts reduce retry priority,0.0
EVT_00006564,ALTERNATIVE_PAYMENT,True,ALLOWED,0.813915,1,16202.87,CHECKOUT_ABANDONMENT,2026-08-02 16:52:53,CUS_000281,MER_00109,16202.87,INR,UPI,TABLET,AT_RISK,,0,59.75,439,True,True,0,0,0,0.783915,435,61,59,2,0.9672,11455.2,0.8421,9,CARD,E_COMMERCE,SMALL,4316.36,0.9135,0.0865,16,6,8,9.693005381579956,0.9672,11455.2,0.9135,265.6208196721312,1,1,0,RECOVERY_REMINDER,0.9305668476718251,15075.853659136385,reminder has strong predicted recovery value; strong customer payment history; high-value transaction,16202.87
EVT_00001166,ALTERNATIVE_PAYMENT,True,ALLOWED,0.463927,0,0.0,PAYMENT_FAILURE,2026-08-30 10:30:42,CUS_001612,MER_00140,4315.38,INR,CARD,MOBILE,FAILED,PAYMENT_LIMIT,2,34.25,0,False,False,0,0,0,0.283927,241,54,49,5,0.9074,5296.0,0.7454,10,CARD,EDUCATION,MEDIUM,8286.12,0.9696,0.0304,10,6,8,8.370172366987973,0.9074,5296.0,0.9696,79.91444444444444,0,1,1,ALTERNATIVE_PAYMENT,0.43132755915060816,1856.3423222073516,alternative payment has strongest net expected value; multiple previous attempts reduce retry priority; strong customer payment history,0.0
EVT_00009612,ALTERNATIVE_PAYMENT,True,ALLOWED,0.758265,1,6204.97,CHECKOUT_ABANDONMENT,2026-08-29 17:46:51,CUS_000504,MER_00085,6204.97,INR,UPI,MOBILE,AT_RISK,,0,70.11,787,True,False,0,0,0,0.728265,1305,9,8,1,0.8889,5676.96,0.9505,87,UPI,EDUCATION,SMALL,4896.74,0.8068,0.1932,17,5,8,8.73326701096506,0.8889,5676.96,0.8068,689.4411111111111,0,0,0,RECOVERY_REMINDER,0.9535160648721587,5914.538577049799,reminder has strong predicted recovery value,6204.97
EVT_00000564,ALTERNATIVE_PAYMENT,True,ALLOWED,0.636187,1,5569.08,SUBSCRIPTION_FAILURE,2026-08-29 11:03:44,CUS_000787,MER_00178,5569.08,INR,UPI,DESKTOP,AT_RISK,,0,11.88,0,False,False,891,13,0,0.606187,77,23,18,5,0.7826,3434.09,0.6769,6,CARD,EDUCATION,SMALL,7809.93,0.9459,0.0541,11,5,8,8.625164695475279,0.7826,3434.09,0.9459,242.13391304347826,0,0,0,RECOVERY_REMINDER,0.5249613229656366,2921.5516045014674,reminder has strong predicted recovery value,0.0
EVT_00006552,ALTERNATIVE_PAYMENT,True,ALLOWED,0.620336,1,20570.36,SUBSCRIPTION_FAILURE,2026-08-02 22:47:05,CUS_000666,MER_00097,20570.36,INR,NETBANKING,MOBILE,AT_RISK,,0,1.42,0,False,False,789,6,1,0.590336,1051,43,41,2,0.9535,10457.13,0.6602,89,UPI,E_COMMERCE,LARGE,5194.38,0.918,0.082,22,6,8,9.931655096163935,0.9535,10457.13,0.918,478.3804651162791,1,1,0,ALTERNATIVE_PAYMENT,0.5822423395463695,11971.934531711058,alternative payment has strongest net expected value; strong customer payment history; high-value transaction,20570.36
EVT_00008028,ALTERNATIVE_PAYMENT,True,ALLOWED,0.784128,1,11324.91,CHECKOUT_ABANDONMENT,2026-08-01 13:35:57,CUS_001459,MER_00155,11324.91,INR,NETBANKING,MOBILE,AT_RISK,,0,11.04,554,True,False,0,0,0,0.754128,417,67,62,5,0.9254,15295.52,0.8529,52,UPI,SAAS,SMALL,2912.27,0.843,0.157,13,5,8,9.334848300323973,0.9254,15295.52,0.843,169.02850746268658,1,1,0,RECOVERY_REMINDER,0.9525496745613704,10785.53933493681,reminder has strong predicted recovery value; strong customer payment history; high-value transaction,11324.91
EVT_00003942,ALTERNATIVE_PAYMENT,True,ALLOWED,0.226739,0,0.0,PAYMENT_FAILURE,2026-08-03 20:23:15,CUS_000464,MER_00168,14049.02,INR,UPI,MOBILE,FAILED,INSUFFICIENT_BALANCE,3,9.95,0,False,False,0,0,0,0.196739,646,47,43,4,0.9149,4930.04,0.6277,67,NETBANKING,RETAIL,LARGE,1697.36,0.8567,0.1433,20,0,8,9.550379098248424,0.9149,4930.04,0.8567,298.9153191489362,1,1,1,ALTERNATIVE_PAYMENT,0.23911627597762358,3354.3493435351534,alternative payment has strongest net expected value; multiple previous attempts reduce retry priority; strong customer payment history; high-value transaction,0.0
EVT_00009105,ALTERNATIVE_PAYMENT,True,ALLOWED,0.54661,0,0.0,PAYMENT_FAILURE,2026-08-04 13:29:40,CUS_001467,MER_00062,885.45,INR,CARD,MOBILE,FAILED,TIMEOUT,1,41.08,0,False,False,0,0,0,0.51661,964,43,34,9,0.7907,1032.93,0.6093,60,NETBANKING,SAAS,SMALL,1825.36,0.9707,0.0293,13,1,8,6.78722472234439,0.7907,1032.93,0.9707,20.59186046511628,0,0,0,ALTERNATIVE_PAYMENT,0.5482626797697062,480.45918980208637,alternative payment has strongest net expected value,0.0
EVT_00006168,ALTERNATIVE_PAYMENT,True,ALLOWED,0.354099,1,1436.0,PAYMENT_FAILURE,2026-08-22 02:48:14,CUS_001421,MER_00078,1436.0,INR,UPI,DESKTOP,FAILED,ISSUER_DECLINE,2,42.63,0,False,False,0,0,0,0.174099,1426,41,34,7,0.8293,1498.53,0.6646,9,WALLET,E_COMMERCE,LARGE,10945.16,0.9248,0.0752,2,5,8,7.270312886079025,0.8293,1498.53,0.9248,35.02439024390244,0,0,1,ALTERNATIVE_PAYMENT,0.4037923696036205,574.8458427507991,alternative payment has strongest net expected value; multiple previous attempts reduce retry priority,1436.0
EVT_00003112,ALTERNATIVE_PAYMENT,True,ALLOWED,0.279511,0,0.0,PAYMENT_FAILURE,2026-08-02 16:48:19,CUS_001135,MER_00184,70703.08,INR,UPI,MOBILE,FAILED,INSUFFICIENT_BALANCE,3,46.23,0,False,False,0,0,0,0.249511,932,57,47,10,0.8246,19601.21,0.8479,24,UPI,E_COMMERCE,MEDIUM,7360.37,0.9586,0.0414,16,6,8,11.166258558847591,0.8246,19601.21,0.9586,1240.4049122807019,1,0,1,ALTERNATIVE_PAYMENT,0.24911580033856257,17608.254360601415,alternative payment has strongest net expected value; multiple previous attempts reduce retry priority; high-value transaction,0.0
EVT_00006672,ALTERNATIVE_PAYMENT,True,ALLOWED,0.409677,0,0.0,PAYMENT_FAILURE,2026-08-30 18:27:28,CUS_000106,MER_00126,27989.65,INR,CARD,MOBILE,FAILED,EXPIRED_PAYMENT_METHOD,3,4.91,0,False,False,0,0,0,0.229677,1186,22,17,5,0.7727,29672.98,0.5848,10,CARD,DIGITAL_SERVICES,SMALL,2499.99,0.8824,0.1176,18,6,8,10.239625804819353,0.7727,29672.98,0.8824,1272.2568181818183,1,0,1,ALTERNATIVE_PAYMENT,0.4348162328465173,12165.354171692525,alternative payment has strongest net expected value; multiple previous attempts reduce retry priority; high-value transaction,0.0
EVT_00009779,ALTERNATIVE_PAYMENT,True,ALLOWED,0.781329,1,3664.27,CHECKOUT_ABANDONMENT,2026-08-20 13:07:00,CUS_000504,MER_00182,3664.27,INR,UPI,MOBILE,AT_RISK,,0,61.14,162,True,False,0,0,0,0.751329,1305,9,8,1,0.8889,5676.96,0.9505,87,UPI,DIGITAL_SERVICES,SMALL,4671.98,0.9884,0.0116,13,3,8,8.206657281457193,0.8889,5676.96,0.9884,407.1411111111111,0,0,0,RECOVERY_REMINDER,0.9025847354903911,3305.314168715375,reminder has strong predicted recovery value,3664.27
EVT_00007608,ALTERNATIVE_PAYMENT,True,ALLOWED,0.482829,0,0.0,PAYMENT_FAILURE,2026-08-03 22:22:29,CUS_000628,MER_00020,8937.95,INR,UPI,MOBILE,FAILED,ISSUER_DECLINE,1,55.44,0,False,False,0,0,0,0.302829,570,1,1,0,1.0,6684.77,0.6354,81,CARD,FOOD_DELIVERY,LARGE,3635.97,0.9772,0.0228,22,0,8,9.098173411605378,1.0,6684.77,0.9772,8937.95,0,1,0,ALTERNATIVE_PAYMENT,0.4726627314886984,4219.635860909412,alternative payment has strongest net expected value; strong customer payment history,0.0
EVT_00000547,ALTERNATIVE_PAYMENT,True,ALLOWED,0.197017,1,1431.32,PAYMENT_FAILURE,2026-08-04 14:46:24,CUS_000461,MER_00126,1431.32,INR,CARD,MOBILE,FAILED,INSUFFICIENT_BALANCE,3,6.63,0,False,False,0,0,0,0.167017,1093,27,23,4,0.8519,1846.27,0.359,78,CARD,DIGITAL_SERVICES,SMALL,2499.99,0.8824,0.1176,14,1,8,7.267050786243451,0.8519,1846.27,0.8824,53.01185185185185,0,0,1,ALTERNATIVE_PAYMENT,0.25939871289766925,366.2825657446919,alternative payment has strongest net expected value; multiple previous attempts reduce retry priority,1431.32
EVT_00000385,ALTERNATIVE_PAYMENT,True,ALLOWED,0.810129,1,29917.74,CHECKOUT_ABANDONMENT,2026-08-01 11:27:05,CUS_000660,MER_00100,29917.74,INR,CARD,MOBILE,AT_RISK,,0,50.62,99,True,False,0,0,0,0.780129,453,13,13,0,1.0,9502.25,0.58,70,CARD,EDUCATION,MEDIUM,10164.26,0.9653,0.0347,11,5,8,10.306240318902201,1.0,9502.25,0.9653,2301.3646153846157,1,1,0,RECOVERY_REMINDER,0.8935114466173342,26729.843146921285,reminder has strong predicted recovery value; strong customer payment history; high-value transaction,29917.74
EVT_00000252,ALTERNATIVE_PAYMENT,True,ALLOWED,0.440019,0,0.0,PAYMENT_FAILURE,2026-08-20 19:24:01,CUS_000177,MER_00117,4753.21,INR,NETBANKING,MOBILE,FAILED,TIMEOUT,2,17.5,0,False,False,0,0,0,0.410019,1084,9,7,2,0.7778,9528.72,0.6845,81,UPI,TRAVEL,SMALL,11500.96,0.8461,0.1539,19,3,8,8.46678582027225,0.7778,9528.72,0.8461,528.1344444444444,0,0,1,ALTERNATIVE_PAYMENT,0.4050428013665089,1920.2534938833037,alternative payment has strongest net expected value; multiple previous attempts reduce retry priority,0.0
EVT_00009734,ALTERNATIVE_PAYMENT,True,ALLOWED,0.362854,0,0.0,PAYMENT_FAILURE,2026-08-02 14:15:22,CUS_001747,MER_00153,3591.07,INR,UPI,DESKTOP,FAILED,EXPIRED_PAYMENT_METHOD,3,52.17,0,False,False,0,0,0,0.182854,1482,36,27,9,0.75,4202.19,0.5398,27,UPI,DIGITAL_SERVICES,MEDIUM,11301.58,0.8712,0.1288,14,6,8,8.186483916982763,0.75,4202.19,0.8712,99.75194444444445,0,0,1,ALTERNATIVE_PAYMENT,0.38547797289791236,1379.2783841345063,alternative payment has strongest net expected value; multiple previous attempts reduce retry priority,0.0
EVT_00005774,ALTERNATIVE_PAYMENT,True,ALLOWED,0.820977,1,18289.6,CHECKOUT_ABANDONMENT,2026-08-30 13:25:15,CUS_000155,MER_00096,18289.6,INR,NETBANKING,DESKTOP,AT_RISK,,0,8.26,850,True,False,0,0,0,0.790977,668,56,54,2,0.9643,27208.45,0.8072,16,UPI,TRAVEL,MEDIUM,3014.41,0.9456,0.0544,13,6,8,9.814142545658218,0.9643,27208.45,0.9456,326.59999999999997,1,1,0,RECOVERY_REMINDER,0.8763965128318323,16026.941661089078,reminder has strong predicted recovery value; strong customer payment history; high-value transaction,18289.6
EVT_00006048,ALTERNATIVE_PAYMENT,True,ALLOWED,0.429967,0,0.0,PAYMENT_FAILURE,2026-08-20 03:46:17,CUS_000301,MER_00026,8697.7,INR,WALLET,DESKTOP,FAILED,NETWORK_ERROR,2,32.49,0,False,False,0,0,0,0.399967,564,22,18,4,0.8182,6340.43,0.8077,15,WALLET,SAAS,LARGE,6343.17,0.7939,0.2061,3,3,8,9.070928868190249,0.8182,6340.43,0.7939,395.35,0,0,1,RECOVERY_REMINDER,0.42532508739726504,3697.3500126551926,reminder has strong predicted recovery value; multiple previous attempts reduce retry priority,0.0
EVT_00009275,ALTERNATIVE_PAYMENT,True,ALLOWED,0.563186,0,0.0,PAYMENT_FAILURE,2026-08-01 06:01:25,CUS_001344,MER_00050,5457.02,INR,NETBANKING,DESKTOP,FAILED,TIMEOUT,1,8.21,0,False,False,0,0,0,0.533186,875,49,39,10,0.7959,2877.74,0.5992,24,CARD,SAAS,SMALL,2988.65,0.9869,0.0131,6,5,8,8.604841365607484,0.7959,2877.74,0.9869,111.36775510204083,0,0,0,RETRY_LATER,0.5360900105328662,2924.453909278062,delayed retry has strong predicted recovery value,5457.02
EVT_00006225,ALTERNATIVE_PAYMENT,True,ALLOWED,0.489382,0,0.0,PAYMENT_FAILURE,2026-08-19 22:53:14,CUS_001427,MER_00065,5422.81,INR,CARD,MOBILE,FAILED,NETWORK_ERROR,1,33.99,0,False,False,0,0,0,0.459382,1017,38,31,7,0.8158,5039.1,0.9349,61,UPI,DIGITAL_SERVICES,MEDIUM,5883.79,0.7053,0.2947,22,2,8,8.59855379950816,0.8158,5039.1,0.7053,142.70552631578948,0,0,0,ALTERNATIVE_PAYMENT,0.606707593205123,3285.0600035086736,alternative payment has strongest net expected value,0.0
EVT_00009492,ALTERNATIVE_PAYMENT,True,ALLOWED,0.584473,0,0.0,PAYMENT_FAILURE,2026-08-02 17:26:17,CUS_000925,MER_00070,4752.7,INR,UPI,DESKTOP,FAILED,EXPIRED_PAYMENT_METHOD,0,56.98,0,False,False,0,0,0,0.404473,394,34,28,6,0.8235,2616.87,0.6313,8,UPI,DIGITAL_SERVICES,SMALL,32979.79,0.7942,0.2058,17,6,8,8.466678541175058,0.8235,2616.87,0.7942,139.78529411764706,0,0,0,ALTERNATIVE_PAYMENT,0.5753619688018957,2729.5228291247695,alternative payment has strongest net expected value,0.0
EVT_00002926,ALTERNATIVE_PAYMENT,True,ALLOWED,0.356168,1,28760.3,PAYMENT_FAILURE,2026-08-29 17:49:43,CUS_001569,MER_00118,28760.3,INR,UPI,MOBILE,FAILED,ISSUER_DECLINE,3,60.25,0,False,False,0,0,0,0.176168,1366,60,53,7,0.8833,13073.28,0.9457,47,CARD,E_COMMERCE,MEDIUM,1563.87,0.9374,0.0626,17,5,8,10.266786012482402,0.8833,13073.28,0.9374,479.3383333333333,1,0,1,ALTERNATIVE_PAYMENT,0.3524447406608948,10131.416474829533,alternative payment has strongest net expected value; multiple previous attempts reduce retry priority; high-value transaction,28760.3
EVT_00007137,ALTERNATIVE_PAYMENT,True,ALLOWED,0.331627,0,0.0,PAYMENT_FAILURE,2026-08-02 23:48:48,CUS_000568,MER_00197,1530.19,INR,UPI,MOBILE,FAILED,ISSUER_DECLINE,3,64.32,0,False,False,0,0,0,0.151627,396,51,48,3,0.9412,3248.96,0.7235,74,UPI,E_COMMERCE,SMALL,1239.03,0.945,0.055,23,6,8,7.333800489851868,0.9412,3248.96,0.945,30.00372549019608,0,1,1,ALTERNATIVE_PAYMENT,0.3930459203487051,596.4349368583851,alternative payment has strongest net expected value; multiple previous attempts reduce retry priority; strong customer payment history,0.0
EVT_00004658,ALTERNATIVE_PAYMENT,True,ALLOWED,0.553784,0,0.0,PAYMENT_FAILURE,2026-08-20 21:42:12,CUS_000344,MER_00122,4010.82,INR,UPI,MOBILE,FAILED,TIMEOUT,1,61.87,0,False,False,0,0,0,0.523784,787,59,52,7,0.8814,3190.86,0.8317,55,WALLET,TRAVEL,LARGE,1261.74,0.7975,0.2025,21,3,8,8.297000282671556,0.8814,3190.86,0.7975,67.98,0,0,0,ALTERNATIVE_PAYMENT,0.6013224269533516,2406.7960164730416,alternative payment has strongest net expected value,0.0
EVT_00004666,ALTERNATIVE_PAYMENT,True,ALLOWED,0.399843,0,0.0,SUBSCRIPTION_FAILURE,2026-08-02 10:25:40,CUS_000907,MER_00047,4170.83,INR,CARD,MOBILE,AT_RISK,,0,27.89,0,False,False,443,15,2,0.369843,634,50,41,9,0.82,2956.79,0.8216,59,CARD,DIGITAL_SERVICES,SMALL,5866.47,0.813,0.187,10,6,8,8.336110067447686,0.82,2956.79,0.813,83.4166,0,0,0,ALTERNATIVE_PAYMENT,0.4363647761841667,1815.003299452208,alternative payment has strongest net expected value,0.0
EVT_00002421,ALTERNATIVE_PAYMENT,True,ALLOWED,0.584444,0,0.0,SUBSCRIPTION_FAILURE,2026-08-03 01:15:33,CUS_001622,MER_00180,4874.13,INR,UPI,MOBILE,AT_RISK,,0,12.34,0,False,False,65,22,0,0.554444,35,18,13,5,0.7222,7503.54,0.6684,45,WALLET,EDUCATION,SMALL,8065.97,0.802,0.198,1,0,8,8.491902049743064,0.7222,7503.54,0.802,270.785,0,0,0,RECOVERY_REMINDER,0.45830111160438336,2231.819197104273,reminder has strong predicted recovery value,0.0
EVT_00003271,ALTERNATIVE_PAYMENT,True,ALLOWED,0.463393,1,2909.1,SUBSCRIPTION_FAILURE,2026-08-20 11:57:46,CUS_001264,MER_00154,2909.1,INR,UPI,MOBILE,AT_RISK,,0,21.89,0,False,False,811,14,2,0.433393,1239,69,64,5,0.9275,3819.02,0.83,65,UPI,E_COMMERCE,SMALL,7670.89,0.9583,0.0417,11,3,8,7.975942723836269,0.9275,3819.02,0.9583,42.16086956521739,0,1,0,RECOVERY_REMINDER,0.47212344128850575,1371.454303052392,reminder has strong predicted recovery value; strong customer payment history,0.0
EVT_00009368,ALTERNATIVE_PAYMENT,True,ALLOWED,0.364999,1,9838.8,SUBSCRIPTION_FAILURE,2026-08-03 18:19:03,CUS_000606,MER_00175,9838.8,INR,CARD,DESKTOP,AT_RISK,,0,15.07,0,False,False,582,6,3,0.334999,818,60,53,7,0.8833,7697.32,0.8487,3,UPI,RETAIL,SMALL,14742.91,0.995,0.005,18,0,8,9.194190664636487,0.8833,7697.32,0.995,163.98,0,0,0,RECOVERY_REMINDER,0.4219653406726199,4149.6325938097725,reminder has strong predicted recovery value,0.0
EVT_00006302,ALTERNATIVE_PAYMENT,True,ALLOWED,0.409604,1,989.14,SUBSCRIPTION_FAILURE,2026-08-21 23:46:22,CUS_000731,MER_00096,989.14,INR,CARD,DESKTOP,AT_RISK,,0,14.19,0,False,False,680,5,0,0.379604,1101,76,48,28,0.6316,4401.81,0.8009,59,WALLET,TRAVEL,MEDIUM,3014.41,0.9456,0.0544,23,4,8,6.897846347272012,0.6316,4401.81,0.9456,13.015,0,0,0,RECOVERY_REMINDER,0.5190089965439871,511.37255884151944,reminder has strong predicted recovery value,0.0
EVT_00008427,ALTERNATIVE_PAYMENT,True,ALLOWED,0.731395,1,16721.12,PAYMENT_FAILURE,2026-08-04 19:12:30,CUS_001494,MER_00199,16721.12,INR,CARD,DESKTOP,FAILED,BANK_TECHNICAL_ERROR,0,70.9,0,False,False,0,0,0,0.701395,519,59,55,4,0.9322,13941.31,0.7064,22,CARD,SAAS,SMALL,1416.06,0.9293,0.0707,19,1,8,9.724487672859354,0.9322,13941.31,0.9293,283.408813559322,1,1,0,RECOVERY_REMINDER,0.7137923910479306,11933.408225799372,reminder has strong predicted recovery value; strong customer payment history; high-value transaction,0.0
EVT_00006017,ALTERNATIVE_PAYMENT,True,ALLOWED,0.400302,1,2795.96,SUBSCRIPTION_FAILURE,2026-08-19 18:46:54,CUS_000690,MER_00171,2795.96,INR,CARD,DESKTOP,AT_RISK,,0,44.44,0,False,False,540,23,2,0.370302,1180,78,58,20,0.7436,3650.79,0.9831,7,UPI,E_COMMERCE,SMALL,2134.84,0.9759,0.0241,18,2,8,7.936288392062874,0.7436,3650.79,0.9759,35.84564102564103,0,0,0,ALTERNATIVE_PAYMENT,0.3940561540869093,1096.7652445808349,alternative payment has strongest net expected value,2795.96
EVT_00004081,ALTERNATIVE_PAYMENT,True,ALLOWED,0.550233,0,0.0,SUBSCRIPTION_FAILURE,2026-08-02 10:19:09,CUS_001353,MER_00107,790.48,INR,UPI,MOBILE,AT_RISK,,0,12.06,0,False,False,74,10,1,0.520233,758,9,8,1,0.8889,595.55,0.7658,32,UPI,E_COMMERCE,SMALL,15795.0,0.9309,0.0691,10,6,8,6.6739046105242394,0.8889,595.55,0.9309,87.83111111111111,0,0,0,RECOVERY_REMINDER,0.6121293550707857,481.8760125963547,reminder has strong predicted recovery value,0.0
EVT_00007636,ALTERNATIVE_PAYMENT,True,ALLOWED,0.437579,1,3844.87,PAYMENT_FAILURE,2026-08-22 07:30:37,CUS_000927,MER_00084,3844.87,INR,UPI,MOBILE,FAILED,TIMEOUT,2,55.85,0,False,False,0,0,0,0.407579,825,49,39,10,0.7959,3317.34,0.7327,82,UPI,SAAS,LARGE,2123.34,0.8109,0.1891,7,5,8,8.254755124225392,0.7959,3317.34,0.8109,78.46673469387756,0,0,1,RECOVERY_REMINDER,0.3923593572154634,1506.5707217770187,reminder has strong predicted recovery value; multiple previous attempts reduce retry priority; decision margin is narrow,0.0
EVT_00004601,ALTERNATIVE_PAYMENT,True,ALLOWED,0.59566,0,0.0,PAYMENT_FAILURE,2026-08-30 15:47:50,CUS_000939,MER_00033,702.5,INR,UPI,MOBILE,FAILED,BANK_TECHNICAL_ERROR,1,66.26,0,False,False,0,0,0,0.56566,708,72,67,5,0.9306,2372.12,0.6174,54,UPI,RETAIL,SMALL,1741.31,0.8328,0.1672,15,6,8,6.556067876554444,0.9306,2372.12,0.8328,9.756944444444445,0,1,0,RETRY_LATER,0.5489717813160453,384.65267637452183,delayed retry has strong predicted recovery value; strong customer payment history; decision margin is narrow,0.0
EVT_00001710,ALTERNATIVE_PAYMENT,True,ALLOWED,0.439832,1,2810.09,SUBSCRIPTION_FAILURE,2026-08-29 08:46:34,CUS_000975,MER_00169,2810.09,INR,UPI,DESKTOP,AT_RISK,,0,41.11,0,False,False,167,4,1,0.409832,247,2,2,0,1.0,6669.04,0.9328,84,CARD,FOOD_DELIVERY,SMALL,4115.41,0.9528,0.0472,8,5,8,7.94132758746977,1.0,6669.04,0.9528,1405.045,0,1,0,ALTERNATIVE_PAYMENT,0.5306144150018917,1486.0742614526657,alternative payment has strongest net expected value; strong customer payment history,2810.09
EVT_00005764,ALTERNATIVE_PAYMENT,True,ALLOWED,0.594359,1,3719.49,PAYMENT_FAILURE,2026-08-01 18:09:47,CUS_000615,MER_00164,3719.49,INR,UPI,MOBILE,FAILED,PAYMENT_LIMIT,0,55.64,0,False,False,0,0,0,0.414359,1038,9,8,1,0.8889,3969.64,0.7963,25,CARD,EDUCATION,LARGE,10820.21,0.8606,0.1394,18,5,8,8.221610659022925,0.8889,3969.64,0.8606,413.27666666666664,0,0,0,ALTERNATIVE_PAYMENT,0.6402858974128952,2376.5369925682894,alternative payment has strongest net expected value,3719.49
EVT_00008304,ALTERNATIVE_PAYMENT,True,ALLOWED,0.497757,1,1598.09,PAYMENT_FAILURE,2026-08-29 23:14:19,CUS_000473,MER_00178,1598.09,INR,CARD,MOBILE,FAILED,ISSUER_DECLINE,0,19.49,0,False,False,0,0,0,0.317757,665,33,29,4,0.8788,2360.96,0.5448,4,NETBANKING,EDUCATION,SMALL,7809.93,0.9459,0.0541,23,5,8,7.377189996428239,0.8788,2360.96,0.9459,48.42696969696969,0,0,0,ALTERNATIVE_PAYMENT,0.5318282177827282,844.9093565564,alternative payment has strongest net expected value,1598.09
EVT_00005428,ALTERNATIVE_PAYMENT,True,ALLOWED,0.370698,0,0.0,PAYMENT_FAILURE,2026-08-20 07:25:40,CUS_000143,MER_00045,8856.13,INR,CARD,MOBILE,FAILED,ISSUER_DECLINE,2,41.67,0,False,False,0,0,0,0.190698,436,77,64,13,0.8312,5121.33,0.6037,77,UPI,FOOD_DELIVERY,MEDIUM,1683.01,0.9677,0.0323,7,3,8,9.088978063357958,0.8312,5121.33,0.9677,115.01467532467531,0,0,1,ALTERNATIVE_PAYMENT,0.3888677919539938,3438.863718357523,alternative payment has strongest net expected value; multiple previous attempts reduce retry priority,0.0
EVT_00001418,ALTERNATIVE_PAYMENT,True,ALLOWED,0.415595,1,4570.65,PAYMENT_FAILURE,2026-08-04 19:27:48,CUS_001806,MER_00029,4570.65,INR,UPI,MOBILE,FAILED,ISSUER_DECLINE,1,11.03,0,False,False,0,0,0,0.235595,96,68,58,10,0.8529,4185.36,0.5683,54,CARD,FOOD_DELIVERY,SMALL,5041.91,0.8787,0.1213,19,1,8,8.427629469053493,0.8529,4185.36,0.8787,67.21544117647058,0,0,0,ALTERNATIVE_PAYMENT,0.44723592069688867,2039.158860933234,alternative payment has strongest net expected value,4570.65
EVT_00007595,ALTERNATIVE_PAYMENT,True,ALLOWED,0.685221,1,3361.7,PAYMENT_FAILURE,2026-08-01 02:28:41,CUS_000928,MER_00004,3361.7,INR,CARD,MOBILE,FAILED,TIMEOUT,0,40.44,0,False,False,0,0,0,0.655221,472,26,24,2,0.9231,4143.23,0.8942,71,NETBANKING,EDUCATION,MEDIUM,2207.0,0.9735,0.0265,2,5,8,8.120499501695159,0.9231,4143.23,0.9735,129.29615384615383,0,1,0,RETRY_LATER,0.7417757924442016,2492.627681459672,delayed retry has strong predicted recovery value; strong customer payment history,3361.7
EVT_00005193,ALTERNATIVE_PAYMENT,True,ALLOWED,0.636506,1,2458.48,PAYMENT_FAILURE,2026-08-03 17:53:08,CUS_000214,MER_00197,2458.48,INR,UPI,MOBILE,FAILED,EXPIRED_PAYMENT_METHOD,0,26.62,0,False,False,0,0,0,0.456506,690,10,9,1,0.9,3092.43,0.6122,3,CARD,E_COMMERCE,SMALL,1239.03,0.945,0.055,17,0,8,7.80770522446824,0.9,3092.43,0.945,245.848,0,1,0,ALTERNATIVE_PAYMENT,0.598592402530205,1466.6274497724582,alternative payment has strongest net expected value; strong customer payment history,2458.48
EVT_00009949,ALTERNATIVE_PAYMENT,True,ALLOWED,0.415104,0,0.0,SUBSCRIPTION_FAILURE,2026-08-20 22:25:50,CUS_001708,MER_00182,12128.96,INR,CARD,MOBILE,AT_RISK,,0,70.64,0,False,False,667,10,2,0.385104,1371,60,43,17,0.7167,8634.62,0.6103,86,CARD,DIGITAL_SERVICES,SMALL,4671.98,0.9884,0.0116,22,3,8,9.403433704323426,0.7167,8634.62,0.9884,202.14933333333332,1,0,0,ALTERNATIVE_PAYMENT,0.45081943391599144,5462.9708811897035,alternative payment has strongest net expected value; high-value transaction,0.0
EVT_00007090,ALTERNATIVE_PAYMENT,True,ALLOWED,0.702065,1,1943.89,CHECKOUT_ABANDONMENT,2026-08-02 09:17:12,CUS_001490,MER_00057,1943.89,INR,CARD,MOBILE,AT_RISK,,0,11.26,879,True,False,0,0,0,0.672065,777,57,39,18,0.6842,2025.89,0.6795,20,UPI,E_COMMERCE,MEDIUM,11931.59,0.9085,0.0915,9,6,8,7.572960699183314,0.6842,2025.89,0.9085,34.10333333333333,0,0,0,RETRY_LATER,0.7476862377882703,1452.4198007742407,delayed retry has strong predicted recovery value; decision margin is narrow,1943.89
EVT_00000628,ALTERNATIVE_PAYMENT,True,ALLOWED,0.753408,1,18101.16,CHECKOUT_ABANDONMENT,2026-08-03 01:36:00,CUS_000244,MER_00144,18101.16,INR,CARD,MOBILE,AT_RISK,,0,28.6,470,True,False,0,0,0,0.723408,985,9,7,2,0.7778,16723.29,0.9609,6,NETBANKING,E_COMMERCE,SMALL,11138.28,0.8359,0.1641,1,0,8,9.803786547150397,0.7778,16723.29,0.8359,2011.24,1,0,0,RECOVERY_REMINDER,0.8847107522136647,16012.290879539898,reminder has strong predicted recovery value; high-value transaction,0.0
EVT_00007010,ALTERNATIVE_PAYMENT,True,ALLOWED,0.402236,1,2321.37,PAYMENT_FAILURE,2026-08-29 18:57:58,CUS_000001,MER_00063,2321.37,INR,WALLET,TABLET,FAILED,TIMEOUT,3,18.54,0,False,False,0,0,0,0.372236,161,70,66,4,0.9429,4196.46,0.5433,23,UPI,E_COMMERCE,SMALL,3066.57,0.806,0.194,18,5,8,7.750343494955612,0.9429,4196.46,0.806,33.16242857142857,0,1,1,ALTERNATIVE_PAYMENT,0.47336802084035695,1093.8623225381793,alternative payment has strongest net expected value; multiple previous attempts reduce retry priority; strong customer payment history,2321.37
EVT_00004878,ALTERNATIVE_PAYMENT,True,ALLOWED,0.266113,0,0.0,PAYMENT_FAILURE,2026-08-04 19:44:34,CUS_000997,MER_00192,1119.02,INR,WALLET,MOBILE,FAILED,INSUFFICIENT_BALANCE,2,25.01,0,False,False,0,0,0,0.236113,803,24,21,3,0.875,548.8,0.2384,33,UPI,TRAVEL,MEDIUM,20196.01,0.9465,0.0535,19,1,8,7.021101821272561,0.875,548.8,0.9465,46.62583333333333,0,0,1,ALTERNATIVE_PAYMENT,0.36025973806609457,398.13785209072114,alternative payment has strongest net expected value; multiple previous attempts reduce retry priority,0.0
EVT_00000982,ALTERNATIVE_PAYMENT,True,ALLOWED,0.510214,0,0.0,PAYMENT_FAILURE,2026-08-19 17:23:21,CUS_000098,MER_00187,1816.21,INR,CARD,MOBILE,FAILED,ISSUER_DECLINE,0,65.97,0,False,False,0,0,0,0.330214,1033,68,62,6,0.9118,2371.85,0.662,19,CARD,FOOD_DELIVERY,LARGE,11630.69,0.9524,0.0476,17,2,8,7.505057636841712,0.9118,2371.85,0.9524,26.708970588235296,0,1,0,ALTERNATIVE_PAYMENT,0.49507759077010083,894.1648711325648,alternative payment has strongest net expected value; strong customer payment history,0.0
EVT_00004363,ALTERNATIVE_PAYMENT,True,ALLOWED,0.530257,0,0.0,PAYMENT_FAILURE,2026-08-21 12:43:42,CUS_001657,MER_00012,5070.8,INR,UPI,DESKTOP,FAILED,BANK_TECHNICAL_ERROR,2,58.51,0,False,False,0,0,0,0.500257,1275,41,38,3,0.9268,4802.68,0.8244,27,UPI,FOOD_DELIVERY,MEDIUM,4480.78,0.8939,0.1061,12,4,8,8.531451063162937,0.9268,4802.68,0.8939,123.67804878048781,0,1,1,ALTERNATIVE_PAYMENT,0.46912085808554527,2373.818047180183,alternative payment has strongest net expected value; multiple previous attempts reduce retry priority; strong customer payment history,0.0
EVT_00007250,ALTERNATIVE_PAYMENT,True,ALLOWED,0.6231,0,0.0,PAYMENT_FAILURE,2026-08-01 11:46:52,CUS_000454,MER_00178,1192.53,INR,UPI,MOBILE,FAILED,NETWORK_ERROR,0,9.11,0,False,False,0,0,0,0.5931,66,38,32,6,0.8421,3465.81,0.8792,82,NETBANKING,EDUCATION,SMALL,7809.93,0.9459,0.0541,11,5,8,7.084670581617146,0.8421,3465.81,0.9459,31.382368421052632,0,0,0,RETRY_LATER,0.54282788987248,646.3385435096285,delayed retry has strong predicted recovery value,1192.53
EVT_00002211,ALTERNATIVE_PAYMENT,True,ALLOWED,0.397517,0,0.0,PAYMENT_FAILURE,2026-08-04 18:59:29,CUS_000001,MER_00179,1288.71,INR,UPI,DESKTOP,FAILED,TIMEOUT,3,31.16,0,False,False,0,0,0,0.367517,161,70,66,4,0.9429,4196.46,0.5433,23,UPI,DIGITAL_SERVICES,SMALL,4183.78,0.7936,0.2064,18,1,8,7.1621726658814655,0.9429,4196.46,0.7936,18.41014285714286,0,1,1,ALTERNATIVE_PAYMENT,0.5040356653370146,644.5558022764641,alternative payment has strongest net expected value; multiple previous attempts reduce retry priority; strong customer payment history,0.0
EVT_00005354,ALTERNATIVE_PAYMENT,True,ALLOWED,0.4248,0,0.0,PAYMENT_FAILURE,2026-08-01 13:09:28,CUS_001127,MER_00112,2399.7,INR,CARD,MOBILE,FAILED,ISSUER_DECLINE,1,63.16,0,False,False,0,0,0,0.2448,1285,66,61,5,0.9242,3240.18,0.938,78,UPI,DIGITAL_SERVICES,SMALL,3201.31,0.8352,0.1648,13,5,8,7.78351564047625,0.9242,3240.18,0.8352,36.35909090909091,0,1,0,ALTERNATIVE_PAYMENT,0.5079343301453993,1213.8900120499147,alternative payment has strongest net expected value; strong customer payment history,0.0
EVT_00006544,ALTERNATIVE_PAYMENT,True,ALLOWED,0.644728,1,3524.84,PAYMENT_FAILURE,2026-08-29 18:53:23,CUS_000468,MER_00091,3524.84,INR,UPI,DESKTOP,FAILED,BANK_TECHNICAL_ERROR,1,45.42,0,False,False,0,0,0,0.614728,906,54,52,2,0.963,4502.79,0.7776,70,CARD,EDUCATION,SMALL,20175.16,0.9906,0.0094,18,5,8,8.167873984730281,0.963,4502.79,0.9906,65.27481481481482,0,1,0,RETRY_LATER,0.6751385338843895,2378.7553097770515,delayed retry has strong predicted recovery value; strong customer payment history,3524.84
EVT_00005553,ALTERNATIVE_PAYMENT,True,ALLOWED,0.20864,0,0.0,SUBSCRIPTION_FAILURE,2026-08-20 12:02:46,CUS_000305,MER_00091,2463.08,INR,CARD,MOBILE,AT_RISK,,0,49.48,0,False,False,148,1,3,0.17864,827,73,59,14,0.8082,2766.18,0.3585,81,CARD,EDUCATION,SMALL,20175.16,0.9906,0.0094,12,3,8,7.809573791658819,0.8082,2766.18,0.9906,33.74082191780822,0,0,0,RETRY_LATER,0.3589461666911096,883.1131242535382,delayed retry has strong predicted recovery value; decision margin is narrow,2463.08
EVT_00000780,ALTERNATIVE_PAYMENT,True,ALLOWED,0.679891,0,0.0,SUBSCRIPTION_FAILURE,2026-08-02 11:50:25,CUS_001493,MER_00200,3756.14,INR,NETBANKING,DESKTOP,AT_RISK,,0,29.1,0,False,False,384,7,0,0.649891,72,30,30,0,1.0,2727.41,0.8207,85,UPI,TRAVEL,LARGE,3303.67,0.795,0.205,11,6,8,8.23141330865398,1.0,2727.41,0.795,125.20466666666667,0,1,0,ALTERNATIVE_PAYMENT,0.5071869391581646,1900.0651496495484,alternative payment has strongest net expected value; strong customer payment history,0.0
EVT_00001329,ALTERNATIVE_PAYMENT,True,ALLOWED,0.235272,0,0.0,PAYMENT_FAILURE,2026-08-19 21:39:05,CUS_001238,MER_00136,4307.85,INR,UPI,MOBILE,FAILED,INSUFFICIENT_BALANCE,3,26.6,0,False,False,0,0,0,0.205272,212,79,75,4,0.9494,3192.18,0.5902,16,WALLET,TRAVEL,MEDIUM,1391.97,0.9802,0.0198,21,2,8,8.368426326148937,0.9494,3192.18,0.9802,54.52974683544304,0,1,1,ALTERNATIVE_PAYMENT,0.33319829811641033,1430.3682885407784,alternative payment has strongest net expected value; multiple previous attempts reduce retry priority; strong customer payment history,0.0
EVT_00008022,ALTERNATIVE_PAYMENT,True,ALLOWED,0.273983,0,0.0,PAYMENT_FAILURE,2026-08-30 15:03:34,CUS_000695,MER_00081,10900.62,INR,NETBANKING,DESKTOP,FAILED,INSUFFICIENT_BALANCE,2,69.7,0,False,False,0,0,0,0.243983,162,74,64,10,0.8649,6727.67,0.6682,35,NETBANKING,FOOD_DELIVERY,MEDIUM,42052.11,0.8971,0.1029,15,6,8,9.296666681027016,0.8649,6727.67,0.8971,147.30567567567567,1,0,1,ALTERNATIVE_PAYMENT,0.2905023854632472,3161.6561130283817,alternative payment has strongest net expected value; multiple previous attempts reduce retry priority; high-value transaction,0.0
EVT_00008655,ALTERNATIVE_PAYMENT,True,ALLOWED,0.512513,1,15907.43,PAYMENT_FAILURE,2026-08-20 20:01:15,CUS_000652,MER_00120,15907.43,INR,UPI,MOBILE,FAILED,TIMEOUT,2,58.77,0,False,False,0,0,0,0.482513,989,70,59,11,0.8429,7746.76,0.4168,80,UPI,E_COMMERCE,SMALL,2459.82,0.952,0.048,20,3,8,9.67460443638721,0.8429,7746.76,0.952,227.249,1,0,1,ALTERNATIVE_PAYMENT,0.44263804416499714,7036.233702891601,alternative payment has strongest net expected value; multiple previous attempts reduce retry priority; high-value transaction,15907.43
EVT_00004574,ALTERNATIVE_PAYMENT,True,ALLOWED,0.385537,1,6231.39,PAYMENT_FAILURE,2026-08-04 17:24:52,CUS_001578,MER_00004,6231.39,INR,UPI,MOBILE,FAILED,TIMEOUT,3,4.0,0,False,False,0,0,0,0.355537,1204,68,53,15,0.7794,10091.22,0.7197,37,CARD,EDUCATION,MEDIUM,2207.0,0.9735,0.0265,17,1,8,8.737515165823588,0.7794,10091.22,0.9735,91.63808823529412,0,0,1,ALTERNATIVE_PAYMENT,0.35544745974817815,2209.9317462002,alternative payment has strongest net expected value; multiple previous attempts reduce retry priority,6231.39
EVT_00003138,ALTERNATIVE_PAYMENT,True,ALLOWED,0.524951,1,2304.3,SUBSCRIPTION_FAILURE,2026-08-01 03:46:53,CUS_001647,MER_00037,2304.3,INR,WALLET,MOBILE,AT_RISK,,0,39.12,0,False,False,572,1,0,0.494951,534,51,47,4,0.9216,1598.66,0.9523,31,NETBANKING,E_COMMERCE,SMALL,979.69,0.9742,0.0258,3,5,8,7.74296609880555,0.9216,1598.66,0.9742,45.182352941176475,0,1,0,ALTERNATIVE_PAYMENT,0.5040746309408137,1156.539172076917,alternative payment has strongest net expected value; strong customer payment history,2304.3
EVT_00006806,ALTERNATIVE_PAYMENT,True,ALLOWED,0.585077,1,1014.55,PAYMENT_FAILURE,2026-08-29 23:29:28,CUS_000776,MER_00002,1014.55,INR,CARD,MOBILE,FAILED,PAYMENT_LIMIT,0,44.44,0,False,False,0,0,0,0.405077,1428,24,21,3,0.875,1726.51,0.7776,49,UPI,E_COMMERCE,LARGE,9205.47,0.8725,0.1275,23,5,8,6.923185616637495,0.875,1726.51,0.8725,42.27291666666667,0,0,0,ALTERNATIVE_PAYMENT,0.549707549546521,552.7057943924228,alternative payment has strongest net expected value,1014.55
EVT_00009290,ALTERNATIVE_PAYMENT,True,ALLOWED,0.503601,0,0.0,CHECKOUT_ABANDONMENT,2026-08-22 06:33:49,CUS_000033,MER_00041,2462.38,INR,CARD,DESKTOP,AT_RISK,,0,11.2,348,False,False,0,0,0,0.473601,165,8,6,2,0.75,4278.21,0.8098,51,UPI,TRAVEL,MEDIUM,3690.69,0.8746,0.1254,6,5,8,7.809289669614314,0.75,4278.21,0.8746,307.7975,0,0,0,RECOVERY_REMINDER,0.7787834828977319,1915.6608726177171,reminder has strong predicted recovery value,2462.38
EVT_00004273,ALTERNATIVE_PAYMENT,True,ALLOWED,0.767173,1,3411.84,CHECKOUT_ABANDONMENT,2026-08-03 19:44:34,CUS_000368,MER_00080,3411.84,INR,CARD,MOBILE,AT_RISK,,0,67.77,759,True,False,0,0,0,0.737173,494,14,12,2,0.8571,6934.08,0.8497,81,NETBANKING,EDUCATION,SMALL,3258.46,0.9582,0.0418,19,0,8,8.135300068229741,0.8571,6934.08,0.9582,243.70285714285714,0,0,0,RECOVERY_REMINDER,0.9079278090262597,3095.704415948154,reminder has strong predicted recovery value,3411.84
EVT_00009261,ALTERNATIVE_PAYMENT,True,ALLOWED,0.431705,1,4902.07,PAYMENT_FAILURE,2026-08-02 11:48:19,CUS_000055,MER_00161,4902.07,INR,NETBANKING,MOBILE,FAILED,ISSUER_DECLINE,1,19.5,0,False,False,0,0,0,0.251705,761,57,49,8,0.8596,1770.59,0.9461,1,UPI,SAAS,SMALL,3979.68,0.9713,0.0287,11,6,8,8.4976168185226,0.8596,1770.59,0.9713,86.00122807017543,0,0,0,ALTERNATIVE_PAYMENT,0.3753258488362438,1834.8735838046855,alternative payment has strongest net expected value,4902.07
EVT_00008252,ALTERNATIVE_PAYMENT,True,ALLOWED,0.461348,0,0.0,PAYMENT_FAILURE,2026-08-29 09:49:00,CUS_001045,MER_00173,2379.73,INR,UPI,MOBILE,FAILED,NETWORK_ERROR,2,31.0,0,False,False,0,0,0,0.431348,1072,15,13,2,0.8667,2293.6,0.9729,75,WALLET,DIGITAL_SERVICES,MEDIUM,866.54,0.9435,0.0565,9,5,8,7.775162442324809,0.8667,2293.6,0.9435,158.64866666666666,0,0,1,ALTERNATIVE_PAYMENT,0.43202445226970226,1023.1015497997785,alternative payment has strongest net expected value; multiple previous attempts reduce retry priority,0.0
EVT_00006991,ALTERNATIVE_PAYMENT,True,ALLOWED,0.575414,1,4199.97,PAYMENT_FAILURE,2026-08-04 16:24:35,CUS_001891,MER_00132,4199.97,INR,UPI,TABLET,FAILED,BANK_TECHNICAL_ERROR,1,65.01,0,False,False,0,0,0,0.545414,302,45,38,7,0.8444,2599.29,0.6386,46,CARD,RETAIL,MEDIUM,27235.71,0.8482,0.1518,16,1,8,8.343070729987016,0.8444,2599.29,0.8482,93.33266666666667,0,0,0,RETRY_LATER,0.6183298429874067,2595.9667906518184,delayed retry has strong predicted recovery value,4199.97
EVT_00002634,ALTERNATIVE_PAYMENT,True,ALLOWED,0.353537,1,1351.61,PAYMENT_FAILURE,2026-08-04 17:45:45,CUS_001276,MER_00071,1351.61,INR,CARD,MOBILE,FAILED,TIMEOUT,3,18.35,0,False,False,0,0,0,0.323537,1078,73,57,16,0.7808,5052.46,0.5922,23,CARD,TRAVEL,MEDIUM,1476.19,0.8534,0.1466,17,1,8,7.209791338282222,0.7808,5052.46,0.8534,18.515205479452053,0,0,1,ALTERNATIVE_PAYMENT,0.3726124493567248,498.6267126750427,alternative payment has strongest net expected value; multiple previous attempts reduce retry priority,1351.61
EVT_00006204,ALTERNATIVE_PAYMENT,True,ALLOWED,0.642684,1,17183.95,PAYMENT_FAILURE,2026-08-22 02:34:37,CUS_001967,MER_00119,17183.95,INR,CARD,TABLET,FAILED,NETWORK_ERROR,0,14.68,0,False,False,0,0,0,0.612684,575,63,51,12,0.8095,7789.64,0.9808,48,UPI,FOOD_DELIVERY,MEDIUM,1203.04,0.9094,0.0906,2,5,8,9.75178927976559,0.8095,7789.64,0.9094,272.7611111111111,1,0,0,ALTERNATIVE_PAYMENT,0.5805456780198955,9971.067903809984,alternative payment has strongest net expected value; high-value transaction,17183.95
EVT_00001533,ALTERNATIVE_PAYMENT,True,ALLOWED,0.552964,0,0.0,PAYMENT_FAILURE,2026-08-20 04:18:41,CUS_001932,MER_00136,5131.75,INR,UPI,DESKTOP,FAILED,ISSUER_DECLINE,0,29.24,0,False,False,0,0,0,0.372964,738,6,6,0,1.0,3650.59,0.7115,52,NETBANKING,TRAVEL,MEDIUM,1391.97,0.9802,0.0198,4,3,8,8.543396856912874,1.0,3650.59,0.9802,855.2916666666666,0,1,0,ALTERNATIVE_PAYMENT,0.5463755807102556,2798.8628863098543,alternative payment has strongest net expected value; strong customer payment history,0.0
EVT_00005566,ALTERNATIVE_PAYMENT,True,ALLOWED,0.426644,1,2818.35,SUBSCRIPTION_FAILURE,2026-08-03 19:19:21,CUS_000036,MER_00017,2818.35,INR,UPI,MOBILE,AT_RISK,,0,51.83,0,False,False,54,12,2,0.396644,123,67,55,12,0.8209,3887.62,0.6693,20,CARD,E_COMMERCE,SMALL,2871.65,0.97,0.03,19,0,8,7.944261640909868,0.8209,3887.62,0.97,42.06492537313433,0,0,0,RETRY_LATER,0.3964629327055411,1116.3713063906619,delayed retry has strong predicted recovery value; decision margin is narrow,0.0
EVT_00009706,ALTERNATIVE_PAYMENT,True,ALLOWED,0.42601,0,0.0,PAYMENT_FAILURE,2026-08-30 23:28:20,CUS_001412,MER_00177,1200.28,INR,UPI,DESKTOP,FAILED,TIMEOUT,3,47.51,0,False,False,0,0,0,0.39601,855,78,76,2,0.9744,772.82,0.8142,15,WALLET,SAAS,SMALL,9080.37,0.8866,0.1134,23,6,8,7.091142933958089,0.9744,772.82,0.8866,15.388205128205128,0,1,1,ALTERNATIVE_PAYMENT,0.3986207196526019,473.456477384625,alternative payment has strongest net expected value; multiple previous attempts reduce retry priority; strong customer payment history,0.0
EVT_00008249,ALTERNATIVE_PAYMENT,True,ALLOWED,0.712023,1,7215.65,CHECKOUT_ABANDONMENT,2026-08-30 19:39:43,CUS_001466,MER_00165,7215.65,INR,CARD,MOBILE,AT_RISK,,0,69.78,648,True,False,0,0,0,0.682023,194,60,43,17,0.7167,7847.47,0.7431,69,UPI,SAAS,SMALL,10559.09,0.8386,0.1614,19,6,8,8.884146135291036,0.7167,7847.47,0.8386,120.26083333333332,0,0,0,RECOVERY_REMINDER,0.8713876906566166,6285.628590086415,reminder has strong predicted recovery value,7215.65
EVT_00002396,ALTERNATIVE_PAYMENT,True,ALLOWED,0.373252,1,8670.58,SUBSCRIPTION_FAILURE,2026-08-02 10:53:46,CUS_001196,MER_00062,8670.58,INR,NETBANKING,DESKTOP,AT_RISK,,0,63.91,0,False,False,128,8,3,0.343252,961,14,13,1,0.9286,9486.0,0.8203,48,WALLET,SAAS,SMALL,1825.36,0.9707,0.0293,10,6,8,9.067806290772255,0.9286,9486.0,0.9707,619.3271428571428,0,1,0,RETRY_LATER,0.40243382570899,3488.3346805158544,delayed retry has strong predicted recovery value; strong customer payment history; decision margin is narrow,8670.58
EVT_00002632,ALTERNATIVE_PAYMENT,True,ALLOWED,0.22528,1,8083.2,SUBSCRIPTION_FAILURE,2026-08-04 18:56:39,CUS_000806,MER_00075,8083.2,INR,NETBANKING,MOBILE,AT_RISK,,0,60.29,0,False,False,380,1,3,0.19528,1178,77,67,10,0.8701,5947.99,0.2686,61,NETBANKING,EDUCATION,SMALL,18185.27,0.9412,0.0588,18,1,8,8.997666818445087,0.8701,5947.99,0.9412,104.97662337662338,0,0,0,RECOVERY_REMINDER,0.368652887258087,2977.895018284569,reminder has strong predicted recovery value,0.0
EVT_00003696,ALTERNATIVE_PAYMENT,True,ALLOWED,0.783178,1,12253.38,CHECKOUT_ABANDONMENT,2026-08-30 15:25:51,CUS_000885,MER_00011,12253.38,INR,CARD,MOBILE,AT_RISK,,0,27.73,776,True,False,0,0,0,0.753178,1225,29,26,3,0.8966,5293.08,0.6565,69,CARD,DIGITAL_SERVICES,SMALL,11685.15,0.879,0.121,15,6,8,9.413638703087148,0.8966,5293.08,0.879,422.5303448275862,1,0,0,RECOVERY_REMINDER,0.9045476510725053,11081.766096698815,reminder has strong predicted recovery value; high-value transaction,12253.38
EVT_00003478,ALTERNATIVE_PAYMENT,True,ALLOWED,0.673994,1,991.31,CHECKOUT_ABANDONMENT,2026-08-19 21:04:19,CUS_000200,MER_00177,991.31,INR,UPI,MOBILE,AT_RISK,,0,48.6,35,True,True,0,0,0,0.643994,1443,14,11,3,0.7857,1117.39,0.4094,89,NETBANKING,SAAS,SMALL,9080.37,0.8866,0.1134,21,2,8,6.900035558466918,0.7857,1117.39,0.8866,70.80785714285715,0,0,0,RECOVERY_REMINDER,0.8426240849933642,833.3016816947718,reminder has strong predicted recovery value,991.31
EVT_00004612,ALTERNATIVE_PAYMENT,True,ALLOWED,0.34203,1,7254.98,PAYMENT_FAILURE,2026-08-21 17:27:31,CUS_001892,MER_00005,7254.98,INR,UPI,MOBILE,FAILED,ISSUER_DECLINE,3,48.54,0,False,False,0,0,0,0.16203,390,74,71,3,0.9595,4530.89,0.6351,16,UPI,EDUCATION,SMALL,832.59,0.9375,0.0625,17,4,8,8.889581235451592,0.9595,4530.89,0.9375,98.04027027027027,0,1,1,ALTERNATIVE_PAYMENT,0.40670627745218185,2945.6459087900303,alternative payment has strongest net expected value; multiple previous attempts reduce retry priority; strong customer payment history,7254.98
EVT_00008010,ALTERNATIVE_PAYMENT,True,ALLOWED,0.490122,0,0.0,PAYMENT_FAILURE,2026-08-30 17:55:17,CUS_001626,MER_00175,346486.79,INR,CARD,MOBILE,FAILED,INSUFFICIENT_BALANCE,1,13.6,0,False,False,0,0,0,0.460122,1489,59,57,2,0.9661,124595.25,0.553,8,WALLET,RETAIL,SMALL,14742.91,0.995,0.005,17,6,8,12.75560285889598,0.9661,124595.25,0.995,5872.657457627119,1,1,0,HUMAN_ESCALATION,0.6420918949782624,222226.35957603523,high-value case eligible for human escalation; strong customer payment history; high-value transaction,346486.79
EVT_00007094,ALTERNATIVE_PAYMENT,True,ALLOWED,0.526797,0,0.0,PAYMENT_FAILURE,2026-08-29 09:23:28,CUS_000638,MER_00086,3359.77,INR,NETBANKING,DESKTOP,FAILED,NETWORK_ERROR,1,44.59,0,False,False,0,0,0,0.496797,466,59,46,13,0.7797,1819.17,0.5042,7,UPI,EDUCATION,LARGE,4399.36,0.9863,0.0137,9,5,8,8.119925393369247,0.7797,1819.17,0.9863,56.94525423728813,0,0,0,RETRY_LATER,0.5384698123489857,1808.1347214357518,delayed retry has strong predicted recovery value,0.0
EVT_00000735,ALTERNATIVE_PAYMENT,True,ALLOWED,0.419739,0,0.0,PAYMENT_FAILURE,2026-08-03 00:13:02,CUS_001108,MER_00110,4699.11,INR,CARD,MOBILE,FAILED,TIMEOUT,3,8.93,0,False,False,0,0,0,0.389739,1363,30,27,3,0.9,3289.12,0.9398,71,WALLET,FOOD_DELIVERY,MEDIUM,25287.45,0.9495,0.0505,0,0,8,8.455341191679594,0.9,3289.12,0.9495,156.637,0,1,1,ALTERNATIVE_PAYMENT,0.40901290354909886,1916.996625196606,alternative payment has strongest net expected value; multiple previous attempts reduce retry priority; strong customer payment history,0.0
EVT_00007624,ALTERNATIVE_PAYMENT,True,ALLOWED,0.658701,1,7004.79,PAYMENT_FAILURE,2026-08-30 22:18:36,CUS_000628,MER_00024,7004.79,INR,NETBANKING,DESKTOP,FAILED,BANK_TECHNICAL_ERROR,1,16.39,0,False,False,0,0,0,0.628701,570,1,1,0,1.0,6684.77,0.6354,81,CARD,DIGITAL_SERVICES,SMALL,6952.02,0.952,0.048,22,6,8,8.854492229000458,1.0,6684.77,0.952,7004.79,0,1,0,ALTERNATIVE_PAYMENT,0.6302097773672876,4409.487146404602,alternative payment has strongest net expected value; strong customer payment history,7004.79
EVT_00002413,ALTERNATIVE_PAYMENT,True,ALLOWED,0.378829,0,0.0,PAYMENT_FAILURE,2026-08-02 22:33:39,CUS_000853,MER_00065,1656.78,INR,UPI,DESKTOP,FAILED,INSUFFICIENT_BALANCE,0,22.58,0,False,False,0,0,0,0.348829,1445,10,9,1,0.9,2165.21,0.8516,64,UPI,DIGITAL_SERVICES,MEDIUM,5883.79,0.7053,0.2947,22,6,8,7.413234636903208,0.9,2165.21,0.7053,165.678,0,1,0,ALTERNATIVE_PAYMENT,0.44893683642620935,738.7895718542151,alternative payment has strongest net expected value; strong customer payment history,0.0
EVT_00008727,ALTERNATIVE_PAYMENT,True,ALLOWED,0.605461,1,792.83,PAYMENT_FAILURE,2026-08-04 13:11:21,CUS_000904,MER_00001,792.83,INR,UPI,MOBILE,FAILED,TIMEOUT,1,6.12,0,False,False,0,0,0,0.575461,1329,49,46,3,0.9388,450.14,0.7175,45,NETBANKING,FOOD_DELIVERY,SMALL,6229.18,0.9913,0.0087,13,1,8,6.676869332529767,0.9388,450.14,0.9913,16.180204081632652,0,1,0,ALTERNATIVE_PAYMENT,0.5930908193301877,465.22019428955275,alternative payment has strongest net expected value; strong customer payment history,792.83
EVT_00006824,ALTERNATIVE_PAYMENT,True,ALLOWED,0.334887,1,739.7,SUBSCRIPTION_FAILURE,2026-08-30 20:17:13,CUS_000785,MER_00026,739.7,INR,CARD,DESKTOP,AT_RISK,,0,2.51,0,False,False,711,11,3,0.304887,732,73,70,3,0.9589,1356.49,0.6299,58,CARD,SAAS,LARGE,6343.17,0.7939,0.2061,20,6,8,6.607595685019244,0.9589,1356.49,0.7939,10.132876712328768,0,1,0,RECOVERY_REMINDER,0.43984941596911215,323.35661299235227,reminder has strong predicted recovery value; strong customer payment history,739.7
EVT_00004274,ALTERNATIVE_PAYMENT,True,ALLOWED,0.329034,1,3060.49,PAYMENT_FAILURE,2026-08-30 02:00:51,CUS_001953,MER_00143,3060.49,INR,UPI,MOBILE,FAILED,ISSUER_DECLINE,2,6.35,0,False,False,0,0,0,0.149034,135,58,39,19,0.6724,3238.86,0.4446,73,UPI,RETAIL,MEDIUM,1410.83,0.967,0.033,2,6,8,8.026657004539981,0.6724,3238.86,0.967,52.76706896551724,0,0,1,ALTERNATIVE_PAYMENT,0.33967491149128265,1034.5716698699555,alternative payment has strongest net expected value; multiple previous attempts reduce retry priority,3060.49
EVT_00007694,ALTERNATIVE_PAYMENT,True,ALLOWED,0.584304,1,13061.72,PAYMENT_FAILURE,2026-08-20 01:51:08,CUS_001837,MER_00114,13061.72,INR,CARD,DESKTOP,FAILED,PAYMENT_LIMIT,0,22.4,0,False,False,0,0,0,0.404304,1413,16,14,2,0.875,4429.85,0.8869,25,UPI,FOOD_DELIVERY,MEDIUM,5161.89,0.7179,0.2821,1,3,8,9.477517650670602,0.875,4429.85,0.7179,816.3575,1,0,0,ALTERNATIVE_PAYMENT,0.5331503376230856,6958.86042793821,alternative payment has strongest net expected value; high-value transaction,13061.72
EVT_00002810,ALTERNATIVE_PAYMENT,True,ALLOWED,0.766893,1,1791.06,CHECKOUT_ABANDONMENT,2026-08-21 04:31:24,CUS_000837,MER_00123,1791.06,INR,UPI,DESKTOP,AT_RISK,,0,35.42,466,True,False,0,0,0,0.736893,1218,77,68,9,0.8831,4596.98,0.8678,10,CARD,EDUCATION,SMALL,1684.78,0.9279,0.0721,4,4,8,7.491121075117219,0.8831,4596.98,0.9279,23.26051948051948,0,0,0,RECOVERY_REMINDER,0.8662851815883412,1549.5687373356143,reminder has strong predicted recovery value,1791.06
EVT_00002826,ALTERNATIVE_PAYMENT,True,ALLOWED,0.40205,1,4030.65,PAYMENT_FAILURE,2026-08-02 20:47:52,CUS_000897,MER_00079,4030.65,INR,UPI,MOBILE,FAILED,NETWORK_ERROR,3,18.8,0,False,False,0,0,0,0.37205,778,53,50,3,0.9434,5302.81,0.9568,78,CARD,FOOD_DELIVERY,LARGE,412.23,0.9077,0.0923,20,6,8,8.301931000427828,0.9434,5302.81,0.9077,76.05,0,1,1,ALTERNATIVE_PAYMENT,0.4449221927949962,1788.3256363891514,alternative payment has strongest net expected value; multiple previous attempts reduce retry priority; strong customer payment history,4030.65
EVT_00001204,ALTERNATIVE_PAYMENT,True,ALLOWED,0.415188,1,22781.37,PAYMENT_FAILURE,2026-08-04 06:40:12,CUS_000733,MER_00155,22781.37,INR,UPI,MOBILE,FAILED,BANK_TECHNICAL_ERROR,3,32.77,0,False,False,0,0,0,0.385188,1384,74,56,18,0.7568,6882.25,0.8272,43,CARD,SAAS,SMALL,2912.27,0.843,0.157,6,1,8,10.033742270219907,0.7568,6882.25,0.843,307.85635135135135,1,0,1,ALTERNATIVE_PAYMENT,0.32919079424457603,7494.417284279557,alternative payment has strongest net expected value; multiple previous attempts reduce retry priority; high-value transaction,22781.37
EVT_00005646,ALTERNATIVE_PAYMENT,True,ALLOWED,0.767867,1,2094.07,CHECKOUT_ABANDONMENT,2026-08-30 05:02:43,CUS_000933,MER_00023,2094.07,INR,CARD,MOBILE,AT_RISK,,0,65.97,209,True,False,0,0,0,0.737867,408,13,12,1,0.9231,2788.58,0.7596,61,CARD,DIGITAL_SERVICES,SMALL,1219.34,0.8554,0.1446,5,6,8,7.647342244685868,0.9231,2788.58,0.8554,161.0823076923077,0,1,0,RECOVERY_REMINDER,0.9200186742284604,1924.5835051415922,reminder has strong predicted recovery value; strong customer payment history,2094.07
EVT_00004805,ALTERNATIVE_PAYMENT,True,ALLOWED,0.749436,1,899.66,CHECKOUT_ABANDONMENT,2026-08-21 19:35:02,CUS_001873,MER_00121,899.66,INR,CARD,MOBILE,AT_RISK,,0,34.84,613,True,False,0,0,0,0.719436,916,69,61,8,0.8841,1241.17,0.319,18,UPI,SAAS,SMALL,4761.05,0.8269,0.1731,19,4,8,6.8031278279001395,0.8841,1241.17,0.8269,13.03855072463768,0,0,0,RECOVERY_REMINDER,0.8662159663959099,777.2998563277442,reminder has strong predicted recovery value,899.66
EVT_00003866,ALTERNATIVE_PAYMENT,True,ALLOWED,0.714392,1,5278.17,CHECKOUT_ABANDONMENT,2026-08-04 01:32:01,CUS_001219,MER_00180,5278.17,INR,UPI,MOBILE,AT_RISK,,0,62.29,62,True,False,0,0,0,0.684392,1219,78,72,6,0.9231,5859.5,0.9622,4,UPI,EDUCATION,SMALL,8065.97,0.802,0.198,1,1,8,8.571524167373871,0.9231,5859.5,0.802,67.66884615384616,0,1,0,RECOVERY_REMINDER,0.9155569519882011,4830.465237275564,reminder has strong predicted recovery value; strong customer payment history,5278.17
EVT_00001434,ALTERNATIVE_PAYMENT,True,ALLOWED,0.437358,0,0.0,PAYMENT_FAILURE,2026-08-02 22:02:08,CUS_000712,MER_00001,221.55,INR,UPI,DESKTOP,FAILED,EXPIRED_PAYMENT_METHOD,3,33.97,0,False,False,0,0,0,0.257358,798,2,2,0,1.0,933.24,0.785,88,CARD,FOOD_DELIVERY,SMALL,6229.18,0.9913,0.0087,22,6,8,5.4051517954618635,1.0,933.24,0.9913,110.775,0,1,1,ALTERNATIVE_PAYMENT,0.49640469084517447,104.97845925674841,alternative payment has strongest net expected value; multiple previous attempts reduce retry priority; strong customer payment history,0.0
EVT_00001643,ALTERNATIVE_PAYMENT,True,ALLOWED,0.421382,1,22352.41,SUBSCRIPTION_FAILURE,2026-08-20 14:05:24,CUS_001620,MER_00104,22352.41,INR,UPI,MOBILE,AT_RISK,,0,27.05,0,False,False,669,5,1,0.391382,1487,7,6,1,0.8571,18287.98,0.6619,30,CARD,FOOD_DELIVERY,SMALL,12154.73,0.8804,0.1196,14,3,8,10.014734161110619,0.8571,18287.98,0.8804,3193.2014285714286,1,0,0,RECOVERY_REMINDER,0.5717555885382944,12778.115334799259,reminder has strong predicted recovery value; high-value transaction,0.0
EVT_00008225,ALTERNATIVE_PAYMENT,True,ALLOWED,0.625016,1,3840.94,PAYMENT_FAILURE,2026-08-20 16:25:50,CUS_000779,MER_00056,3840.94,INR,UPI,DESKTOP,FAILED,BANK_TECHNICAL_ERROR,1,61.62,0,False,False,0,0,0,0.595016,428,31,29,2,0.9355,5508.21,0.9541,62,UPI,SAAS,SMALL,1706.75,0.9351,0.0649,16,3,8,8.253732726340342,0.9355,5508.21,0.9351,123.90129032258065,0,1,0,RETRY_LATER,0.6562838693389713,2519.7469650988287,delayed retry has strong predicted recovery value; strong customer payment history,0.0
EVT_00007126,ALTERNATIVE_PAYMENT,True,ALLOWED,0.427329,1,3588.13,PAYMENT_FAILURE,2026-08-02 20:45:57,CUS_001734,MER_00111,3588.13,INR,UPI,MOBILE,FAILED,INSUFFICIENT_BALANCE,0,34.68,0,False,False,0,0,0,0.397329,1302,74,68,6,0.9189,4486.78,0.6791,30,NETBANKING,SAAS,SMALL,5915.71,0.9052,0.0948,20,6,8,8.185665112280413,0.9189,4486.78,0.9052,48.48824324324325,0,1,0,RECOVERY_REMINDER,0.4684143010872367,1678.7314061601467,reminder has strong predicted recovery value; strong customer payment history,3588.13
EVT_00009464,ALTERNATIVE_PAYMENT,True,ALLOWED,0.362046,1,1444.66,PAYMENT_FAILURE,2026-08-29 13:28:19,CUS_001109,MER_00127,1444.66,INR,UPI,MOBILE,FAILED,ISSUER_DECLINE,2,52.96,0,False,False,0,0,0,0.182046,1412,72,66,6,0.9167,3509.4,0.8766,57,UPI,SAAS,MEDIUM,11305.04,0.8287,0.1713,13,5,8,7.276321243674032,0.9167,3509.4,0.8287,20.064722222222223,0,1,1,ALTERNATIVE_PAYMENT,0.3426635986413309,490.0323944131851,alternative payment has strongest net expected value; multiple previous attempts reduce retry priority; strong customer payment history,1444.66
EVT_00009710,ALTERNATIVE_PAYMENT,True,ALLOWED,0.407251,1,5637.9,PAYMENT_FAILURE,2026-08-04 07:10:04,CUS_000843,MER_00146,5637.9,INR,UPI,MOBILE,FAILED,BANK_TECHNICAL_ERROR,3,48.23,0,False,False,0,0,0,0.377251,1366,61,50,11,0.8197,3658.65,0.399,28,UPI,RETAIL,LARGE,2271.18,0.8973,0.1027,7,1,8,8.637444290009222,0.8197,3658.65,0.8973,92.42459016393443,0,0,1,ALTERNATIVE_PAYMENT,0.3901574930950488,2194.668930320576,alternative payment has strongest net expected value; multiple previous attempts reduce retry priority,5637.9
EVT_00003239,ALTERNATIVE_PAYMENT,True,ALLOWED,0.544123,0,0.0,SUBSCRIPTION_FAILURE,2026-08-01 13:38:35,CUS_000432,MER_00034,2737.7,INR,CARD,MOBILE,AT_RISK,,0,16.09,0,False,False,428,14,1,0.514123,1116,42,36,6,0.8571,2999.04,0.6811,76,UPI,FOOD_DELIVERY,MEDIUM,27974.45,0.9356,0.0644,13,5,8,7.915238634239144,0.8571,2999.04,0.9356,65.18333333333332,0,0,0,RECOVERY_REMINDER,0.555511091281212,1518.822714600574,reminder has strong predicted recovery value,2737.7
EVT_00006350,ALTERNATIVE_PAYMENT,True,ALLOWED,0.549383,0,0.0,PAYMENT_FAILURE,2026-08-20 00:11:01,CUS_001568,MER_00159,4764.32,INR,CARD,MOBILE,FAILED,EXPIRED_PAYMENT_METHOD,1,43.06,0,False,False,0,0,0,0.369383,917,13,12,1,0.9231,2874.75,0.8483,36,CARD,EDUCATION,MEDIUM,1436.79,0.8598,0.1402,0,3,8,8.46911997018179,0.9231,2874.75,0.8598,366.4861538461538,0,1,0,ALTERNATIVE_PAYMENT,0.5525675296176354,2627.6085327078927,alternative payment has strongest net expected value; strong customer payment history,0.0
EVT_00009545,ALTERNATIVE_PAYMENT,True,ALLOWED,0.556155,1,1163.55,PAYMENT_FAILURE,2026-08-04 01:01:42,CUS_001973,MER_00056,1163.55,INR,CARD,MOBILE,FAILED,NETWORK_ERROR,1,5.27,0,False,False,0,0,0,0.526155,1032,10,9,1,0.9,3107.21,0.5334,14,CARD,SAAS,SMALL,1706.75,0.9351,0.0649,1,1,8,7.060090025285416,0.9,3107.21,0.9351,116.35499999999999,0,1,0,RETRY_LATER,0.4843649612539716,562.5828506670587,delayed retry has strong predicted recovery value; strong customer payment history,1163.55
EVT_00004491,ALTERNATIVE_PAYMENT,True,ALLOWED,0.796436,1,7513.54,CHECKOUT_ABANDONMENT,2026-08-04 08:00:41,CUS_001513,MER_00112,7513.54,INR,NETBANKING,MOBILE,AT_RISK,,0,34.94,122,True,False,0,0,0,0.766436,1123,11,11,0,1.0,6197.83,0.7021,7,UPI,DIGITAL_SERVICES,SMALL,3201.31,0.8352,0.1648,8,1,8,8.9245950894021,1.0,6197.83,0.8352,683.0490909090909,0,1,0,RECOVERY_REMINDER,0.943611777458419,7087.864834404929,reminder has strong predicted recovery value; strong customer payment history,7513.54
EVT_00001807,ALTERNATIVE_PAYMENT,True,ALLOWED,0.3782,1,5258.78,PAYMENT_FAILURE,2026-08-02 22:03:22,CUS_002000,MER_00032,5258.78,INR,UPI,MOBILE,FAILED,EXPIRED_PAYMENT_METHOD,3,45.83,0,False,False,0,0,0,0.1982,442,42,35,7,0.8333,3400.94,0.9563,46,CARD,TRAVEL,SMALL,7142.77,0.8186,0.1814,22,6,8,8.567844479762005,0.8333,3400.94,0.8186,125.20904761904761,0,0,1,ALTERNATIVE_PAYMENT,0.37174914831064954,1949.9469861530774,alternative payment has strongest net expected value; multiple previous attempts reduce retry priority,5258.78
EVT_00007058,ALTERNATIVE_PAYMENT,True,ALLOWED,0.417394,0,0.0,PAYMENT_FAILURE,2026-08-29 17:00:35,CUS_001328,MER_00069,2049.22,INR,UPI,MOBILE,FAILED,ISSUER_DECLINE,0,10.12,0,False,False,0,0,0,0.237394,154,17,12,5,0.7059,1279.02,0.9167,56,CARD,E_COMMERCE,SMALL,12615.7,0.7608,0.2392,17,5,8,7.6257023834475595,0.7059,1279.02,0.7608,120.54235294117646,0,0,0,ALTERNATIVE_PAYMENT,0.49901175480373516,1017.58486817891,alternative payment has strongest net expected value,0.0
EVT_00005847,ALTERNATIVE_PAYMENT,True,ALLOWED,0.410527,0,0.0,PAYMENT_FAILURE,2026-08-22 05:15:35,CUS_000890,MER_00200,2543.64,INR,WALLET,MOBILE,FAILED,INSUFFICIENT_BALANCE,0,48.27,0,False,False,0,0,0,0.380527,428,16,15,1,0.9375,3653.38,0.6707,44,UPI,TRAVEL,LARGE,3303.67,0.795,0.205,5,5,8,7.841744465148045,0.9375,3653.38,0.795,158.9775,0,1,0,ALTERNATIVE_PAYMENT,0.45024400605585857,1140.258663563924,alternative payment has strongest net expected value; strong customer payment history,0.0
EVT_00003124,ALTERNATIVE_PAYMENT,True,ALLOWED,0.379306,0,0.0,PAYMENT_FAILURE,2026-08-02 20:15:33,CUS_001295,MER_00107,1339.47,INR,CARD,DESKTOP,FAILED,ISSUER_DECLINE,2,7.75,0,False,False,0,0,0,0.199306,1429,16,15,1,0.9375,3758.99,0.7001,24,WALLET,E_COMMERCE,SMALL,15795.0,0.9309,0.0691,20,6,8,7.200775577716521,0.9375,3758.99,0.9309,83.716875,0,1,1,ALTERNATIVE_PAYMENT,0.3924594819877617,520.6877023381472,alternative payment has strongest net expected value; multiple previous attempts reduce retry priority; strong customer payment history,0.0
EVT_00002174,ALTERNATIVE_PAYMENT,True,ALLOWED,0.791804,1,5350.35,CHECKOUT_ABANDONMENT,2026-08-30 06:55:26,CUS_001899,MER_00086,5350.35,INR,UPI,DESKTOP,AT_RISK,,0,28.22,362,True,False,0,0,0,0.761804,1128,24,22,2,0.9167,5114.21,0.5235,58,UPI,EDUCATION,LARGE,4399.36,0.9863,0.0137,6,6,8,8.585104144507163,0.9167,5114.21,0.9863,222.93125,0,1,0,RECOVERY_REMINDER,0.8967035884068881,4795.6780442327945,reminder has strong predicted recovery value; strong customer payment history,5350.35
EVT_00006127,ALTERNATIVE_PAYMENT,True,ALLOWED,0.400856,0,0.0,SUBSCRIPTION_FAILURE,2026-08-20 02:30:46,CUS_000941,MER_00126,8893.26,INR,CARD,MOBILE,AT_RISK,,0,1.38,0,False,False,197,12,2,0.370856,1045,57,43,14,0.7544,7933.26,0.7323,47,UPI,DIGITAL_SERVICES,SMALL,2499.99,0.8824,0.1176,2,3,8,9.093161403834275,0.7544,7933.26,0.8824,156.0221052631579,0,0,0,ALTERNATIVE_PAYMENT,0.4276522050152227,3798.22224877368,alternative payment has strongest net expected value,0.0
EVT_00004046,ALTERNATIVE_PAYMENT,True,ALLOWED,0.427333,0,0.0,PAYMENT_FAILURE,2026-08-20 02:24:27,CUS_001162,MER_00140,5088.25,INR,CARD,MOBILE,FAILED,EXPIRED_PAYMENT_METHOD,3,12.07,0,False,False,0,0,0,0.247333,763,71,67,4,0.9437,6158.92,0.982,88,UPI,EDUCATION,MEDIUM,8286.12,0.9696,0.0304,2,3,8,8.534885750947156,0.9437,6158.92,0.9696,71.66549295774648,0,1,1,ALTERNATIVE_PAYMENT,0.44276345730825273,2247.891161648717,alternative payment has strongest net expected value; multiple previous attempts reduce retry priority; strong customer payment history,0.0
EVT_00001915,ALTERNATIVE_PAYMENT,True,ALLOWED,0.590646,1,718.55,PAYMENT_FAILURE,2026-08-01 06:54:49,CUS_000712,MER_00180,718.55,INR,UPI,DESKTOP,FAILED,TIMEOUT,1,14.78,0,False,False,0,0,0,0.560646,798,2,2,0,1.0,933.24,0.785,88,CARD,EDUCATION,SMALL,8065.97,0.802,0.198,6,5,8,6.578626016616183,1.0,933.24,0.802,359.275,0,1,0,ALTERNATIVE_PAYMENT,0.6318713693350844,449.03117243572484,alternative payment has strongest net expected value; strong customer payment history,718.55
EVT_00001660,ALTERNATIVE_PAYMENT,True,ALLOWED,0.783791,0,0.0,CHECKOUT_ABANDONMENT,2026-08-04 06:31:50,CUS_001728,MER_00064,12556.54,INR,WALLET,MOBILE,AT_RISK,,0,69.87,839,True,False,0,0,0,0.753791,867,42,36,6,0.8571,7540.19,0.9134,3,UPI,TRAVEL,SMALL,4568.4,0.9534,0.0466,6,1,8,9.438076560966529,0.8571,7540.19,0.9534,298.96523809523813,1,0,0,RECOVERY_REMINDER,0.8892732293977985,11164.194875862633,reminder has strong predicted recovery value; high-value transaction,12556.54
EVT_00008409,ALTERNATIVE_PAYMENT,True,ALLOWED,0.579443,1,3197.23,SUBSCRIPTION_FAILURE,2026-08-29 15:38:51,CUS_000151,MER_00077,3197.23,INR,CARD,MOBILE,AT_RISK,,0,25.24,0,False,False,488,15,1,0.549443,1287,26,24,2,0.9231,2243.82,0.5273,83,UPI,TRAVEL,MEDIUM,2007.39,0.9835,0.0165,15,5,8,8.070352810757752,0.9231,2243.82,0.9835,122.97038461538462,0,1,0,ALTERNATIVE_PAYMENT,0.5940331596639263,1894.2606390722951,alternative payment has strongest net expected value; strong customer payment history,3197.23
EVT_00001767,ALTERNATIVE_PAYMENT,True,ALLOWED,0.599787,0,0.0,PAYMENT_FAILURE,2026-08-30 04:32:04,CUS_001383,MER_00071,1698.06,INR,CARD,MOBILE,FAILED,PAYMENT_LIMIT,0,31.76,0,False,False,0,0,0,0.419787,539,76,70,6,0.9211,2184.11,0.4427,75,UPI,TRAVEL,MEDIUM,1476.19,0.8534,0.1466,4,6,8,7.437830435939488,0.9211,2184.11,0.8534,22.342894736842105,0,1,0,ALTERNATIVE_PAYMENT,0.6174282321382394,1043.4301838646588,alternative payment has strongest net expected value; strong customer payment history,0.0
EVT_00003452,ALTERNATIVE_PAYMENT,True,ALLOWED,0.556185,0,0.0,PAYMENT_FAILURE,2026-08-20 14:30:23,CUS_000073,MER_00119,1661.78,INR,WALLET,MOBILE,FAILED,TIMEOUT,1,33.02,0,False,False,0,0,0,0.526185,710,32,27,5,0.8438,1941.84,0.5828,55,CARD,FOOD_DELIVERY,MEDIUM,1203.04,0.9094,0.0906,14,3,8,7.416246179401408,0.8438,1941.84,0.9094,51.930625,0,0,0,ALTERNATIVE_PAYMENT,0.6081885501694155,1005.6755689005313,alternative payment has strongest net expected value,0.0
EVT_00002483,ALTERNATIVE_PAYMENT,True,ALLOWED,0.579664,1,22571.35,PAYMENT_FAILURE,2026-08-04 02:03:43,CUS_000444,MER_00054,22571.35,INR,UPI,MOBILE,FAILED,BANK_TECHNICAL_ERROR,2,56.68,0,False,False,0,0,0,0.549664,748,17,16,1,0.9412,5043.52,0.9032,1,UPI,SAAS,SMALL,6765.64,0.896,0.104,2,1,8,10.024480984905374,0.9412,5043.52,0.896,1327.7264705882353,1,1,1,RECOVERY_REMINDER,0.4610005765038268,10403.40536246965,reminder has strong predicted recovery value; multiple previous attempts reduce retry priority; strong customer payment history; high-value transaction; decision margin is narrow,0.0
EVT_00001316,ALTERNATIVE_PAYMENT,True,ALLOWED,0.728913,0,0.0,CHECKOUT_ABANDONMENT,2026-08-29 16:52:59,CUS_000044,MER_00136,1296.53,INR,UPI,MOBILE,AT_RISK,,0,1.43,24,True,False,0,0,0,0.698913,551,60,54,6,0.9,1275.5,0.5543,87,NETBANKING,TRAVEL,MEDIUM,1391.97,0.9802,0.0198,16,5,8,7.168217736160032,0.9,1275.5,0.9802,21.608833333333333,0,1,0,RECOVERY_REMINDER,0.7872290542489082,1018.666085705337,reminder has strong predicted recovery value; strong customer payment history,1296.53
EVT_00007081,ALTERNATIVE_PAYMENT,True,ALLOWED,0.553716,0,0.0,CHECKOUT_ABANDONMENT,2026-08-02 21:04:14,CUS_001084,MER_00103,3453.48,INR,CARD,MOBILE,AT_RISK,,0,9.84,569,False,False,0,0,0,0.523716,847,20,17,3,0.85,5354.49,0.7029,79,UPI,FOOD_DELIVERY,SMALL,12886.43,0.9255,0.0745,21,6,8,8.147427218362228,0.85,5354.49,0.9255,172.674,0,0,0,RECOVERY_REMINDER,0.742670386918751,2562.797327816168,reminder has strong predicted recovery value,3453.48
EVT_00005251,ALTERNATIVE_PAYMENT,True,ALLOWED,0.5494,0,0.0,PAYMENT_FAILURE,2026-08-02 21:02:03,CUS_000220,MER_00022,7645.82,INR,CARD,DESKTOP,FAILED,NETWORK_ERROR,1,58.57,0,False,False,0,0,0,0.5194,1356,16,14,2,0.875,5869.83,0.7764,29,CARD,DIGITAL_SERVICES,LARGE,2602.03,0.8671,0.1329,21,6,8,8.942045154124582,0.875,5869.83,0.8671,477.86375,0,0,0,ALTERNATIVE_PAYMENT,0.5404220683602908,4126.969858710479,alternative payment has strongest net expected value,0.0
EVT_00003455,ALTERNATIVE_PAYMENT,True,ALLOWED,0.492364,1,4825.99,PAYMENT_FAILURE,2026-08-04 02:43:59,CUS_001334,MER_00062,4825.99,INR,WALLET,MOBILE,FAILED,TIMEOUT,2,63.74,0,False,False,0,0,0,0.462364,1216,68,58,10,0.8529,2386.85,0.5567,41,UPI,SAAS,SMALL,1825.36,0.9707,0.0293,2,1,8,8.481978363978214,0.8529,2386.85,0.9707,70.97044117647059,0,0,1,RECOVERY_REMINDER,0.41517251121034876,2001.618387376031,reminder has strong predicted recovery value; multiple previous attempts reduce retry priority; decision margin is narrow,0.0
EVT_00005029,ALTERNATIVE_PAYMENT,True,ALLOWED,0.604641,1,1807.01,PAYMENT_FAILURE,2026-08-21 21:27:15,CUS_001484,MER_00154,1807.01,INR,CARD,MOBILE,FAILED,TIMEOUT,1,42.25,0,False,False,0,0,0,0.574641,194,19,18,1,0.9474,2518.03,0.8344,62,CARD,E_COMMERCE,SMALL,7670.89,0.9583,0.0417,21,4,8,7.499982071910277,0.9474,2518.03,0.9583,95.10578947368421,0,1,0,ALTERNATIVE_PAYMENT,0.6405768873036138,1152.5288411265033,alternative payment has strongest net expected value; strong customer payment history,1807.01
EVT_00003773,ALTERNATIVE_PAYMENT,True,ALLOWED,0.21576,0,0.0,PAYMENT_FAILURE,2026-08-01 08:46:14,CUS_001706,MER_00162,2593.78,INR,UPI,MOBILE,FAILED,INSUFFICIENT_BALANCE,3,42.57,0,False,False,0,0,0,0.18576,1292,40,37,3,0.925,3515.84,0.9174,48,NETBANKING,DIGITAL_SERVICES,LARGE,1610.3,0.8922,0.1078,8,5,8,7.861257013586057,0.925,3515.84,0.8922,64.84450000000001,0,1,1,ALTERNATIVE_PAYMENT,0.2720814565410376,700.7194403470126,alternative payment has strongest net expected value; multiple previous attempts reduce retry priority; strong customer payment history,0.0
EVT_00007606,ALTERNATIVE_PAYMENT,True,ALLOWED,0.662629,1,5608.32,PAYMENT_FAILURE,2026-08-04 02:00:37,CUS_001670,MER_00091,5608.32,INR,UPI,DESKTOP,FAILED,TIMEOUT,0,54.35,0,False,False,0,0,0,0.632629,1096,18,15,3,0.8333,5184.43,0.913,70,UPI,EDUCATION,SMALL,20175.16,0.9906,0.0094,2,1,8,8.632184779048748,0.8333,5184.43,0.9906,311.5733333333333,0,0,0,RETRY_LATER,0.645364233767506,3618.409139522979,delayed retry has strong predicted recovery value; decision margin is narrow,5608.32
EVT_00005953,ALTERNATIVE_PAYMENT,True,ALLOWED,0.287097,0,0.0,PAYMENT_FAILURE,2026-08-29 15:43:31,CUS_000326,MER_00197,2878.62,INR,UPI,MOBILE,FAILED,INSUFFICIENT_BALANCE,2,1.61,0,False,False,0,0,0,0.257097,368,66,62,4,0.9394,3292.98,0.6195,26,UPI,E_COMMERCE,SMALL,1239.03,0.945,0.055,15,5,8,7.965413619980113,0.9394,3292.98,0.945,43.61545454545455,0,1,1,RECOVERY_REMINDER,0.36226243679897807,1040.8158958182742,reminder has strong predicted recovery value; multiple previous attempts reduce retry priority; strong customer payment history,0.0
EVT_00007741,ALTERNATIVE_PAYMENT,True,ALLOWED,0.510466,0,0.0,PAYMENT_FAILURE,2026-08-04 03:28:50,CUS_001008,MER_00110,542.55,INR,CARD,MOBILE,FAILED,TIMEOUT,2,67.26,0,False,False,0,0,0,0.480466,770,34,32,2,0.9412,683.59,0.9588,5,UPI,FOOD_DELIVERY,MEDIUM,25287.45,0.9495,0.0505,3,1,8,6.298121698650009,0.9412,683.59,0.9495,15.957352941176469,0,1,1,ALTERNATIVE_PAYMENT,0.5442926486832818,290.30597654311447,alternative payment has strongest net expected value; multiple previous attempts reduce retry priority; strong customer payment history,0.0
EVT_00004015,ALTERNATIVE_PAYMENT,True,ALLOWED,0.629815,1,3785.63,SUBSCRIPTION_FAILURE,2026-08-29 13:27:45,CUS_001923,MER_00161,3785.63,INR,CARD,MOBILE,AT_RISK,,0,22.95,0,False,False,48,10,0,0.599815,1243,38,29,9,0.7632,5392.31,0.8944,19,CARD,SAAS,SMALL,3979.68,0.9713,0.0287,13,5,8,8.239231720461559,0.7632,5392.31,0.9713,99.62184210526316,0,0,0,ALTERNATIVE_PAYMENT,0.5256974309361412,1985.0959654747842,alternative payment has strongest net expected value,3785.63
EVT_00003711,ALTERNATIVE_PAYMENT,True,ALLOWED,0.409472,0,0.0,PAYMENT_FAILURE,2026-08-20 01:57:19,CUS_000081,MER_00007,9157.83,INR,UPI,MOBILE,FAILED,TIMEOUT,3,11.64,0,False,False,0,0,0,0.379472,1412,66,56,10,0.8485,3383.73,0.8117,36,WALLET,EDUCATION,SMALL,5075.52,0.9361,0.0639,1,3,8,9.122473720252458,0.8485,3383.73,0.9361,138.755,0,0,1,ALTERNATIVE_PAYMENT,0.36692340892535835,3355.2222019589144,alternative payment has strongest net expected value; multiple previous attempts reduce retry priority,0.0
EVT_00009849,ALTERNATIVE_PAYMENT,True,ALLOWED,0.504201,1,11576.73,PAYMENT_FAILURE,2026-08-02 21:01:48,CUS_000311,MER_00109,11576.73,INR,CARD,MOBILE,FAILED,PAYMENT_LIMIT,1,41.58,0,False,False,0,0,0,0.324201,1009,23,18,5,0.7826,3595.27,0.429,24,UPI,E_COMMERCE,SMALL,4316.36,0.9135,0.0865,21,6,8,9.356838704277207,0.7826,3595.27,0.9135,503.33608695652174,1,0,0,ALTERNATIVE_PAYMENT,0.4785082597287163,5534.560925649222,alternative payment has strongest net expected value; high-value transaction,11576.73
EVT_00003039,ALTERNATIVE_PAYMENT,True,ALLOWED,0.213769,0,0.0,SUBSCRIPTION_FAILURE,2026-08-22 05:06:57,CUS_000708,MER_00057,2467.95,INR,CARD,MOBILE,AT_RISK,,0,20.93,0,False,False,634,4,3,0.183769,871,24,21,3,0.875,3090.78,0.4063,67,UPI,E_COMMERCE,MEDIUM,11931.59,0.9085,0.0915,5,5,8,7.811548238026312,0.875,3090.78,0.9085,102.83125,0,0,0,RECOVERY_REMINDER,0.41936599180884154,1032.9742994846304,reminder has strong predicted recovery value,0.0
EVT_00001008,ALTERNATIVE_PAYMENT,True,ALLOWED,0.215327,0,0.0,PAYMENT_FAILURE,2026-08-30 04:38:19,CUS_000519,MER_00041,4960.48,INR,NETBANKING,MOBILE,FAILED,INSUFFICIENT_BALANCE,3,32.36,0,False,False,0,0,0,0.185327,728,12,11,1,0.9167,4096.44,0.9102,32,UPI,TRAVEL,MEDIUM,3690.69,0.8746,0.1254,4,6,8,8.50945936230717,0.9167,4096.44,0.8746,413.3733333333333,0,1,1,ALTERNATIVE_PAYMENT,0.31711255892167145,1568.0305062797727,alternative payment has strongest net expected value; multiple previous attempts reduce retry priority; strong customer payment history,0.0
EVT_00006404,ALTERNATIVE_PAYMENT,True,ALLOWED,0.549791,0,0.0,PAYMENT_FAILURE,2026-08-20 16:12:35,CUS_000300,MER_00125,485.4,INR,WALLET,DESKTOP,FAILED,TIMEOUT,1,18.48,0,False,False,0,0,0,0.519791,61,71,63,8,0.8873,1434.66,0.5255,49,CARD,E_COMMERCE,MEDIUM,4606.05,0.8105,0.1895,16,3,8,6.1870313306519575,0.8873,1434.66,0.8105,6.8366197183098585,0,0,0,RECOVERY_REMINDER,0.5498720838691402,264.90790951008063,reminder has strong predicted recovery value,485.4
EVT_00004058,ALTERNATIVE_PAYMENT,True,ALLOWED,0.438944,1,16525.74,PAYMENT_FAILURE,2026-08-21 10:24:29,CUS_001307,MER_00008,16525.74,INR,CARD,TABLET,FAILED,TIMEOUT,3,36.24,0,False,False,0,0,0,0.408944,404,22,20,2,0.9091,7713.8,0.9697,78,UPI,DIGITAL_SERVICES,MEDIUM,6017.04,0.8847,0.1153,10,4,8,9.712734954184322,0.9091,7713.8,0.8847,751.1700000000001,1,1,1,ALTERNATIVE_PAYMENT,0.391859381119911,6470.766248948558,alternative payment has strongest net expected value; multiple previous attempts reduce retry priority; strong customer payment history; high-value transaction,16525.74
EVT_00008814,ALTERNATIVE_PAYMENT,True,ALLOWED,0.257489,0,0.0,PAYMENT_FAILURE,2026-08-04 04:33:55,CUS_001630,MER_00028,1361.52,INR,CARD,MOBILE,FAILED,INSUFFICIENT_BALANCE,2,63.82,0,False,False,0,0,0,0.227489,216,66,58,8,0.8788,2284.35,0.8246,44,UPI,RETAIL,SMALL,5325.69,0.8758,0.1242,4,1,8,7.217091205328748,0.8788,2284.35,0.8758,20.62909090909091,0,0,1,RECOVERY_REMINDER,0.2822675000829781,382.3128467129763,reminder has strong predicted recovery value; multiple previous attempts reduce retry priority,0.0
EVT_00002916,ALTERNATIVE_PAYMENT,True,ALLOWED,0.603507,0,0.0,PAYMENT_FAILURE,2026-08-02 21:47:14,CUS_001840,MER_00175,2497.4,INR,CARD,DESKTOP,FAILED,NETWORK_ERROR,1,19.33,0,False,False,0,0,0,0.573507,842,76,75,1,0.9868,3549.93,0.6169,89,UPI,RETAIL,SMALL,14742.91,0.995,0.005,21,6,8,7.823405805968869,0.9868,3549.93,0.995,32.86052631578948,0,1,0,ALTERNATIVE_PAYMENT,0.5880930271778508,1463.7035260739647,alternative payment has strongest net expected value; strong customer payment history,0.0
EVT_00009178,ALTERNATIVE_PAYMENT,True,ALLOWED,0.594827,1,5972.71,PAYMENT_FAILURE,2026-08-22 04:46:59,CUS_001793,MER_00089,5972.71,INR,WALLET,DESKTOP,FAILED,BANK_TECHNICAL_ERROR,1,67.25,0,False,False,0,0,0,0.564827,535,21,18,3,0.8571,6404.1,0.6134,87,CARD,SAAS,MEDIUM,416.38,0.9005,0.0995,4,5,8,8.695123453908451,0.8571,6404.1,0.9005,284.4147619047619,0,0,0,ALTERNATIVE_PAYMENT,0.6283528383640111,3747.969281225113,alternative payment has strongest net expected value,5972.71
EVT_00001187,ALTERNATIVE_PAYMENT,True,ALLOWED,0.548018,1,2058.89,PAYMENT_FAILURE,2026-08-02 20:50:19,CUS_000866,MER_00022,2058.89,INR,CARD,TABLET,FAILED,PAYMENT_LIMIT,1,38.59,0,False,False,0,0,0,0.368018,1056,3,3,0,1.0,2812.62,0.8648,71,UPI,DIGITAL_SERVICES,LARGE,2602.03,0.8671,0.1329,20,6,8,7.630407862299648,1.0,2812.62,0.8671,686.2966666666666,0,1,0,ALTERNATIVE_PAYMENT,0.5327548216395969,1091.8835747255496,alternative payment has strongest net expected value; strong customer payment history,2058.89
EVT_00002687,ALTERNATIVE_PAYMENT,True,ALLOWED,0.768024,1,16435.23,CHECKOUT_ABANDONMENT,2026-08-04 01:52:02,CUS_000165,MER_00187,16435.23,INR,UPI,MOBILE,AT_RISK,,0,41.91,496,True,False,0,0,0,0.738024,644,76,59,17,0.7763,12067.62,0.8304,18,CARD,FOOD_DELIVERY,LARGE,11630.69,0.9524,0.0476,1,1,8,9.707243323577817,0.7763,12067.62,0.9524,216.25302631578947,1,0,0,RECOVERY_REMINDER,0.8794969932326517,14452.735368087075,reminder has strong predicted recovery value; high-value transaction,16435.23
EVT_00003408,ALTERNATIVE_PAYMENT,True,ALLOWED,0.470656,1,733.05,PAYMENT_FAILURE,2026-08-01 15:19:35,CUS_001224,MER_00126,733.05,INR,NETBANKING,MOBILE,FAILED,NETWORK_ERROR,2,47.87,0,False,False,0,0,0,0.440656,991,62,58,4,0.9355,2866.5,0.8926,40,CARD,DIGITAL_SERVICES,SMALL,2499.99,0.8824,0.1176,15,5,8,6.59857714618547,0.9355,2866.5,0.8824,11.823387096774193,0,1,1,ALTERNATIVE_PAYMENT,0.4912951242348476,355.143890820355,alternative payment has strongest net expected value; multiple previous attempts reduce retry priority; strong customer payment history,733.05
EVT_00002577,ALTERNATIVE_PAYMENT,True,ALLOWED,0.666666,1,8356.26,PAYMENT_FAILURE,2026-08-29 16:53:32,CUS_001245,MER_00048,8356.26,INR,CARD,MOBILE,FAILED,EXPIRED_PAYMENT_METHOD,0,10.14,0,False,False,0,0,0,0.486666,1316,58,56,2,0.9655,8292.2,0.7816,6,CARD,EDUCATION,MEDIUM,7641.54,0.8998,0.1002,16,5,8,9.030885901160413,0.9655,8292.2,0.8998,144.07344827586206,0,1,0,ALTERNATIVE_PAYMENT,0.6080543720303994,5076.060426822745,alternative payment has strongest net expected value; strong customer payment history,8356.26
EVT_00007046,ALTERNATIVE_PAYMENT,True,ALLOWED,0.740029,1,897.69,CHECKOUT_ABANDONMENT,2026-08-30 18:16:55,CUS_000774,MER_00156,897.69,INR,NETBANKING,DESKTOP,AT_RISK,,0,14.94,20,True,False,0,0,0,0.710029,1085,56,55,1,0.9821,1394.33,0.8476,71,UPI,FOOD_DELIVERY,MEDIUM,16696.36,0.898,0.102,18,6,8,6.8009381474187105,0.9821,1394.33,0.898,16.03017857142857,0,1,0,RECOVERY_REMINDER,0.7590640315512094,679.4041904832052,reminder has strong predicted recovery value; strong customer payment history,897.69
EVT_00008973,ALTERNATIVE_PAYMENT,True,ALLOWED,0.784192,1,2048.53,CHECKOUT_ABANDONMENT,2026-08-20 17:09:35,CUS_000551,MER_00018,2048.53,INR,UPI,MOBILE,AT_RISK,,0,18.89,828,True,False,0,0,0,0.754192,1210,52,50,2,0.9615,1282.13,0.7712,80,CARD,E_COMMERCE,SMALL,8469.12,0.8917,0.1083,17,3,8,7.625365777553778,0.9615,1282.13,0.8917,39.394807692307694,0,1,0,RECOVERY_REMINDER,0.9192057793534485,1881.02061517892,reminder has strong predicted recovery value; strong customer payment history,2048.53
EVT_00008478,ALTERNATIVE_PAYMENT,True,ALLOWED,0.767182,0,0.0,CHECKOUT_ABANDONMENT,2026-08-04 08:12:12,CUS_001954,MER_00008,4076.44,INR,CARD,MOBILE,AT_RISK,,0,46.52,562,True,False,0,0,0,0.737182,713,37,33,4,0.8919,4202.39,0.5195,7,WALLET,DIGITAL_SERVICES,MEDIUM,6017.04,0.8847,0.1153,8,1,8,8.313224619488068,0.8919,4202.39,0.8847,110.17405405405405,0,0,0,RECOVERY_REMINDER,0.955228412077574,3891.931308129506,reminder has strong predicted recovery value,4076.44
EVT_00004084,ALTERNATIVE_PAYMENT,True,ALLOWED,0.612549,0,0.0,CHECKOUT_ABANDONMENT,2026-08-21 15:33:51,CUS_000165,MER_00004,34499.46,INR,UPI,TABLET,AT_RISK,,0,23.78,568,False,True,0,0,0,0.582549,644,76,59,17,0.7763,12067.62,0.8304,18,CARD,EDUCATION,MEDIUM,2207.0,0.9735,0.0265,15,4,8,10.448727936263897,0.7763,12067.62,0.9735,453.9402631578947,1,0,0,RECOVERY_REMINDER,0.7197692201604018,24829.649420154976,reminder has strong predicted recovery value; high-value transaction,34499.46
EVT_00002857,ALTERNATIVE_PAYMENT,True,ALLOWED,0.537227,0,0.0,CHECKOUT_ABANDONMENT,2026-08-20 02:41:20,CUS_001658,MER_00088,1722.95,INR,WALLET,MOBILE,AT_RISK,,0,18.33,311,False,True,0,0,0,0.507227,1314,73,61,12,0.8356,4181.71,0.8788,47,UPI,SAAS,MEDIUM,2014.49,0.8916,0.1084,2,3,8,7.452373448482877,0.8356,4181.71,0.8916,23.602054794520548,0,0,0,RECOVERY_REMINDER,0.7655347623228638,1316.9781187441781,reminder has strong predicted recovery value,1722.95
EVT_00008221,ALTERNATIVE_PAYMENT,True,ALLOWED,0.347516,0,0.0,PAYMENT_FAILURE,2026-08-02 18:37:54,CUS_000324,MER_00027,14208.92,INR,UPI,MOBILE,FAILED,INSUFFICIENT_BALANCE,1,56.6,0,False,False,0,0,0,0.317516,1376,52,47,5,0.9038,6682.24,0.5829,78,UPI,DIGITAL_SERVICES,SMALL,12097.35,0.8025,0.1975,18,6,8,9.561695591237157,0.9038,6682.24,0.8025,273.2484615384615,1,1,0,RECOVERY_REMINDER,0.4614801634964007,6555.134724707278,reminder has strong predicted recovery value; strong customer payment history; high-value transaction,0.0
EVT_00006447,ALTERNATIVE_PAYMENT,True,ALLOWED,0.80197,1,7382.76,CHECKOUT_ABANDONMENT,2026-08-30 09:22:45,CUS_001816,MER_00028,7382.76,INR,CARD,DESKTOP,AT_RISK,,0,50.9,769,True,False,0,0,0,0.77197,192,6,6,0,1.0,12475.79,0.507,62,UPI,RETAIL,SMALL,5325.69,0.8758,0.1242,9,6,8,8.907038272945904,1.0,12475.79,0.8758,1230.46,0,1,0,RECOVERY_REMINDER,0.9391675589689141,6931.648687653341,reminder has strong predicted recovery value; strong customer payment history,0.0
EVT_00009203,ALTERNATIVE_PAYMENT,True,ALLOWED,0.691288,0,0.0,PAYMENT_FAILURE,2026-08-04 00:18:30,CUS_000395,MER_00082,19512.96,INR,CARD,TABLET,FAILED,TIMEOUT,0,31.49,0,False,False,0,0,0,0.661288,1088,38,32,6,0.8421,10239.59,0.847,46,CARD,DIGITAL_SERVICES,SMALL,5119.5,0.9572,0.0428,0,1,8,9.878885385855401,0.8421,10239.59,0.9572,513.498947368421,1,0,0,RECOVERY_REMINDER,0.5806974968533342,11329.127028199235,reminder has strong predicted recovery value; high-value transaction; decision margin is narrow,19512.96
EVT_00005618,ALTERNATIVE_PAYMENT,True,ALLOWED,0.75578,1,4982.45,CHECKOUT_ABANDONMENT,2026-08-30 00:30:50,CUS_001223,MER_00001,4982.45,INR,CARD,MOBILE,AT_RISK,,0,57.19,284,True,False,0,0,0,0.72578,1443,62,49,13,0.7903,6996.29,0.8004,83,UPI,FOOD_DELIVERY,SMALL,6229.18,0.9913,0.0087,0,6,8,8.51387770124792,0.7903,6996.29,0.9913,80.36209677419355,0,0,0,RECOVERY_REMINDER,0.8656328380519394,4310.972333951885,reminder has strong predicted recovery value,4982.45
EVT_00008932,ALTERNATIVE_PAYMENT,True,ALLOWED,0.675794,1,148107.55,SUBSCRIPTION_FAILURE,2026-08-04 10:14:58,CUS_001847,MER_00098,148107.55,INR,NETBANKING,MOBILE,AT_RISK,,0,13.89,0,False,False,210,13,1,0.645794,621,61,57,4,0.9344,34682.83,0.6885,50,UPI,DIGITAL_SERVICES,SMALL,599.1,0.88,0.12,10,1,8,11.905700729852166,0.9344,34682.83,0.88,2427.9926229508196,1,1,0,HUMAN_ESCALATION,0.6217914400810197,91842.00680137162,high-value case eligible for human escalation; strong customer payment history; high-value transaction,148107.55
EVT_00002739,ALTERNATIVE_PAYMENT,True,ALLOWED,0.2303,1,4894.72,PAYMENT_FAILURE,2026-08-21 06:37:50,CUS_000796,MER_00152,4894.72,INR,UPI,TABLET,FAILED,INSUFFICIENT_BALANCE,3,58.56,0,False,False,0,0,0,0.2003,464,73,70,3,0.9589,4782.27,0.8408,54,UPI,DIGITAL_SERVICES,SMALL,4325.9,0.9166,0.0834,6,4,8,8.496116633014294,0.9589,4782.27,0.9166,67.05095890410959,0,1,1,ALTERNATIVE_PAYMENT,0.23854571350116588,1162.6144747884266,alternative payment has strongest net expected value; multiple previous attempts reduce retry priority; strong customer payment history,4894.72
EVT_00009273,ALTERNATIVE_PAYMENT,True,ALLOWED,0.538737,1,7505.27,SUBSCRIPTION_FAILURE,2026-08-02 17:54:42,CUS_000083,MER_00122,7505.27,INR,CARD,MOBILE,AT_RISK,,0,6.83,0,False,False,359,17,1,0.508737,266,26,23,3,0.8846,10450.19,0.7998,29,CARD,TRAVEL,LARGE,1261.74,0.7975,0.2025,17,6,8,8.92349395027104,0.8846,10450.19,0.7975,288.6642307692308,0,0,0,ALTERNATIVE_PAYMENT,0.5758187041813749,4316.6748459313485,alternative payment has strongest net expected value,7505.27
EVT_00000957,ALTERNATIVE_PAYMENT,True,ALLOWED,0.616837,1,5237.01,PAYMENT_FAILURE,2026-08-02 22:31:06,CUS_000610,MER_00167,5237.01,INR,CARD,MOBILE,FAILED,PAYMENT_LIMIT,0,0.85,0,False,False,0,0,0,0.436837,1290,66,62,4,0.9394,5039.87,0.671,54,CARD,EDUCATION,SMALL,8093.76,0.8619,0.1381,22,6,8,8.563696934191455,0.9394,5039.87,0.8619,79.34863636363637,0,1,0,ALTERNATIVE_PAYMENT,0.5779091487501534,3021.515991096041,alternative payment has strongest net expected value; strong customer payment history,5237.01
EVT_00004513,ALTERNATIVE_PAYMENT,True,ALLOWED,0.459908,1,3118.45,PAYMENT_FAILURE,2026-08-04 00:00:28,CUS_000994,MER_00169,3118.45,INR,UPI,MOBILE,FAILED,NETWORK_ERROR,2,53.46,0,False,False,0,0,0,0.429908,664,68,58,10,0.8529,4682.69,0.5197,46,NETBANKING,FOOD_DELIVERY,SMALL,4115.41,0.9528,0.0472,0,1,8,8.04541198321274,0.8529,4682.69,0.9528,45.85955882352941,0,0,1,RECOVERY_REMINDER,0.3737390235987227,1163.4864581414367,reminder has strong predicted recovery value; multiple previous attempts reduce retry priority; decision margin is narrow,0.0
EVT_00006075,ALTERNATIVE_PAYMENT,True,ALLOWED,0.507008,1,6870.6,PAYMENT_FAILURE,2026-08-29 17:12:00,CUS_000468,MER_00106,6870.6,INR,CARD,DESKTOP,FAILED,NETWORK_ERROR,2,53.69,0,False,False,0,0,0,0.477008,906,54,52,2,0.963,4502.79,0.7776,70,CARD,SAAS,SMALL,2564.56,0.9372,0.0628,17,5,8,8.835152254752291,0.963,4502.79,0.9372,127.23333333333333,0,1,1,ALTERNATIVE_PAYMENT,0.5176229716272183,3551.380388861966,alternative payment has strongest net expected value; multiple previous attempts reduce retry priority; strong customer payment history,6870.6
EVT_00007812,ALTERNATIVE_PAYMENT,True,ALLOWED,0.463417,0,0.0,SUBSCRIPTION_FAILURE,2026-08-19 23:15:39,CUS_001037,MER_00118,5430.5,INR,NETBANKING,DESKTOP,AT_RISK,,0,37.76,0,False,False,712,13,2,0.433417,1357,64,59,5,0.9219,4813.69,0.6533,52,UPI,E_COMMERCE,MEDIUM,1563.87,0.9374,0.0626,23,2,8,8.599970617873806,0.9219,4813.69,0.9374,84.8515625,0,1,0,RECOVERY_REMINDER,0.48699355418112517,2642.6184959806,reminder has strong predicted recovery value; strong customer payment history,5430.5
EVT_00008818,ALTERNATIVE_PAYMENT,True,ALLOWED,0.457009,1,2099.34,PAYMENT_FAILURE,2026-08-04 10:06:22,CUS_000480,MER_00163,2099.34,INR,UPI,DESKTOP,FAILED,ISSUER_DECLINE,0,60.18,0,False,False,0,0,0,0.277009,190,11,9,2,0.8182,1606.23,0.5945,46,CARD,E_COMMERCE,SMALL,1788.31,0.8092,0.1908,10,1,8,7.649854515368258,0.8182,1606.23,0.8092,190.84909090909093,0,0,0,ALTERNATIVE_PAYMENT,0.4836630168891842,1010.3731178761401,alternative payment has strongest net expected value,2099.34
EVT_00003080,ALTERNATIVE_PAYMENT,True,ALLOWED,0.600744,1,6000.74,PAYMENT_FAILURE,2026-08-29 12:06:14,CUS_000642,MER_00032,6000.74,INR,UPI,DESKTOP,FAILED,TIMEOUT,0,15.64,0,False,False,0,0,0,0.570744,1377,40,30,10,0.75,8985.43,0.5651,7,WALLET,TRAVEL,SMALL,7142.77,0.8186,0.1814,12,5,8,8.69980470616832,0.75,8985.43,0.8186,150.0185,0,0,0,RETRY_LATER,0.6139539636450814,3683.1781078035856,delayed retry has strong predicted recovery value,6000.74
EVT_00002495,ALTERNATIVE_PAYMENT,True,ALLOWED,0.343655,1,2994.13,PAYMENT_FAILURE,2026-08-20 18:15:21,CUS_000913,MER_00118,2994.13,INR,UPI,MOBILE,FAILED,INSUFFICIENT_BALANCE,1,26.03,0,False,False,0,0,0,0.313655,583,38,34,4,0.8947,2984.35,0.8988,15,UPI,E_COMMERCE,MEDIUM,1563.87,0.9374,0.0626,18,3,8,8.004742915283677,0.8947,2984.35,0.9374,78.79289473684211,0,0,0,ALTERNATIVE_PAYMENT,0.4341088735432779,1294.7784015421346,alternative payment has strongest net expected value,2994.13
EVT_00002270,ALTERNATIVE_PAYMENT,True,ALLOWED,0.714182,0,0.0,CHECKOUT_ABANDONMENT,2026-08-01 06:30:30,CUS_000739,MER_00153,3499.81,INR,CARD,DESKTOP,AT_RISK,,0,6.76,40,True,False,0,0,0,0.684182,1115,39,35,4,0.8974,1993.21,0.6132,86,UPI,DIGITAL_SERVICES,MEDIUM,11301.58,0.8712,0.1288,6,5,8,8.160749649273473,0.8974,1993.21,0.8712,89.73871794871795,0,0,0,RECOVERY_REMINDER,0.8731251090628934,3053.771987949405,reminder has strong predicted recovery value,3499.81
EVT_00003849,ALTERNATIVE_PAYMENT,True,ALLOWED,0.787077,1,7571.05,CHECKOUT_ABANDONMENT,2026-08-20 13:08:14,CUS_001663,MER_00018,7571.05,INR,UPI,DESKTOP,AT_RISK,,0,15.95,629,True,False,0,0,0,0.757077,302,77,72,5,0.9351,3537.77,0.7326,18,CARD,E_COMMERCE,SMALL,8469.12,0.8917,0.1083,13,3,8,8.932219115582637,0.9351,3537.77,0.8917,98.32532467532468,0,1,0,RECOVERY_REMINDER,0.9390422180568134,7107.535585019037,reminder has strong predicted recovery value; strong customer payment history,7571.05
EVT_00007334,ALTERNATIVE_PAYMENT,True,ALLOWED,0.797044,1,6699.6,CHECKOUT_ABANDONMENT,2026-08-02 17:44:16,CUS_000370,MER_00077,6699.6,INR,NETBANKING,MOBILE,AT_RISK,,0,65.65,810,True,True,0,0,0,0.767044,1164,14,13,1,0.9286,8795.23,0.7333,25,WALLET,TRAVEL,MEDIUM,2007.39,0.9835,0.0165,17,6,8,8.8099523536083,0.9286,8795.23,0.9835,478.54285714285714,0,1,0,RECOVERY_REMINDER,0.8965622187695071,6004.6082408681905,reminder has strong predicted recovery value; strong customer payment history,6699.6
EVT_00008768,ALTERNATIVE_PAYMENT,True,ALLOWED,0.350056,1,2661.72,PAYMENT_FAILURE,2026-08-30 09:46:06,CUS_000827,MER_00189,2661.72,INR,WALLET,DESKTOP,FAILED,INSUFFICIENT_BALANCE,0,6.36,0,False,False,0,0,0,0.320056,1030,29,21,8,0.7241,8284.37,0.4549,81,UPI,E_COMMERCE,LARGE,1688.36,0.8609,0.1391,9,6,8,7.887103435712065,0.7241,8284.37,0.8609,91.78344827586206,0,0,0,ALTERNATIVE_PAYMENT,0.4890673850175757,1296.7604400489815,alternative payment has strongest net expected value,2661.72
EVT_00001349,ALTERNATIVE_PAYMENT,True,ALLOWED,0.587464,1,5549.59,CHECKOUT_ABANDONMENT,2026-08-04 12:31:19,CUS_000189,MER_00165,5549.59,INR,WALLET,MOBILE,AT_RISK,,0,63.78,131,False,False,0,0,0,0.557464,380,37,36,1,0.973,8267.2,0.9612,49,NETBANKING,SAAS,SMALL,10559.09,0.8386,0.1614,12,1,8,8.621659507396672,0.973,8267.2,0.8386,149.98891891891893,0,1,0,RECOVERY_REMINDER,0.7368946752842438,4087.4633210106867,reminder has strong predicted recovery value; strong customer payment history,5549.59
EVT_00005509,ALTERNATIVE_PAYMENT,True,ALLOWED,0.491961,1,6029.93,PAYMENT_FAILURE,2026-08-20 03:18:51,CUS_000425,MER_00043,6029.93,INR,UPI,DESKTOP,FAILED,TIMEOUT,1,0.15,0,False,False,0,0,0,0.461961,643,28,20,8,0.7143,5122.73,0.6583,1,UPI,TRAVEL,SMALL,10675.23,0.776,0.224,3,3,8,8.704656506684906,0.7143,5122.73,0.776,215.35464285714286,0,0,0,ALTERNATIVE_PAYMENT,0.4713082825809445,2836.9559523833145,alternative payment has strongest net expected value,6029.93
EVT_00002949,ALTERNATIVE_PAYMENT,True,ALLOWED,0.745986,0,0.0,CHECKOUT_ABANDONMENT,2026-08-03 23:21:16,CUS_000442,MER_00027,8763.56,INR,NETBANKING,DESKTOP,AT_RISK,,0,43.76,75,True,False,0,0,0,0.715986,472,1,1,0,1.0,3334.67,0.4603,62,NETBANKING,DIGITAL_SERVICES,SMALL,12097.35,0.8025,0.1975,23,0,8,9.078471596437561,1.0,3334.67,0.8025,8763.56,0,1,0,RECOVERY_REMINDER,0.8553032445071898,7493.501301433427,reminder has strong predicted recovery value; strong customer payment history,8763.56
EVT_00009093,ALTERNATIVE_PAYMENT,True,ALLOWED,0.567773,1,18100.87,PAYMENT_FAILURE,2026-08-30 18:09:40,CUS_000741,MER_00058,18100.87,INR,WALLET,MOBILE,FAILED,PAYMENT_LIMIT,1,29.39,0,False,False,0,0,0,0.387773,1231,15,14,1,0.9333,11106.96,0.3228,36,CARD,SAAS,LARGE,1566.76,0.8967,0.1033,18,6,8,9.803770526834425,0.9333,11106.96,0.8967,1206.7246666666665,1,1,0,ALTERNATIVE_PAYMENT,0.5866779567355928,10614.381426736589,alternative payment has strongest net expected value; strong customer payment history; high-value transaction,18100.87
EVT_00002612,ALTERNATIVE_PAYMENT,True,ALLOWED,0.410867,0,0.0,PAYMENT_FAILURE,2026-08-01 16:02:28,CUS_000077,MER_00008,6401.98,INR,UPI,DESKTOP,FAILED,INSUFFICIENT_BALANCE,0,55.44,0,False,False,0,0,0,0.380867,515,37,32,5,0.8649,12258.28,0.6231,52,UPI,DIGITAL_SERVICES,MEDIUM,6017.04,0.8847,0.1153,16,5,8,8.764518785978082,0.8649,12258.28,0.8847,173.02648648648648,0,0,0,ALTERNATIVE_PAYMENT,0.461447110761001,2949.175174149713,alternative payment has strongest net expected value,0.0
EVT_00005965,ALTERNATIVE_PAYMENT,True,ALLOWED,0.803758,1,7260.36,CHECKOUT_ABANDONMENT,2026-08-19 23:06:16,CUS_000671,MER_00110,7260.36,INR,CARD,DESKTOP,AT_RISK,,0,28.41,222,True,False,0,0,0,0.773758,1430,63,61,2,0.9683,4559.8,0.5121,11,CARD,FOOD_DELIVERY,MEDIUM,25287.45,0.9495,0.0505,23,2,8,8.890322418098867,0.9683,4559.8,0.9495,115.24380952380952,0,1,0,RECOVERY_REMINDER,0.8541767708092753,6199.63085971283,reminder has strong predicted recovery value; strong customer payment history,7260.36
EVT_00001428,ALTERNATIVE_PAYMENT,True,ALLOWED,0.506807,0,0.0,PAYMENT_FAILURE,2026-08-29 11:44:38,CUS_000973,MER_00199,4367.17,INR,UPI,MOBILE,FAILED,TIMEOUT,2,12.71,0,False,False,0,0,0,0.476807,731,48,44,4,0.9167,3473.45,0.7585,88,UPI,SAAS,SMALL,1416.06,0.9293,0.0707,11,5,8,8.382099436081319,0.9167,3473.45,0.9293,90.98270833333333,0,1,1,ALTERNATIVE_PAYMENT,0.5213758798174406,2271.937101062332,alternative payment has strongest net expected value; multiple previous attempts reduce retry priority; strong customer payment history,0.0
EVT_00004132,ALTERNATIVE_PAYMENT,True,ALLOWED,0.404034,1,1387.11,PAYMENT_FAILURE,2026-08-04 12:21:13,CUS_000999,MER_00126,1387.11,INR,UPI,DESKTOP,FAILED,ISSUER_DECLINE,1,15.51,0,False,False,0,0,0,0.224034,1443,35,29,6,0.8286,1511.22,0.5885,33,UPI,DIGITAL_SERVICES,SMALL,2499.99,0.8824,0.1176,12,1,8,7.235698388647038,0.8286,1511.22,0.8824,39.63171428571428,0,0,0,ALTERNATIVE_PAYMENT,0.4942328737180322,680.5553614630196,alternative payment has strongest net expected value,1387.11
EVT_00002416,ALTERNATIVE_PAYMENT,True,ALLOWED,0.762333,1,1509.38,CHECKOUT_ABANDONMENT,2026-08-29 08:14:12,CUS_001823,MER_00054,1509.38,INR,UPI,TABLET,AT_RISK,,0,20.05,816,True,True,0,0,0,0.732333,473,44,39,5,0.8864,1130.85,0.7282,79,NETBANKING,SAAS,SMALL,6765.64,0.896,0.104,8,5,8,7.320116553778143,0.8864,1130.85,0.896,34.30409090909091,0,0,0,RECOVERY_REMINDER,0.9349044420682826,1409.1260667690244,reminder has strong predicted recovery value,1509.38
EVT_00000655,ALTERNATIVE_PAYMENT,True,ALLOWED,0.45869,0,0.0,PAYMENT_FAILURE,2026-08-29 12:06:29,CUS_000723,MER_00027,1203.16,INR,CARD,MOBILE,FAILED,PAYMENT_LIMIT,2,8.78,0,False,False,0,0,0,0.27869,1272,9,9,0,1.0,1404.35,0.7121,86,NETBANKING,DIGITAL_SERVICES,SMALL,12097.35,0.8025,0.1975,12,5,8,7.093537507405072,1.0,1404.35,0.8025,133.68444444444447,0,1,1,ALTERNATIVE_PAYMENT,0.4495314845500078,535.8583009511874,alternative payment has strongest net expected value; multiple previous attempts reduce retry priority; strong customer payment history,0.0
EVT_00007241,ALTERNATIVE_PAYMENT,True,ALLOWED,0.479453,0,0.0,PAYMENT_FAILURE,2026-08-22 05:39:39,CUS_000544,MER_00155,12914.73,INR,CARD,DESKTOP,FAILED,PAYMENT_LIMIT,2,54.97,0,False,False,0,0,0,0.299453,286,31,30,1,0.9677,10786.23,0.4869,41,UPI,SAAS,SMALL,2912.27,0.843,0.157,5,5,8,9.46620122735493,0.9677,10786.23,0.843,416.60419354838706,1,1,1,ALTERNATIVE_PAYMENT,0.4940741262273867,6375.833940212618,alternative payment has strongest net expected value; multiple previous attempts reduce retry priority; strong customer payment history; high-value transaction,0.0
EVT_00006760,ALTERNATIVE_PAYMENT,True,ALLOWED,0.5342,0,0.0,PAYMENT_FAILURE,2026-08-02 19:39:52,CUS_001879,MER_00069,1321.23,INR,UPI,MOBILE,FAILED,NETWORK_ERROR,1,71.04,0,False,False,0,0,0,0.5042,1098,15,14,1,0.9333,2335.88,0.8142,35,UPI,E_COMMERCE,SMALL,12615.7,0.7608,0.2392,19,6,8,7.187074984099041,0.9333,2335.88,0.7608,88.08200000000001,0,1,0,RETRY_LATER,0.5718958768817344,754.6059894124539,delayed retry has strong predicted recovery value; strong customer payment history,1321.23
EVT_00004950,ALTERNATIVE_PAYMENT,True,ALLOWED,0.54838,0,0.0,CHECKOUT_ABANDONMENT,2026-08-30 19:45:37,CUS_000695,MER_00085,8576.22,INR,WALLET,MOBILE,AT_RISK,,0,31.61,186,False,False,0,0,0,0.51838,162,74,64,10,0.8649,6727.67,0.6682,35,NETBANKING,EDUCATION,SMALL,4896.74,0.8068,0.1932,19,6,8,9.056865130655636,0.8649,6727.67,0.8068,115.89486486486486,0,0,0,RECOVERY_REMINDER,0.771037484491136,6610.587095242569,reminder has strong predicted recovery value,8576.22
EVT_00008105,ALTERNATIVE_PAYMENT,True,ALLOWED,0.685955,1,88968.18,CHECKOUT_ABANDONMENT,2026-08-21 13:12:45,CUS_000061,MER_00126,88968.18,INR,CARD,MOBILE,AT_RISK,,0,7.87,394,False,False,0,0,0,0.655955,1386,71,66,5,0.9296,12218.24,0.309,75,WALLET,DIGITAL_SERVICES,SMALL,2499.99,0.8824,0.1176,13,4,8,11.396045296606479,0.9296,12218.24,0.8824,1253.0729577464788,1,1,0,RECOVERY_REMINDER,0.7463164686110764,66396.41791635459,reminder has strong predicted recovery value; strong customer payment history; high-value transaction,88968.18
EVT_00009975,ALTERNATIVE_PAYMENT,True,ALLOWED,0.617343,0,0.0,PAYMENT_FAILURE,2026-08-04 00:47:40,CUS_001805,MER_00106,823.1,INR,UPI,MOBILE,FAILED,TIMEOUT,1,28.64,0,False,False,0,0,0,0.587343,218,2,2,0,1.0,2401.36,0.8722,83,UPI,SAAS,SMALL,2564.56,0.9372,0.0628,0,1,8,6.714291881769338,1.0,2401.36,0.9372,411.55,0,1,0,ALTERNATIVE_PAYMENT,0.6251634373776538,509.57202530554684,alternative payment has strongest net expected value; strong customer payment history; decision margin is narrow,0.0
EVT_00002685,ALTERNATIVE_PAYMENT,True,ALLOWED,0.773482,1,13393.48,CHECKOUT_ABANDONMENT,2026-08-04 08:28:11,CUS_000758,MER_00037,13393.48,INR,CARD,MOBILE,AT_RISK,,0,22.37,319,True,False,0,0,0,0.743482,593,51,41,10,0.8039,11338.35,0.8664,32,CARD,E_COMMERCE,SMALL,979.69,0.9742,0.0258,8,1,8,9.502597960769782,0.8039,11338.35,0.9742,262.6172549019608,1,0,0,RECOVERY_REMINDER,0.859199197464465,11505.667267256364,reminder has strong predicted recovery value; high-value transaction,13393.48
EVT_00002564,ALTERNATIVE_PAYMENT,True,ALLOWED,0.418785,0,0.0,PAYMENT_FAILURE,2026-08-30 01:36:05,CUS_000284,MER_00101,5598.96,INR,UPI,MOBILE,FAILED,TIMEOUT,3,42.87,0,False,False,0,0,0,0.388785,751,63,59,4,0.9365,4222.72,0.4478,32,UPI,FOOD_DELIVERY,SMALL,3940.25,0.8648,0.1352,1,6,8,8.630514733840588,0.9365,4222.72,0.8648,88.87238095238095,0,1,1,ALTERNATIVE_PAYMENT,0.4442014447451612,2482.066121070368,alternative payment has strongest net expected value; multiple previous attempts reduce retry priority; strong customer payment history,0.0
EVT_00007510,ALTERNATIVE_PAYMENT,True,ALLOWED,0.510277,0,0.0,PAYMENT_FAILURE,2026-08-01 06:40:28,CUS_001462,MER_00126,20214.6,INR,CARD,MOBILE,FAILED,PAYMENT_LIMIT,1,3.34,0,False,False,0,0,0,0.330277,489,75,57,18,0.76,6647.93,0.9154,52,UPI,DIGITAL_SERVICES,SMALL,2499.99,0.8824,0.1176,6,5,8,9.914209862564404,0.76,6647.93,0.8824,269.52799999999996,1,0,0,ALTERNATIVE_PAYMENT,0.637167767697435,12875.091556896568,alternative payment has strongest net expected value; high-value transaction,0.0
EVT_00000395,ALTERNATIVE_PAYMENT,True,ALLOWED,0.31075,1,5246.71,PAYMENT_FAILURE,2026-08-02 22:17:07,CUS_001400,MER_00150,5246.71,INR,WALLET,MOBILE,FAILED,ISSUER_DECLINE,3,63.47,0,False,False,0,0,0,0.13075,470,58,50,8,0.8621,4862.91,0.9133,0,CARD,DIGITAL_SERVICES,LARGE,2957.32,0.8313,0.1687,22,6,8,8.56554706995074,0.8621,4862.91,0.8313,90.4605172413793,0,0,1,ALTERNATIVE_PAYMENT,0.35168164105122596,1840.1715829198777,alternative payment has strongest net expected value; multiple previous attempts reduce retry priority,5246.71
EVT_00007049,ALTERNATIVE_PAYMENT,True,ALLOWED,0.63455,0,0.0,CHECKOUT_ABANDONMENT,2026-08-20 00:07:24,CUS_001691,MER_00179,1637.95,INR,UPI,MOBILE,AT_RISK,,0,57.43,24,True,False,0,0,0,0.60455,1165,32,23,9,0.7188,2453.35,0.9243,33,CARD,DIGITAL_SERVICES,SMALL,4183.78,0.7936,0.2064,0,3,8,7.401811071872155,0.7188,2453.35,0.7936,51.1859375,0,0,0,RECOVERY_REMINDER,0.7755357476922882,1268.2887779325833,reminder has strong predicted recovery value,1637.95
EVT_00008755,ALTERNATIVE_PAYMENT,True,ALLOWED,0.526374,0,0.0,PAYMENT_FAILURE,2026-08-20 13:58:46,CUS_000744,MER_00029,1697.24,INR,NETBANKING,MOBILE,FAILED,EXPIRED_PAYMENT_METHOD,1,10.66,0,False,False,0,0,0,0.346374,427,75,65,10,0.8667,2622.88,0.781,11,UPI,FOOD_DELIVERY,SMALL,5041.91,0.8787,0.1213,13,3,8,7.43734769963953,0.8667,2622.88,0.8787,22.62986666666667,0,0,0,ALTERNATIVE_PAYMENT,0.4857452510200503,819.4262698412701,alternative payment has strongest net expected value,0.0
EVT_00008617,ALTERNATIVE_PAYMENT,True,ALLOWED,0.659039,0,0.0,PAYMENT_FAILURE,2026-08-01 15:56:29,CUS_000235,MER_00184,3956.62,INR,UPI,MOBILE,FAILED,TIMEOUT,0,68.55,0,False,False,0,0,0,0.629039,754,47,40,7,0.8511,4307.32,0.7967,16,UPI,E_COMMERCE,MEDIUM,7360.37,0.9586,0.0414,15,5,8,8.283398113468548,0.8511,4307.32,0.9586,84.18340425531915,0,0,0,RETRY_LATER,0.727036464072897,2875.6070144801056,delayed retry has strong predicted recovery value,3956.62
EVT_00000011,ALTERNATIVE_PAYMENT,True,ALLOWED,0.687628,0,0.0,CHECKOUT_ABANDONMENT,2026-08-29 13:20:54,CUS_000319,MER_00071,3232.27,INR,CARD,MOBILE,AT_RISK,,0,67.43,686,True,False,0,0,0,0.657628,1409,68,45,23,0.6618,2809.77,0.5535,75,WALLET,TRAVEL,MEDIUM,1476.19,0.8534,0.1466,13,5,8,8.081249288002658,0.6618,2809.77,0.8534,47.533382352941175,0,0,0,RECOVERY_REMINDER,0.8069154479863169,2606.1685950627325,reminder has strong predicted recovery value,3232.27
EVT_00002869,ALTERNATIVE_PAYMENT,True,ALLOWED,0.479053,1,834.73,PAYMENT_FAILURE,2026-08-02 22:19:18,CUS_001275,MER_00048,834.73,INR,CARD,TABLET,FAILED,ISSUER_DECLINE,0,32.51,0,False,False,0,0,0,0.299053,1151,20,17,3,0.85,1047.55,0.8044,74,WALLET,EDUCATION,MEDIUM,7641.54,0.8998,0.1002,22,6,8,6.7283055944126104,0.85,1047.55,0.8998,41.7365,0,0,0,ALTERNATIVE_PAYMENT,0.5214459347567049,430.26656511946425,alternative payment has strongest net expected value,834.73
EVT_00007501,ALTERNATIVE_PAYMENT,True,ALLOWED,0.601348,1,1111.6,PAYMENT_FAILURE,2026-08-04 09:11:19,CUS_001823,MER_00191,1111.6,INR,UPI,DESKTOP,FAILED,PAYMENT_LIMIT,0,0.83,0,False,False,0,0,0,0.421348,473,44,39,5,0.8864,1130.85,0.7282,79,NETBANKING,EDUCATION,SMALL,18406.03,0.9338,0.0662,9,1,8,7.014454897641193,0.8864,1130.85,0.9338,25.263636363636362,0,0,0,ALTERNATIVE_PAYMENT,0.5495445570583044,605.8737296260111,alternative payment has strongest net expected value,1111.6
EVT_00002285,ALTERNATIVE_PAYMENT,True,ALLOWED,0.35746,0,0.0,PAYMENT_FAILURE,2026-08-30 09:12:31,CUS_001966,MER_00200,3969.94,INR,UPI,MOBILE,FAILED,ISSUER_DECLINE,2,18.95,0,False,False,0,0,0,0.17746,1120,68,61,7,0.8971,2069.54,0.8101,9,UPI,TRAVEL,LARGE,3303.67,0.795,0.205,9,6,8,8.286758121472905,0.8971,2069.54,0.795,58.381470588235295,0,0,1,ALTERNATIVE_PAYMENT,0.37036070105662117,1465.3097615527226,alternative payment has strongest net expected value; multiple previous attempts reduce retry priority,0.0
EVT_00006683,ALTERNATIVE_PAYMENT,True,ALLOWED,0.390988,0,0.0,SUBSCRIPTION_FAILURE,2026-08-04 00:19:41,CUS_000694,MER_00040,8943.94,INR,WALLET,DESKTOP,AT_RISK,,0,6.89,0,False,False,610,21,3,0.360988,1420,34,34,0,1.0,21042.32,0.5336,64,UPI,FOOD_DELIVERY,SMALL,7435.86,0.9306,0.0694,0,1,8,9.098843288262414,1.0,21042.32,0.9306,263.0570588235294,0,1,0,RECOVERY_REMINDER,0.5179219459549114,4630.26280930397,reminder has strong predicted recovery value; strong customer payment history,8943.94
EVT_00007862,ALTERNATIVE_PAYMENT,True,ALLOWED,0.37885,1,4918.36,PAYMENT_FAILURE,2026-08-21 18:50:38,CUS_000277,MER_00189,4918.36,INR,UPI,MOBILE,FAILED,PAYMENT_LIMIT,3,15.11,0,False,False,0,0,0,0.19885,716,17,15,2,0.8824,3108.19,0.367,88,NETBANKING,E_COMMERCE,LARGE,1688.36,0.8609,0.1391,18,4,8,8.500933719724234,0.8824,3108.19,0.8609,289.31529411764706,0,0,1,ALTERNATIVE_PAYMENT,0.48576359748290593,2384.160247316025,alternative payment has strongest net expected value; multiple previous attempts reduce retry priority,4918.36
EVT_00005116,ALTERNATIVE_PAYMENT,True,ALLOWED,0.800727,1,10309.04,CHECKOUT_ABANDONMENT,2026-08-01 08:48:55,CUS_001675,MER_00145,10309.04,INR,CARD,MOBILE,AT_RISK,,0,35.08,404,True,False,0,0,0,0.770727,1084,52,49,3,0.9423,7977.61,0.9967,47,CARD,DIGITAL_SERVICES,SMALL,22876.16,0.9386,0.0614,8,5,8,9.240873456731899,0.9423,7977.61,0.9386,198.25076923076924,1,1,0,RECOVERY_REMINDER,0.9220132605052129,9503.071583078661,reminder has strong predicted recovery value; strong customer payment history; high-value transaction,10309.04
EVT_00003106,ALTERNATIVE_PAYMENT,True,ALLOWED,0.737467,1,4726.14,CHECKOUT_ABANDONMENT,2026-08-29 17:01:55,CUS_000097,MER_00128,4726.14,INR,NETBANKING,DESKTOP,AT_RISK,,0,58.28,537,True,True,0,0,0,0.707467,382,75,56,19,0.7467,5923.69,0.9288,65,WALLET,TRAVEL,LARGE,637.62,0.9635,0.0365,17,5,8,8.461075647447952,0.7467,5923.69,0.9635,63.01520000000001,0,0,0,RECOVERY_REMINDER,0.8430673894935694,3982.4545121811384,reminder has strong predicted recovery value,4726.14
EVT_00003815,ALTERNATIVE_PAYMENT,True,ALLOWED,0.534296,1,965.45,CHECKOUT_ABANDONMENT,2026-08-02 18:56:03,CUS_000297,MER_00117,965.45,INR,CARD,MOBILE,AT_RISK,,0,7.71,591,False,False,0,0,0,0.504296,1279,14,12,2,0.8571,1468.14,0.6603,50,CARD,TRAVEL,SMALL,11500.96,0.8461,0.1539,18,6,8,6.873629564252761,0.8571,1468.14,0.8461,68.96071428571429,0,0,0,RECOVERY_REMINDER,0.6955561899914771,669.5247236272716,reminder has strong predicted recovery value,0.0
EVT_00007764,ALTERNATIVE_PAYMENT,True,ALLOWED,0.801377,1,2134.02,CHECKOUT_ABANDONMENT,2026-08-22 03:27:36,CUS_001996,MER_00106,2134.02,INR,UPI,MOBILE,AT_RISK,,0,70.22,612,True,False,0,0,0,0.771377,33,27,27,0,1.0,5097.43,0.7259,54,UPI,SAAS,SMALL,2564.56,0.9372,0.0628,3,5,8,7.666231293300347,1.0,5097.43,0.9372,79.03777777777778,0,1,0,RECOVERY_REMINDER,0.8628312519051511,1839.2991481906306,reminder has strong predicted recovery value; strong customer payment history,2134.02
EVT_00006219,ALTERNATIVE_PAYMENT,True,ALLOWED,0.499909,0,0.0,PAYMENT_FAILURE,2026-08-20 17:47:42,CUS_001206,MER_00145,2250.89,INR,WALLET,MOBILE,FAILED,TIMEOUT,2,4.82,0,False,False,0,0,0,0.469909,1357,54,49,5,0.9074,3518.19,0.4021,72,CARD,DIGITAL_SERVICES,SMALL,22876.16,0.9386,0.0614,17,3,8,7.719525142595909,0.9074,3518.19,0.9386,41.68314814814815,0,1,1,RECOVERY_REMINDER,0.41765134708966106,938.0872406506471,reminder has strong predicted recovery value; multiple previous attempts reduce retry priority; strong customer payment history; decision margin is narrow,2250.89
EVT_00005458,ALTERNATIVE_PAYMENT,True,ALLOWED,0.69057,1,3982.34,CHECKOUT_ABANDONMENT,2026-08-04 10:06:13,CUS_001036,MER_00080,3982.34,INR,NETBANKING,DESKTOP,AT_RISK,,0,44.61,92,True,False,0,0,0,0.66057,1121,76,59,17,0.7763,7710.76,0.5473,39,UPI,EDUCATION,SMALL,3258.46,0.9582,0.0418,10,1,8,8.289875942330314,0.7763,7710.76,0.9582,52.39921052631579,0,0,0,RECOVERY_REMINDER,0.8253102215193113,3284.665907565214,reminder has strong predicted recovery value,3982.34
EVT_00002096,ALTERNATIVE_PAYMENT,True,ALLOWED,0.400572,0,0.0,PAYMENT_FAILURE,2026-08-19 23:48:10,CUS_001199,MER_00013,1215.25,INR,UPI,MOBILE,FAILED,ISSUER_DECLINE,1,41.38,0,False,False,0,0,0,0.220572,1210,78,64,14,0.8205,2163.96,0.9118,74,UPI,TRAVEL,SMALL,3031.81,0.8747,0.1253,23,2,8,7.103527633500215,0.8205,2163.96,0.8747,15.580128205128204,0,0,0,ALTERNATIVE_PAYMENT,0.49130875730176365,592.0629673109682,alternative payment has strongest net expected value,0.0
EVT_00003963,ALTERNATIVE_PAYMENT,True,ALLOWED,0.72847,1,10481.13,CHECKOUT_ABANDONMENT,2026-08-21 22:40:56,CUS_000188,MER_00163,10481.13,INR,WALLET,TABLET,AT_RISK,,0,44.37,263,True,False,0,0,0,0.69847,590,21,16,5,0.7619,10177.06,0.3398,71,CARD,E_COMMERCE,SMALL,1788.31,0.8092,0.1908,22,4,8,9.257427181498523,0.7619,10177.06,0.8092,499.1014285714285,1,0,0,RECOVERY_REMINDER,0.8578421673244712,8989.155275209534,reminder has strong predicted recovery value; high-value transaction,10481.13
EVT_00002212,ALTERNATIVE_PAYMENT,True,ALLOWED,0.572111,0,0.0,PAYMENT_FAILURE,2026-08-21 10:35:28,CUS_001837,MER_00090,2102.44,INR,WALLET,MOBILE,FAILED,TIMEOUT,1,18.93,0,False,False,0,0,0,0.542111,1413,16,14,2,0.875,4429.85,0.8869,25,UPI,SAAS,LARGE,7209.68,0.9254,0.0746,10,4,8,7.651329378735005,0.875,4429.85,0.9254,131.4025,0,0,0,RECOVERY_REMINDER,0.5212930760643474,1093.9874148407266,reminder has strong predicted recovery value; decision margin is narrow,2102.44
EVT_00009258,ALTERNATIVE_PAYMENT,True,ALLOWED,0.67892,1,2457.45,PAYMENT_FAILURE,2026-08-02 19:10:43,CUS_001904,MER_00107,2457.45,INR,WALLET,MOBILE,FAILED,NETWORK_ERROR,0,68.74,0,False,False,0,0,0,0.64892,395,1,1,0,1.0,3560.76,0.8429,50,UPI,E_COMMERCE,SMALL,15795.0,0.9309,0.0691,19,6,8,7.807286349040952,1.0,3560.76,0.9309,2457.45,0,1,0,RECOVERY_REMINDER,0.6097683489553503,1496.4752291403254,reminder has strong predicted recovery value; strong customer payment history,2457.45
EVT_00002784,ALTERNATIVE_PAYMENT,True,ALLOWED,0.773298,1,1325.04,CHECKOUT_ABANDONMENT,2026-08-04 20:39:22,CUS_001992,MER_00032,1325.04,INR,CARD,MOBILE,AT_RISK,,0,70.59,408,True,False,0,0,0,0.743298,673,60,58,2,0.9667,1368.68,0.5141,77,UPI,TRAVEL,SMALL,7142.77,0.8186,0.1814,20,1,8,7.189952336203345,0.9667,1368.68,0.8186,22.084,0,1,0,RECOVERY_REMINDER,0.9078259602323913,1200.9057103463276,reminder has strong predicted recovery value; strong customer payment history,1325.04
EVT_00000022,ALTERNATIVE_PAYMENT,True,ALLOWED,0.644119,1,4815.98,PAYMENT_FAILURE,2026-08-20 02:16:09,CUS_000527,MER_00047,4815.98,INR,CARD,DESKTOP,FAILED,NETWORK_ERROR,0,56.0,0,False,False,0,0,0,0.614119,1387,38,36,2,0.9474,6314.71,0.8624,52,UPI,DIGITAL_SERVICES,SMALL,5866.47,0.813,0.187,2,3,8,8.479902454659799,0.9474,6314.71,0.813,126.73631578947368,0,1,0,ALTERNATIVE_PAYMENT,0.5841928861325413,2808.461255756596,alternative payment has strongest net expected value; strong customer payment history,4815.98
EVT_00008119,ALTERNATIVE_PAYMENT,True,ALLOWED,0.716527,0,0.0,SUBSCRIPTION_FAILURE,2026-08-02 07:31:08,CUS_001538,MER_00102,5941.04,INR,UPI,MOBILE,AT_RISK,,0,58.83,0,False,False,504,9,0,0.686527,192,11,11,0,1.0,6629.03,0.5255,68,UPI,DIGITAL_SERVICES,MEDIUM,1989.33,0.9744,0.0256,7,6,8,8.68980778774005,1.0,6629.03,0.9744,540.0945454545455,0,1,0,ALTERNATIVE_PAYMENT,0.5729350962295273,3398.830324103471,alternative payment has strongest net expected value; strong customer payment history,0.0
EVT_00005975,ALTERNATIVE_PAYMENT,True,ALLOWED,0.247711,0,0.0,PAYMENT_FAILURE,2026-08-29 07:07:38,CUS_001807,MER_00060,2196.63,INR,CARD,MOBILE,FAILED,INSUFFICIENT_BALANCE,2,57.32,0,False,False,0,0,0,0.217711,42,9,7,2,0.7778,3772.28,0.8841,7,UPI,FOOD_DELIVERY,LARGE,5310.7,0.9841,0.0159,7,5,8,7.695134785943802,0.7778,3772.28,0.9841,244.07000000000002,0,0,1,ALTERNATIVE_PAYMENT,0.3339600118169857,728.5865807575453,alternative payment has strongest net expected value; multiple previous attempts reduce retry priority,0.0
EVT_00006744,ALTERNATIVE_PAYMENT,True,ALLOWED,0.504414,1,1178.8,PAYMENT_FAILURE,2026-08-05 03:15:07,CUS_001003,MER_00157,1178.8,INR,UPI,DESKTOP,FAILED,ISSUER_DECLINE,0,37.26,0,False,False,0,0,0,0.324414,850,74,70,4,0.9459,3718.44,0.567,23,UPI,E_COMMERCE,MEDIUM,5657.2,0.8635,0.1365,3,2,8,7.073100211568975,0.9459,3718.44,0.8635,15.92972972972973,0,1,0,ALTERNATIVE_PAYMENT,0.5131738244802155,599.929304297278,alternative payment has strongest net expected value; strong customer payment history,1178.8
EVT_00009099,ALTERNATIVE_PAYMENT,True,ALLOWED,0.360751,1,3433.93,SUBSCRIPTION_FAILURE,2026-08-29 21:27:42,CUS_001162,MER_00195,3433.93,INR,NETBANKING,DESKTOP,AT_RISK,,0,71.08,0,False,False,804,16,3,0.330751,763,71,67,4,0.9437,6158.92,0.982,88,UPI,TRAVEL,LARGE,10413.1,0.9379,0.0621,21,5,8,8.141751825991747,0.9437,6158.92,0.9379,48.36521126760563,0,1,0,RECOVERY_REMINDER,0.4774132610143232,1637.4037193949148,reminder has strong predicted recovery value; strong customer payment history,0.0
EVT_00007793,ALTERNATIVE_PAYMENT,True,ALLOWED,0.478615,0,0.0,PAYMENT_FAILURE,2026-08-30 17:19:56,CUS_000284,MER_00029,4102.27,INR,CARD,MOBILE,FAILED,NETWORK_ERROR,2,10.1,0,False,False,0,0,0,0.448615,751,63,59,4,0.9365,4222.72,0.4478,32,UPI,FOOD_DELIVERY,SMALL,5041.91,0.8787,0.1213,17,6,8,8.319539495785264,0.9365,4222.72,0.8787,65.11539682539683,0,1,1,RECOVERY_REMINDER,0.4155738486855809,1702.7961322473982,reminder has strong predicted recovery value; multiple previous attempts reduce retry priority; strong customer payment history,0.0
EVT_00002691,ALTERNATIVE_PAYMENT,True,ALLOWED,0.768681,1,4397.35,CHECKOUT_ABANDONMENT,2026-08-21 10:10:48,CUS_000634,MER_00054,4397.35,INR,CARD,MOBILE,AT_RISK,,0,27.71,139,True,False,0,0,0,0.738681,587,45,40,5,0.8889,3980.61,0.2874,75,UPI,SAAS,SMALL,6765.64,0.896,0.104,10,4,8,8.38898474957627,0.8889,3980.61,0.896,97.7188888888889,0,0,0,RECOVERY_REMINDER,0.9087683238487185,3994.1723888761626,reminder has strong predicted recovery value,4397.35
EVT_00008943,ALTERNATIVE_PAYMENT,True,ALLOWED,0.743054,1,26533.23,PAYMENT_FAILURE,2026-08-03 13:57:14,CUS_001033,MER_00152,26533.23,INR,NETBANKING,MOBILE,FAILED,BANK_TECHNICAL_ERROR,0,39.0,0,False,False,0,0,0,0.713054,1104,45,41,4,0.9111,16748.88,0.2684,6,CARD,DIGITAL_SERVICES,SMALL,4325.9,0.9166,0.0834,13,0,8,10.186190876563211,0.9111,16748.88,0.9166,589.6273333333334,1,1,0,ALTERNATIVE_PAYMENT,0.7232901423086389,19186.223702607847,alternative payment has strongest net expected value; strong customer payment history; high-value transaction,26533.23
EVT_00008513,ALTERNATIVE_PAYMENT,True,ALLOWED,0.683864,1,9175.85,SUBSCRIPTION_FAILURE,2026-08-03 05:37:21,CUS_001235,MER_00049,9175.85,INR,CARD,MOBILE,AT_RISK,,0,14.46,0,False,False,123,6,0,0.653864,966,46,44,2,0.9565,3260.76,0.9729,72,CARD,EDUCATION,SMALL,8781.92,0.8307,0.1693,5,0,8,9.124439287474576,0.9565,3260.76,0.8307,199.475,0,1,0,RECOVERY_REMINDER,0.5216776392365542,4784.835765988736,reminder has strong predicted recovery value; strong customer payment history,0.0
EVT_00006191,ALTERNATIVE_PAYMENT,True,ALLOWED,0.808457,1,10155.91,CHECKOUT_ABANDONMENT,2026-08-19 14:07:26,CUS_001410,MER_00086,10155.91,INR,UPI,MOBILE,AT_RISK,,0,58.41,775,True,False,0,0,0,0.778457,446,38,36,2,0.9474,10700.32,0.8314,47,UPI,EDUCATION,LARGE,4399.36,0.9863,0.0137,14,2,8,9.225909541016124,0.9474,10700.32,0.9863,267.2607894736842,1,1,0,RECOVERY_REMINDER,0.8815607370832147,8951.051505350792,reminder has strong predicted recovery value; strong customer payment history; high-value transaction,10155.91
EVT_00008312,ALTERNATIVE_PAYMENT,True,ALLOWED,0.418336,1,4369.85,SUBSCRIPTION_FAILURE,2026-08-20 09:56:07,CUS_000896,MER_00033,4369.85,INR,CARD,MOBILE,AT_RISK,,0,27.57,0,False,False,613,13,2,0.388336,928,43,37,6,0.8605,5961.73,0.8852,55,NETBANKING,RETAIL,SMALL,1741.31,0.8328,0.1672,9,3,8,8.382712777184558,0.8605,5961.73,0.8328,101.62441860465117,0,0,0,ALTERNATIVE_PAYMENT,0.45987310833195694,2004.5765024444022,alternative payment has strongest net expected value,4369.85
EVT_00000370,ALTERNATIVE_PAYMENT,True,ALLOWED,0.483191,1,3208.09,PAYMENT_FAILURE,2026-08-05 03:33:39,CUS_001782,MER_00084,3208.09,INR,UPI,MOBILE,FAILED,ISSUER_DECLINE,0,65.23,0,False,False,0,0,0,0.303191,529,19,17,2,0.8947,5684.67,0.8465,76,CARD,SAAS,LARGE,2123.34,0.8109,0.1891,3,2,8,8.073742686836859,0.8947,5684.67,0.8109,168.84684210526316,0,0,0,ALTERNATIVE_PAYMENT,0.4725085576000838,1510.849978551253,alternative payment has strongest net expected value,3208.09
EVT_00000157,ALTERNATIVE_PAYMENT,True,ALLOWED,0.554375,0,0.0,PAYMENT_FAILURE,2026-08-22 08:41:17,CUS_000250,MER_00083,4082.92,INR,CARD,MOBILE,FAILED,BANK_TECHNICAL_ERROR,1,33.19,0,False,False,0,0,0,0.524375,91,34,25,9,0.7353,6015.41,0.836,32,UPI,FOOD_DELIVERY,MEDIUM,6899.34,0.9485,0.0515,8,5,8,8.314812590454107,0.7353,6015.41,0.9485,120.08588235294118,0,0,0,RETRY_LATER,0.48873773699576506,1994.4770811347491,delayed retry has strong predicted recovery value; decision margin is narrow,0.0
EVT_00008008,ALTERNATIVE_PAYMENT,True,ALLOWED,0.756486,1,20060.6,CHECKOUT_ABANDONMENT,2026-08-01 23:49:05,CUS_000177,MER_00049,20060.6,INR,UPI,MOBILE,AT_RISK,,0,71.14,149,True,False,0,0,0,0.726486,1084,9,7,2,0.7778,9528.72,0.6845,81,UPI,EDUCATION,SMALL,8781.92,0.8307,0.1693,23,5,8,9.906562819053056,0.7778,9528.72,0.8307,2228.9555555555553,1,0,0,RECOVERY_REMINDER,0.8783513662664011,17618.255418123765,reminder has strong predicted recovery value; high-value transaction,20060.6
EVT_00007164,ALTERNATIVE_PAYMENT,True,ALLOWED,0.442239,0,0.0,PAYMENT_FAILURE,2026-08-01 19:28:07,CUS_001269,MER_00033,439.65,INR,CARD,MOBILE,FAILED,ISSUER_DECLINE,1,16.75,0,False,False,0,0,0,0.262239,1431,11,11,0,1.0,731.52,0.9195,27,UPI,RETAIL,SMALL,1741.31,0.8328,0.1672,19,5,8,6.088250909545669,1.0,731.52,0.8328,39.96818181818182,0,1,0,ALTERNATIVE_PAYMENT,0.5806733495458506,250.2930381278332,alternative payment has strongest net expected value; strong customer payment history,0.0
EVT_00003762,ALTERNATIVE_PAYMENT,True,ALLOWED,0.617606,0,0.0,PAYMENT_FAILURE,2026-08-29 07:03:23,CUS_001590,MER_00042,6071.92,INR,NETBANKING,MOBILE,FAILED,TIMEOUT,1,46.52,0,False,False,0,0,0,0.587606,73,72,68,4,0.9444,6588.43,0.4285,49,UPI,E_COMMERCE,SMALL,2406.16,0.9772,0.0228,7,5,8,8.71159482274972,0.9444,6588.43,0.9772,84.33222222222223,0,1,0,RETRY_LATER,0.6386856247180064,3877.0480184377575,delayed retry has strong predicted recovery value; strong customer payment history,6071.92
EVT_00007340,ALTERNATIVE_PAYMENT,True,ALLOWED,0.451813,1,2218.36,PAYMENT_FAILURE,2026-08-05 03:58:03,CUS_000594,MER_00091,2218.36,INR,CARD,MOBILE,FAILED,TIMEOUT,2,29.22,0,False,False,0,0,0,0.421813,1469,8,6,2,0.75,2890.18,0.4928,14,UPI,EDUCATION,SMALL,20175.16,0.9906,0.0094,3,2,8,7.7049741450149805,0.75,2890.18,0.9906,277.295,0,0,1,ALTERNATIVE_PAYMENT,0.3925926743144835,865.9118849922777,alternative payment has strongest net expected value; multiple previous attempts reduce retry priority,2218.36
EVT_00004523,ALTERNATIVE_PAYMENT,True,ALLOWED,0.566246,1,2983.97,CHECKOUT_ABANDONMENT,2026-08-21 16:19:45,CUS_001604,MER_00089,2983.97,INR,UPI,MOBILE,AT_RISK,,0,54.35,652,False,False,0,0,0,0.536246,496,50,45,5,0.9,4910.4,0.6763,45,NETBANKING,SAAS,MEDIUM,416.38,0.9005,0.0995,16,4,8,8.001344975524942,0.9,4910.4,0.9005,59.679399999999994,0,1,0,RECOVERY_REMINDER,0.7619630904029672,2271.675002869742,reminder has strong predicted recovery value; strong customer payment history,0.0
EVT_00003816,ALTERNATIVE_PAYMENT,True,ALLOWED,0.575889,1,4385.37,PAYMENT_FAILURE,2026-08-03 13:54:15,CUS_001764,MER_00123,4385.37,INR,WALLET,MOBILE,FAILED,BANK_TECHNICAL_ERROR,0,20.76,0,False,False,0,0,0,0.545889,914,51,29,22,0.5686,4186.42,0.6093,8,UPI,EDUCATION,SMALL,1684.78,0.9279,0.0721,13,0,8,8.38625728474491,0.5686,4186.42,0.9279,85.98764705882353,0,0,0,RETRY_LATER,0.5981951882679577,2622.3072327746536,delayed retry has strong predicted recovery value,4385.37
EVT_00007687,ALTERNATIVE_PAYMENT,True,ALLOWED,0.274072,1,5138.43,PAYMENT_FAILURE,2026-08-29 20:41:41,CUS_000488,MER_00189,5138.43,INR,CARD,DESKTOP,FAILED,ISSUER_DECLINE,3,23.57,0,False,False,0,0,0,0.094072,810,5,3,2,0.6,2342.23,0.7736,77,UPI,E_COMMERCE,LARGE,1688.36,0.8609,0.1391,20,5,8,8.544697457358279,0.6,2342.23,0.8609,1027.6860000000001,0,0,1,ALTERNATIVE_PAYMENT,0.42174775714735413,2162.121327758679,alternative payment has strongest net expected value; multiple previous attempts reduce retry priority,5138.43
EVT_00009780,ALTERNATIVE_PAYMENT,True,ALLOWED,0.442049,1,3328.72,SUBSCRIPTION_FAILURE,2026-08-01 23:30:12,CUS_000458,MER_00181,3328.72,INR,NETBANKING,MOBILE,AT_RISK,,0,51.71,0,False,False,479,8,2,0.412049,961,74,70,4,0.9459,2706.2,0.947,53,CARD,TRAVEL,SMALL,3734.39,0.8092,0.1908,23,5,8,8.110643495355141,0.9459,2706.2,0.8092,44.9827027027027,0,1,0,RETRY_LATER,0.4055002501104791,1348.7967925477537,delayed retry has strong predicted recovery value; strong customer payment history; decision margin is narrow,3328.72
EVT_00009886,ALTERNATIVE_PAYMENT,True,ALLOWED,0.359277,0,0.0,PAYMENT_FAILURE,2026-08-30 17:29:11,CUS_000552,MER_00033,1575.21,INR,CARD,MOBILE,FAILED,TIMEOUT,3,66.62,0,False,False,0,0,0,0.329277,608,26,21,5,0.8077,892.13,0.7572,58,UPI,RETAIL,SMALL,1741.31,0.8328,0.1672,17,6,8,7.362778510271966,0.8077,892.13,0.8328,60.585,0,0,1,ALTERNATIVE_PAYMENT,0.3755849179705016,586.6251186363138,alternative payment has strongest net expected value; multiple previous attempts reduce retry priority,0.0
EVT_00000231,ALTERNATIVE_PAYMENT,True,ALLOWED,0.312601,0,0.0,SUBSCRIPTION_FAILURE,2026-08-03 06:04:05,CUS_001241,MER_00130,3151.44,INR,UPI,TABLET,AT_RISK,,0,55.29,0,False,False,123,10,3,0.282601,777,17,14,3,0.8235,4723.67,0.8109,35,CARD,FOOD_DELIVERY,MEDIUM,2704.71,0.8833,0.1167,6,0,8,8.055932035144076,0.8235,4723.67,0.8833,185.37882352941176,0,0,0,ALTERNATIVE_PAYMENT,0.33716860020389117,1057.5666134265507,alternative payment has strongest net expected value; decision margin is narrow,0.0
EVT_00000409,ALTERNATIVE_PAYMENT,True,ALLOWED,0.474337,0,0.0,PAYMENT_FAILURE,2026-08-21 11:40:54,CUS_001441,MER_00019,5247.99,INR,CARD,DESKTOP,FAILED,PAYMENT_LIMIT,1,9.61,0,False,False,0,0,0,0.294337,1175,75,55,20,0.7333,6513.12,0.8884,62,CARD,FOOD_DELIVERY,MEDIUM,3617.98,0.9102,0.0898,11,4,8,8.5657909561257,0.7333,6513.12,0.9102,69.97319999999999,0,0,0,ALTERNATIVE_PAYMENT,0.5947747861788762,3116.3721301188807,alternative payment has strongest net expected value,0.0
EVT_00004141,ALTERNATIVE_PAYMENT,True,ALLOWED,0.354209,0,0.0,SUBSCRIPTION_FAILURE,2026-08-21 00:19:54,CUS_000195,MER_00060,2752.67,INR,CARD,DESKTOP,AT_RISK,,0,7.28,0,False,False,484,12,3,0.324209,1440,52,47,5,0.9038,4105.75,0.5672,14,UPI,FOOD_DELIVERY,LARGE,5310.7,0.9841,0.0159,0,4,8,7.920689846400865,0.9038,4105.75,0.9841,52.93596153846154,0,1,0,RETRY_LATER,0.40327242258959384,1109.0758994896973,delayed retry has strong predicted recovery value; strong customer payment history; decision margin is narrow,0.0
EVT_00001005,ALTERNATIVE_PAYMENT,True,ALLOWED,0.481078,1,4183.34,CHECKOUT_ABANDONMENT,2026-08-02 00:55:48,CUS_001981,MER_00054,4183.34,INR,UPI,MOBILE,AT_RISK,,0,68.54,576,False,False,0,0,0,0.451078,996,36,24,12,0.6667,4732.9,0.9013,12,CARD,SAAS,SMALL,6765.64,0.896,0.104,0,6,8,8.339104264393471,0.6667,4732.9,0.896,116.2038888888889,0,0,0,RECOVERY_REMINDER,0.7549447039682387,3156.1903778984915,reminder has strong predicted recovery value,4183.34
EVT_00004661,ALTERNATIVE_PAYMENT,True,ALLOWED,0.389777,0,0.0,PAYMENT_FAILURE,2026-08-05 04:22:43,CUS_000197,MER_00139,4525.91,INR,CARD,DESKTOP,FAILED,ISSUER_DECLINE,1,65.14,0,False,False,0,0,0,0.209777,533,23,16,7,0.6957,2183.17,0.8683,54,NETBANKING,FOOD_DELIVERY,SMALL,4070.36,0.9874,0.0126,4,2,8,8.417794866522629,0.6957,2183.17,0.9874,196.7786956521739,0,0,0,ALTERNATIVE_PAYMENT,0.4285717212344906,1934.6770388523933,alternative payment has strongest net expected value,0.0
EVT_00005656,ALTERNATIVE_PAYMENT,True,ALLOWED,0.685407,1,4928.25,SUBSCRIPTION_FAILURE,2026-08-21 00:02:26,CUS_001803,MER_00082,4928.25,INR,UPI,MOBILE,AT_RISK,,0,1.83,0,False,False,125,10,0,0.655407,698,64,59,5,0.9219,4029.07,0.7732,65,UPI,DIGITAL_SERVICES,SMALL,5119.5,0.9572,0.0428,0,4,8,8.502942125646378,0.9219,4029.07,0.9572,77.00390625,0,1,0,RECOVERY_REMINDER,0.5433537981161917,2675.7833555661214,reminder has strong predicted recovery value; strong customer payment history; decision margin is narrow,4928.25
EVT_00009694,ALTERNATIVE_PAYMENT,True,ALLOWED,0.749053,0,0.0,CHECKOUT_ABANDONMENT,2026-08-22 02:19:38,CUS_001150,MER_00180,1981.81,INR,UPI,MOBILE,AT_RISK,,0,9.08,618,True,False,0,0,0,0.719053,1282,9,8,1,0.8889,2266.02,0.3455,47,CARD,EDUCATION,SMALL,8065.97,0.802,0.198,2,5,8,7.592270309506709,0.8889,2266.02,0.802,220.20111111111112,0,0,0,RECOVERY_REMINDER,0.8385785322710644,1659.903321040118,reminder has strong predicted recovery value,1981.81
EVT_00007200,ALTERNATIVE_PAYMENT,True,ALLOWED,0.771041,1,4349.54,CHECKOUT_ABANDONMENT,2026-08-19 14:29:18,CUS_000663,MER_00159,4349.54,INR,UPI,MOBILE,AT_RISK,,0,31.84,693,True,False,0,0,0,0.741041,81,12,11,1,0.9167,9747.35,0.5107,15,UPI,EDUCATION,MEDIUM,1436.79,0.8598,0.1402,14,2,8,8.378055254309288,0.9167,9747.35,0.8598,362.46166666666664,0,1,0,RECOVERY_REMINDER,0.9153197701337638,3979.2199529876107,reminder has strong predicted recovery value; strong customer payment history,4349.54
EVT_00003218,ALTERNATIVE_PAYMENT,True,ALLOWED,0.485427,1,1349.32,PAYMENT_FAILURE,2026-08-02 04:11:24,CUS_000136,MER_00030,1349.32,INR,UPI,TABLET,FAILED,BANK_TECHNICAL_ERROR,2,21.75,0,False,False,0,0,0,0.455427,476,55,45,10,0.8182,2864.77,0.6047,86,UPI,TRAVEL,LARGE,789.69,0.9193,0.0807,4,6,8,7.208096880380673,0.8182,2864.77,0.9193,24.53309090909091,0,0,1,ALTERNATIVE_PAYMENT,0.47892453056027356,641.2224475755883,alternative payment has strongest net expected value; multiple previous attempts reduce retry priority,1349.32
EVT_00001104,ALTERNATIVE_PAYMENT,True,ALLOWED,0.583335,1,12997.43,PAYMENT_FAILURE,2026-08-03 04:53:18,CUS_000374,MER_00034,12997.43,INR,UPI,MOBILE,FAILED,TIMEOUT,0,7.83,0,False,False,0,0,0,0.553335,579,32,19,13,0.5938,6248.02,0.951,15,UPI,FOOD_DELIVERY,MEDIUM,27974.45,0.9356,0.0644,4,0,8,9.472583859919714,0.5938,6248.02,0.9356,406.1696875,1,0,0,RETRY_LATER,0.5774946912199163,7504.946824502476,delayed retry has strong predicted recovery value; high-value transaction,0.0
EVT_00008320,ALTERNATIVE_PAYMENT,True,ALLOWED,0.441757,1,4176.31,PAYMENT_FAILURE,2026-08-22 00:27:17,CUS_001986,MER_00081,4176.31,INR,UPI,MOBILE,FAILED,BANK_TECHNICAL_ERROR,3,71.31,0,False,False,0,0,0,0.411757,1196,27,25,2,0.9259,7200.99,0.8466,2,UPI,FOOD_DELIVERY,MEDIUM,42052.11,0.8971,0.1029,0,5,8,8.337422777687767,0.9259,7200.99,0.8971,154.67814814814815,0,1,1,ALTERNATIVE_PAYMENT,0.42751056948387817,1780.4166664412153,alternative payment has strongest net expected value; multiple previous attempts reduce retry priority; strong customer payment history,4176.31
EVT_00005833,ALTERNATIVE_PAYMENT,True,ALLOWED,0.74739,1,4082.08,CHECKOUT_ABANDONMENT,2026-08-22 08:31:25,CUS_001232,MER_00073,4082.08,INR,UPI,DESKTOP,AT_RISK,,0,5.08,722,True,False,0,0,0,0.71739,1108,17,14,3,0.8235,2873.42,0.9151,65,UPI,FOOD_DELIVERY,MEDIUM,9905.73,0.8881,0.1119,8,5,8,8.314606884563826,0.8235,2873.42,0.8881,240.12235294117647,0,0,0,RECOVERY_REMINDER,0.8364839590932961,3412.594439735562,reminder has strong predicted recovery value,4082.08
EVT_00009387,ALTERNATIVE_PAYMENT,True,ALLOWED,0.813718,1,6070.52,CHECKOUT_ABANDONMENT,2026-08-04 23:23:28,CUS_000816,MER_00042,6070.52,INR,CARD,DESKTOP,AT_RISK,,0,9.95,603,True,True,0,0,0,0.783718,1260,8,8,0,1.0,3816.21,0.5857,18,NETBANKING,E_COMMERCE,SMALL,2406.16,0.9772,0.0228,23,1,8,8.711364264567342,1.0,3816.21,0.9772,758.815,0,1,0,RECOVERY_REMINDER,0.8921356284971579,5413.727175504568,reminder has strong predicted recovery value; strong customer payment history,6070.52
EVT_00005738,ALTERNATIVE_PAYMENT,True,ALLOWED,0.314061,0,0.0,PAYMENT_FAILURE,2026-08-21 16:45:17,CUS_000518,MER_00140,12631.16,INR,CARD,DESKTOP,FAILED,INSUFFICIENT_BALANCE,2,5.83,0,False,False,0,0,0,0.284061,127,42,40,2,0.9524,5737.73,0.8018,84,UPI,EDUCATION,MEDIUM,8286.12,0.9696,0.0304,16,4,8,9.44400122209972,0.9524,5737.73,0.9696,300.7419047619048,1,1,1,RECOVERY_REMINDER,0.28356523415114077,3579.7578430005233,reminder has strong predicted recovery value; multiple previous attempts reduce retry priority; strong customer payment history; high-value transaction; decision margin is narrow,0.0
EVT_00000710,ALTERNATIVE_PAYMENT,True,ALLOWED,0.504386,1,21822.29,SUBSCRIPTION_FAILURE,2026-08-20 23:43:26,CUS_000119,MER_00067,21822.29,INR,UPI,DESKTOP,AT_RISK,,0,27.61,0,False,False,347,14,2,0.474386,390,44,42,2,0.9545,18877.88,0.9126,27,CARD,TRAVEL,SMALL,6615.57,0.8781,0.1219,23,3,8,9.990733027122777,0.9545,18877.88,0.8781,495.9611363636364,1,1,0,RECOVERY_REMINDER,0.578047017667351,12612.309653172058,reminder has strong predicted recovery value; strong customer payment history; high-value transaction,0.0
EVT_00003469,ALTERNATIVE_PAYMENT,True,ALLOWED,0.396183,0,0.0,PAYMENT_FAILURE,2026-08-02 04:05:15,CUS_001453,MER_00045,1774.19,INR,NETBANKING,MOBILE,FAILED,PAYMENT_LIMIT,3,25.19,0,False,False,0,0,0,0.216183,105,36,33,3,0.9167,933.96,0.4274,23,UPI,FOOD_DELIVERY,MEDIUM,1683.01,0.9677,0.0323,4,6,8,7.481662738434424,0.9167,933.96,0.9677,49.283055555555556,0,1,1,ALTERNATIVE_PAYMENT,0.42552739978308596,749.9664574211533,alternative payment has strongest net expected value; multiple previous attempts reduce retry priority; strong customer payment history,0.0
EVT_00001745,ALTERNATIVE_PAYMENT,True,ALLOWED,0.371627,0,0.0,SUBSCRIPTION_FAILURE,2026-08-03 14:41:34,CUS_000139,MER_00039,3483.93,INR,UPI,TABLET,AT_RISK,,0,43.06,0,False,False,685,3,1,0.341627,540,43,38,5,0.8837,3801.23,0.6823,68,NETBANKING,DIGITAL_SERVICES,SMALL,6776.92,0.7982,0.2018,14,0,8,8.156203236909683,0.8837,3801.23,0.7982,81.02162790697675,0,0,0,ALTERNATIVE_PAYMENT,0.4579143200257609,1590.341436967349,alternative payment has strongest net expected value,0.0
EVT_00008283,ALTERNATIVE_PAYMENT,True,ALLOWED,0.276602,1,3673.08,PAYMENT_FAILURE,2026-08-30 17:19:26,CUS_001603,MER_00054,3673.08,INR,UPI,DESKTOP,FAILED,INSUFFICIENT_BALANCE,2,0.99,0,False,False,0,0,0,0.246602,1244,13,12,1,0.9231,5233.01,0.6471,67,CARD,SAAS,SMALL,6765.64,0.896,0.104,17,6,8,8.20905804017056,0.9231,5233.01,0.896,282.5446153846154,0,1,1,RECOVERY_REMINDER,0.3087730807858262,1132.1482275728026,reminder has strong predicted recovery value; multiple previous attempts reduce retry priority; strong customer payment history,0.0
EVT_00000282,ALTERNATIVE_PAYMENT,True,ALLOWED,0.717175,1,1453.31,CHECKOUT_ABANDONMENT,2026-08-29 07:14:59,CUS_000210,MER_00162,1453.31,INR,CARD,MOBILE,AT_RISK,,0,17.32,37,True,False,0,0,0,0.687175,1174,11,10,1,0.9091,2424.25,0.9132,15,NETBANKING,DIGITAL_SERVICES,LARGE,1610.3,0.8922,0.1078,7,5,8,7.282286840320376,0.9091,2424.25,0.8922,132.11909090909091,0,1,0,RECOVERY_REMINDER,0.9070993989149642,1316.2966274371065,reminder has strong predicted recovery value; strong customer payment history,1453.31
EVT_00007100,ALTERNATIVE_PAYMENT,True,ALLOWED,0.618922,0,0.0,PAYMENT_FAILURE,2026-08-01 13:05:24,CUS_000702,MER_00170,3069.28,INR,CARD,MOBILE,FAILED,NETWORK_ERROR,0,53.04,0,False,False,0,0,0,0.588922,935,63,55,8,0.873,4583.31,0.7397,5,NETBANKING,EDUCATION,LARGE,584.64,0.8429,0.1571,13,5,8,8.029524041634026,0.873,4583.31,0.8429,48.71873015873016,0,0,0,ALTERNATIVE_PAYMENT,0.6506854342628279,1992.1357896742124,alternative payment has strongest net expected value,0.0
EVT_00006393,ALTERNATIVE_PAYMENT,True,ALLOWED,0.798673,1,33617.13,CHECKOUT_ABANDONMENT,2026-08-05 00:52:04,CUS_000637,MER_00075,33617.13,INR,UPI,MOBILE,AT_RISK,,0,39.94,195,True,True,0,0,0,0.768673,376,27,21,6,0.7778,10778.89,0.8137,18,UPI,EDUCATION,SMALL,18185.27,0.9412,0.0588,0,2,8,10.422820783761887,0.7778,10778.89,0.9412,1245.0788888888887,1,0,0,RECOVERY_REMINDER,0.8824235289669718,29662.546488341457,reminder has strong predicted recovery value; high-value transaction,33617.13
EVT_00007622,ALTERNATIVE_PAYMENT,True,ALLOWED,0.337679,0,0.0,PAYMENT_FAILURE,2026-08-03 04:54:55,CUS_000889,MER_00065,7981.91,INR,CARD,MOBILE,FAILED,NETWORK_ERROR,3,7.8,0,False,False,0,0,0,0.307679,53,12,10,2,0.8333,4241.76,0.7099,15,UPI,DIGITAL_SERVICES,MEDIUM,5883.79,0.7053,0.2947,4,0,8,8.985058285625088,0.8333,4241.76,0.7053,665.1591666666667,0,0,1,ALTERNATIVE_PAYMENT,0.43926415308855876,3501.1669361790982,alternative payment has strongest net expected value; multiple previous attempts reduce retry priority,0.0
EVT_00000380,ALTERNATIVE_PAYMENT,True,ALLOWED,0.471516,1,3344.75,PAYMENT_FAILURE,2026-08-01 01:39:18,CUS_001807,MER_00048,3344.75,INR,UPI,TABLET,FAILED,BANK_TECHNICAL_ERROR,2,55.77,0,False,False,0,0,0,0.441516,42,9,7,2,0.7778,3772.28,0.8841,7,UPI,EDUCATION,MEDIUM,7641.54,0.8998,0.1002,1,5,8,8.115446162676484,0.7778,3772.28,0.8998,371.6388888888889,0,0,1,ALTERNATIVE_PAYMENT,0.4661775416727101,1554.2473325097972,alternative payment has strongest net expected value; multiple previous attempts reduce retry priority,3344.75
EVT_00003729,ALTERNATIVE_PAYMENT,True,ALLOWED,0.842423,1,40428.06,CHECKOUT_ABANDONMENT,2026-08-19 14:27:15,CUS_001610,MER_00035,40428.06,INR,UPI,MOBILE,AT_RISK,,0,45.59,526,True,False,0,0,0,0.812423,215,54,48,6,0.8889,34714.52,0.5203,50,NETBANKING,DIGITAL_SERVICES,SMALL,1661.67,0.979,0.021,14,2,8,10.607304112302694,0.8889,34714.52,0.979,748.6677777777777,1,0,0,RECOVERY_REMINDER,0.8212712519656565,33200.40345074268,reminder has strong predicted recovery value; high-value transaction,40428.06
EVT_00002204,ALTERNATIVE_PAYMENT,True,ALLOWED,0.869469,1,63873.75,CHECKOUT_ABANDONMENT,2026-08-03 14:09:43,CUS_001113,MER_00177,63873.75,INR,WALLET,MOBILE,AT_RISK,,0,59.52,259,True,True,0,0,0,0.839469,313,5,5,0,1.0,31212.8,0.6032,16,UPI,SAAS,SMALL,9080.37,0.8866,0.1134,14,0,8,11.064679413604022,1.0,31212.8,0.8866,12774.75,1,1,0,RECOVERY_REMINDER,0.9012974405242004,57567.24739168264,reminder has strong predicted recovery value; strong customer payment history; high-value transaction,63873.75
EVT_00007118,ALTERNATIVE_PAYMENT,True,ALLOWED,0.389728,0,0.0,PAYMENT_FAILURE,2026-08-02 02:17:32,CUS_001508,MER_00059,10538.36,INR,UPI,MOBILE,FAILED,ISSUER_DECLINE,2,12.89,0,False,False,0,0,0,0.209728,735,65,60,5,0.9231,17433.71,0.927,48,UPI,DIGITAL_SERVICES,SMALL,6166.34,0.923,0.077,2,6,8,9.262872099189137,0.9231,17433.71,0.923,162.1286153846154,1,1,1,ALTERNATIVE_PAYMENT,0.4319415251171938,4546.9552906340305,alternative payment has strongest net expected value; multiple previous attempts reduce retry priority; strong customer payment history; high-value transaction,0.0
EVT_00007923,ALTERNATIVE_PAYMENT,True,ALLOWED,0.456271,0,0.0,PAYMENT_FAILURE,2026-08-30 19:04:01,CUS_001598,MER_00063,6756.66,INR,CARD,DESKTOP,FAILED,EXPIRED_PAYMENT_METHOD,2,33.88,0,False,False,0,0,0,0.276271,1096,44,39,5,0.8864,8905.05,0.6959,23,UPI,E_COMMERCE,SMALL,3066.57,0.806,0.194,19,6,8,8.818431955265783,0.8864,8905.05,0.806,153.56045454545455,0,0,1,ALTERNATIVE_PAYMENT,0.4444206820596715,2997.7994456453,alternative payment has strongest net expected value; multiple previous attempts reduce retry priority,0.0
EVT_00005947,ALTERNATIVE_PAYMENT,True,ALLOWED,0.249725,0,0.0,SUBSCRIPTION_FAILURE,2026-08-05 02:23:39,CUS_000957,MER_00194,8928.75,INR,WALLET,MOBILE,AT_RISK,,0,38.24,0,False,False,253,1,2,0.219725,619,8,6,2,0.75,8090.83,0.895,76,CARD,TRAVEL,LARGE,3878.8,0.7793,0.2207,2,2,8,9.097143677957947,0.75,8090.83,0.7793,1116.09375,0,0,0,ALTERNATIVE_PAYMENT,0.3747655694075979,3341.18807784809,alternative payment has strongest net expected value; decision margin is narrow,0.0
EVT_00007969,ALTERNATIVE_PAYMENT,True,ALLOWED,0.558066,0,0.0,SUBSCRIPTION_FAILURE,2026-08-30 17:55:13,CUS_001881,MER_00106,6322.4,INR,CARD,MOBILE,AT_RISK,,0,7.14,0,False,False,206,12,1,0.528066,595,69,60,9,0.8696,9598.05,0.8304,86,UPI,SAAS,SMALL,2564.56,0.9372,0.0628,17,6,8,8.752012317167946,0.8696,9598.05,0.9372,91.62898550724637,0,0,0,ALTERNATIVE_PAYMENT,0.582180602631286,3675.7786420760426,alternative payment has strongest net expected value,0.0
EVT_00006858,ALTERNATIVE_PAYMENT,True,ALLOWED,0.60827,1,4062.88,PAYMENT_FAILURE,2026-08-29 20:21:41,CUS_000511,MER_00127,4062.88,INR,NETBANKING,DESKTOP,FAILED,EXPIRED_PAYMENT_METHOD,0,1.76,0,False,False,0,0,0,0.42827,1492,16,14,2,0.875,3107.34,0.7945,16,UPI,SAAS,MEDIUM,11305.04,0.8287,0.1713,20,5,8,8.309893461263316,0.875,3107.34,0.8287,253.93,0,0,0,ALTERNATIVE_PAYMENT,0.506336906845835,2052.186092085806,alternative payment has strongest net expected value,4062.88
EVT_00000523,ALTERNATIVE_PAYMENT,True,ALLOWED,0.214633,0,0.0,PAYMENT_FAILURE,2026-08-21 10:04:51,CUS_000862,MER_00116,2427.26,INR,NETBANKING,DESKTOP,FAILED,INSUFFICIENT_BALANCE,3,32.78,0,False,False,0,0,0,0.184633,1393,74,67,7,0.9054,2810.9,0.832,42,WALLET,E_COMMERCE,SMALL,2851.89,0.9217,0.0783,10,4,8,7.794930230466074,0.9054,2810.9,0.9217,32.800810810810816,0,1,1,ALTERNATIVE_PAYMENT,0.21585501350610486,518.9362400828281,alternative payment has strongest net expected value; multiple previous attempts reduce retry priority; strong customer payment history,0.0
EVT_00002249,ALTERNATIVE_PAYMENT,True,ALLOWED,0.281743,0,0.0,PAYMENT_FAILURE,2026-08-19 13:46:56,CUS_000562,MER_00018,5580.36,INR,CARD,DESKTOP,FAILED,INSUFFICIENT_BALANCE,2,7.3,0,False,False,0,0,0,0.251743,93,29,27,2,0.931,7691.89,0.9309,71,CARD,E_COMMERCE,SMALL,8469.12,0.8917,0.1083,13,2,8,8.627187753277177,0.931,7691.89,0.8917,192.42620689655172,0,1,1,RECOVERY_REMINDER,0.3099396783834999,1727.5749836641473,reminder has strong predicted recovery value; multiple previous attempts reduce retry priority; strong customer payment history; decision margin is narrow,5580.36
EVT_00004698,ALTERNATIVE_PAYMENT,True,ALLOWED,0.67693,1,161.36,PAYMENT_FAILURE,2026-08-01 00:41:42,CUS_001269,MER_00151,161.36,INR,CARD,MOBILE,FAILED,NETWORK_ERROR,0,50.06,0,False,False,0,0,0,0.64693,1431,11,11,0,1.0,731.52,0.9195,27,UPI,TRAVEL,MEDIUM,1657.94,0.9487,0.0513,0,5,8,5.089816091970697,1.0,731.52,0.9487,14.66909090909091,0,1,0,ALTERNATIVE_PAYMENT,0.6064044059714974,92.84941494756082,alternative payment has strongest net expected value; strong customer payment history,161.36
EVT_00006349,ALTERNATIVE_PAYMENT,True,ALLOWED,0.669023,1,7619.42,PAYMENT_FAILURE,2026-08-01 22:42:01,CUS_001603,MER_00025,7619.42,INR,UPI,MOBILE,FAILED,NETWORK_ERROR,0,53.27,0,False,False,0,0,0,0.639023,1244,13,12,1,0.9231,5233.01,0.6471,67,CARD,DIGITAL_SERVICES,MEDIUM,770.56,0.9566,0.0434,22,5,8,8.938586765271982,0.9231,5233.01,0.9566,586.1092307692307,0,1,0,RETRY_LATER,0.6789247542395632,5172.012850948013,delayed retry has strong predicted recovery value; strong customer payment history,7619.42
EVT_00007255,ALTERNATIVE_PAYMENT,True,ALLOWED,0.422353,0,0.0,SUBSCRIPTION_FAILURE,2026-08-20 09:33:53,CUS_001801,MER_00180,1641.73,INR,UPI,DESKTOP,AT_RISK,,0,24.98,0,False,False,703,2,0,0.392353,113,73,54,19,0.7397,2661.65,0.9178,25,UPI,EDUCATION,SMALL,8065.97,0.802,0.198,9,3,8,7.404114770996819,0.7397,2661.65,0.802,22.48945205479452,0,0,0,RECOVERY_REMINDER,0.5027695008317473,823.4117726005045,reminder has strong predicted recovery value,0.0
EVT_00004242,ALTERNATIVE_PAYMENT,True,ALLOWED,0.22348,0,0.0,PAYMENT_FAILURE,2026-08-21 01:29:45,CUS_000825,MER_00037,5108.65,INR,UPI,MOBILE,FAILED,INSUFFICIENT_BALANCE,3,28.72,0,False,False,0,0,0,0.19348,946,49,44,5,0.898,3460.52,0.6276,34,UPI,E_COMMERCE,SMALL,979.69,0.9742,0.0258,1,4,8,8.538886187701301,0.898,3460.52,0.9742,104.25816326530611,0,0,1,ALTERNATIVE_PAYMENT,0.19270132528994818,979.4436254424937,alternative payment has strongest net expected value; multiple previous attempts reduce retry priority,0.0
EVT_00000771,ALTERNATIVE_PAYMENT,True,ALLOWED,0.382741,0,0.0,PAYMENT_FAILURE,2026-08-30 17:52:07,CUS_000782,MER_00064,4592.68,INR,UPI,MOBILE,FAILED,PAYMENT_LIMIT,3,1.87,0,False,False,0,0,0,0.202741,966,74,63,11,0.8514,4632.23,0.4945,40,UPI,TRAVEL,SMALL,4568.4,0.9534,0.0466,17,6,8,8.432436724749808,0.8514,4632.23,0.9534,62.06324324324325,0,0,1,ALTERNATIVE_PAYMENT,0.35315204321302435,1616.9143258235927,alternative payment has strongest net expected value; multiple previous attempts reduce retry priority,0.0
EVT_00008844,ALTERNATIVE_PAYMENT,True,ALLOWED,0.461478,0,0.0,PAYMENT_FAILURE,2026-08-19 13:29:44,CUS_001487,MER_00086,31793.46,INR,WALLET,DESKTOP,FAILED,TIMEOUT,3,7.13,0,False,False,0,0,0,0.431478,268,27,22,5,0.8148,23724.05,0.8106,48,UPI,EDUCATION,LARGE,4399.36,0.9863,0.0137,13,2,8,10.367047339754796,0.8148,23724.05,0.9863,1177.5355555555554,1,0,1,ALTERNATIVE_PAYMENT,0.4100759760553014,13032.734141675182,alternative payment has strongest net expected value; multiple previous attempts reduce retry priority; high-value transaction,0.0
EVT_00003433,ALTERNATIVE_PAYMENT,True,ALLOWED,0.355267,0,0.0,SUBSCRIPTION_FAILURE,2026-08-21 16:19:25,CUS_000961,MER_00174,10985.9,INR,UPI,DESKTOP,AT_RISK,,0,47.92,0,False,False,740,23,3,0.325267,255,73,62,11,0.8493,18622.69,0.8897,36,UPI,E_COMMERCE,SMALL,39917.69,0.9894,0.0106,16,4,8,9.304458932993855,0.8493,18622.69,0.9894,150.4917808219178,1,0,0,RECOVERY_REMINDER,0.39747669129914237,4364.639182943248,reminder has strong predicted recovery value; high-value transaction,10985.9
EVT_00000778,ALTERNATIVE_PAYMENT,True,ALLOWED,0.28848,0,0.0,SUBSCRIPTION_FAILURE,2026-08-29 06:04:58,CUS_000160,MER_00049,10870.41,INR,CARD,MOBILE,AT_RISK,,0,69.31,0,False,False,814,4,2,0.25848,1182,27,23,4,0.8519,8534.63,0.897,89,CARD,EDUCATION,SMALL,8781.92,0.8307,0.1693,6,5,8,9.293891686514424,0.8519,8534.63,0.8307,402.60777777777776,1,0,0,ALTERNATIVE_PAYMENT,0.44207692181050856,4800.55739161817,alternative payment has strongest net expected value; high-value transaction,0.0
EVT_00002979,ALTERNATIVE_PAYMENT,True,ALLOWED,0.401717,0,0.0,PAYMENT_FAILURE,2026-08-05 05:55:04,CUS_000216,MER_00146,750.14,INR,CARD,MOBILE,FAILED,TIMEOUT,3,8.07,0,False,False,0,0,0,0.371717,430,31,28,3,0.9032,1405.85,0.4083,66,UPI,RETAIL,LARGE,2271.18,0.8973,0.1027,5,2,8,6.621592052499626,0.9032,1405.85,0.8973,24.198064516129033,0,1,1,ALTERNATIVE_PAYMENT,0.4344084619208846,320.86716362533235,alternative payment has strongest net expected value; multiple previous attempts reduce retry priority; strong customer payment history,0.0
EVT_00001010,ALTERNATIVE_PAYMENT,True,ALLOWED,0.531579,0,0.0,PAYMENT_FAILURE,2026-08-21 01:10:45,CUS_001651,MER_00137,4643.77,INR,NETBANKING,MOBILE,FAILED,BANK_TECHNICAL_ERROR,2,50.78,0,False,False,0,0,0,0.501579,308,10,9,1,0.9,6330.55,0.4463,19,UPI,SAAS,MEDIUM,8339.15,0.9561,0.0439,1,4,8,8.44349713441382,0.9,6330.55,0.9561,464.37700000000007,0,1,1,ALTERNATIVE_PAYMENT,0.4091625281224293,1895.0566732190937,alternative payment has strongest net expected value; multiple previous attempts reduce retry priority; strong customer payment history,0.0
EVT_00006346,ALTERNATIVE_PAYMENT,True,ALLOWED,0.325799,1,9184.03,PAYMENT_FAILURE,2026-08-01 00:05:52,CUS_001593,MER_00178,9184.03,INR,UPI,MOBILE,FAILED,ISSUER_DECLINE,3,66.08,0,False,False,0,0,0,0.145799,593,78,67,11,0.859,11271.22,0.9058,37,UPI,EDUCATION,SMALL,7809.93,0.9459,0.0541,0,5,8,9.125330263838775,0.859,11271.22,0.9459,117.74397435897437,0,0,1,ALTERNATIVE_PAYMENT,0.35824236712405344,3285.108646938321,alternative payment has strongest net expected value; multiple previous attempts reduce retry priority,9184.03
EVT_00000130,ALTERNATIVE_PAYMENT,True,ALLOWED,0.360376,0,0.0,PAYMENT_FAILURE,2026-08-29 21:12:00,CUS_001989,MER_00147,3059.95,INR,UPI,DESKTOP,FAILED,ISSUER_DECLINE,2,25.38,0,False,False,0,0,0,0.180376,339,33,29,4,0.8788,6266.07,0.8726,65,CARD,TRAVEL,MEDIUM,6423.31,0.8655,0.1345,21,5,8,8.026480604280804,0.8788,6266.07,0.8655,92.72575757575757,0,0,1,ALTERNATIVE_PAYMENT,0.3735590750333624,1138.0720916483372,alternative payment has strongest net expected value; multiple previous attempts reduce retry priority,0.0
EVT_00008419,ALTERNATIVE_PAYMENT,True,ALLOWED,0.783669,1,1839.74,CHECKOUT_ABANDONMENT,2026-08-03 09:27:09,CUS_001633,MER_00032,1839.74,INR,CARD,DESKTOP,AT_RISK,,0,28.66,696,True,False,0,0,0,0.753669,163,3,3,0,1.0,1708.49,0.5647,79,UPI,TRAVEL,SMALL,7142.77,0.8186,0.1814,9,0,8,7.517922943665823,1.0,1708.49,0.8186,613.2466666666667,0,1,0,RECOVERY_REMINDER,0.8054670517345925,1479.8499537581993,reminder has strong predicted recovery value; strong customer payment history,1839.74
EVT_00005706,ALTERNATIVE_PAYMENT,True,ALLOWED,0.589566,1,11496.89,PAYMENT_FAILURE,2026-08-01 21:07:03,CUS_001390,MER_00114,11496.89,INR,CARD,DESKTOP,FAILED,EXPIRED_PAYMENT_METHOD,0,42.72,0,False,False,0,0,0,0.409566,1366,54,45,9,0.8333,10680.42,0.805,72,CARD,FOOD_DELIVERY,MEDIUM,5161.89,0.7179,0.2821,21,5,8,9.349918819256276,0.8333,10680.42,0.7179,212.90537037037035,1,0,0,ALTERNATIVE_PAYMENT,0.5767699480208626,6626.060647701574,alternative payment has strongest net expected value; high-value transaction,11496.89
EVT_00000886,ALTERNATIVE_PAYMENT,True,ALLOWED,0.313003,0,0.0,SUBSCRIPTION_FAILURE,2026-08-05 06:08:53,CUS_000174,MER_00114,4866.78,INR,NETBANKING,TABLET,AT_RISK,,0,31.88,0,False,False,392,9,3,0.283003,1091,61,55,6,0.9016,4270.93,0.5078,45,WALLET,FOOD_DELIVERY,MEDIUM,5161.89,0.7179,0.2821,6,2,8,8.490393259988398,0.9016,4270.93,0.7179,79.78327868852459,0,1,0,ALTERNATIVE_PAYMENT,0.3806415913137329,1847.4988837738488,alternative payment has strongest net expected value; strong customer payment history; decision margin is narrow,0.0
EVT_00008336,ALTERNATIVE_PAYMENT,True,ALLOWED,0.798009,1,6488.1,CHECKOUT_ABANDONMENT,2026-08-03 10:49:23,CUS_001047,MER_00182,6488.1,INR,UPI,MOBILE,AT_RISK,,0,35.64,651,True,False,0,0,0,0.768009,381,58,54,4,0.931,6287.52,0.4687,68,UPI,DIGITAL_SERVICES,SMALL,4671.98,0.9884,0.0116,10,0,8,8.777879125197448,0.931,6287.52,0.9884,111.86379310344829,0,1,0,RECOVERY_REMINDER,0.8890474144642881,5766.228529785748,reminder has strong predicted recovery value; strong customer payment history,6488.1
EVT_00006613,ALTERNATIVE_PAYMENT,True,ALLOWED,0.743612,1,1935.97,CHECKOUT_ABANDONMENT,2026-08-29 20:49:49,CUS_001906,MER_00183,1935.97,INR,NETBANKING,DESKTOP,AT_RISK,,0,18.61,658,True,True,0,0,0,0.713612,389,61,51,10,0.8361,3508.39,0.6473,47,UPI,DIGITAL_SERVICES,SMALL,7807.06,0.8681,0.1319,20,5,8,7.5688801754192205,0.8361,3508.39,0.8681,31.7372131147541,0,0,0,RECOVERY_REMINDER,0.8683475066054609,1679.0947223629742,reminder has strong predicted recovery value,1935.97
EVT_00005319,ALTERNATIVE_PAYMENT,True,ALLOWED,0.759981,1,20143.37,CHECKOUT_ABANDONMENT,2026-08-01 12:21:36,CUS_001709,MER_00014,20143.37,INR,UPI,MOBILE,AT_RISK,,0,6.37,99,True,False,0,0,0,0.729981,388,39,37,2,0.9487,19156.59,0.6914,54,UPI,FOOD_DELIVERY,SMALL,3627.04,0.8438,0.1562,12,5,8,9.910680123867628,0.9487,19156.59,0.8438,516.4966666666667,1,1,0,RECOVERY_REMINDER,0.9345480028576836,18822.946204323376,reminder has strong predicted recovery value; strong customer payment history; high-value transaction,20143.37
EVT_00007113,ALTERNATIVE_PAYMENT,True,ALLOWED,0.74385,1,1846.85,CHECKOUT_ABANDONMENT,2026-08-19 12:56:24,CUS_001446,MER_00069,1846.85,INR,CARD,MOBILE,AT_RISK,,0,64.51,598,True,True,0,0,0,0.71385,82,57,51,6,0.8947,4812.35,0.596,14,UPI,E_COMMERCE,SMALL,12615.7,0.7608,0.2392,12,2,8,7.521778080076093,0.8947,4812.35,0.7608,32.400877192982456,0,0,0,RECOVERY_REMINDER,0.831034904064058,1532.7968125707055,reminder has strong predicted recovery value,1846.85
EVT_00003076,ALTERNATIVE_PAYMENT,True,ALLOWED,0.459497,0,0.0,PAYMENT_FAILURE,2026-08-29 05:41:04,CUS_000805,MER_00162,4428.21,INR,CARD,MOBILE,FAILED,ISSUER_DECLINE,1,16.56,0,False,False,0,0,0,0.279497,1115,14,14,0,1.0,7683.88,0.8676,43,CARD,DIGITAL_SERVICES,LARGE,1610.3,0.8922,0.1078,5,5,8,8.395976517565467,1.0,7683.88,0.8922,316.30071428571426,0,1,0,ALTERNATIVE_PAYMENT,0.5486770010471842,2424.6569828071515,alternative payment has strongest net expected value; strong customer payment history,0.0
EVT_00008417,ALTERNATIVE_PAYMENT,True,ALLOWED,0.292402,0,0.0,PAYMENT_FAILURE,2026-08-05 07:30:10,CUS_000793,MER_00098,9502.73,INR,UPI,MOBILE,FAILED,INSUFFICIENT_BALANCE,2,15.12,0,False,False,0,0,0,0.262402,1092,58,55,3,0.9483,7762.33,0.7627,55,UPI,DIGITAL_SERVICES,SMALL,599.1,0.88,0.12,7,2,8,9.15943963210797,0.9483,7762.33,0.88,163.84017241379308,0,1,1,RECOVERY_REMINDER,0.28625179192316497,2718.1734906620172,reminder has strong predicted recovery value; multiple previous attempts reduce retry priority; strong customer payment history; decision margin is narrow,0.0
EVT_00007690,ALTERNATIVE_PAYMENT,True,ALLOWED,0.3193,0,0.0,PAYMENT_FAILURE,2026-08-01 21:04:25,CUS_001917,MER_00117,2928.26,INR,NETBANKING,DESKTOP,FAILED,TIMEOUT,3,47.6,0,False,False,0,0,0,0.2893,444,6,4,2,0.6667,3840.15,0.708,74,WALLET,TRAVEL,SMALL,11500.96,0.8461,0.1539,21,5,8,7.9825051103855715,0.6667,3840.15,0.8461,488.04333333333335,0,0,1,ALTERNATIVE_PAYMENT,0.33708337738358635,982.0677706572607,alternative payment has strongest net expected value; multiple previous attempts reduce retry priority,0.0
EVT_00005377,ALTERNATIVE_PAYMENT,True,ALLOWED,0.693827,1,10655.4,CHECKOUT_ABANDONMENT,2026-08-30 17:53:23,CUS_000727,MER_00158,10655.4,INR,UPI,DESKTOP,AT_RISK,,0,6.67,511,True,False,0,0,0,0.663827,1090,11,7,4,0.6364,12236.87,0.8192,72,NETBANKING,SAAS,MEDIUM,23542.32,0.8428,0.1572,17,6,8,9.273915929613192,0.6364,12236.87,0.8428,968.6727272727272,1,0,0,RECOVERY_REMINDER,0.7909018316459427,8425.375376920178,reminder has strong predicted recovery value; high-value transaction; decision margin is narrow,0.0
EVT_00009953,ALTERNATIVE_PAYMENT,True,ALLOWED,0.769955,1,8391.69,CHECKOUT_ABANDONMENT,2026-08-22 08:52:31,CUS_000989,MER_00104,8391.69,INR,UPI,MOBILE,AT_RISK,,0,57.69,294,True,False,0,0,0,0.739955,392,72,63,9,0.875,11512.54,0.6934,56,UPI,FOOD_DELIVERY,SMALL,12154.73,0.8804,0.1196,8,5,8,9.035116367859171,0.875,11512.54,0.8804,116.55125000000001,0,0,0,RECOVERY_REMINDER,0.9476371339278912,7950.277060411346,reminder has strong predicted recovery value,8391.69
EVT_00006414,ALTERNATIVE_PAYMENT,True,ALLOWED,0.663135,1,1108.11,PAYMENT_FAILURE,2026-08-20 09:39:42,CUS_000551,MER_00181,1108.11,INR,UPI,DESKTOP,FAILED,TIMEOUT,0,64.26,0,False,False,0,0,0,0.633135,1210,52,50,2,0.9615,1282.13,0.7712,80,CARD,TRAVEL,SMALL,3734.39,0.8092,0.1908,9,3,8,7.011313170889587,0.9615,1282.13,0.8092,21.30980769230769,0,1,0,RETRY_LATER,0.6655080163147924,736.4560879585846,delayed retry has strong predicted recovery value; strong customer payment history,0.0
EVT_00008836,ALTERNATIVE_PAYMENT,True,ALLOWED,0.355116,0,0.0,PAYMENT_FAILURE,2026-08-01 21:34:46,CUS_000630,MER_00038,10292.55,INR,UPI,MOBILE,FAILED,PAYMENT_LIMIT,3,43.51,0,False,False,0,0,0,0.175116,568,4,3,1,0.75,7136.74,0.8234,10,NETBANKING,RETAIL,MEDIUM,5118.25,0.8466,0.1534,21,5,8,9.239272764471869,0.75,7136.74,0.8466,2573.1375,1,0,1,ALTERNATIVE_PAYMENT,0.45116656361636215,4638.654414349588,alternative payment has strongest net expected value; multiple previous attempts reduce retry priority; high-value transaction,0.0
EVT_00000677,ALTERNATIVE_PAYMENT,True,ALLOWED,0.717984,1,6931.08,CHECKOUT_ABANDONMENT,2026-08-01 19:48:19,CUS_000941,MER_00063,6931.08,INR,CARD,MOBILE,AT_RISK,,0,40.49,199,True,False,0,0,0,0.687984,1045,57,43,14,0.7544,7933.26,0.7323,47,UPI,E_COMMERCE,SMALL,3066.57,0.806,0.194,19,5,8,8.843915191449804,0.7544,7933.26,0.806,121.59789473684211,0,0,0,RECOVERY_REMINDER,0.8421116037939057,5834.742894823864,reminder has strong predicted recovery value,6931.08
EVT_00005481,ALTERNATIVE_PAYMENT,True,ALLOWED,0.624892,1,15267.58,PAYMENT_FAILURE,2026-08-05 05:54:33,CUS_000196,MER_00160,15267.58,INR,UPI,MOBILE,FAILED,BANK_TECHNICAL_ERROR,1,35.12,0,False,False,0,0,0,0.594892,158,65,57,8,0.8769,9204.88,0.9643,43,CARD,RETAIL,MEDIUM,70458.78,0.9015,0.0985,5,2,8,9.633552401092247,0.8769,9204.88,0.9015,234.88584615384616,1,0,0,ALTERNATIVE_PAYMENT,0.5867828919364524,8953.754745271142,alternative payment has strongest net expected value; high-value transaction; decision margin is narrow,15267.58
EVT_00001657,ALTERNATIVE_PAYMENT,True,ALLOWED,0.251043,0,0.0,PAYMENT_FAILURE,2026-08-03 12:38:10,CUS_000304,MER_00065,8115.98,INR,CARD,MOBILE,FAILED,INSUFFICIENT_BALANCE,2,43.28,0,False,False,0,0,0,0.221043,1347,70,63,7,0.9,6407.5,0.5711,83,UPI,DIGITAL_SERVICES,MEDIUM,5883.79,0.7053,0.2947,12,0,8,9.001713442793621,0.9,6407.5,0.7053,115.94257142857143,0,1,1,RECOVERY_REMINDER,0.37293484235345836,3024.7317218438207,reminder has strong predicted recovery value; multiple previous attempts reduce retry priority; strong customer payment history,8115.98
EVT_00000972,ALTERNATIVE_PAYMENT,True,ALLOWED,0.501697,0,0.0,SUBSCRIPTION_FAILURE,2026-08-30 19:24:28,CUS_000923,MER_00112,2350.7,INR,UPI,MOBILE,AT_RISK,,0,4.2,0,False,False,276,19,1,0.471697,686,10,8,2,0.8,2926.16,0.4905,68,CARD,DIGITAL_SERVICES,SMALL,3201.31,0.8352,0.1648,19,6,8,7.762893749862786,0.8,2926.16,0.8352,235.07,0,0,0,ALTERNATIVE_PAYMENT,0.5311052414975017,1243.4690911881771,alternative payment has strongest net expected value,0.0
EVT_00005800,ALTERNATIVE_PAYMENT,True,ALLOWED,0.565195,1,5870.12,CHECKOUT_ABANDONMENT,2026-08-20 09:08:46,CUS_000968,MER_00045,5870.12,INR,UPI,DESKTOP,AT_RISK,,0,7.87,165,False,True,0,0,0,0.535195,496,19,16,3,0.8421,8097.45,0.9029,85,UPI,FOOD_DELIVERY,MEDIUM,1683.01,0.9677,0.0323,9,3,8,8.677800695303437,0.8421,8097.45,0.9677,308.9536842105263,0,0,0,RECOVERY_REMINDER,0.7080190249116519,4154.156638514386,reminder has strong predicted recovery value,5870.12
EVT_00008085,ALTERNATIVE_PAYMENT,True,ALLOWED,0.3608,0,0.0,PAYMENT_FAILURE,2026-08-29 06:59:29,CUS_000503,MER_00018,23065.42,INR,NETBANKING,TABLET,FAILED,ISSUER_DECLINE,3,16.3,0,False,False,0,0,0,0.1808,1445,60,58,2,0.9667,7863.47,0.4292,78,WALLET,E_COMMERCE,SMALL,8469.12,0.8917,0.1083,6,5,8,10.046133159238856,0.9667,7863.47,0.8917,384.42366666666663,1,1,1,ALTERNATIVE_PAYMENT,0.4660087081830078,10743.686577898512,alternative payment has strongest net expected value; multiple previous attempts reduce retry priority; strong customer payment history; high-value transaction,0.0
EVT_00000815,ALTERNATIVE_PAYMENT,True,ALLOWED,0.380221,0,0.0,PAYMENT_FAILURE,2026-08-05 04:30:29,CUS_001890,MER_00058,8907.68,INR,CARD,DESKTOP,FAILED,ISSUER_DECLINE,2,49.96,0,False,False,0,0,0,0.200221,691,66,60,6,0.9091,5424.79,0.8689,34,NETBANKING,SAAS,LARGE,1566.76,0.8967,0.1033,4,2,8,9.094781361341687,0.9091,5424.79,0.8967,134.9648484848485,0,1,1,ALTERNATIVE_PAYMENT,0.38591931486490744,3432.6457626358388,alternative payment has strongest net expected value; multiple previous attempts reduce retry priority; strong customer payment history,0.0
EVT_00009312,ALTERNATIVE_PAYMENT,True,ALLOWED,0.4307,0,0.0,PAYMENT_FAILURE,2026-08-03 13:52:31,CUS_000948,MER_00062,5855.63,INR,CARD,MOBILE,FAILED,EXPIRED_PAYMENT_METHOD,3,52.67,0,False,False,0,0,0,0.2507,227,40,38,2,0.95,6057.83,0.9439,34,NETBANKING,SAAS,SMALL,1825.36,0.9707,0.0293,13,0,8,8.675329631821835,0.95,6057.83,0.9707,146.39075,0,1,1,ALTERNATIVE_PAYMENT,0.3511487349310026,2051.197066724027,alternative payment has strongest net expected value; multiple previous attempts reduce retry priority; strong customer payment history,0.0
EVT_00001167,ALTERNATIVE_PAYMENT,True,ALLOWED,0.557163,0,0.0,SUBSCRIPTION_FAILURE,2026-08-01 12:09:06,CUS_001151,MER_00106,2195.06,INR,NETBANKING,MOBILE,AT_RISK,,0,51.04,0,False,False,739,16,1,0.527163,573,57,51,6,0.8947,2609.36,0.7568,3,CARD,SAAS,SMALL,2564.56,0.9372,0.0628,12,5,8,7.694420124660542,0.8947,2609.36,0.9372,38.509824561403505,0,0,0,RECOVERY_REMINDER,0.5901896994974979,1293.5018017789778,reminder has strong predicted recovery value,0.0
EVT_00005302,ALTERNATIVE_PAYMENT,True,ALLOWED,0.512537,0,0.0,PAYMENT_FAILURE,2026-08-01 22:19:14,CUS_000643,MER_00040,11704.0,INR,CARD,MOBILE,FAILED,TIMEOUT,2,2.77,0,False,False,0,0,0,0.482537,1285,17,15,2,0.8824,9801.92,0.9254,9,NETBANKING,FOOD_DELIVERY,SMALL,7435.86,0.9306,0.0694,22,5,8,9.367771379925012,0.8824,9801.92,0.9306,688.4705882352941,1,0,1,ALTERNATIVE_PAYMENT,0.3750545550517072,4384.638512325181,alternative payment has strongest net expected value; multiple previous attempts reduce retry priority; high-value transaction; decision margin is narrow,0.0
EVT_00004411,ALTERNATIVE_PAYMENT,True,ALLOWED,0.763597,1,3073.19,CHECKOUT_ABANDONMENT,2026-08-29 21:23:44,CUS_000172,MER_00012,3073.19,INR,CARD,DESKTOP,AT_RISK,,0,71.98,618,True,True,0,0,0,0.733597,162,59,52,7,0.8814,6381.4,0.7667,40,UPI,FOOD_DELIVERY,MEDIUM,4480.78,0.8939,0.1061,21,5,8,8.030796730906744,0.8814,6381.4,0.8939,52.08796610169492,0,0,0,RECOVERY_REMINDER,0.8913476759808291,2737.2807643475244,reminder has strong predicted recovery value,3073.19
EVT_00004021,ALTERNATIVE_PAYMENT,True,ALLOWED,0.350377,0,0.0,PAYMENT_FAILURE,2026-08-03 07:19:07,CUS_000165,MER_00114,6418.96,INR,NETBANKING,MOBILE,FAILED,INSUFFICIENT_BALANCE,0,1.6,0,False,False,0,0,0,0.320377,644,76,59,17,0.7763,12067.62,0.8304,18,CARD,FOOD_DELIVERY,MEDIUM,5161.89,0.7179,0.2821,7,0,8,8.767167166135001,0.7763,12067.62,0.7179,84.46,0,0,0,RECOVERY_REMINDER,0.43079561883230805,2763.259845459832,reminder has strong predicted recovery value,0.0
EVT_00001341,ALTERNATIVE_PAYMENT,True,ALLOWED,0.405153,0,0.0,PAYMENT_FAILURE,2026-08-20 09:40:32,CUS_001279,MER_00128,9487.84,INR,CARD,MOBILE,FAILED,NETWORK_ERROR,3,15.41,0,False,False,0,0,0,0.375153,41,79,70,9,0.8861,4730.85,0.4734,83,UPI,TRAVEL,LARGE,637.62,0.9635,0.0365,9,3,8,9.157871650202345,0.8861,4730.85,0.9635,120.09924050632911,0,0,1,ALTERNATIVE_PAYMENT,0.42577703161622277,4034.7043516496633,alternative payment has strongest net expected value; multiple previous attempts reduce retry priority,0.0
EVT_00004986,ALTERNATIVE_PAYMENT,True,ALLOWED,0.680477,1,4833.55,SUBSCRIPTION_FAILURE,2026-08-05 04:46:32,CUS_001518,MER_00143,4833.55,INR,UPI,DESKTOP,AT_RISK,,0,24.29,0,False,False,415,12,0,0.650477,101,72,65,7,0.9028,1894.02,0.5618,63,CARD,RETAIL,MEDIUM,1410.83,0.967,0.033,4,2,8,8.483543332201283,0.9028,1894.02,0.967,67.13263888888889,0,1,0,RECOVERY_REMINDER,0.5657366146502876,2732.5162137428974,reminder has strong predicted recovery value; strong customer payment history,4833.55
EVT_00002114,ALTERNATIVE_PAYMENT,True,ALLOWED,0.321759,1,5681.36,PAYMENT_FAILURE,2026-08-04 23:00:34,CUS_001510,MER_00072,5681.36,INR,UPI,MOBILE,FAILED,ISSUER_DECLINE,3,33.5,0,False,False,0,0,0,0.141759,1034,28,25,3,0.8929,3935.42,0.9205,83,NETBANKING,TRAVEL,MEDIUM,4974.21,0.8851,0.1149,23,1,8,8.645121918379646,0.8929,3935.42,0.8851,202.90571428571428,0,0,1,ALTERNATIVE_PAYMENT,0.38084915216117227,2158.7411391223977,alternative payment has strongest net expected value; multiple previous attempts reduce retry priority,5681.36
EVT_00001697,ALTERNATIVE_PAYMENT,True,ALLOWED,0.398221,0,0.0,PAYMENT_FAILURE,2026-08-19 13:32:43,CUS_000365,MER_00039,1002.48,INR,NETBANKING,MOBILE,FAILED,PAYMENT_LIMIT,2,16.18,0,False,False,0,0,0,0.218221,200,61,48,13,0.7869,2459.74,0.8209,32,CARD,DIGITAL_SERVICES,SMALL,6776.92,0.7982,0.2018,13,2,8,6.911229237793638,0.7869,2459.74,0.7982,16.43409836065574,0,0,1,ALTERNATIVE_PAYMENT,0.4042277529188918,400.2302377461306,alternative payment has strongest net expected value; multiple previous attempts reduce retry priority,0.0
EVT_00003348,ALTERNATIVE_PAYMENT,True,ALLOWED,0.534977,1,14993.71,PAYMENT_FAILURE,2026-08-03 13:19:09,CUS_000663,MER_00118,14993.71,INR,CARD,MOBILE,FAILED,TIMEOUT,2,19.6,0,False,False,0,0,0,0.504977,81,12,11,1,0.9167,9747.35,0.5107,15,UPI,E_COMMERCE,MEDIUM,1563.87,0.9374,0.0626,13,0,8,9.615452751216166,0.9167,9747.35,0.9374,1249.4758333333332,1,1,1,RECOVERY_REMINDER,0.464096099334563,6956.522325553629,reminder has strong predicted recovery value; multiple previous attempts reduce retry priority; strong customer payment history; high-value transaction; decision margin is narrow,0.0
EVT_00002803,ALTERNATIVE_PAYMENT,True,ALLOWED,0.366079,1,10750.52,PAYMENT_FAILURE,2026-08-21 00:41:41,CUS_001563,MER_00141,10750.52,INR,UPI,MOBILE,FAILED,ISSUER_DECLINE,2,15.13,0,False,False,0,0,0,0.186079,395,34,32,2,0.9412,12303.71,0.4052,79,NETBANKING,E_COMMERCE,MEDIUM,5168.9,0.7,0.3,0,4,8,9.282802418909267,0.9412,12303.71,0.7,316.19176470588235,1,1,1,ALTERNATIVE_PAYMENT,0.486257783576828,5222.524027498361,alternative payment has strongest net expected value; multiple previous attempts reduce retry priority; strong customer payment history; high-value transaction,10750.52
EVT_00005693,ALTERNATIVE_PAYMENT,True,ALLOWED,0.487421,1,1934.04,CHECKOUT_ABANDONMENT,2026-08-22 08:41:35,CUS_001886,MER_00137,1934.04,INR,CARD,MOBILE,AT_RISK,,0,50.25,891,False,False,0,0,0,0.457421,293,33,22,11,0.6667,2494.9,0.8394,14,UPI,SAAS,MEDIUM,8339.15,0.9561,0.0439,8,5,8,7.567883277084848,0.6667,2494.9,0.9561,58.60727272727273,0,0,0,RECOVERY_REMINDER,0.6827988170286741,1318.5602240861367,reminder has strong predicted recovery value,0.0
EVT_00008260,ALTERNATIVE_PAYMENT,True,ALLOWED,0.372329,0,0.0,PAYMENT_FAILURE,2026-08-29 20:44:51,CUS_000910,MER_00099,5878.15,INR,UPI,MOBILE,FAILED,EXPIRED_PAYMENT_METHOD,3,13.17,0,False,False,0,0,0,0.192329,164,28,22,6,0.7857,8803.17,0.7927,21,CARD,E_COMMERCE,MEDIUM,3130.24,0.8534,0.1466,20,5,8,8.679167472620055,0.7857,8803.17,0.8534,209.93392857142857,0,0,1,ALTERNATIVE_PAYMENT,0.37642490496086217,2207.682055095692,alternative payment has strongest net expected value; multiple previous attempts reduce retry priority,0.0
EVT_00002062,ALTERNATIVE_PAYMENT,True,ALLOWED,0.488363,0,0.0,SUBSCRIPTION_FAILURE,2026-08-29 06:12:51,CUS_001871,MER_00064,2534.51,INR,NETBANKING,DESKTOP,AT_RISK,,0,33.97,0,False,False,689,18,2,0.458363,93,4,4,0,1.0,3458.57,0.1549,68,CARD,TRAVEL,SMALL,4568.4,0.9534,0.0466,6,5,8,7.838150079222563,1.0,3458.57,0.9534,633.6275,0,1,0,RECOVERY_REMINDER,0.5175325812614305,1309.6915025329083,reminder has strong predicted recovery value; strong customer payment history,0.0
EVT_00002775,ALTERNATIVE_PAYMENT,True,ALLOWED,0.377036,0,0.0,PAYMENT_FAILURE,2026-08-05 05:34:38,CUS_001385,MER_00183,4934.87,INR,UPI,MOBILE,FAILED,ISSUER_DECLINE,2,69.37,0,False,False,0,0,0,0.197036,597,64,60,4,0.9375,6915.97,0.7276,33,WALLET,DIGITAL_SERVICES,SMALL,7807.06,0.8681,0.1319,5,2,8,8.504284228123323,0.9375,6915.97,0.8681,77.10734375,0,1,1,ALTERNATIVE_PAYMENT,0.45075689468904717,2219.4266768941384,alternative payment has strongest net expected value; multiple previous attempts reduce retry priority; strong customer payment history,0.0
EVT_00002433,ALTERNATIVE_PAYMENT,True,ALLOWED,0.404364,0,0.0,PAYMENT_FAILURE,2026-08-30 23:55:48,CUS_001436,MER_00074,1958.79,INR,NETBANKING,MOBILE,FAILED,INSUFFICIENT_BALANCE,0,69.22,0,False,False,0,0,0,0.374364,179,48,40,8,0.8333,5208.34,0.8945,76,CARD,FOOD_DELIVERY,MEDIUM,5401.12,0.9649,0.0351,23,6,8,7.580592603627214,0.8333,5208.34,0.9649,40.808125,0,0,0,RECOVERY_REMINDER,0.3894012236602762,760.7552228935124,reminder has strong predicted recovery value; decision margin is narrow,0.0
EVT_00002728,ALTERNATIVE_PAYMENT,True,ALLOWED,0.75991,1,3808.84,CHECKOUT_ABANDONMENT,2026-08-01 22:07:02,CUS_000647,MER_00040,3808.84,INR,NETBANKING,MOBILE,AT_RISK,,0,58.1,391,True,False,0,0,0,0.72991,706,45,38,7,0.8444,3675.81,0.804,48,UPI,FOOD_DELIVERY,SMALL,7435.86,0.9306,0.0694,22,5,8,8.245342472488286,0.8444,3675.81,0.9306,84.6408888888889,0,0,0,RECOVERY_REMINDER,0.9582989837648265,3648.007501322822,reminder has strong predicted recovery value,3808.84
EVT_00009697,ALTERNATIVE_PAYMENT,True,ALLOWED,0.706474,0,0.0,CHECKOUT_ABANDONMENT,2026-08-22 01:56:58,CUS_000267,MER_00163,8965.55,INR,UPI,MOBILE,AT_RISK,,0,68.91,27,True,False,0,0,0,0.676474,687,54,47,7,0.8704,13606.79,0.9414,64,UPI,E_COMMERCE,SMALL,1788.31,0.8092,0.1908,1,5,8,9.101256265684759,0.8704,13606.79,0.8092,166.02870370370368,0,0,0,RECOVERY_REMINDER,0.9289467865543282,8326.518862192157,reminder has strong predicted recovery value,8965.55
EVT_00009295,ALTERNATIVE_PAYMENT,True,ALLOWED,0.623145,1,19255.37,PAYMENT_FAILURE,2026-08-22 02:15:07,CUS_000976,MER_00124,19255.37,INR,WALLET,MOBILE,FAILED,EXPIRED_PAYMENT_METHOD,0,46.43,0,False,False,0,0,0,0.443145,361,38,33,5,0.8684,21980.49,0.7924,87,NETBANKING,TRAVEL,SMALL,2268.54,0.7268,0.2732,2,5,8,9.865597194068501,0.8684,21980.49,0.7268,506.7202631578947,1,0,0,ALTERNATIVE_PAYMENT,0.6191444993006563,11916.856417498877,alternative payment has strongest net expected value; high-value transaction,19255.37
EVT_00006433,ALTERNATIVE_PAYMENT,True,ALLOWED,0.534409,0,0.0,PAYMENT_FAILURE,2026-08-03 08:21:37,CUS_001399,MER_00053,1608.42,INR,UPI,MOBILE,FAILED,ISSUER_DECLINE,0,30.24,0,False,False,0,0,0,0.354409,66,1,1,0,1.0,1900.23,0.5966,3,NETBANKING,E_COMMERCE,SMALL,2869.11,0.924,0.076,8,0,8,7.383629144626243,1.0,1900.23,0.924,1608.42,0,1,0,ALTERNATIVE_PAYMENT,0.4600277006317835,734.9177542501733,alternative payment has strongest net expected value; strong customer payment history,0.0
EVT_00009883,ALTERNATIVE_PAYMENT,True,ALLOWED,0.319096,0,0.0,PAYMENT_FAILURE,2026-08-30 17:31:06,CUS_001728,MER_00088,8324.76,INR,UPI,TABLET,FAILED,ISSUER_DECLINE,3,8.93,0,False,False,0,0,0,0.139096,867,42,36,6,0.8571,7540.19,0.9134,3,UPI,SAAS,MEDIUM,2014.49,0.8916,0.1084,17,6,8,9.02710960197314,0.8571,7540.19,0.8916,198.20857142857145,0,0,1,ALTERNATIVE_PAYMENT,0.34516933866419475,2868.451903738142,alternative payment has strongest net expected value; multiple previous attempts reduce retry priority,0.0
EVT_00009552,ALTERNATIVE_PAYMENT,True,ALLOWED,0.49306,1,1329.12,SUBSCRIPTION_FAILURE,2026-08-29 07:18:38,CUS_001463,MER_00088,1329.12,INR,UPI,DESKTOP,AT_RISK,,0,1.25,0,False,False,483,14,1,0.46306,99,69,52,17,0.7536,2223.73,0.7682,20,UPI,SAAS,MEDIUM,2014.49,0.8916,0.1084,7,5,8,7.1930244427096275,0.7536,2223.73,0.8916,19.262608695652172,0,0,0,RECOVERY_REMINDER,0.5195561697186737,688.5524962964835,reminder has strong predicted recovery value,0.0
EVT_00003685,ALTERNATIVE_PAYMENT,True,ALLOWED,0.743292,0,0.0,CHECKOUT_ABANDONMENT,2026-08-20 08:54:24,CUS_001392,MER_00130,4553.88,INR,UPI,MOBILE,AT_RISK,,0,54.87,466,True,False,0,0,0,0.713292,808,42,34,8,0.8095,7598.13,0.701,8,NETBANKING,FOOD_DELIVERY,MEDIUM,2704.71,0.8833,0.1167,8,3,8,8.423954464670851,0.8095,7598.13,0.8833,108.42571428571429,0,0,0,RECOVERY_REMINDER,0.8923486742578591,4061.6487807293797,reminder has strong predicted recovery value,4553.88
EVT_00006884,ALTERNATIVE_PAYMENT,True,ALLOWED,0.284177,0,0.0,PAYMENT_FAILURE,2026-08-20 07:28:31,CUS_001291,MER_00010,2940.48,INR,UPI,MOBILE,FAILED,INSUFFICIENT_BALANCE,2,28.81,0,False,False,0,0,0,0.254177,373,32,29,3,0.9062,5861.38,0.8211,14,CARD,DIGITAL_SERVICES,MEDIUM,15078.75,0.9873,0.0127,7,3,8,7.986668135029313,0.9062,5861.38,0.9873,91.89,0,1,1,RECOVERY_REMINDER,0.30365728654826,890.8981779494276,reminder has strong predicted recovery value; multiple previous attempts reduce retry priority; strong customer payment history; decision margin is narrow,2940.48
EVT_00008946,ALTERNATIVE_PAYMENT,True,ALLOWED,0.430796,0,0.0,SUBSCRIPTION_FAILURE,2026-08-20 23:42:09,CUS_001080,MER_00168,3414.19,INR,UPI,MOBILE,AT_RISK,,0,11.1,0,False,False,385,14,2,0.400796,1259,36,32,4,0.8889,5444.67,0.4885,10,UPI,RETAIL,LARGE,1697.36,0.8567,0.1433,23,3,8,8.135988407353263,0.8889,5444.67,0.8567,94.8386111111111,0,0,0,RECOVERY_REMINDER,0.41230944937651354,1405.7027989667988,reminder has strong predicted recovery value; decision margin is narrow,3414.19
EVT_00003208,ALTERNATIVE_PAYMENT,True,ALLOWED,0.421022,0,0.0,SUBSCRIPTION_FAILURE,2026-08-30 23:49:25,CUS_001742,MER_00189,1076.02,INR,CARD,DESKTOP,AT_RISK,,0,25.76,0,False,False,651,16,2,0.391022,1123,24,21,3,0.875,1272.35,0.6158,70,UPI,E_COMMERCE,LARGE,1688.36,0.8609,0.1391,23,6,8,6.981953247086102,0.875,1272.35,0.8609,44.83416666666667,0,0,0,RECOVERY_REMINDER,0.49585898096034375,531.5541806929491,reminder has strong predicted recovery value,1076.02
EVT_00006533,ALTERNATIVE_PAYMENT,True,ALLOWED,0.702636,1,937.09,PAYMENT_FAILURE,2026-08-21 02:40:59,CUS_001809,MER_00082,937.09,INR,UPI,MOBILE,FAILED,TIMEOUT,0,12.02,0,False,False,0,0,0,0.672636,162,41,41,0,1.0,2758.82,0.9191,15,NETBANKING,DIGITAL_SERVICES,SMALL,5119.5,0.9572,0.0428,2,4,8,6.843845893230722,1.0,2758.82,0.9572,22.855853658536585,0,1,0,RETRY_LATER,0.6072905460102316,568.0858977607279,delayed retry has strong predicted recovery value; strong customer payment history,937.09
EVT_00005544,ALTERNATIVE_PAYMENT,True,ALLOWED,0.488254,1,19324.59,SUBSCRIPTION_FAILURE,2026-08-20 10:19:06,CUS_000189,MER_00179,19324.59,INR,WALLET,MOBILE,AT_RISK,,0,50.99,0,False,False,692,15,2,0.458254,380,37,36,1,0.973,8267.2,0.9612,49,NETBANKING,DIGITAL_SERVICES,SMALL,4183.78,0.7936,0.2064,10,3,8,9.869185403390615,0.973,8267.2,0.7936,522.2862162162162,1,1,0,RECOVERY_REMINDER,0.47186647192122677,9116.62610462422,reminder has strong predicted recovery value; strong customer payment history; high-value transaction,19324.59
EVT_00001246,ALTERNATIVE_PAYMENT,True,ALLOWED,0.387976,0,0.0,PAYMENT_FAILURE,2026-08-03 16:25:14,CUS_001475,MER_00145,19491.24,INR,NETBANKING,DESKTOP,FAILED,INSUFFICIENT_BALANCE,1,57.1,0,False,False,0,0,0,0.357976,1466,24,22,2,0.9167,8450.39,0.7959,51,CARD,DIGITAL_SERVICES,SMALL,22876.16,0.9386,0.0614,16,0,8,9.877771716631285,0.9167,8450.39,0.9386,812.1350000000001,1,1,0,ALTERNATIVE_PAYMENT,0.5014440574524676,9768.766470379835,alternative payment has strongest net expected value; strong customer payment history; high-value transaction,0.0
EVT_00008725,ALTERNATIVE_PAYMENT,True,ALLOWED,0.39993,1,1809.23,PAYMENT_FAILURE,2026-08-03 15:05:04,CUS_000300,MER_00194,1809.23,INR,NETBANKING,TABLET,FAILED,BANK_TECHNICAL_ERROR,3,69.58,0,False,False,0,0,0,0.36993,61,71,63,8,0.8873,1434.66,0.5255,49,CARD,TRAVEL,LARGE,3878.8,0.7793,0.2207,15,0,8,7.501209188010136,0.8873,1434.66,0.7793,25.48211267605634,0,0,1,ALTERNATIVE_PAYMENT,0.3683220850602321,661.3793659535238,alternative payment has strongest net expected value; multiple previous attempts reduce retry priority,1809.23
EVT_00000765,ALTERNATIVE_PAYMENT,True,ALLOWED,0.37307,1,5100.77,PAYMENT_FAILURE,2026-08-29 19:04:48,CUS_000684,MER_00168,5100.77,INR,CARD,MOBILE,FAILED,ISSUER_DECLINE,1,45.93,0,False,False,0,0,0,0.19307,1439,65,45,20,0.6923,2728.27,0.923,51,UPI,RETAIL,LARGE,1697.36,0.8567,0.1433,19,5,8,8.537342817324964,0.6923,2728.27,0.8567,78.47338461538462,0,0,0,ALTERNATIVE_PAYMENT,0.5091362024440423,2591.986667340498,alternative payment has strongest net expected value,5100.77
EVT_00004758,ALTERNATIVE_PAYMENT,True,ALLOWED,0.808192,1,9423.32,CHECKOUT_ABANDONMENT,2026-08-04 20:52:09,CUS_000561,MER_00034,9423.32,INR,NETBANKING,DESKTOP,AT_RISK,,0,14.19,694,True,False,0,0,0,0.778192,818,46,45,1,0.9783,6492.86,0.7863,54,UPI,FOOD_DELIVERY,MEDIUM,27974.45,0.9356,0.0644,20,1,8,9.151048861172267,0.9783,6492.86,0.9356,204.85478260869564,0,1,0,RECOVERY_REMINDER,0.8891049863679783,8376.320800141097,reminder has strong predicted recovery value; strong customer payment history,9423.32
EVT_00006176,ALTERNATIVE_PAYMENT,True,ALLOWED,0.647228,1,22610.07,PAYMENT_FAILURE,2026-08-01 01:41:42,CUS_000949,MER_00147,22610.07,INR,UPI,MOBILE,FAILED,TIMEOUT,1,63.52,0,False,False,0,0,0,0.617228,1423,42,41,1,0.9762,18180.57,0.7615,9,CARD,TRAVEL,MEDIUM,6423.31,0.8655,0.1345,1,5,8,10.026194888345096,0.9762,18180.57,0.8655,538.335,1,1,0,ALTERNATIVE_PAYMENT,0.7104024616383019,16057.24938581432,alternative payment has strongest net expected value; strong customer payment history; high-value transaction,22610.07
EVT_00002657,ALTERNATIVE_PAYMENT,True,ALLOWED,0.500697,0,0.0,PAYMENT_FAILURE,2026-08-03 03:11:36,CUS_000491,MER_00103,3192.96,INR,WALLET,MOBILE,FAILED,PAYMENT_LIMIT,1,63.0,0,False,False,0,0,0,0.320697,1401,28,23,5,0.8214,3710.87,0.7755,16,CARD,FOOD_DELIVERY,SMALL,12886.43,0.9255,0.0745,3,0,8,8.06901680521501,0.8214,3710.87,0.9255,114.03428571428572,0,0,0,ALTERNATIVE_PAYMENT,0.4786794723981635,1523.4044081884401,alternative payment has strongest net expected value,0.0
EVT_00006827,ALTERNATIVE_PAYMENT,True,ALLOWED,0.760108,1,3535.21,CHECKOUT_ABANDONMENT,2026-08-03 15:51:46,CUS_000762,MER_00074,3535.21,INR,CARD,DESKTOP,AT_RISK,,0,64.51,326,True,False,0,0,0,0.730108,842,35,29,6,0.8286,3177.07,0.5135,33,NETBANKING,FOOD_DELIVERY,MEDIUM,5401.12,0.9649,0.0351,15,0,8,8.17081081113434,0.8286,3177.07,0.9649,101.006,0,0,0,RECOVERY_REMINDER,0.87839691568622,3103.317560303082,reminder has strong predicted recovery value,3535.21
EVT_00004464,ALTERNATIVE_PAYMENT,True,ALLOWED,0.436679,1,5475.69,PAYMENT_FAILURE,2026-08-19 16:13:07,CUS_000387,MER_00052,5475.69,INR,UPI,MOBILE,FAILED,INSUFFICIENT_BALANCE,0,13.55,0,False,False,0,0,0,0.406679,129,76,68,8,0.8947,2388.61,0.8286,28,CARD,RETAIL,LARGE,8899.2,0.9756,0.0244,16,2,8,8.608256182853214,0.8947,2388.61,0.9756,72.04855263157894,0,0,0,RECOVERY_REMINDER,0.4433874707761017,2425.852339853992,reminder has strong predicted recovery value,0.0
EVT_00003628,ALTERNATIVE_PAYMENT,True,ALLOWED,0.270608,0,0.0,PAYMENT_FAILURE,2026-08-04 21:46:55,CUS_000488,MER_00068,2732.77,INR,UPI,MOBILE,FAILED,ISSUER_DECLINE,3,12.07,0,False,False,0,0,0,0.090608,810,5,3,2,0.6,2342.23,0.7736,77,UPI,TRAVEL,MEDIUM,5113.13,0.8393,0.1607,21,1,8,7.913436887922149,0.6,2342.23,0.8393,546.554,0,0,1,ALTERNATIVE_PAYMENT,0.34509954400290693,938.077680864824,alternative payment has strongest net expected value; multiple previous attempts reduce retry priority,0.0
EVT_00007579,ALTERNATIVE_PAYMENT,True,ALLOWED,0.610934,1,5251.02,PAYMENT_FAILURE,2026-08-20 10:49:47,CUS_000523,MER_00053,5251.02,INR,CARD,MOBILE,FAILED,EXPIRED_PAYMENT_METHOD,0,46.38,0,False,False,0,0,0,0.430934,312,17,14,3,0.8235,4929.54,0.8355,45,UPI,E_COMMERCE,SMALL,2869.11,0.924,0.076,10,3,8,8.566368043488552,0.8235,4929.54,0.924,308.88352941176475,0,0,0,ALTERNATIVE_PAYMENT,0.5970172073289304,3129.94929602836,alternative payment has strongest net expected value,5251.02
EVT_00001768,ALTERNATIVE_PAYMENT,True,ALLOWED,0.717258,1,4801.24,CHECKOUT_ABANDONMENT,2026-08-21 17:08:37,CUS_000724,MER_00108,4801.24,INR,CARD,MOBILE,AT_RISK,,0,1.4,33,True,False,0,0,0,0.687258,206,30,27,3,0.9,3109.38,0.7067,81,UPI,RETAIL,SMALL,3048.05,0.8679,0.1321,17,4,8,8.476837754707624,0.9,3109.38,0.8679,160.0413333333333,0,1,0,RECOVERY_REMINDER,0.9055717400442375,4345.867261169995,reminder has strong predicted recovery value; strong customer payment history,4801.24
EVT_00001993,ALTERNATIVE_PAYMENT,True,ALLOWED,0.47594,1,18592.32,PAYMENT_FAILURE,2026-08-30 17:02:50,CUS_001606,MER_00198,18592.32,INR,CARD,MOBILE,FAILED,TIMEOUT,2,57.2,0,False,False,0,0,0,0.44594,1338,11,8,3,0.7273,8257.44,0.6028,76,CARD,DIGITAL_SERVICES,SMALL,5306.23,0.9513,0.0487,17,6,8,9.830557655410209,0.7273,8257.44,0.9513,1690.2109090909091,1,0,1,ALTERNATIVE_PAYMENT,0.44916147767071735,8345.953924526832,alternative payment has strongest net expected value; multiple previous attempts reduce retry priority; high-value transaction,18592.32
EVT_00006180,ALTERNATIVE_PAYMENT,True,ALLOWED,0.245842,0,0.0,PAYMENT_FAILURE,2026-08-02 04:40:51,CUS_001334,MER_00150,2054.74,INR,UPI,MOBILE,FAILED,INSUFFICIENT_BALANCE,2,13.83,0,False,False,0,0,0,0.215842,1216,68,58,10,0.8529,2386.85,0.5567,41,UPI,DIGITAL_SERVICES,LARGE,2957.32,0.8313,0.1687,4,6,8,7.628391159434455,0.8529,2386.85,0.8313,30.21676470588235,0,0,1,RECOVERY_REMINDER,0.2585211685720499,529.1937859117337,reminder has strong predicted recovery value; multiple previous attempts reduce retry priority,2054.74
EVT_00008653,ALTERNATIVE_PAYMENT,True,ALLOWED,0.532497,0,0.0,PAYMENT_FAILURE,2026-08-02 06:47:05,CUS_000529,MER_00151,602.75,INR,CARD,DESKTOP,FAILED,TIMEOUT,2,33.61,0,False,False,0,0,0,0.502497,1375,7,7,0,1.0,1783.02,0.8108,70,UPI,TRAVEL,MEDIUM,1657.94,0.9487,0.0513,6,6,8,6.403160204966783,1.0,1783.02,0.9487,86.10714285714286,0,1,1,ALTERNATIVE_PAYMENT,0.6129702403710873,364.4678123836729,alternative payment has strongest net expected value; multiple previous attempts reduce retry priority; strong customer payment history,0.0
EVT_00004730,ALTERNATIVE_PAYMENT,True,ALLOWED,0.204091,1,5974.23,PAYMENT_FAILURE,2026-08-21 15:20:16,CUS_000279,MER_00059,5974.23,INR,NETBANKING,MOBILE,FAILED,INSUFFICIENT_BALANCE,3,25.51,0,False,False,0,0,0,0.174091,125,30,25,5,0.8333,4092.25,0.7741,63,CARD,DIGITAL_SERVICES,SMALL,6166.34,0.923,0.077,15,4,8,8.695377869782696,0.8333,4092.25,0.923,199.141,0,0,1,ALTERNATIVE_PAYMENT,0.18340294867626925,1090.691398070228,alternative payment has strongest net expected value; multiple previous attempts reduce retry priority,5974.23
EVT_00002436,ALTERNATIVE_PAYMENT,True,ALLOWED,0.483504,0,0.0,PAYMENT_FAILURE,2026-08-03 15:58:37,CUS_000867,MER_00077,4167.77,INR,CARD,MOBILE,FAILED,BANK_TECHNICAL_ERROR,2,67.92,0,False,False,0,0,0,0.453504,1235,25,19,6,0.76,3070.08,0.6663,63,NETBANKING,TRAVEL,MEDIUM,2007.39,0.9835,0.0165,15,0,8,8.335376307253625,0.76,3070.08,0.9835,166.7108,0,0,1,ALTERNATIVE_PAYMENT,0.3905259760776424,1622.6224473171158,alternative payment has strongest net expected value; multiple previous attempts reduce retry priority,0.0
EVT_00004074,ALTERNATIVE_PAYMENT,True,ALLOWED,0.277594,0,0.0,SUBSCRIPTION_FAILURE,2026-08-04 22:27:54,CUS_000417,MER_00032,598.53,INR,CARD,DESKTOP,AT_RISK,,0,41.27,0,False,False,726,16,3,0.247594,1454,49,37,12,0.7551,1284.58,0.628,82,NETBANKING,TRAVEL,SMALL,7142.77,0.8186,0.1814,22,1,8,6.396146014916942,0.7551,1284.58,0.8186,12.214897959183673,0,0,0,RECOVERY_REMINDER,0.3741173967846451,221.92048549751362,reminder has strong predicted recovery value,0.0
EVT_00007684,ALTERNATIVE_PAYMENT,True,ALLOWED,0.647237,0,0.0,PAYMENT_FAILURE,2026-08-02 06:06:00,CUS_000561,MER_00081,8863.15,INR,UPI,DESKTOP,FAILED,PAYMENT_LIMIT,0,70.17,0,False,False,0,0,0,0.467237,818,46,45,1,0.9783,6492.86,0.7863,54,UPI,FOOD_DELIVERY,MEDIUM,42052.11,0.8971,0.1029,6,6,8,9.089770331226555,0.9783,6492.86,0.8971,192.67717391304348,0,1,0,ALTERNATIVE_PAYMENT,0.6250698868636996,5535.088167755998,alternative payment has strongest net expected value; strong customer payment history,0.0
EVT_00009506,ALTERNATIVE_PAYMENT,True,ALLOWED,0.527442,0,0.0,CHECKOUT_ABANDONMENT,2026-08-22 08:05:33,CUS_001592,MER_00069,2362.92,INR,CARD,MOBILE,AT_RISK,,0,56.68,406,False,False,0,0,0,0.497442,539,24,21,3,0.875,1569.29,0.7378,68,CARD,E_COMMERCE,SMALL,12615.7,0.7608,0.2392,8,5,8,7.7680765370058245,0.875,1569.29,0.7608,98.455,0,0,0,RECOVERY_REMINDER,0.6612544338474737,1560.4913268268726,reminder has strong predicted recovery value,2362.92
EVT_00004164,ALTERNATIVE_PAYMENT,True,ALLOWED,0.398403,0,0.0,PAYMENT_FAILURE,2026-08-29 22:41:45,CUS_000877,MER_00117,1637.14,INR,UPI,DESKTOP,FAILED,EXPIRED_PAYMENT_METHOD,3,46.3,0,False,False,0,0,0,0.218403,823,53,49,4,0.9245,3118.14,0.7588,88,NETBANKING,TRAVEL,SMALL,11500.96,0.8461,0.1539,22,5,8,7.401316730846125,0.9245,3118.14,0.8461,30.889433962264153,0,1,1,ALTERNATIVE_PAYMENT,0.3583004761161031,581.588041468717,alternative payment has strongest net expected value; multiple previous attempts reduce retry priority; strong customer payment history,0.0
EVT_00001562,ALTERNATIVE_PAYMENT,True,ALLOWED,0.797688,1,2698.95,CHECKOUT_ABANDONMENT,2026-08-03 02:09:23,CUS_001263,MER_00045,2698.95,INR,WALLET,MOBILE,AT_RISK,,0,17.21,697,True,False,0,0,0,0.767688,683,59,57,2,0.9661,6472.8,0.9446,72,UPI,FOOD_DELIVERY,MEDIUM,1683.01,0.9677,0.0323,2,0,8,7.900988533302432,0.9661,6472.8,0.9677,45.744915254237284,0,1,0,RECOVERY_REMINDER,0.8957330021950359,2415.538586274292,reminder has strong predicted recovery value; strong customer payment history,2698.95
EVT_00009424,ALTERNATIVE_PAYMENT,True,ALLOWED,0.337383,1,3937.78,PAYMENT_FAILURE,2026-08-04 22:16:13,CUS_001250,MER_00014,3937.78,INR,UPI,TABLET,FAILED,TIMEOUT,3,65.2,0,False,False,0,0,0,0.307383,1467,32,23,9,0.7188,3535.52,0.9006,6,NETBANKING,FOOD_DELIVERY,SMALL,3627.04,0.8438,0.1562,22,1,8,8.27862630967212,0.7188,3535.52,0.8438,123.055625,0,0,1,ALTERNATIVE_PAYMENT,0.3740409061002912,1467.890799223605,alternative payment has strongest net expected value; multiple previous attempts reduce retry priority,3937.78
EVT_00009868,ALTERNATIVE_PAYMENT,True,ALLOWED,0.185715,1,3779.48,PAYMENT_FAILURE,2026-08-29 08:03:24,CUS_001035,MER_00065,3779.48,INR,CARD,DESKTOP,FAILED,INSUFFICIENT_BALANCE,3,27.08,0,False,False,0,0,0,0.155715,127,8,7,1,0.875,3733.29,0.3836,81,CARD,DIGITAL_SERVICES,MEDIUM,5883.79,0.7053,0.2947,8,5,8,8.237606264678815,0.875,3733.29,0.7053,472.435,0,0,1,ALTERNATIVE_PAYMENT,0.3606445421380805,1358.0488341200326,alternative payment has strongest net expected value; multiple previous attempts reduce retry priority,3779.48
EVT_00007816,ALTERNATIVE_PAYMENT,True,ALLOWED,0.291877,0,0.0,SUBSCRIPTION_FAILURE,2026-08-30 15:52:47,CUS_000360,MER_00152,10023.24,INR,UPI,DESKTOP,AT_RISK,,0,47.16,0,False,False,497,4,2,0.261877,1130,17,14,3,0.8235,11403.8,0.7781,85,UPI,DIGITAL_SERVICES,SMALL,4325.9,0.9166,0.0834,15,6,8,9.212761438827195,0.8235,11403.8,0.9166,589.6023529411765,1,0,0,ALTERNATIVE_PAYMENT,0.4198435590891707,4203.192755204939,alternative payment has strongest net expected value; high-value transaction,0.0
EVT_00008861,ALTERNATIVE_PAYMENT,True,ALLOWED,0.476553,1,3167.25,PAYMENT_FAILURE,2026-08-20 08:51:57,CUS_000128,MER_00003,3167.25,INR,CARD,MOBILE,FAILED,BANK_TECHNICAL_ERROR,2,70.82,0,False,False,0,0,0,0.446553,1154,50,42,8,0.84,4049.86,0.6251,26,CARD,DIGITAL_SERVICES,SMALL,2951.94,0.8109,0.1891,8,3,8,8.060934663962174,0.84,4049.86,0.8109,63.345,0,0,1,ALTERNATIVE_PAYMENT,0.3728806516171396,1176.0062438343855,alternative payment has strongest net expected value; multiple previous attempts reduce retry priority,3167.25
EVT_00006979,ALTERNATIVE_PAYMENT,True,ALLOWED,0.420012,1,1781.78,PAYMENT_FAILURE,2026-08-21 11:26:35,CUS_000608,MER_00071,1781.78,INR,CARD,MOBILE,FAILED,BANK_TECHNICAL_ERROR,3,58.48,0,False,False,0,0,0,0.390012,785,21,19,2,0.9048,2526.63,0.9026,55,NETBANKING,TRAVEL,MEDIUM,1476.19,0.8534,0.1466,11,4,8,7.485929222701196,0.9048,2526.63,0.8534,84.84666666666666,0,1,1,ALTERNATIVE_PAYMENT,0.3879341322349612,686.2132781336092,alternative payment has strongest net expected value; multiple previous attempts reduce retry priority; strong customer payment history,1781.78
EVT_00004004,ALTERNATIVE_PAYMENT,True,ALLOWED,0.760415,1,2669.04,CHECKOUT_ABANDONMENT,2026-08-22 02:26:01,CUS_001651,MER_00014,2669.04,INR,CARD,MOBILE,AT_RISK,,0,58.59,244,True,True,0,0,0,0.730415,308,10,9,1,0.9,6330.55,0.4463,19,UPI,FOOD_DELIVERY,SMALL,3627.04,0.8438,0.1562,2,5,8,7.889848732555485,0.9,6330.55,0.8438,266.904,0,1,0,RECOVERY_REMINDER,0.916256532648978,2443.525335901428,reminder has strong predicted recovery value; strong customer payment history,2669.04
EVT_00008910,ALTERNATIVE_PAYMENT,True,ALLOWED,0.294542,1,5350.67,SUBSCRIPTION_FAILURE,2026-08-29 19:49:01,CUS_000630,MER_00098,5350.67,INR,CARD,MOBILE,AT_RISK,,0,37.09,0,False,False,591,19,3,0.264542,568,4,3,1,0.75,7136.74,0.8234,10,NETBANKING,DIGITAL_SERVICES,SMALL,599.1,0.88,0.12,19,5,8,8.585163940714233,0.75,7136.74,0.88,1337.6675,0,0,0,ALTERNATIVE_PAYMENT,0.38518780856235846,2056.0128516403547,alternative payment has strongest net expected value,5350.67
EVT_00004050,ALTERNATIVE_PAYMENT,True,ALLOWED,0.661521,1,21686.8,SUBSCRIPTION_FAILURE,2026-08-02 05:44:08,CUS_001464,MER_00117,21686.8,INR,NETBANKING,MOBILE,AT_RISK,,0,41.67,0,False,False,717,17,0,0.631521,104,5,4,1,0.8,7862.87,0.7823,1,NETBANKING,TRAVEL,SMALL,11500.96,0.8461,0.1539,5,6,8,9.984505169446567,0.8,7862.87,0.8461,4337.36,1,0,0,RECOVERY_REMINDER,0.5698524346913442,12356.275780664242,reminder has strong predicted recovery value; high-value transaction,21686.8
EVT_00006874,ALTERNATIVE_PAYMENT,True,ALLOWED,0.715821,1,1777.19,CHECKOUT_ABANDONMENT,2026-08-19 15:02:23,CUS_000481,MER_00113,1777.19,INR,CARD,DESKTOP,AT_RISK,,0,18.61,517,True,False,0,0,0,0.685821,453,52,40,12,0.7692,2389.11,0.6748,78,UPI,DIGITAL_SERVICES,MEDIUM,844.23,0.8301,0.1699,15,2,8,7.483351272006846,0.7692,2389.11,0.8301,34.17673076923077,0,0,0,RECOVERY_REMINDER,0.8120957977931734,1441.2485308800499,reminder has strong predicted recovery value,1777.19
EVT_00005803,ALTERNATIVE_PAYMENT,True,ALLOWED,0.623215,0,0.0,PAYMENT_FAILURE,2026-08-20 23:39:00,CUS_001347,MER_00014,6978.37,INR,CARD,DESKTOP,FAILED,BANK_TECHNICAL_ERROR,1,11.15,0,False,False,0,0,0,0.593215,1287,48,46,2,0.9583,6482.02,0.418,38,WALLET,FOOD_DELIVERY,SMALL,3627.04,0.8438,0.1562,23,3,8,8.850713933803274,0.9583,6482.02,0.8438,145.38270833333334,0,1,0,RETRY_LATER,0.6457892457922375,4505.556299159176,delayed retry has strong predicted recovery value; strong customer payment history,0.0
EVT_00006359,ALTERNATIVE_PAYMENT,True,ALLOWED,0.234463,1,9900.74,PAYMENT_FAILURE,2026-08-21 15:44:12,CUS_000502,MER_00181,9900.74,INR,UPI,MOBILE,FAILED,INSUFFICIENT_BALANCE,3,50.59,0,False,False,0,0,0,0.204463,988,8,8,0,1.0,5767.04,0.8283,83,UPI,TRAVEL,SMALL,3734.39,0.8092,0.1908,15,4,8,9.200465778254886,1.0,5767.04,0.8092,1237.5925,0,1,1,ALTERNATIVE_PAYMENT,0.3158584197475483,3122.2320907313415,alternative payment has strongest net expected value; multiple previous attempts reduce retry priority; strong customer payment history,9900.74
EVT_00005972,ALTERNATIVE_PAYMENT,True,ALLOWED,0.617889,1,4189.69,PAYMENT_FAILURE,2026-08-04 21:58:30,CUS_001228,MER_00156,4189.69,INR,CARD,MOBILE,FAILED,BANK_TECHNICAL_ERROR,1,60.87,0,False,False,0,0,0,0.587889,1477,30,28,2,0.9333,2776.34,0.6818,51,UPI,FOOD_DELIVERY,MEDIUM,16696.36,0.898,0.102,21,1,8,8.340620677162578,0.9333,2776.34,0.898,139.65633333333332,0,1,0,RETRY_LATER,0.6370062508513313,2667.858719129314,delayed retry has strong predicted recovery value; strong customer payment history; decision margin is narrow,4189.69
EVT_00000339,ALTERNATIVE_PAYMENT,True,ALLOWED,0.560659,1,5517.13,PAYMENT_FAILURE,2026-08-29 21:35:01,CUS_001813,MER_00126,5517.13,INR,UPI,MOBILE,FAILED,BANK_TECHNICAL_ERROR,1,71.33,0,False,False,0,0,0,0.530659,1020,54,42,12,0.7778,6871.8,0.7329,36,UPI,DIGITAL_SERVICES,SMALL,2499.99,0.8824,0.1176,21,5,8,8.615794313760318,0.7778,6871.8,0.8824,102.16907407407408,0,0,0,ALTERNATIVE_PAYMENT,0.575727704907179,3171.364592574544,alternative payment has strongest net expected value,5517.13
EVT_00001276,ALTERNATIVE_PAYMENT,True,ALLOWED,0.608303,1,8327.91,PAYMENT_FAILURE,2026-08-03 03:21:34,CUS_000927,MER_00022,8327.91,INR,UPI,MOBILE,FAILED,NETWORK_ERROR,0,5.63,0,False,False,0,0,0,0.578303,825,49,39,10,0.7959,3317.34,0.7327,82,UPI,DIGITAL_SERVICES,LARGE,2602.03,0.8671,0.1329,3,0,8,9.027487874258037,0.7959,3317.34,0.8671,169.95734693877552,0,0,0,ALTERNATIVE_PAYMENT,0.5487788211371365,4565.180632336171,alternative payment has strongest net expected value,8327.91
EVT_00002367,ALTERNATIVE_PAYMENT,True,ALLOWED,0.785481,1,5924.0,CHECKOUT_ABANDONMENT,2026-08-29 07:26:37,CUS_001192,MER_00064,5924.0,INR,UPI,MOBILE,AT_RISK,,0,8.13,292,True,False,0,0,0,0.755481,438,54,49,5,0.9074,4999.23,0.9125,70,UPI,TRAVEL,SMALL,4568.4,0.9534,0.0466,7,5,8,8.686935966003333,0.9074,4999.23,0.9534,109.70370370370371,0,1,0,RECOVERY_REMINDER,0.9174397930684974,5432.913334137779,reminder has strong predicted recovery value; strong customer payment history,5924.0
EVT_00005982,ALTERNATIVE_PAYMENT,True,ALLOWED,0.626626,0,0.0,PAYMENT_FAILURE,2026-08-01 11:54:07,CUS_001174,MER_00110,4392.74,INR,UPI,MOBILE,FAILED,BANK_TECHNICAL_ERROR,1,31.25,0,False,False,0,0,0,0.596626,290,28,26,2,0.9286,3589.43,0.664,54,UPI,FOOD_DELIVERY,MEDIUM,25287.45,0.9495,0.0505,11,5,8,8.387936079596214,0.9286,3589.43,0.9495,156.88357142857143,0,1,0,RETRY_LATER,0.7129441861084059,3130.778444085839,delayed retry has strong predicted recovery value; strong customer payment history,0.0
EVT_00009452,ALTERNATIVE_PAYMENT,True,ALLOWED,0.330628,0,0.0,PAYMENT_FAILURE,2026-08-01 19:18:35,CUS_001827,MER_00157,4001.57,INR,UPI,MOBILE,FAILED,ISSUER_DECLINE,3,55.48,0,False,False,0,0,0,0.150628,184,27,26,1,0.963,2817.22,0.7653,18,NETBANKING,E_COMMERCE,MEDIUM,5657.2,0.8635,0.1365,19,5,8,8.29469193378727,0.963,2817.22,0.8635,148.2062962962963,0,1,1,ALTERNATIVE_PAYMENT,0.37891695503172595,1511.2627197463037,alternative payment has strongest net expected value; multiple previous attempts reduce retry priority; strong customer payment history,0.0
EVT_00001787,ALTERNATIVE_PAYMENT,True,ALLOWED,0.581307,0,0.0,PAYMENT_FAILURE,2026-08-30 16:27:26,CUS_001674,MER_00108,1663.29,INR,CARD,DESKTOP,FAILED,NETWORK_ERROR,1,65.2,0,False,False,0,0,0,0.551307,1144,1,1,0,1.0,1032.26,0.7071,65,CARD,RETAIL,SMALL,3048.05,0.8679,0.1321,16,6,8,7.417153885042514,1.0,1032.26,0.8679,1663.29,0,1,0,RECOVERY_REMINDER,0.5485859476559853,910.4575208767238,reminder has strong predicted recovery value; strong customer payment history; decision margin is narrow,1663.29
