event_id,ALTERNATIVE_PAYMENT,RECOVERY_REMINDER,RETRY_LATER,HUMAN_ESCALATION
EVT_00000008,0.6233113557994501,0.815571642049025,0.5754845147589024,0.48460962801751273
EVT_00000011,0.6233113557994501,0.815571642049025,0.5754845147589024,0.48460962801751273
EVT_00000022,0.522304761102359,0.5150605874588693,0.47507753731495406,0.3787588174540968
EVT_00000026,0.6233113557994501,0.815571642049025,0.5754845147589024,0.48460962801751273
EVT_00000027,0.6221167911775471,0.5536954558799219,0.4679722741570593,0.39003701294281856
EVT_00000028,0.502310300733506,0.36061619382241444,0.2558939844921416,0.28425806368683304
EVT_00000036,0.47465169905688553,0.26347527845505925,0.2480264548653441,0.2798501533888704
EVT_00000041,0.3565802704854569,0.19865384988363072,0.1482228834367727,0.21636801053172755
EVT_00000049,0.5803527858292663,0.5761954090617544,0.46911101796458604,0.3761516484645756
EVT_00000054,0.6233113557994501,0.815571642049025,0.5754845147589024,0.48460962801751273
EVT_00000055,0.5803527858292663,0.5761954090617544,0.46911101796458604,0.3761516484645756
EVT_00000074,0.4713785564214801,0.37665086337821074,0.2562190115777321,0.2749406205665731
EVT_00000082,0.42088796279314916,0.19307692680670763,0.14744403728292654,0.23891608745480447
EVT_00000088,0.49266994109314644,0.41810870131492195,0.32662325522141233,0.3436986231273925
EVT_00000091,0.502310300733506,0.36061619382241444,0.2558939844921416,0.28425806368683304
EVT_00000092,0.5266230232005575,0.46665896259133144,0.35131958959330084,0.31043490364272275
EVT_00000094,0.36782125172643815,0.3380477892775701,0.22895015616404546,0.24753684170055873
EVT_00000105,0.4346179930411984,0.36619311689933753,0.2566151383382954,0.2617099867637561
EVT_00000123,0.5803527858292663,0.5761954090617544,0.46911101796458604,0.3761516484645756
EVT_00000130,0.39517360071972674,0.3199773194789124,0.20876810918417968,0.23141687525760574
EVT_00000137,0.36782125172643815,0.3380477892775701,0.22895015616404546,0.24753684170055873
EVT_00000139,0.5803527858292663,0.5761954090617544,0.46911101796458604,0.3761516484645756
EVT_00000157,0.5589037073269127,0.43101454547076606,0.3490258526240097,0.32519212962089905
EVT_00000170,0.6233113557994501,0.815571642049025,0.5754845147589024,0.48460962801751273
EVT_00000192,0.36782125172643815,0.3380477892775701,0.22895015616404546,0.24753684170055873
EVT_00000215,0.42088796279314916,0.19307692680670763,0.14744403728292654,0.23891608745480447
EVT_00000219,0.6233113557994501,0.815571642049025,0.5754845147589024,0.48460962801751273
EVT_00000231,0.5803527858292663,0.5761954090617544,0.46911101796458604,0.3761516484645756
EVT_00000233,0.4346179930411984,0.36619311689933753,0.2566151383382954,0.2617099867637561
EVT_00000235,0.5803527858292663,0.5761954090617544,0.46911101796458604,0.3761516484645756
EVT_00000252,0.42297060237578876,0.38996337369315454,0.3045589223978117,0.3295254780641951
EVT_00000254,0.38393261947874546,0.18058338008497302,0.12804083645690692,0.20024804408877456
EVT_00000260,0.5558830249437807,0.5401443195162856,0.444449546884332,0.40854350644931203
EVT_00000273,0.6233113557994501,0.815571642049025,0.5754845147589024,0.48460962801751273
EVT_00000275,0.6233113557994501,0.815571642049025,0.5754845147589024,0.48460962801751273
EVT_00000278,0.6221167911775471,0.5536954558799219,0.4679722741570593,0.39003701294281856
EVT_00000282,0.6233113557994501,0.815571642049025,0.5754845147589024,0.48460962801751273
EVT_00000288,0.42297060237578876,0.38996337369315454,0.3045589223978117,0.3295254780641951
EVT_00000299,0.5558830249437807,0.5401443195162856,0.444449546884332,0.40854350644931203
EVT_00000304,0.39150280569672447,0.20911159636250393,0.14779506653536426,0.22959864433454447
EVT_00000333,0.39107125172643814,0.36607410506704374,0.3360619982693086,0.2997407890689798
EVT_00000337,0.6233113557994501,0.815571642049025,0.5754845147589024,0.48460962801751273
EVT_00000339,0.5589037073269127,0.43101454547076606,0.3490258526240097,0.32519212962089905
EVT_00000352,0.6233113557994501,0.815571642049025,0.5754845147589024,0.48460962801751273
EVT_00000353,0.6233113557994501,0.815571642049025,0.5754845147589024,0.48460962801751273
EVT_00000370,0.5266230232005575,0.46665896259133144,0.35131958959330084,0.31043490364272275
EVT_00000380,0.48589268029786675,0.40286921784899865,0.32875372759261684,0.3110189845577016
EVT_00000385,0.6233113557994501,0.815571642049025,0.5754845147589024,0.48460962801751273
EVT_00000394,0.6233113557994501,0.815571642049025,0.5754845147589024,0.48460962801751273
EVT_00000395,0.38393261947874546,0.18058338008497302,0.12804083645690692,0.20024804408877456
EVT_00000399,0.6233113557994501,0.815571642049025,0.5754845147589024,0.48460962801751273
EVT_00000408,0.5803527858292663,0.5761954090617544,0.46911101796458604,0.3761516484645756
EVT_00000409,0.502310300733506,0.36061619382241444,0.2558939844921416,0.28425806368683304
EVT_00000455,0.5803527858292663,0.5761954090617544,0.46911101796458604,0.3761516484645756
EVT_00000457,0.4321289440341304,0.33247086620064703,0.2281713100101993,0.27008491862363565
EVT_00000482,0.6233113557994501,0.815571642049025,0.5754845147589024,0.48460962801751273
EVT_00000497,0.5803527858292663,0.5761954090617544,0.46911101796458604,0.3761516484645756
EVT_00000517,0.5803527858292663,0.5761954090617544,0.46911101796458604,0.3761516484645756
EVT_00000523,0.3565802704854569,0.19865384988363072,0.1482228834367727,0.21636801053172755
EVT_00000527,0.49266994109314644,0.41810870131492195,0.32662325522141233,0.3436986231273925
EVT_00000531,0.46340993934992325,0.34812264710067986,0.23792805780138265,0.24559002032080315
EVT_00000547,0.3565802704854569,0.19865384988363072,0.1482228834367727,0.21636801053172755
EVT_00000564,0.5803527858292663,0.5761954090617544,0.46911101796458604,0.3761516484645756
EVT_00000581,0.522304761102359,0.5150605874588693,0.47507753731495406,0.3787588174540968
EVT_00000583,0.49783107689183276,0.48563295587992195,0.37094102415705926,0.32655487008567574
EVT_00000611,0.4321289440341304,0.33247086620064703,0.2281713100101993,0.27008491862363565
EVT_00000617,0.6233113557994501,0.815571642049025,0.5754845147589024,0.48460962801751273
EVT_00000621,0.5803527858292663,0.5761954090617544,0.46911101796458604,0.3761516484645756
EVT_00000627,0.6233113557994501,0.815571642049025,0.5754845147589024,0.48460962801751273
EVT_00000628,0.6233113557994501,0.815571642049025,0.5754845147589024,0.48460962801751273
EVT_00000633,0.502310300733506,0.36061619382241444,0.2558939844921416,0.28425806368683304
EVT_00000634,0.6233113557994501,0.815571642049025,0.5754845147589024,0.48460962801751273
EVT_00000642,0.38393261947874546,0.18058338008497302,0.12804083645690692,0.20024804408877456
EVT_00000653,0.36782125172643815,0.3380477892775701,0.22895015616404546,0.24753684170055873
EVT_00000655,0.4321289440341304,0.33247086620064703,0.2281713100101993,0.27008491862363565
EVT_00000677,0.6233113557994501,0.815571642049025,0.5754845147589024,0.48460962801751273
EVT_00000687,0.6233113557994501,0.815571642049025,0.5754845147589024,0.48460962801751273
EVT_00000697,0.42088796279314916,0.19307692680670763,0.14744403728292654,0.23891608745480447
EVT_00000698,0.4346179930411984,0.36619311689933753,0.2566151383382954,0.2617099867637561
EVT_00000708,0.6233113557994501,0.815571642049025,0.5754845147589024,0.48460962801751273
EVT_00000709,0.5558830249437807,0.5401443195162856,0.444449546884332,0.40854350644931203
EVT_00000710,0.5803527858292663,0.5761954090617544,0.46911101796458604,0.3761516484645756
EVT_00000716,0.5803527858292663,0.5761954090617544,0.46911101796458604,0.3761516484645756
EVT_00000735,0.4117296211348075,0.25056943429921513,0.22383164967053892,0.2983566468953639
EVT_00000739,0.40274378693770574,0.34850553575644333,0.228522339262637,0.26076747550337565
EVT_00000743,0.5803527858292663,0.5761954090617544,0.46911101796458604,0.3761516484645756
EVT_00000765,0.46340993934992325,0.34812264710067986,0.23792805780138265,0.24559002032080315
EVT_00000771,0.42088796279314916,0.19307692680670763,0.14744403728292654,0.23891608745480447
EVT_00000774,0.5803527858292663,0.5761954090617544,0.46911101796458604,0.3761516484645756
EVT_00000775,0.45909167725172473,0.3942194326888112,0.35579276991724285,0.31391393413217716
EVT_00000778,0.5803527858292663,0.5761954090617544,0.46911101796458604,0.3761516484645756
EVT_00000780,0.5803527858292663,0.5761954090617544,0.46911101796458604,0.3761516484645756
EVT_00000785,0.6233113557994501,0.815571642049025,0.5754845147589024,0.48460962801751273
EVT_00000794,0.4117296211348075,0.25056943429921513,0.22383164967053892,0.2983566468953639
EVT_00000804,0.6233113557994501,0.815571642049025,0.5754845147589024,0.48460962801751273
EVT_00000805,0.5803527858292663,0.5761954090617544,0.46911101796458604,0.3761516484645756
EVT_00000807,0.40274378693770574,0.34850553575644333,0.228522339262637,0.26076747550337565
EVT_00000815,0.39517360071972674,0.3199773194789124,0.20876810918417968,0.23141687525760574
EVT_00000816,0.49783107689183276,0.48563295587992195,0.37094102415705926,0.32655487008567574
EVT_00000820,0.6233113557994501,0.815571642049025,0.5754845147589024,0.48460962801751273
EVT_00000821,0.5589037073269127,0.43101454547076606,0.3490258526240097,0.32519212962089905
EVT_00000830,0.5558830249437807,0.5401443195162856,0.444449546884332,0.40854350644931203
EVT_00000847,0.6233113557994501,0.815571642049025,0.5754845147589024,0.48460962801751273
EVT_00000854,0.6233113557994501,0.815571642049025,0.5754845147589024,0.48460962801751273
EVT_00000855,0.5803527858292663,0.5761954090617544,0.46911101796458604,0.3761516484645756
EVT_00000867,0.5803527858292663,0.5761954090617544,0.46911101796458604,0.3761516484645756
EVT_00000869,0.6233113557994501,0.815571642049025,0.5754845147589024,0.48460962801751273
EVT_00000871,0.5803527858292663,0.5761954090617544,0.46911101796458604,0.3761516484645756
EVT_00000879,0.5558830249437807,0.5401443195162856,0.444449546884332,0.40854350644931203
EVT_00000885,0.5803527858292663,0.5761954090617544,0.46911101796458604,0.3761516484645756
EVT_00000886,0.5803527858292663,0.5761954090617544,0.46911101796458604,0.3761516484645756
EVT_00000917,0.39517360071972674,0.3199773194789124,0.20876810918417968,0.23141687525760574
EVT_00000928,0.5558830249437807,0.5401443195162856,0.444449546884332,0.40854350644931203
EVT_00000935,0.5803527858292663,0.5761954090617544,0.46911101796458604,0.3761516484645756
EVT_00000957,0.5655233845841404,0.47977718664915275,0.3701838126185978,0.34910294700875266
EVT_00000962,0.6233113557994501,0.815571642049025,0.5754845147589024,0.48460962801751273
EVT_00000967,0.6233113557994501,0.815571642049025,0.5754845147589024,0.48460962801751273
EVT_00000969,0.5803527858292663,0.5761954090617544,0.46911101796458604,0.3761516484645756
EVT_00000972,0.5803527858292663,0.5761954090617544,0.46911101796458604,0.3761516484645756
EVT_00000975,0.39517360071972674,0.3199773194789124,0.20876810918417968,0.23141687525760574
EVT_00000978,0.5803527858292663,0.5761954090617544,0.46911101796458604,0.3761516484645756
EVT_00000982,0.5266230232005575,0.46665896259133144,0.35131958959330084,0.31043490364272275
EVT_00000983,0.49266994109314644,0.41810870131492195,0.32662325522141233,0.3436986231273925
EVT_00000988,0.42297060237578876,0.38996337369315454,0.3045589223978117,0.3295254780641951
EVT_00000989,0.47465169905688553,0.26347527845505925,0.2480264548653441,0.2798501533888704
EVT_00001005,0.6233113557994501,0.815571642049025,0.5754845147589024,0.48460962801751273
EVT_00001007,0.42297060237578876,0.38996337369315454,0.3045589223978117,0.3295254780641951
EVT_00001008,0.3565802704854569,0.19865384988363072,0.1482228834367727,0.21636801053172755
EVT_00001010,0.48589268029786675,0.40286921784899865,0.32875372759261684,0.3110189845577016
EVT_00001012,0.36782125172643815,0.3380477892775701,0.22895015616404546,0.24753684170055873
EVT_00001021,0.4117296211348075,0.25056943429921513,0.22383164967053892,0.2983566468953639
EVT_00001035,0.6233113557994501,0.815571642049025,0.5754845147589024,0.48460962801751273
EVT_00001041,0.6233113557994501,0.815571642049025,0.5754845147589024,0.48460962801751273
EVT_00001047,0.5803527858292663,0.5761954090617544,0.46911101796458604,0.3761516484645756
EVT_00001056,0.39517360071972674,0.3199773194789124,0.20876810918417968,0.23141687525760574
EVT_00001058,0.42297060237578876,0.38996337369315454,0.3045589223978117,0.3295254780641951
EVT_00001059,0.38393261947874546,0.18058338008497302,0.12804083645690692,0.20024804408877456
EVT_00001072,0.5803527858292663,0.5761954090617544,0.46911101796458604,0.3761516484645756
EVT_00001078,0.6233113557994501,0.815571642049025,0.5754845147589024,0.48460962801751273
EVT_00001097,0.6233113557994501,0.815571642049025,0.5754845147589024,0.48460962801751273
EVT_00001098,0.5558830249437807,0.5401443195162856,0.444449546884332,0.40854350644931203
EVT_00001100,0.38393261947874546,0.18058338008497302,0.12804083645690692,0.20024804408877456
EVT_00001104,0.5558830249437807,0.5401443195162856,0.444449546884332,0.40854350644931203
EVT_00001123,0.39517360071972674,0.3199773194789124,0.20876810918417968,0.23141687525760574
EVT_00001136,0.6233113557994501,0.815571642049025,0.5754845147589024,0.48460962801751273
EVT_00001146,0.49783107689183276,0.48563295587992195,0.37094102415705926,0.32655487008567574
EVT_00001157,0.4713785564214801,0.37665086337821074,0.2562190115777321,0.2749406205665731
EVT_00001165,0.5803527858292663,0.5761954090617544,0.46911101796458604,0.3761516484645756
EVT_00001166,0.4321289440341304,0.33247086620064703,0.2281713100101993,0.27008491862363565
EVT_00001167,0.5803527858292663,0.5761954090617544,0.46911101796458604,0.3761516484645756
EVT_00001187,0.502310300733506,0.36061619382241444,0.2558939844921416,0.28425806368683304
EVT_00001204,0.47465169905688553,0.26347527845505925,0.2480264548653441,0.2798501533888704
EVT_00001211,0.5266230232005575,0.46665896259133144,0.35131958959330084,0.31043490364272275
EVT_00001218,0.49266994109314644,0.41810870131492195,0.32662325522141233,0.3436986231273925
EVT_00001219,0.5266230232005575,0.46665896259133144,0.35131958959330084,0.31043490364272275
EVT_00001222,0.47465169905688553,0.26347527845505925,0.2480264548653441,0.2798501533888704
EVT_00001224,0.5655233845841404,0.47977718664915275,0.3701838126185978,0.34910294700875266
EVT_00001246,0.4346179930411984,0.36619311689933753,0.2566151383382954,0.2617099867637561
EVT_00001249,0.5345916402721145,0.49661358968273883,0.37052509105846776,0.3397855038884926
EVT_00001262,0.49783107689183276,0.48563295587992195,0.37094102415705926,0.32655487008567574
EVT_00001264,0.5803527858292663,0.5761954090617544,0.46911101796458604,0.3761516484645756
EVT_00001276,0.522304761102359,0.5150605874588693,0.47507753731495406,0.3787588174540968
EVT_00001290,0.5803527858292663,0.5761954090617544,0.46911101796458604,0.3761516484645756
EVT_00001297,0.4321289440341304,0.33247086620064703,0.2281713100101993,0.27008491862363565
EVT_00001300,0.5655233845841404,0.47977718664915275,0.3701838126185978,0.34910294700875266
EVT_00001301,0.5803527858292663,0.5761954090617544,0.46911101796458604,0.3761516484645756
EVT_00001308,0.39107125172643814,0.36607410506704374,0.3360619982693086,0.2997407890689798
EVT_00001315,0.5266230232005575,0.46665896259133144,0.35131958959330084,0.31043490364272275
EVT_00001316,0.6233113557994501,0.815571642049025,0.5754845147589024,0.48460962801751273
EVT_00001329,0.3565802704854569,0.19865384988363072,0.1482228834367727,0.21636801053172755
EVT_00001338,0.6233113557994501,0.815571642049025,0.5754845147589024,0.48460962801751273
EVT_00001341,0.37983027048545687,0.22668016567310437,0.2553347255420359,0.2685719579001486
EVT_00001343,0.6233113557994501,0.815571642049025,0.5754845147589024,0.48460962801751273
EVT_00001349,0.6233113557994501,0.815571642049025,0.5754845147589024,0.48460962801751273
EVT_00001356,0.40274378693770574,0.34850553575644333,0.228522339262637,0.26076747550337565
EVT_00001384,0.6233113557994501,0.815571642049025,0.5754845147589024,0.48460962801751273
EVT_00001392,0.522304761102359,0.5150605874588693,0.47507753731495406,0.3787588174540968
EVT_00001394,0.5266230232005575,0.46665896259133144,0.35131958959330084,0.31043490364272275
EVT_00001403,0.49783107689183276,0.48563295587992195,0.37094102415705926,0.32655487008567574
EVT_00001408,0.49783107689183276,0.48563295587992195,0.37094102415705926,0.32655487008567574
EVT_00001418,0.46340993934992325,0.34812264710067986,0.23792805780138265,0.24559002032080315
EVT_00001419,0.6233113557994501,0.815571642049025,0.5754845147589024,0.48460962801751273
EVT_00001420,0.6233113557994501,0.815571642049025,0.5754845147589024,0.48460962801751273
EVT_00001428,0.42297060237578876,0.38996337369315454,0.3045589223978117,0.3295254780641951
EVT_00001433,0.39107125172643814,0.36607410506704374,0.3360619982693086,0.2997407890689798
EVT_00001434,0.39150280569672447,0.20911159636250393,0.14779506653536426,0.22959864433454447
EVT_00001449,0.522304761102359,0.5150605874588693,0.47507753731495406,0.3787588174540968
EVT_00001451,0.6221167911775471,0.5536954558799219,0.4679722741570593,0.39003701294281856
EVT_00001456,0.3565802704854569,0.19865384988363072,0.1482228834367727,0.21636801053172755
EVT_00001463,0.49783107689183276,0.48563295587992195,0.37094102415705926,0.32655487008567574
EVT_00001464,0.6233113557994501,0.815571642049025,0.5754845147589024,0.48460962801751273
EVT_00001481,0.39517360071972674,0.3199773194789124,0.20876810918417968,0.23141687525760574
EVT_00001482,0.4346179930411984,0.36619311689933753,0.2566151383382954,0.2617099867637561
EVT_00001487,0.46340993934992325,0.34812264710067986,0.23792805780138265,0.24559002032080315
EVT_00001512,0.6233113557994501,0.815571642049025,0.5754845147589024,0.48460962801751273
EVT_00001529,0.6233113557994501,0.815571642049025,0.5754845147589024,0.48460962801751273
EVT_00001533,0.5266230232005575,0.46665896259133144,0.35131958959330084,0.31043490364272275
EVT_00001537,0.4321289440341304,0.33247086620064703,0.2281713100101993,0.27008491862363565
EVT_00001542,0.6233113557994501,0.815571642049025,0.5754845147589024,0.48460962801751273
EVT_00001562,0.6233113557994501,0.815571642049025,0.5754845147589024,0.48460962801751273
EVT_00001572,0.5803527858292663,0.5761954090617544,0.46911101796458604,0.3761516484645756
EVT_00001633,0.502310300733506,0.36061619382241444,0.2558939844921416,0.28425806368683304
EVT_00001639,0.46340993934992325,0.34812264710067986,0.23792805780138265,0.24559002032080315
EVT_00001641,0.4346179930411984,0.36619311689933753,0.2566151383382954,0.2617099867637561
EVT_00001642,0.522304761102359,0.5150605874588693,0.47507753731495406,0.3787588174540968
EVT_00001643,0.5803527858292663,0.5761954090617544,0.46911101796458604,0.3761516484645756
EVT_00001646,0.4346179930411984,0.36619311689933753,0.2566151383382954,0.2617099867637561
EVT_00001652,0.49783107689183276,0.48563295587992195,0.37094102415705926,0.32655487008567574
EVT_00001657,0.36782125172643815,0.3380477892775701,0.22895015616404546,0.24753684170055873
EVT_00001658,0.4346179930411984,0.36619311689933753,0.2566151383382954,0.2617099867637561
EVT_00001660,0.6233113557994501,0.815571642049025,0.5754845147589024,0.48460962801751273
EVT_00001669,0.6233113557994501,0.815571642049025,0.5754845147589024,0.48460962801751273
EVT_00001683,0.46340993934992325,0.34812264710067986,0.23792805780138265,0.24559002032080315
EVT_00001692,0.4346179930411984,0.36619311689933753,0.2566151383382954,0.2617099867637561
EVT_00001697,0.4321289440341304,0.33247086620064703,0.2281713100101993,0.27008491862363565
EVT_00001710,0.5803527858292663,0.5761954090617544,0.46911101796458604,0.3761516484645756
EVT_00001718,0.38393261947874546,0.18058338008497302,0.12804083645690692,0.20024804408877456
EVT_00001730,0.6233113557994501,0.815571642049025,0.5754845147589024,0.48460962801751273
EVT_00001745,0.5803527858292663,0.5761954090617544,0.46911101796458604,0.3761516484645756
EVT_00001751,0.48589268029786675,0.40286921784899865,0.32875372759261684,0.3110189845577016
EVT_00001759,0.4713785564214801,0.37665086337821074,0.2562190115777321,0.2749406205665731
EVT_00001763,0.39517360071972674,0.3199773194789124,0.20876810918417968,0.23141687525760574
EVT_00001767,0.5655233845841404,0.47977718664915275,0.3701838126185978,0.34910294700875266
EVT_00001768,0.6233113557994501,0.815571642049025,0.5754845147589024,0.48460962801751273
EVT_00001779,0.5803527858292663,0.5761954090617544,0.46911101796458604,0.3761516484645756
EVT_00001787,0.45909167725172473,0.3942194326888112,0.35579276991724285,0.31391393413217716
EVT_00001792,0.48589268029786675,0.40286921784899865,0.32875372759261684,0.3110189845577016
EVT_00001798,0.5803527858292663,0.5761954090617544,0.46911101796458604,0.3761516484645756
EVT_00001800,0.6233113557994501,0.815571642049025,0.5754845147589024,0.48460962801751273
EVT_00001807,0.39150280569672447,0.20911159636250393,0.14779506653536426,0.22959864433454447
EVT_00001826,0.5266230232005575,0.46665896259133144,0.35131958959330084,0.31043490364272275
EVT_00001842,0.47465169905688553,0.26347527845505925,0.2480264548653441,0.2798501533888704
EVT_00001861,0.38393261947874546,0.18058338008497302,0.12804083645690692,0.20024804408877456
EVT_00001867,0.5655233845841404,0.47977718664915275,0.3701838126185978,0.34910294700875266
EVT_00001869,0.39150280569672447,0.20911159636250393,0.14779506653536426,0.22959864433454447
EVT_00001910,0.6233113557994501,0.815571642049025,0.5754845147589024,0.48460962801751273
EVT_00001915,0.49266994109314644,0.41810870131492195,0.32662325522141233,0.3436986231273925
EVT_00001926,0.36782125172643815,0.3380477892775701,0.22895015616404546,0.24753684170055873
EVT_00001943,0.4346179930411984,0.36619311689933753,0.2566151383382954,0.2617099867637561
EVT_00001957,0.5803527858292663,0.5761954090617544,0.46911101796458604,0.3761516484645756
EVT_00001969,0.39150280569672447,0.20911159636250393,0.14779506653536426,0.22959864433454447
EVT_00001970,0.6233113557994501,0.815571642049025,0.5754845147589024,0.48460962801751273
EVT_00001993,0.42297060237578876,0.38996337369315454,0.3045589223978117,0.3295254780641951
EVT_00002023,0.6233113557994501,0.815571642049025,0.5754845147589024,0.48460962801751273
EVT_00002030,0.49266994109314644,0.41810870131492195,0.32662325522141233,0.3436986231273925
EVT_00002052,0.6221167911775471,0.5536954558799219,0.4679722741570593,0.39003701294281856
EVT_00002057,0.4117296211348075,0.25056943429921513,0.22383164967053892,0.2983566468953639
EVT_00002062,0.5803527858292663,0.5761954090617544,0.46911101796458604,0.3761516484645756
EVT_00002070,0.3565802704854569,0.19865384988363072,0.1482228834367727,0.21636801053172755
EVT_00002071,0.39517360071972674,0.3199773194789124,0.20876810918417968,0.23141687525760574
EVT_00002075,0.6233113557994501,0.815571642049025,0.5754845147589024,0.48460962801751273
EVT_00002096,0.46340993934992325,0.34812264710067986,0.23792805780138265,0.24559002032080315
EVT_00002102,0.37983027048545687,0.22668016567310437,0.2553347255420359,0.2685719579001486
EVT_00002114,0.38393261947874546,0.18058338008497302,0.12804083645690692,0.20024804408877456
EVT_00002147,0.5803527858292663,0.5761954090617544,0.46911101796458604,0.3761516484645756
EVT_00002150,0.42297060237578876,0.38996337369315454,0.3045589223978117,0.3295254780641951
EVT_00002174,0.6233113557994501,0.815571642049025,0.5754845147589024,0.48460962801751273
EVT_00002191,0.3565802704854569,0.19865384988363072,0.1482228834367727,0.21636801053172755
EVT_00002194,0.5345916402721145,0.49661358968273883,0.37052509105846776,0.3397855038884926
EVT_00002204,0.6233113557994501,0.815571642049025,0.5754845147589024,0.48460962801751273
EVT_00002211,0.4117296211348075,0.25056943429921513,0.22383164967053892,0.2983566468953639
EVT_00002212,0.49266994109314644,0.41810870131492195,0.32662325522141233,0.3436986231273925
EVT_00002214,0.5655233845841404,0.47977718664915275,0.3701838126185978,0.34910294700875266
EVT_00002225,0.46340993934992325,0.34812264710067986,0.23792805780138265,0.24559002032080315
EVT_00002237,0.5558830249437807,0.5401443195162856,0.444449546884332,0.40854350644931203
EVT_00002249,0.36782125172643815,0.3380477892775701,0.22895015616404546,0.24753684170055873
EVT_00002254,0.5345916402721145,0.49661358968273883,0.37052509105846776,0.3397855038884926
EVT_00002256,0.42088796279314916,0.19307692680670763,0.14744403728292654,0.23891608745480447
EVT_00002270,0.6233113557994501,0.815571642049025,0.5754845147589024,0.48460962801751273
EVT_00002285,0.39517360071972674,0.3199773194789124,0.20876810918417968,0.23141687525760574
EVT_00002290,0.42297060237578876,0.38996337369315454,0.3045589223978117,0.3295254780641951
EVT_00002292,0.36782125172643815,0.3380477892775701,0.22895015616404546,0.24753684170055873
EVT_00002295,0.37983027048545687,0.22668016567310437,0.2553347255420359,0.2685719579001486
EVT_00002303,0.42297060237578876,0.38996337369315454,0.3045589223978117,0.3295254780641951
EVT_00002304,0.42297060237578876,0.38996337369315454,0.3045589223978117,0.3295254780641951
EVT_00002309,0.5558830249437807,0.5401443195162856,0.444449546884332,0.40854350644931203
EVT_00002313,0.4321289440341304,0.33247086620064703,0.2281713100101993,0.27008491862363565
EVT_00002315,0.39150280569672447,0.20911159636250393,0.14779506653536426,0.22959864433454447
EVT_00002320,0.49783107689183276,0.48563295587992195,0.37094102415705926,0.32655487008567574
EVT_00002333,0.4117296211348075,0.25056943429921513,0.22383164967053892,0.2983566468953639
EVT_00002339,0.5589037073269127,0.43101454547076606,0.3490258526240097,0.32519212962089905
EVT_00002341,0.38393261947874546,0.18058338008497302,0.12804083645690692,0.20024804408877456
EVT_00002367,0.6233113557994501,0.815571642049025,0.5754845147589024,0.48460962801751273
EVT_00002387,0.47465169905688553,0.26347527845505925,0.2480264548653441,0.2798501533888704
EVT_00002396,0.5803527858292663,0.5761954090617544,0.46911101796458604,0.3761516484645756
EVT_00002398,0.49266994109314644,0.41810870131492195,0.32662325522141233,0.3436986231273925
EVT_00002413,0.49783107689183276,0.48563295587992195,0.37094102415705926,0.32655487008567574
EVT_00002416,0.6233113557994501,0.815571642049025,0.5754845147589024,0.48460962801751273
EVT_00002421,0.5803527858292663,0.5761954090617544,0.46911101796458604,0.3761516484645756
EVT_00002426,0.5589037073269127,0.43101454547076606,0.3490258526240097,0.32519212962089905
EVT_00002432,0.42297060237578876,0.38996337369315454,0.3045589223978117,0.3295254780641951
EVT_00002433,0.49783107689183276,0.48563295587992195,0.37094102415705926,0.32655487008567574
EVT_00002434,0.6233113557994501,0.815571642049025,0.5754845147589024,0.48460962801751273
EVT_00002436,0.48589268029786675,0.40286921784899865,0.32875372759261684,0.3110189845577016
EVT_00002450,0.6233113557994501,0.815571642049025,0.5754845147589024,0.48460962801751273
EVT_00002454,0.6233113557994501,0.815571642049025,0.5754845147589024,0.48460962801751273
EVT_00002456,0.49266994109314644,0.41810870131492195,0.32662325522141233,0.3436986231273925
EVT_00002477,0.522304761102359,0.5150605874588693,0.47507753731495406,0.3787588174540968
EVT_00002483,0.48589268029786675,0.40286921784899865,0.32875372759261684,0.3110189845577016
EVT_00002495,0.4346179930411984,0.36619311689933753,0.2566151383382954,0.2617099867637561
EVT_00002499,0.6233113557994501,0.815571642049025,0.5754845147589024,0.48460962801751273
EVT_00002507,0.5803527858292663,0.5761954090617544,0.46911101796458604,0.3761516484645756
EVT_00002511,0.5558830249437807,0.5401443195162856,0.444449546884332,0.40854350644931203
EVT_00002514,0.38393261947874546,0.18058338008497302,0.12804083645690692,0.20024804408877456
EVT_00002518,0.6221167911775471,0.5536954558799219,0.4679722741570593,0.39003701294281856
EVT_00002519,0.38393261947874546,0.18058338008497302,0.12804083645690692,0.20024804408877456
EVT_00002526,0.37983027048545687,0.22668016567310437,0.2553347255420359,0.2685719579001486
EVT_00002530,0.48589268029786675,0.40286921784899865,0.32875372759261684,0.3110189845577016
EVT_00002534,0.38393261947874546,0.18058338008497302,0.12804083645690692,0.20024804408877456
EVT_00002537,0.5803527858292663,0.5761954090617544,0.46911101796458604,0.3761516484645756
EVT_00002538,0.4117296211348075,0.25056943429921513,0.22383164967053892,0.2983566468953639
EVT_00002550,0.36782125172643815,0.3380477892775701,0.22895015616404546,0.24753684170055873
EVT_00002557,0.5345916402721145,0.49661358968273883,0.37052509105846776,0.3397855038884926
EVT_00002558,0.46340993934992325,0.34812264710067986,0.23792805780138265,0.24559002032080315
EVT_00002560,0.5266230232005575,0.46665896259133144,0.35131958959330084,0.31043490364272275
EVT_00002564,0.4117296211348075,0.25056943429921513,0.22383164967053892,0.2983566468953639
EVT_00002577,0.5345916402721145,0.49661358968273883,0.37052509105846776,0.3397855038884926
EVT_00002579,0.6221167911775471,0.5536954558799219,0.4679722741570593,0.39003701294281856
EVT_00002612,0.49783107689183276,0.48563295587992195,0.37094102415705926,0.32655487008567574
EVT_00002618,0.5803527858292663,0.5761954090617544,0.46911101796458604,0.3761516484645756
EVT_00002621,0.5803527858292663,0.5761954090617544,0.46911101796458604,0.3761516484645756
EVT_00002624,0.6233113557994501,0.815571642049025,0.5754845147589024,0.48460962801751273
EVT_00002632,0.5803527858292663,0.5761954090617544,0.46911101796458604,0.3761516484645756
EVT_00002634,0.4117296211348075,0.25056943429921513,0.22383164967053892,0.2983566468953639
EVT_00002650,0.5803527858292663,0.5761954090617544,0.46911101796458604,0.3761516484645756
EVT_00002656,0.6233113557994501,0.815571642049025,0.5754845147589024,0.48460962801751273
EVT_00002657,0.502310300733506,0.36061619382241444,0.2558939844921416,0.28425806368683304
EVT_00002662,0.5803527858292663,0.5761954090617544,0.46911101796458604,0.3761516484645756
EVT_00002671,0.6233113557994501,0.815571642049025,0.5754845147589024,0.48460962801751273
EVT_00002679,0.6233113557994501,0.815571642049025,0.5754845147589024,0.48460962801751273
EVT_00002685,0.6233113557994501,0.815571642049025,0.5754845147589024,0.48460962801751273
EVT_00002687,0.6233113557994501,0.815571642049025,0.5754845147589024,0.48460962801751273
EVT_00002691,0.6233113557994501,0.815571642049025,0.5754845147589024,0.48460962801751273
EVT_00002701,0.5803527858292663,0.5761954090617544,0.46911101796458604,0.3761516484645756
EVT_00002710,0.6233113557994501,0.815571642049025,0.5754845147589024,0.48460962801751273
EVT_00002717,0.39517360071972674,0.3199773194789124,0.20876810918417968,0.23141687525760574
EVT_00002721,0.4321289440341304,0.33247086620064703,0.2281713100101993,0.27008491862363565
EVT_00002728,0.6233113557994501,0.815571642049025,0.5754845147589024,0.48460962801751273
EVT_00002739,0.3565802704854569,0.19865384988363072,0.1482228834367727,0.21636801053172755
EVT_00002744,0.6233113557994501,0.815571642049025,0.5754845147589024,0.48460962801751273
EVT_00002746,0.36782125172643815,0.3380477892775701,0.22895015616404546,0.24753684170055873
EVT_00002755,0.5803527858292663,0.5761954090617544,0.46911101796458604,0.3761516484645756
EVT_00002756,0.5803527858292663,0.5761954090617544,0.46911101796458604,0.3761516484645756
EVT_00002760,0.39107125172643814,0.36607410506704374,0.3360619982693086,0.2997407890689798
EVT_00002766,0.49266994109314644,0.41810870131492195,0.32662325522141233,0.3436986231273925
EVT_00002769,0.6233113557994501,0.815571642049025,0.5754845147589024,0.48460962801751273
EVT_00002772,0.47465169905688553,0.26347527845505925,0.2480264548653441,0.2798501533888704
EVT_00002775,0.39517360071972674,0.3199773194789124,0.20876810918417968,0.23141687525760574
EVT_00002780,0.39107125172643814,0.36607410506704374,0.3360619982693086,0.2997407890689798
EVT_00002782,0.5558830249437807,0.5401443195162856,0.444449546884332,0.40854350644931203
EVT_00002783,0.39150280569672447,0.20911159636250393,0.14779506653536426,0.22959864433454447
EVT_00002784,0.6233113557994501,0.815571642049025,0.5754845147589024,0.48460962801751273
EVT_00002798,0.6233113557994501,0.815571642049025,0.5754845147589024,0.48460962801751273
EVT_00002803,0.39517360071972674,0.3199773194789124,0.20876810918417968,0.23141687525760574
EVT_00002808,0.5803527858292663,0.5761954090617544,0.46911101796458604,0.3761516484645756
EVT_00002810,0.6233113557994501,0.815571642049025,0.5754845147589024,0.48460962801751273
EVT_00002811,0.502310300733506,0.36061619382241444,0.2558939844921416,0.28425806368683304
EVT_00002826,0.37983027048545687,0.22668016567310437,0.2553347255420359,0.2685719579001486
EVT_00002838,0.5803527858292663,0.5761954090617544,0.46911101796458604,0.3761516484645756
EVT_00002840,0.4346179930411984,0.36619311689933753,0.2566151383382954,0.2617099867637561
EVT_00002844,0.6233113557994501,0.815571642049025,0.5754845147589024,0.48460962801751273
EVT_00002849,0.4346179930411984,0.36619311689933753,0.2566151383382954,0.2617099867637561
EVT_00002857,0.6233113557994501,0.815571642049025,0.5754845147589024,0.48460962801751273
EVT_00002859,0.39150280569672447,0.20911159636250393,0.14779506653536426,0.22959864433454447
EVT_00002863,0.6233113557994501,0.815571642049025,0.5754845147589024,0.48460962801751273
EVT_00002864,0.4117296211348075,0.25056943429921513,0.22383164967053892,0.2983566468953639
EVT_00002869,0.5266230232005575,0.46665896259133144,0.35131958959330084,0.31043490364272275
EVT_00002871,0.4346179930411984,0.36619311689933753,0.2566151383382954,0.2617099867637561
EVT_00002874,0.47465169905688553,0.26347527845505925,0.2480264548653441,0.2798501533888704
EVT_00002875,0.49783107689183276,0.48563295587992195,0.37094102415705926,0.32655487008567574
EVT_00002897,0.3565802704854569,0.19865384988363072,0.1482228834367727,0.21636801053172755
EVT_00002900,0.4346179930411984,0.36619311689933753,0.2566151383382954,0.2617099867637561
EVT_00002901,0.47465169905688553,0.26347527845505925,0.2480264548653441,0.2798501533888704
EVT_00002916,0.45909167725172473,0.3942194326888112,0.35579276991724285,0.31391393413217716
EVT_00002926,0.38393261947874546,0.18058338008497302,0.12804083645690692,0.20024804408877456
EVT_00002930,0.39517360071972674,0.3199773194789124,0.20876810918417968,0.23141687525760574
EVT_00002931,0.6233113557994501,0.815571642049025,0.5754845147589024,0.48460962801751273
EVT_00002948,0.5655233845841404,0.47977718664915275,0.3701838126185978,0.34910294700875266
EVT_00002949,0.6233113557994501,0.815571642049025,0.5754845147589024,0.48460962801751273
EVT_00002958,0.6233113557994501,0.815571642049025,0.5754845147589024,0.48460962801751273
EVT_00002963,0.6233113557994501,0.815571642049025,0.5754845147589024,0.48460962801751273
EVT_00002970,0.46340993934992325,0.34812264710067986,0.23792805780138265,0.24559002032080315
EVT_00002979,0.4117296211348075,0.25056943429921513,0.22383164967053892,0.2983566468953639
EVT_00002982,0.6221167911775471,0.5536954558799219,0.4679722741570593,0.39003701294281856
EVT_00002992,0.3565802704854569,0.19865384988363072,0.1482228834367727,0.21636801053172755
EVT_00002994,0.47465169905688553,0.26347527845505925,0.2480264548653441,0.2798501533888704
EVT_00003004,0.522304761102359,0.5150605874588693,0.47507753731495406,0.3787588174540968
EVT_00003005,0.38393261947874546,0.18058338008497302,0.12804083645690692,0.20024804408877456
EVT_00003018,0.5803527858292663,0.5761954090617544,0.46911101796458604,0.3761516484645756
EVT_00003021,0.42297060237578876,0.38996337369315454,0.3045589223978117,0.3295254780641951
EVT_00003039,0.5803527858292663,0.5761954090617544,0.46911101796458604,0.3761516484645756
EVT_00003042,0.5803527858292663,0.5761954090617544,0.46911101796458604,0.3761516484645756
EVT_00003067,0.5345916402721145,0.49661358968273883,0.37052509105846776,0.3397855038884926
EVT_00003069,0.5558830249437807,0.5401443195162856,0.444449546884332,0.40854350644931203
EVT_00003076,0.46340993934992325,0.34812264710067986,0.23792805780138265,0.24559002032080315
EVT_00003080,0.5558830249437807,0.5401443195162856,0.444449546884332,0.40854350644931203
EVT_00003089,0.6233113557994501,0.815571642049025,0.5754845147589024,0.48460962801751273
EVT_00003093,0.5345916402721145,0.49661358968273883,0.37052509105846776,0.3397855038884926
EVT_00003102,0.42297060237578876,0.38996337369315454,0.3045589223978117,0.3295254780641951
EVT_00003104,0.4346179930411984,0.36619311689933753,0.2566151383382954,0.2617099867637561
EVT_00003105,0.47465169905688553,0.26347527845505925,0.2480264548653441,0.2798501533888704
EVT_00003106,0.6233113557994501,0.815571642049025,0.5754845147589024,0.48460962801751273
EVT_00003109,0.5803527858292663,0.5761954090617544,0.46911101796458604,0.3761516484645756
EVT_00003112,0.3565802704854569,0.19865384988363072,0.1482228834367727,0.21636801053172755
EVT_00003124,0.39517360071972674,0.3199773194789124,0.20876810918417968,0.23141687525760574
EVT_00003126,0.6233113557994501,0.815571642049025,0.5754845147589024,0.48460962801751273
EVT_00003127,0.3565802704854569,0.19865384988363072,0.1482228834367727,0.21636801053172755
EVT_00003132,0.5803527858292663,0.5761954090617544,0.46911101796458604,0.3761516484645756
EVT_00003133,0.39107125172643814,0.36607410506704374,0.3360619982693086,0.2997407890689798
EVT_00003136,0.49266994109314644,0.41810870131492195,0.32662325522141233,0.3436986231273925
EVT_00003138,0.5803527858292663,0.5761954090617544,0.46911101796458604,0.3761516484645756
EVT_00003146,0.36782125172643815,0.3380477892775701,0.22895015616404546,0.24753684170055873
EVT_00003149,0.45909167725172473,0.3942194326888112,0.35579276991724285,0.31391393413217716
EVT_00003156,0.5266230232005575,0.46665896259133144,0.35131958959330084,0.31043490364272275
EVT_00003165,0.6221167911775471,0.5536954558799219,0.4679722741570593,0.39003701294281856
EVT_00003175,0.49783107689183276,0.48563295587992195,0.37094102415705926,0.32655487008567574
EVT_00003177,0.6233113557994501,0.815571642049025,0.5754845147589024,0.48460962801751273
EVT_00003188,0.6233113557994501,0.815571642049025,0.5754845147589024,0.48460962801751273
EVT_00003191,0.6233113557994501,0.815571642049025,0.5754845147589024,0.48460962801751273
EVT_00003208,0.5803527858292663,0.5761954090617544,0.46911101796458604,0.3761516484645756
EVT_00003210,0.5589037073269127,0.43101454547076606,0.3490258526240097,0.32519212962089905
EVT_00003216,0.5803527858292663,0.5761954090617544,0.46911101796458604,0.3761516484645756
EVT_00003217,0.5266230232005575,0.46665896259133144,0.35131958959330084,0.31043490364272275
EVT_00003218,0.48589268029786675,0.40286921784899865,0.32875372759261684,0.3110189845577016
EVT_00003219,0.49783107689183276,0.48563295587992195,0.37094102415705926,0.32655487008567574
EVT_00003239,0.5803527858292663,0.5761954090617544,0.46911101796458604,0.3761516484645756
EVT_00003243,0.5803527858292663,0.5761954090617544,0.46911101796458604,0.3761516484645756
EVT_00003261,0.5803527858292663,0.5761954090617544,0.46911101796458604,0.3761516484645756
EVT_00003271,0.5803527858292663,0.5761954090617544,0.46911101796458604,0.3761516484645756
EVT_00003278,0.36782125172643815,0.3380477892775701,0.22895015616404546,0.24753684170055873
EVT_00003285,0.5803527858292663,0.5761954090617544,0.46911101796458604,0.3761516484645756
EVT_00003295,0.4346179930411984,0.36619311689933753,0.2566151383382954,0.2617099867637561
EVT_00003296,0.5803527858292663,0.5761954090617544,0.46911101796458604,0.3761516484645756
EVT_00003313,0.42297060237578876,0.38996337369315454,0.3045589223978117,0.3295254780641951
EVT_00003326,0.6233113557994501,0.815571642049025,0.5754845147589024,0.48460962801751273
EVT_00003338,0.5345916402721145,0.49661358968273883,0.37052509105846776,0.3397855038884926
EVT_00003342,0.6233113557994501,0.815571642049025,0.5754845147589024,0.48460962801751273
EVT_00003348,0.42297060237578876,0.38996337369315454,0.3045589223978117,0.3295254780641951
EVT_00003360,0.5345916402721145,0.49661358968273883,0.37052509105846776,0.3397855038884926
EVT_00003371,0.46340993934992325,0.34812264710067986,0.23792805780138265,0.24559002032080315
EVT_00003376,0.46340993934992325,0.34812264710067986,0.23792805780138265,0.24559002032080315
EVT_00003381,0.5558830249437807,0.5401443195162856,0.444449546884332,0.40854350644931203
EVT_00003384,0.6233113557994501,0.815571642049025,0.5754845147589024,0.48460962801751273
EVT_00003388,0.6233113557994501,0.815571642049025,0.5754845147589024,0.48460962801751273
EVT_00003408,0.39107125172643814,0.36607410506704374,0.3360619982693086,0.2997407890689798
EVT_00003414,0.36782125172643815,0.3380477892775701,0.22895015616404546,0.24753684170055873
EVT_00003423,0.39150280569672447,0.20911159636250393,0.14779506653536426,0.22959864433454447
EVT_00003426,0.5655233845841404,0.47977718664915275,0.3701838126185978,0.34910294700875266
EVT_00003433,0.5803527858292663,0.5761954090617544,0.46911101796458604,0.3761516484645756
EVT_00003437,0.522304761102359,0.5150605874588693,0.47507753731495406,0.3787588174540968
EVT_00003451,0.6233113557994501,0.815571642049025,0.5754845147589024,0.48460962801751273
EVT_00003452,0.49266994109314644,0.41810870131492195,0.32662325522141233,0.3436986231273925
EVT_00003453,0.5803527858292663,0.5761954090617544,0.46911101796458604,0.3761516484645756
EVT_00003455,0.42297060237578876,0.38996337369315454,0.3045589223978117,0.3295254780641951
EVT_00003462,0.5803527858292663,0.5761954090617544,0.46911101796458604,0.3761516484645756
EVT_00003465,0.6233113557994501,0.815571642049025,0.5754845147589024,0.48460962801751273
EVT_00003469,0.42088796279314916,0.19307692680670763,0.14744403728292654,0.23891608745480447
EVT_00003473,0.6233113557994501,0.815571642049025,0.5754845147589024,0.48460962801751273
EVT_00003478,0.6233113557994501,0.815571642049025,0.5754845147589024,0.48460962801751273
EVT_00003481,0.38393261947874546,0.18058338008497302,0.12804083645690692,0.20024804408877456
EVT_00003510,0.6233113557994501,0.815571642049025,0.5754845147589024,0.48460962801751273
EVT_00003569,0.47465169905688553,0.26347527845505925,0.2480264548653441,0.2798501533888704
EVT_00003574,0.5803527858292663,0.5761954090617544,0.46911101796458604,0.3761516484645756
EVT_00003594,0.5589037073269127,0.43101454547076606,0.3490258526240097,0.32519212962089905
EVT_00003602,0.5558830249437807,0.5401443195162856,0.444449546884332,0.40854350644931203
EVT_00003611,0.36782125172643815,0.3380477892775701,0.22895015616404546,0.24753684170055873
EVT_00003628,0.38393261947874546,0.18058338008497302,0.12804083645690692,0.20024804408877456
EVT_00003633,0.3565802704854569,0.19865384988363072,0.1482228834367727,0.21636801053172755
EVT_00003636,0.46340993934992325,0.34812264710067986,0.23792805780138265,0.24559002032080315
EVT_00003638,0.39150280569672447,0.20911159636250393,0.14779506653536426,0.22959864433454447
EVT_00003641,0.5803527858292663,0.5761954090617544,0.46911101796458604,0.3761516484645756
EVT_00003643,0.49783107689183276,0.48563295587992195,0.37094102415705926,0.32655487008567574
EVT_00003646,0.45909167725172473,0.3942194326888112,0.35579276991724285,0.31391393413217716
EVT_00003660,0.6233113557994501,0.815571642049025,0.5754845147589024,0.48460962801751273
EVT_00003664,0.6233113557994501,0.815571642049025,0.5754845147589024,0.48460962801751273
EVT_00003678,0.6233113557994501,0.815571642049025,0.5754845147589024,0.48460962801751273
EVT_00003685,0.6233113557994501,0.815571642049025,0.5754845147589024,0.48460962801751273
EVT_00003690,0.6233113557994501,0.815571642049025,0.5754845147589024,0.48460962801751273
EVT_00003696,0.6233113557994501,0.815571642049025,0.5754845147589024,0.48460962801751273
EVT_00003706,0.5803527858292663,0.5761954090617544,0.46911101796458604,0.3761516484645756
EVT_00003711,0.4117296211348075,0.25056943429921513,0.22383164967053892,0.2983566468953639
EVT_00003719,0.522304761102359,0.5150605874588693,0.47507753731495406,0.3787588174540968
EVT_00003728,0.5266230232005575,0.46665896259133144,0.35131958959330084,0.31043490364272275
EVT_00003729,0.6233113557994501,0.815571642049025,0.5754845147589024,0.48460962801751273
EVT_00003762,0.49266994109314644,0.41810870131492195,0.32662325522141233,0.3436986231273925
EVT_00003764,0.6233113557994501,0.815571642049025,0.5754845147589024,0.48460962801751273
EVT_00003773,0.3565802704854569,0.19865384988363072,0.1482228834367727,0.21636801053172755
EVT_00003780,0.6233113557994501,0.815571642049025,0.5754845147589024,0.48460962801751273
EVT_00003799,0.5803527858292663,0.5761954090617544,0.46911101796458604,0.3761516484645756
EVT_00003801,0.5558830249437807,0.5401443195162856,0.444449546884332,0.40854350644931203
EVT_00003815,0.6233113557994501,0.815571642049025,0.5754845147589024,0.48460962801751273
EVT_00003816,0.6221167911775471,0.5536954558799219,0.4679722741570593,0.39003701294281856
EVT_00003836,0.5803527858292663,0.5761954090617544,0.46911101796458604,0.3761516484645756
EVT_00003845,0.6233113557994501,0.815571642049025,0.5754845147589024,0.48460962801751273
EVT_00003849,0.6233113557994501,0.815571642049025,0.5754845147589024,0.48460962801751273
EVT_00003860,0.5803527858292663,0.5761954090617544,0.46911101796458604,0.3761516484645756
EVT_00003865,0.6233113557994501,0.815571642049025,0.5754845147589024,0.48460962801751273
EVT_00003866,0.6233113557994501,0.815571642049025,0.5754845147589024,0.48460962801751273
EVT_00003869,0.39517360071972674,0.3199773194789124,0.20876810918417968,0.23141687525760574
EVT_00003877,0.36782125172643815,0.3380477892775701,0.22895015616404546,0.24753684170055873
EVT_00003904,0.5803527858292663,0.5761954090617544,0.46911101796458604,0.3761516484645756
EVT_00003914,0.6233113557994501,0.815571642049025,0.5754845147589024,0.48460962801751273
EVT_00003923,0.5266230232005575,0.46665896259133144,0.35131958959330084,0.31043490364272275
EVT_00003931,0.45909167725172473,0.3942194326888112,0.35579276991724285,0.31391393413217716
EVT_00003933,0.6221167911775471,0.5536954558799219,0.4679722741570593,0.39003701294281856
EVT_00003936,0.6233113557994501,0.815571642049025,0.5754845147589024,0.48460962801751273
EVT_00003942,0.3565802704854569,0.19865384988363072,0.1482228834367727,0.21636801053172755
EVT_00003945,0.6233113557994501,0.815571642049025,0.5754845147589024,0.48460962801751273
EVT_00003957,0.46340993934992325,0.34812264710067986,0.23792805780138265,0.24559002032080315
EVT_00003963,0.6233113557994501,0.815571642049025,0.5754845147589024,0.48460962801751273
EVT_00003964,0.4321289440341304,0.33247086620064703,0.2281713100101993,0.27008491862363565
EVT_00003973,0.5803527858292663,0.5761954090617544,0.46911101796458604,0.3761516484645756
EVT_00003976,0.3565802704854569,0.19865384988363072,0.1482228834367727,0.21636801053172755
EVT_00003999,0.38393261947874546,0.18058338008497302,0.12804083645690692,0.20024804408877456
EVT_00004004,0.6233113557994501,0.815571642049025,0.5754845147589024,0.48460962801751273
EVT_00004005,0.36782125172643815,0.3380477892775701,0.22895015616404546,0.24753684170055873
EVT_00004014,0.5655233845841404,0.47977718664915275,0.3701838126185978,0.34910294700875266
EVT_00004015,0.5803527858292663,0.5761954090617544,0.46911101796458604,0.3761516484645756
EVT_00004021,0.49783107689183276,0.48563295587992195,0.37094102415705926,0.32655487008567574
EVT_00004024,0.42297060237578876,0.38996337369315454,0.3045589223978117,0.3295254780641951
EVT_00004038,0.4117296211348075,0.25056943429921513,0.22383164967053892,0.2983566468953639
EVT_00004046,0.39150280569672447,0.20911159636250393,0.14779506653536426,0.22959864433454447
EVT_00004050,0.5803527858292663,0.5761954090617544,0.46911101796458604,0.3761516484645756
EVT_00004053,0.5558830249437807,0.5401443195162856,0.444449546884332,0.40854350644931203
EVT_00004058,0.4117296211348075,0.25056943429921513,0.22383164967053892,0.2983566468953639
EVT_00004074,0.5803527858292663,0.5761954090617544,0.46911101796458604,0.3761516484645756
EVT_00004081,0.5803527858292663,0.5761954090617544,0.46911101796458604,0.3761516484645756
EVT_00004082,0.4346179930411984,0.36619311689933753,0.2566151383382954,0.2617099867637561
EVT_00004083,0.46340993934992325,0.34812264710067986,0.23792805780138265,0.24559002032080315
EVT_00004084,0.6233113557994501,0.815571642049025,0.5754845147589024,0.48460962801751273
EVT_00004120,0.3565802704854569,0.19865384988363072,0.1482228834367727,0.21636801053172755
EVT_00004125,0.5803527858292663,0.5761954090617544,0.46911101796458604,0.3761516484645756
EVT_00004131,0.5803527858292663,0.5761954090617544,0.46911101796458604,0.3761516484645756
EVT_00004132,0.46340993934992325,0.34812264710067986,0.23792805780138265,0.24559002032080315
EVT_00004133,0.522304761102359,0.5150605874588693,0.47507753731495406,0.3787588174540968
EVT_00004138,0.6233113557994501,0.815571642049025,0.5754845147589024,0.48460962801751273
EVT_00004141,0.5803527858292663,0.5761954090617544,0.46911101796458604,0.3761516484645756
EVT_00004142,0.5803527858292663,0.5761954090617544,0.46911101796458604,0.3761516484645756
EVT_00004146,0.39150280569672447,0.20911159636250393,0.14779506653536426,0.22959864433454447
EVT_00004153,0.6233113557994501,0.815571642049025,0.5754845147589024,0.48460962801751273
EVT_00004155,0.5558830249437807,0.5401443195162856,0.444449546884332,0.40854350644931203
EVT_00004164,0.39150280569672447,0.20911159636250393,0.14779506653536426,0.22959864433454447
EVT_00004169,0.5803527858292663,0.5761954090617544,0.46911101796458604,0.3761516484645756
EVT_00004181,0.502310300733506,0.36061619382241444,0.2558939844921416,0.28425806368683304
EVT_00004187,0.5803527858292663,0.5761954090617544,0.46911101796458604,0.3761516484645756
EVT_00004201,0.39517360071972674,0.3199773194789124,0.20876810918417968,0.23141687525760574
EVT_00004205,0.48589268029786675,0.40286921784899865,0.32875372759261684,0.3110189845577016
EVT_00004207,0.48589268029786675,0.40286921784899865,0.32875372759261684,0.3110189845577016
EVT_00004221,0.5803527858292663,0.5761954090617544,0.46911101796458604,0.3761516484645756
EVT_00004229,0.39150280569672447,0.20911159636250393,0.14779506653536426,0.22959864433454447
EVT_00004235,0.6233113557994501,0.815571642049025,0.5754845147589024,0.48460962801751273
EVT_00004242,0.3565802704854569,0.19865384988363072,0.1482228834367727,0.21636801053172755
EVT_00004249,0.49783107689183276,0.48563295587992195,0.37094102415705926,0.32655487008567574
EVT_00004250,0.4321289440341304,0.33247086620064703,0.2281713100101993,0.27008491862363565
EVT_00004265,0.39517360071972674,0.3199773194789124,0.20876810918417968,0.23141687525760574
EVT_00004266,0.5803527858292663,0.5761954090617544,0.46911101796458604,0.3761516484645756
EVT_00004273,0.6233113557994501,0.815571642049025,0.5754845147589024,0.48460962801751273
EVT_00004274,0.39517360071972674,0.3199773194789124,0.20876810918417968,0.23141687525760574
EVT_00004287,0.6233113557994501,0.815571642049025,0.5754845147589024,0.48460962801751273
EVT_00004294,0.40274378693770574,0.34850553575644333,0.228522339262637,0.26076747550337565
EVT_00004303,0.5589037073269127,0.43101454547076606,0.3490258526240097,0.32519212962089905
EVT_00004306,0.6233113557994501,0.815571642049025,0.5754845147589024,0.48460962801751273
EVT_00004333,0.6233113557994501,0.815571642049025,0.5754845147589024,0.48460962801751273
EVT_00004341,0.6233113557994501,0.815571642049025,0.5754845147589024,0.48460962801751273
EVT_00004349,0.5803527858292663,0.5761954090617544,0.46911101796458604,0.3761516484645756
EVT_00004351,0.5803527858292663,0.5761954090617544,0.46911101796458604,0.3761516484645756
EVT_00004358,0.4321289440341304,0.33247086620064703,0.2281713100101993,0.27008491862363565
EVT_00004359,0.4117296211348075,0.25056943429921513,0.22383164967053892,0.2983566468953639
EVT_00004360,0.6233113557994501,0.815571642049025,0.5754845147589024,0.48460962801751273
EVT_00004363,0.48589268029786675,0.40286921784899865,0.32875372759261684,0.3110189845577016
EVT_00004379,0.5803527858292663,0.5761954090617544,0.46911101796458604,0.3761516484645756
EVT_00004410,0.6233113557994501,0.815571642049025,0.5754845147589024,0.48460962801751273
EVT_00004411,0.6233113557994501,0.815571642049025,0.5754845147589024,0.48460962801751273
EVT_00004420,0.39517360071972674,0.3199773194789124,0.20876810918417968,0.23141687525760574
EVT_00004423,0.46340993934992325,0.34812264710067986,0.23792805780138265,0.24559002032080315
EVT_00004437,0.5803527858292663,0.5761954090617544,0.46911101796458604,0.3761516484645756
EVT_00004441,0.38393261947874546,0.18058338008497302,0.12804083645690692,0.20024804408877456
EVT_00004449,0.5803527858292663,0.5761954090617544,0.46911101796458604,0.3761516484645756
EVT_00004456,0.6221167911775471,0.5536954558799219,0.4679722741570593,0.39003701294281856
EVT_00004460,0.5345916402721145,0.49661358968273883,0.37052509105846776,0.3397855038884926
EVT_00004464,0.49783107689183276,0.48563295587992195,0.37094102415705926,0.32655487008567574
EVT_00004471,0.5803527858292663,0.5761954090617544,0.46911101796458604,0.3761516484645756
EVT_00004472,0.49783107689183276,0.48563295587992195,0.37094102415705926,0.32655487008567574
EVT_00004488,0.5803527858292663,0.5761954090617544,0.46911101796458604,0.3761516484645756
EVT_00004491,0.6233113557994501,0.815571642049025,0.5754845147589024,0.48460962801751273
EVT_00004498,0.6221167911775471,0.5536954558799219,0.4679722741570593,0.39003701294281856
EVT_00004510,0.36782125172643815,0.3380477892775701,0.22895015616404546,0.24753684170055873
EVT_00004513,0.39107125172643814,0.36607410506704374,0.3360619982693086,0.2997407890689798
EVT_00004515,0.38393261947874546,0.18058338008497302,0.12804083645690692,0.20024804408877456
EVT_00004523,0.6233113557994501,0.815571642049025,0.5754845147589024,0.48460962801751273
EVT_00004539,0.6233113557994501,0.815571642049025,0.5754845147589024,0.48460962801751273
EVT_00004546,0.37983027048545687,0.22668016567310437,0.2553347255420359,0.2685719579001486
EVT_00004557,0.39107125172643814,0.36607410506704374,0.3360619982693086,0.2997407890689798
EVT_00004571,0.36782125172643815,0.3380477892775701,0.22895015616404546,0.24753684170055873
EVT_00004574,0.4117296211348075,0.25056943429921513,0.22383164967053892,0.2983566468953639
EVT_00004580,0.6233113557994501,0.815571642049025,0.5754845147589024,0.48460962801751273
EVT_00004581,0.6221167911775471,0.5536954558799219,0.4679722741570593,0.39003701294281856
EVT_00004594,0.39517360071972674,0.3199773194789124,0.20876810918417968,0.23141687525760574
EVT_00004601,0.5589037073269127,0.43101454547076606,0.3490258526240097,0.32519212962089905
EVT_00004612,0.38393261947874546,0.18058338008497302,0.12804083645690692,0.20024804408877456
EVT_00004625,0.6233113557994501,0.815571642049025,0.5754845147589024,0.48460962801751273
EVT_00004626,0.49266994109314644,0.41810870131492195,0.32662325522141233,0.3436986231273925
EVT_00004630,0.5345916402721145,0.49661358968273883,0.37052509105846776,0.3397855038884926
EVT_00004634,0.5803527858292663,0.5761954090617544,0.46911101796458604,0.3761516484645756
EVT_00004655,0.6221167911775471,0.5536954558799219,0.4679722741570593,0.39003701294281856
EVT_00004658,0.49266994109314644,0.41810870131492195,0.32662325522141233,0.3436986231273925
EVT_00004659,0.502310300733506,0.36061619382241444,0.2558939844921416,0.28425806368683304
EVT_00004661,0.46340993934992325,0.34812264710067986,0.23792805780138265,0.24559002032080315
EVT_00004666,0.5803527858292663,0.5761954090617544,0.46911101796458604,0.3761516484645756
EVT_00004667,0.6233113557994501,0.815571642049025,0.5754845147589024,0.48460962801751273
EVT_00004694,0.6233113557994501,0.815571642049025,0.5754845147589024,0.48460962801751273
EVT_00004696,0.42297060237578876,0.38996337369315454,0.3045589223978117,0.3295254780641951
EVT_00004698,0.522304761102359,0.5150605874588693,0.47507753731495406,0.3787588174540968
EVT_00004700,0.39517360071972674,0.3199773194789124,0.20876810918417968,0.23141687525760574
EVT_00004703,0.5266230232005575,0.46665896259133144,0.35131958959330084,0.31043490364272275
EVT_00004707,0.49783107689183276,0.48563295587992195,0.37094102415705926,0.32655487008567574
EVT_00004716,0.6233113557994501,0.815571642049025,0.5754845147589024,0.48460962801751273
EVT_00004721,0.6221167911775471,0.5536954558799219,0.4679722741570593,0.39003701294281856
EVT_00004730,0.3565802704854569,0.19865384988363072,0.1482228834367727,0.21636801053172755
EVT_00004736,0.49266994109314644,0.41810870131492195,0.32662325522141233,0.3436986231273925
EVT_00004747,0.6233113557994501,0.815571642049025,0.5754845147589024,0.48460962801751273
EVT_00004758,0.6233113557994501,0.815571642049025,0.5754845147589024,0.48460962801751273
EVT_00004760,0.6233113557994501,0.815571642049025,0.5754845147589024,0.48460962801751273
EVT_00004769,0.5589037073269127,0.43101454547076606,0.3490258526240097,0.32519212962089905
EVT_00004780,0.39517360071972674,0.3199773194789124,0.20876810918417968,0.23141687525760574
EVT_00004805,0.6233113557994501,0.815571642049025,0.5754845147589024,0.48460962801751273
EVT_00004808,0.6233113557994501,0.815571642049025,0.5754845147589024,0.48460962801751273
EVT_00004810,0.38393261947874546,0.18058338008497302,0.12804083645690692,0.20024804408877456
EVT_00004813,0.5803527858292663,0.5761954090617544,0.46911101796458604,0.3761516484645756
EVT_00004815,0.6233113557994501,0.815571642049025,0.5754845147589024,0.48460962801751273
EVT_00004833,0.6233113557994501,0.815571642049025,0.5754845147589024,0.48460962801751273
EVT_00004868,0.49783107689183276,0.48563295587992195,0.37094102415705926,0.32655487008567574
EVT_00004878,0.36782125172643815,0.3380477892775701,0.22895015616404546,0.24753684170055873
EVT_00004885,0.5803527858292663,0.5761954090617544,0.46911101796458604,0.3761516484645756
EVT_00004900,0.37983027048545687,0.22668016567310437,0.2553347255420359,0.2685719579001486
EVT_00004902,0.36782125172643815,0.3380477892775701,0.22895015616404546,0.24753684170055873
EVT_00004907,0.39517360071972674,0.3199773194789124,0.20876810918417968,0.23141687525760574
EVT_00004912,0.6233113557994501,0.815571642049025,0.5754845147589024,0.48460962801751273
EVT_00004936,0.42088796279314916,0.19307692680670763,0.14744403728292654,0.23891608745480447
EVT_00004950,0.6233113557994501,0.815571642049025,0.5754845147589024,0.48460962801751273
EVT_00004972,0.39517360071972674,0.3199773194789124,0.20876810918417968,0.23141687525760574
EVT_00004986,0.5803527858292663,0.5761954090617544,0.46911101796458604,0.3761516484645756
EVT_00004988,0.5803527858292663,0.5761954090617544,0.46911101796458604,0.3761516484645756
EVT_00005016,0.49783107689183276,0.48563295587992195,0.37094102415705926,0.32655487008567574
EVT_00005019,0.6221167911775471,0.5536954558799219,0.4679722741570593,0.39003701294281856
EVT_00005020,0.42297060237578876,0.38996337369315454,0.3045589223978117,0.3295254780641951
EVT_00005029,0.49266994109314644,0.41810870131492195,0.32662325522141233,0.3436986231273925
EVT_00005038,0.38393261947874546,0.18058338008497302,0.12804083645690692,0.20024804408877456
EVT_00005077,0.38393261947874546,0.18058338008497302,0.12804083645690692,0.20024804408877456
EVT_00005109,0.5803527858292663,0.5761954090617544,0.46911101796458604,0.3761516484645756
EVT_00005116,0.6233113557994501,0.815571642049025,0.5754845147589024,0.48460962801751273
EVT_00005120,0.39107125172643814,0.36607410506704374,0.3360619982693086,0.2997407890689798
EVT_00005127,0.5266230232005575,0.46665896259133144,0.35131958959330084,0.31043490364272275
EVT_00005133,0.49266994109314644,0.41810870131492195,0.32662325522141233,0.3436986231273925
EVT_00005144,0.6233113557994501,0.815571642049025,0.5754845147589024,0.48460962801751273
EVT_00005148,0.45909167725172473,0.3942194326888112,0.35579276991724285,0.31391393413217716
EVT_00005156,0.49783107689183276,0.48563295587992195,0.37094102415705926,0.32655487008567574
EVT_00005167,0.5803527858292663,0.5761954090617544,0.46911101796458604,0.3761516484645756
EVT_00005170,0.36782125172643815,0.3380477892775701,0.22895015616404546,0.24753684170055873
EVT_00005193,0.5345916402721145,0.49661358968273883,0.37052509105846776,0.3397855038884926
EVT_00005198,0.48589268029786675,0.40286921784899865,0.32875372759261684,0.3110189845577016
EVT_00005199,0.5558830249437807,0.5401443195162856,0.444449546884332,0.40854350644931203
EVT_00005217,0.6221167911775471,0.5536954558799219,0.4679722741570593,0.39003701294281856
EVT_00005220,0.47465169905688553,0.26347527845505925,0.2480264548653441,0.2798501533888704
EVT_00005228,0.47465169905688553,0.26347527845505925,0.2480264548653441,0.2798501533888704
EVT_00005241,0.4346179930411984,0.36619311689933753,0.2566151383382954,0.2617099867637561
EVT_00005242,0.39517360071972674,0.3199773194789124,0.20876810918417968,0.23141687525760574
EVT_00005245,0.5589037073269127,0.43101454547076606,0.3490258526240097,0.32519212962089905
EVT_00005247,0.6233113557994501,0.815571642049025,0.5754845147589024,0.48460962801751273
EVT_00005249,0.48589268029786675,0.40286921784899865,0.32875372759261684,0.3110189845577016
EVT_00005251,0.45909167725172473,0.3942194326888112,0.35579276991724285,0.31391393413217716
EVT_00005264,0.6233113557994501,0.815571642049025,0.5754845147589024,0.48460962801751273
EVT_00005267,0.6233113557994501,0.815571642049025,0.5754845147589024,0.48460962801751273
EVT_00005274,0.36782125172643815,0.3380477892775701,0.22895015616404546,0.24753684170055873
EVT_00005283,0.5266230232005575,0.46665896259133144,0.35131958959330084,0.31043490364272275
EVT_00005285,0.5589037073269127,0.43101454547076606,0.3490258526240097,0.32519212962089905
EVT_00005289,0.4117296211348075,0.25056943429921513,0.22383164967053892,0.2983566468953639
EVT_00005295,0.5803527858292663,0.5761954090617544,0.46911101796458604,0.3761516484645756
EVT_00005302,0.42297060237578876,0.38996337369315454,0.3045589223978117,0.3295254780641951
EVT_00005313,0.6233113557994501,0.815571642049025,0.5754845147589024,0.48460962801751273
EVT_00005319,0.6233113557994501,0.815571642049025,0.5754845147589024,0.48460962801751273
EVT_00005321,0.42297060237578876,0.38996337369315454,0.3045589223978117,0.3295254780641951
EVT_00005329,0.38393261947874546,0.18058338008497302,0.12804083645690692,0.20024804408877456
EVT_00005348,0.39517360071972674,0.3199773194789124,0.20876810918417968,0.23141687525760574
EVT_00005354,0.46340993934992325,0.34812264710067986,0.23792805780138265,0.24559002032080315
EVT_00005356,0.5655233845841404,0.47977718664915275,0.3701838126185978,0.34910294700875266
EVT_00005358,0.5266230232005575,0.46665896259133144,0.35131958959330084,0.31043490364272275
EVT_00005361,0.47465169905688553,0.26347527845505925,0.2480264548653441,0.2798501533888704
EVT_00005367,0.36782125172643815,0.3380477892775701,0.22895015616404546,0.24753684170055873
EVT_00005373,0.4117296211348075,0.25056943429921513,0.22383164967053892,0.2983566468953639
EVT_00005375,0.42297060237578876,0.38996337369315454,0.3045589223978117,0.3295254780641951
EVT_00005377,0.6233113557994501,0.815571642049025,0.5754845147589024,0.48460962801751273
EVT_00005379,0.6233113557994501,0.815571642049025,0.5754845147589024,0.48460962801751273
EVT_00005389,0.47465169905688553,0.26347527845505925,0.2480264548653441,0.2798501533888704
EVT_00005391,0.5803527858292663,0.5761954090617544,0.46911101796458604,0.3761516484645756
EVT_00005401,0.37983027048545687,0.22668016567310437,0.2553347255420359,0.2685719579001486
EVT_00005404,0.6221167911775471,0.5536954558799219,0.4679722741570593,0.39003701294281856
EVT_00005410,0.49266994109314644,0.41810870131492195,0.32662325522141233,0.3436986231273925
EVT_00005412,0.6233113557994501,0.815571642049025,0.5754845147589024,0.48460962801751273
EVT_00005415,0.48589268029786675,0.40286921784899865,0.32875372759261684,0.3110189845577016
EVT_00005420,0.3565802704854569,0.19865384988363072,0.1482228834367727,0.21636801053172755
EVT_00005428,0.39517360071972674,0.3199773194789124,0.20876810918417968,0.23141687525760574
EVT_00005429,0.5803527858292663,0.5761954090617544,0.46911101796458604,0.3761516484645756
EVT_00005436,0.5345916402721145,0.49661358968273883,0.37052509105846776,0.3397855038884926
EVT_00005456,0.4346179930411984,0.36619311689933753,0.2566151383382954,0.2617099867637561
EVT_00005457,0.42088796279314916,0.19307692680670763,0.14744403728292654,0.23891608745480447
EVT_00005458,0.6233113557994501,0.815571642049025,0.5754845147589024,0.48460962801751273
EVT_00005459,0.46340993934992325,0.34812264710067986,0.23792805780138265,0.24559002032080315
EVT_00005477,0.37983027048545687,0.22668016567310437,0.2553347255420359,0.2685719579001486
EVT_00005481,0.5589037073269127,0.43101454547076606,0.3490258526240097,0.32519212962089905
EVT_00005488,0.49266994109314644,0.41810870131492195,0.32662325522141233,0.3436986231273925
EVT_00005489,0.39517360071972674,0.3199773194789124,0.20876810918417968,0.23141687525760574
EVT_00005497,0.4346179930411984,0.36619311689933753,0.2566151383382954,0.2617099867637561
EVT_00005502,0.36782125172643815,0.3380477892775701,0.22895015616404546,0.24753684170055873
EVT_00005509,0.49266994109314644,0.41810870131492195,0.32662325522141233,0.3436986231273925
EVT_00005528,0.6233113557994501,0.815571642049025,0.5754845147589024,0.48460962801751273
EVT_00005530,0.5803527858292663,0.5761954090617544,0.46911101796458604,0.3761516484645756
EVT_00005540,0.5589037073269127,0.43101454547076606,0.3490258526240097,0.32519212962089905
EVT_00005544,0.5803527858292663,0.5761954090617544,0.46911101796458604,0.3761516484645756
EVT_00005553,0.5803527858292663,0.5761954090617544,0.46911101796458604,0.3761516484645756
EVT_00005565,0.3565802704854569,0.19865384988363072,0.1482228834367727,0.21636801053172755
EVT_00005566,0.5803527858292663,0.5761954090617544,0.46911101796458604,0.3761516484645756
EVT_00005589,0.49266994109314644,0.41810870131492195,0.32662325522141233,0.3436986231273925
EVT_00005604,0.6233113557994501,0.815571642049025,0.5754845147589024,0.48460962801751273
EVT_00005610,0.5803527858292663,0.5761954090617544,0.46911101796458604,0.3761516484645756
EVT_00005618,0.6233113557994501,0.815571642049025,0.5754845147589024,0.48460962801751273
EVT_00005642,0.5803527858292663,0.5761954090617544,0.46911101796458604,0.3761516484645756
EVT_00005646,0.6233113557994501,0.815571642049025,0.5754845147589024,0.48460962801751273
EVT_00005656,0.5803527858292663,0.5761954090617544,0.46911101796458604,0.3761516484645756
EVT_00005661,0.6233113557994501,0.815571642049025,0.5754845147589024,0.48460962801751273
EVT_00005680,0.6233113557994501,0.815571642049025,0.5754845147589024,0.48460962801751273
EVT_00005683,0.46340993934992325,0.34812264710067986,0.23792805780138265,0.24559002032080315
EVT_00005687,0.6221167911775471,0.5536954558799219,0.4679722741570593,0.39003701294281856
EVT_00005693,0.6233113557994501,0.815571642049025,0.5754845147589024,0.48460962801751273
EVT_00005695,0.6233113557994501,0.815571642049025,0.5754845147589024,0.48460962801751273
EVT_00005698,0.39150280569672447,0.20911159636250393,0.14779506653536426,0.22959864433454447
EVT_00005706,0.5345916402721145,0.49661358968273883,0.37052509105846776,0.3397855038884926
EVT_00005712,0.5558830249437807,0.5401443195162856,0.444449546884332,0.40854350644931203
EVT_00005733,0.5803527858292663,0.5761954090617544,0.46911101796458604,0.3761516484645756
EVT_00005738,0.36782125172643815,0.3380477892775701,0.22895015616404546,0.24753684170055873
EVT_00005748,0.6233113557994501,0.815571642049025,0.5754845147589024,0.48460962801751273
EVT_00005750,0.5803527858292663,0.5761954090617544,0.46911101796458604,0.3761516484645756
EVT_00005764,0.5655233845841404,0.47977718664915275,0.3701838126185978,0.34910294700875266
EVT_00005774,0.6233113557994501,0.815571642049025,0.5754845147589024,0.48460962801751273
EVT_00005780,0.6233113557994501,0.815571642049025,0.5754845147589024,0.48460962801751273
EVT_00005784,0.6233113557994501,0.815571642049025,0.5754845147589024,0.48460962801751273
EVT_00005799,0.46340993934992325,0.34812264710067986,0.23792805780138265,0.24559002032080315
EVT_00005800,0.6233113557994501,0.815571642049025,0.5754845147589024,0.48460962801751273
EVT_00005803,0.5589037073269127,0.43101454547076606,0.3490258526240097,0.32519212962089905
EVT_00005821,0.49266994109314644,0.41810870131492195,0.32662325522141233,0.3436986231273925
EVT_00005823,0.5558830249437807,0.5401443195162856,0.444449546884332,0.40854350644931203
EVT_00005825,0.39517360071972674,0.3199773194789124,0.20876810918417968,0.23141687525760574
EVT_00005830,0.46340993934992325,0.34812264710067986,0.23792805780138265,0.24559002032080315
EVT_00005833,0.6233113557994501,0.815571642049025,0.5754845147589024,0.48460962801751273
EVT_00005846,0.4117296211348075,0.25056943429921513,0.22383164967053892,0.2983566468953639
EVT_00005847,0.49783107689183276,0.48563295587992195,0.37094102415705926,0.32655487008567574
EVT_00005867,0.5589037073269127,0.43101454547076606,0.3490258526240097,0.32519212962089905
EVT_00005873,0.5803527858292663,0.5761954090617544,0.46911101796458604,0.3761516484645756
EVT_00005882,0.42297060237578876,0.38996337369315454,0.3045589223978117,0.3295254780641951
EVT_00005896,0.6233113557994501,0.815571642049025,0.5754845147589024,0.48460962801751273
EVT_00005897,0.36782125172643815,0.3380477892775701,0.22895015616404546,0.24753684170055873
EVT_00005902,0.4321289440341304,0.33247086620064703,0.2281713100101993,0.27008491862363565
EVT_00005907,0.46340993934992325,0.34812264710067986,0.23792805780138265,0.24559002032080315
EVT_00005927,0.6233113557994501,0.815571642049025,0.5754845147589024,0.48460962801751273
EVT_00005932,0.49783107689183276,0.48563295587992195,0.37094102415705926,0.32655487008567574
EVT_00005947,0.5803527858292663,0.5761954090617544,0.46911101796458604,0.3761516484645756
EVT_00005952,0.6233113557994501,0.815571642049025,0.5754845147589024,0.48460962801751273
EVT_00005953,0.36782125172643815,0.3380477892775701,0.22895015616404546,0.24753684170055873
EVT_00005955,0.4713785564214801,0.37665086337821074,0.2562190115777321,0.2749406205665731
EVT_00005958,0.45909167725172473,0.3942194326888112,0.35579276991724285,0.31391393413217716
EVT_00005965,0.6233113557994501,0.815571642049025,0.5754845147589024,0.48460962801751273
EVT_00005972,0.5589037073269127,0.43101454547076606,0.3490258526240097,0.32519212962089905
EVT_00005975,0.36782125172643815,0.3380477892775701,0.22895015616404546,0.24753684170055873
EVT_00005982,0.5589037073269127,0.43101454547076606,0.3490258526240097,0.32519212962089905
EVT_00005990,0.37983027048545687,0.22668016567310437,0.2553347255420359,0.2685719579001486
EVT_00005999,0.5803527858292663,0.5761954090617544,0.46911101796458604,0.3761516484645756
EVT_00006007,0.6233113557994501,0.815571642049025,0.5754845147589024,0.48460962801751273
EVT_00006009,0.6233113557994501,0.815571642049025,0.5754845147589024,0.48460962801751273
EVT_00006017,0.5803527858292663,0.5761954090617544,0.46911101796458604,0.3761516484645756
EVT_00006018,0.49783107689183276,0.48563295587992195,0.37094102415705926,0.32655487008567574
EVT_00006035,0.502310300733506,0.36061619382241444,0.2558939844921416,0.28425806368683304
EVT_00006048,0.39107125172643814,0.36607410506704374,0.3360619982693086,0.2997407890689798
EVT_00006050,0.5266230232005575,0.46665896259133144,0.35131958959330084,0.31043490364272275
EVT_00006060,0.6233113557994501,0.815571642049025,0.5754845147589024,0.48460962801751273
EVT_00006067,0.42297060237578876,0.38996337369315454,0.3045589223978117,0.3295254780641951
EVT_00006075,0.39107125172643814,0.36607410506704374,0.3360619982693086,0.2997407890689798
EVT_00006094,0.4713785564214801,0.37665086337821074,0.2562190115777321,0.2749406205665731
EVT_00006095,0.5803527858292663,0.5761954090617544,0.46911101796458604,0.3761516484645756
EVT_00006098,0.5803527858292663,0.5761954090617544,0.46911101796458604,0.3761516484645756
EVT_00006117,0.4346179930411984,0.36619311689933753,0.2566151383382954,0.2617099867637561
EVT_00006121,0.4117296211348075,0.25056943429921513,0.22383164967053892,0.2983566468953639
EVT_00006127,0.5803527858292663,0.5761954090617544,0.46911101796458604,0.3761516484645756
EVT_00006128,0.6233113557994501,0.815571642049025,0.5754845147589024,0.48460962801751273
EVT_00006131,0.46340993934992325,0.34812264710067986,0.23792805780138265,0.24559002032080315
EVT_00006134,0.6233113557994501,0.815571642049025,0.5754845147589024,0.48460962801751273
EVT_00006139,0.5589037073269127,0.43101454547076606,0.3490258526240097,0.32519212962089905
EVT_00006141,0.38393261947874546,0.18058338008497302,0.12804083645690692,0.20024804408877456
EVT_00006158,0.6233113557994501,0.815571642049025,0.5754845147589024,0.48460962801751273
EVT_00006165,0.5589037073269127,0.43101454547076606,0.3490258526240097,0.32519212962089905
EVT_00006168,0.39517360071972674,0.3199773194789124,0.20876810918417968,0.23141687525760574
EVT_00006170,0.5803527858292663,0.5761954090617544,0.46911101796458604,0.3761516484645756
EVT_00006176,0.49266994109314644,0.41810870131492195,0.32662325522141233,0.3436986231273925
EVT_00006180,0.36782125172643815,0.3380477892775701,0.22895015616404546,0.24753684170055873
EVT_00006187,0.39107125172643814,0.36607410506704374,0.3360619982693086,0.2997407890689798
EVT_00006191,0.6233113557994501,0.815571642049025,0.5754845147589024,0.48460962801751273
EVT_00006199,0.5803527858292663,0.5761954090617544,0.46911101796458604,0.3761516484645756
EVT_00006204,0.522304761102359,0.5150605874588693,0.47507753731495406,0.3787588174540968
EVT_00006217,0.6233113557994501,0.815571642049025,0.5754845147589024,0.48460962801751273
EVT_00006219,0.42297060237578876,0.38996337369315454,0.3045589223978117,0.3295254780641951
EVT_00006223,0.4117296211348075,0.25056943429921513,0.22383164967053892,0.2983566468953639
EVT_00006225,0.45909167725172473,0.3942194326888112,0.35579276991724285,0.31391393413217716
EVT_00006230,0.522304761102359,0.5150605874588693,0.47507753731495406,0.3787588174540968
EVT_00006249,0.36782125172643815,0.3380477892775701,0.22895015616404546,0.24753684170055873
EVT_00006274,0.6233113557994501,0.815571642049025,0.5754845147589024,0.48460962801751273
EVT_00006298,0.5803527858292663,0.5761954090617544,0.46911101796458604,0.3761516484645756
EVT_00006302,0.5803527858292663,0.5761954090617544,0.46911101796458604,0.3761516484645756
EVT_00006312,0.3565802704854569,0.19865384988363072,0.1482228834367727,0.21636801053172755
EVT_00006313,0.46340993934992325,0.34812264710067986,0.23792805780138265,0.24559002032080315
EVT_00006314,0.38393261947874546,0.18058338008497302,0.12804083645690692,0.20024804408877456
EVT_00006323,0.6233113557994501,0.815571642049025,0.5754845147589024,0.48460962801751273
EVT_00006346,0.38393261947874546,0.18058338008497302,0.12804083645690692,0.20024804408877456
EVT_00006349,0.522304761102359,0.5150605874588693,0.47507753731495406,0.3787588174540968
EVT_00006350,0.4713785564214801,0.37665086337821074,0.2562190115777321,0.2749406205665731
EVT_00006351,0.5266230232005575,0.46665896259133144,0.35131958959330084,0.31043490364272275
EVT_00006355,0.47465169905688553,0.26347527845505925,0.2480264548653441,0.2798501533888704
EVT_00006359,0.3565802704854569,0.19865384988363072,0.1482228834367727,0.21636801053172755
EVT_00006361,0.3565802704854569,0.19865384988363072,0.1482228834367727,0.21636801053172755
EVT_00006368,0.5345916402721145,0.49661358968273883,0.37052509105846776,0.3397855038884926
EVT_00006393,0.6233113557994501,0.815571642049025,0.5754845147589024,0.48460962801751273
EVT_00006404,0.49266994109314644,0.41810870131492195,0.32662325522141233,0.3436986231273925
EVT_00006414,0.5558830249437807,0.5401443195162856,0.444449546884332,0.40854350644931203
EVT_00006429,0.5558830249437807,0.5401443195162856,0.444449546884332,0.40854350644931203
EVT_00006433,0.5266230232005575,0.46665896259133144,0.35131958959330084,0.31043490364272275
EVT_00006434,0.5803527858292663,0.5761954090617544,0.46911101796458604,0.3761516484645756
EVT_00006437,0.5803527858292663,0.5761954090617544,0.46911101796458604,0.3761516484645756
EVT_00006441,0.6221167911775471,0.5536954558799219,0.4679722741570593,0.39003701294281856
EVT_00006447,0.6233113557994501,0.815571642049025,0.5754845147589024,0.48460962801751273
EVT_00006451,0.3565802704854569,0.19865384988363072,0.1482228834367727,0.21636801053172755
EVT_00006465,0.4117296211348075,0.25056943429921513,0.22383164967053892,0.2983566468953639
EVT_00006471,0.522304761102359,0.5150605874588693,0.47507753731495406,0.3787588174540968
EVT_00006476,0.5558830249437807,0.5401443195162856,0.444449546884332,0.40854350644931203
EVT_00006478,0.4346179930411984,0.36619311689933753,0.2566151383382954,0.2617099867637561
EVT_00006482,0.49266994109314644,0.41810870131492195,0.32662325522141233,0.3436986231273925
EVT_00006493,0.6233113557994501,0.815571642049025,0.5754845147589024,0.48460962801751273
EVT_00006497,0.6233113557994501,0.815571642049025,0.5754845147589024,0.48460962801751273
EVT_00006505,0.5803527858292663,0.5761954090617544,0.46911101796458604,0.3761516484645756
EVT_00006506,0.5266230232005575,0.46665896259133144,0.35131958959330084,0.31043490364272275
EVT_00006525,0.5345916402721145,0.49661358968273883,0.37052509105846776,0.3397855038884926
EVT_00006533,0.5558830249437807,0.5401443195162856,0.444449546884332,0.40854350644931203
EVT_00006544,0.5589037073269127,0.43101454547076606,0.3490258526240097,0.32519212962089905
EVT_00006551,0.45909167725172473,0.3942194326888112,0.35579276991724285,0.31391393413217716
EVT_00006552,0.5803527858292663,0.5761954090617544,0.46911101796458604,0.3761516484645756
EVT_00006564,0.6233113557994501,0.815571642049025,0.5754845147589024,0.48460962801751273
EVT_00006578,0.6233113557994501,0.815571642049025,0.5754845147589024,0.48460962801751273
EVT_00006604,0.6233113557994501,0.815571642049025,0.5754845147589024,0.48460962801751273
EVT_00006613,0.6233113557994501,0.815571642049025,0.5754845147589024,0.48460962801751273
EVT_00006630,0.5655233845841404,0.47977718664915275,0.3701838126185978,0.34910294700875266
EVT_00006635,0.522304761102359,0.5150605874588693,0.47507753731495406,0.3787588174540968
EVT_00006649,0.6233113557994501,0.815571642049025,0.5754845147589024,0.48460962801751273
EVT_00006650,0.4321289440341304,0.33247086620064703,0.2281713100101993,0.27008491862363565
EVT_00006655,0.5803527858292663,0.5761954090617544,0.46911101796458604,0.3761516484645756
EVT_00006659,0.39517360071972674,0.3199773194789124,0.20876810918417968,0.23141687525760574
EVT_00006671,0.45909167725172473,0.3942194326888112,0.35579276991724285,0.31391393413217716
EVT_00006672,0.39150280569672447,0.20911159636250393,0.14779506653536426,0.22959864433454447
EVT_00006674,0.5803527858292663,0.5761954090617544,0.46911101796458604,0.3761516484645756
EVT_00006675,0.6233113557994501,0.815571642049025,0.5754845147589024,0.48460962801751273
EVT_00006683,0.5803527858292663,0.5761954090617544,0.46911101796458604,0.3761516484645756
EVT_00006692,0.39517360071972674,0.3199773194789124,0.20876810918417968,0.23141687525760574
EVT_00006698,0.42297060237578876,0.38996337369315454,0.3045589223978117,0.3295254780641951
EVT_00006709,0.6233113557994501,0.815571642049025,0.5754845147589024,0.48460962801751273
EVT_00006714,0.5803527858292663,0.5761954090617544,0.46911101796458604,0.3761516484645756
EVT_00006715,0.6221167911775471,0.5536954558799219,0.4679722741570593,0.39003701294281856
EVT_00006719,0.6233113557994501,0.815571642049025,0.5754845147589024,0.48460962801751273
EVT_00006720,0.5803527858292663,0.5761954090617544,0.46911101796458604,0.3761516484645756
EVT_00006732,0.6233113557994501,0.815571642049025,0.5754845147589024,0.48460962801751273
EVT_00006736,0.36782125172643815,0.3380477892775701,0.22895015616404546,0.24753684170055873
EVT_00006737,0.4321289440341304,0.33247086620064703,0.2281713100101993,0.27008491862363565
EVT_00006744,0.5266230232005575,0.46665896259133144,0.35131958959330084,0.31043490364272275
EVT_00006747,0.48589268029786675,0.40286921784899865,0.32875372759261684,0.3110189845577016
EVT_00006755,0.6233113557994501,0.815571642049025,0.5754845147589024,0.48460962801751273
EVT_00006759,0.42297060237578876,0.38996337369315454,0.3045589223978117,0.3295254780641951
EVT_00006760,0.45909167725172473,0.3942194326888112,0.35579276991724285,0.31391393413217716
EVT_00006769,0.5345916402721145,0.49661358968273883,0.37052509105846776,0.3397855038884926
EVT_00006771,0.49783107689183276,0.48563295587992195,0.37094102415705926,0.32655487008567574
EVT_00006775,0.5803527858292663,0.5761954090617544,0.46911101796458604,0.3761516484645756
EVT_00006776,0.5803527858292663,0.5761954090617544,0.46911101796458604,0.3761516484645756
EVT_00006779,0.46340993934992325,0.34812264710067986,0.23792805780138265,0.24559002032080315
EVT_00006783,0.4117296211348075,0.25056943429921513,0.22383164967053892,0.2983566468953639
EVT_00006784,0.42297060237578876,0.38996337369315454,0.3045589223978117,0.3295254780641951
EVT_00006787,0.49783107689183276,0.48563295587992195,0.37094102415705926,0.32655487008567574
EVT_00006788,0.5803527858292663,0.5761954090617544,0.46911101796458604,0.3761516484645756
EVT_00006802,0.42297060237578876,0.38996337369315454,0.3045589223978117,0.3295254780641951
EVT_00006804,0.5345916402721145,0.49661358968273883,0.37052509105846776,0.3397855038884926
EVT_00006806,0.5655233845841404,0.47977718664915275,0.3701838126185978,0.34910294700875266
EVT_00006816,0.49783107689183276,0.48563295587992195,0.37094102415705926,0.32655487008567574
EVT_00006823,0.42297060237578876,0.38996337369315454,0.3045589223978117,0.3295254780641951
EVT_00006824,0.5803527858292663,0.5761954090617544,0.46911101796458604,0.3761516484645756
EVT_00006827,0.6233113557994501,0.815571642049025,0.5754845147589024,0.48460962801751273
EVT_00006836,0.6221167911775471,0.5536954558799219,0.4679722741570593,0.39003701294281856
EVT_00006858,0.5345916402721145,0.49661358968273883,0.37052509105846776,0.3397855038884926
EVT_00006868,0.6221167911775471,0.5536954558799219,0.4679722741570593,0.39003701294281856
EVT_00006874,0.6233113557994501,0.815571642049025,0.5754845147589024,0.48460962801751273
EVT_00006884,0.36782125172643815,0.3380477892775701,0.22895015616404546,0.24753684170055873
EVT_00006886,0.5803527858292663,0.5761954090617544,0.46911101796458604,0.3761516484645756
EVT_00006896,0.6233113557994501,0.815571642049025,0.5754845147589024,0.48460962801751273
EVT_00006915,0.39150280569672447,0.20911159636250393,0.14779506653536426,0.22959864433454447
EVT_00006945,0.40274378693770574,0.34850553575644333,0.228522339262637,0.26076747550337565
EVT_00006962,0.502310300733506,0.36061619382241444,0.2558939844921416,0.28425806368683304
EVT_00006979,0.47465169905688553,0.26347527845505925,0.2480264548653441,0.2798501533888704
EVT_00006984,0.5266230232005575,0.46665896259133144,0.35131958959330084,0.31043490364272275
EVT_00006990,0.45909167725172473,0.3942194326888112,0.35579276991724285,0.31391393413217716
EVT_00006991,0.5589037073269127,0.43101454547076606,0.3490258526240097,0.32519212962089905
EVT_00007000,0.6233113557994501,0.815571642049025,0.5754845147589024,0.48460962801751273
EVT_00007003,0.6233113557994501,0.815571642049025,0.5754845147589024,0.48460962801751273
EVT_00007004,0.5803527858292663,0.5761954090617544,0.46911101796458604,0.3761516484645756
EVT_00007010,0.4117296211348075,0.25056943429921513,0.22383164967053892,0.2983566468953639
EVT_00007015,0.6233113557994501,0.815571642049025,0.5754845147589024,0.48460962801751273
EVT_00007046,0.6233113557994501,0.815571642049025,0.5754845147589024,0.48460962801751273
EVT_00007049,0.6233113557994501,0.815571642049025,0.5754845147589024,0.48460962801751273
EVT_00007058,0.5266230232005575,0.46665896259133144,0.35131958959330084,0.31043490364272275
EVT_00007061,0.4117296211348075,0.25056943429921513,0.22383164967053892,0.2983566468953639
EVT_00007064,0.5558830249437807,0.5401443195162856,0.444449546884332,0.40854350644931203
EVT_00007081,0.6233113557994501,0.815571642049025,0.5754845147589024,0.48460962801751273
EVT_00007085,0.5655233845841404,0.47977718664915275,0.3701838126185978,0.34910294700875266
EVT_00007090,0.6233113557994501,0.815571642049025,0.5754845147589024,0.48460962801751273
EVT_00007094,0.45909167725172473,0.3942194326888112,0.35579276991724285,0.31391393413217716
EVT_00007100,0.522304761102359,0.5150605874588693,0.47507753731495406,0.3787588174540968
EVT_00007113,0.6233113557994501,0.815571642049025,0.5754845147589024,0.48460962801751273
EVT_00007116,0.5345916402721145,0.49661358968273883,0.37052509105846776,0.3397855038884926
EVT_00007118,0.39517360071972674,0.3199773194789124,0.20876810918417968,0.23141687525760574
EVT_00007126,0.49783107689183276,0.48563295587992195,0.37094102415705926,0.32655487008567574
EVT_00007133,0.6221167911775471,0.5536954558799219,0.4679722741570593,0.39003701294281856
EVT_00007137,0.38393261947874546,0.18058338008497302,0.12804083645690692,0.20024804408877456
EVT_00007148,0.5803527858292663,0.5761954090617544,0.46911101796458604,0.3761516484645756
EVT_00007152,0.39150280569672447,0.20911159636250393,0.14779506653536426,0.22959864433454447
EVT_00007164,0.46340993934992325,0.34812264710067986,0.23792805780138265,0.24559002032080315
EVT_00007176,0.37983027048545687,0.22668016567310437,0.2553347255420359,0.2685719579001486
EVT_00007179,0.5803527858292663,0.5761954090617544,0.46911101796458604,0.3761516484645756
EVT_00007184,0.5803527858292663,0.5761954090617544,0.46911101796458604,0.3761516484645756
EVT_00007193,0.36782125172643815,0.3380477892775701,0.22895015616404546,0.24753684170055873
EVT_00007196,0.37983027048545687,0.22668016567310437,0.2553347255420359,0.2685719579001486
EVT_00007200,0.6233113557994501,0.815571642049025,0.5754845147589024,0.48460962801751273
EVT_00007204,0.4321289440341304,0.33247086620064703,0.2281713100101993,0.27008491862363565
EVT_00007208,0.49783107689183276,0.48563295587992195,0.37094102415705926,0.32655487008567574
EVT_00007232,0.36782125172643815,0.3380477892775701,0.22895015616404546,0.24753684170055873
EVT_00007240,0.3565802704854569,0.19865384988363072,0.1482228834367727,0.21636801053172755
EVT_00007241,0.4321289440341304,0.33247086620064703,0.2281713100101993,0.27008491862363565
EVT_00007250,0.522304761102359,0.5150605874588693,0.47507753731495406,0.3787588174540968
EVT_00007255,0.5803527858292663,0.5761954090617544,0.46911101796458604,0.3761516484645756
EVT_00007262,0.5803527858292663,0.5761954090617544,0.46911101796458604,0.3761516484645756
EVT_00007274,0.38393261947874546,0.18058338008497302,0.12804083645690692,0.20024804408877456
EVT_00007291,0.49783107689183276,0.48563295587992195,0.37094102415705926,0.32655487008567574
EVT_00007302,0.6233113557994501,0.815571642049025,0.5754845147589024,0.48460962801751273
EVT_00007312,0.5803527858292663,0.5761954090617544,0.46911101796458604,0.3761516484645756
EVT_00007334,0.6233113557994501,0.815571642049025,0.5754845147589024,0.48460962801751273
EVT_00007340,0.42297060237578876,0.38996337369315454,0.3045589223978117,0.3295254780641951
EVT_00007349,0.48589268029786675,0.40286921784899865,0.32875372759261684,0.3110189845577016
EVT_00007361,0.5803527858292663,0.5761954090617544,0.46911101796458604,0.3761516484645756
EVT_00007368,0.6233113557994501,0.815571642049025,0.5754845147589024,0.48460962801751273
EVT_00007372,0.39150280569672447,0.20911159636250393,0.14779506653536426,0.22959864433454447
EVT_00007385,0.47465169905688553,0.26347527845505925,0.2480264548653441,0.2798501533888704
EVT_00007405,0.5803527858292663,0.5761954090617544,0.46911101796458604,0.3761516484645756
EVT_00007413,0.5803527858292663,0.5761954090617544,0.46911101796458604,0.3761516484645756
EVT_00007466,0.5803527858292663,0.5761954090617544,0.46911101796458604,0.3761516484645756
EVT_00007467,0.5803527858292663,0.5761954090617544,0.46911101796458604,0.3761516484645756
EVT_00007472,0.3565802704854569,0.19865384988363072,0.1482228834367727,0.21636801053172755
EVT_00007473,0.6233113557994501,0.815571642049025,0.5754845147589024,0.48460962801751273
EVT_00007482,0.5803527858292663,0.5761954090617544,0.46911101796458604,0.3761516484645756
EVT_00007501,0.5655233845841404,0.47977718664915275,0.3701838126185978,0.34910294700875266
EVT_00007504,0.5266230232005575,0.46665896259133144,0.35131958959330084,0.31043490364272275
EVT_00007508,0.522304761102359,0.5150605874588693,0.47507753731495406,0.3787588174540968
EVT_00007510,0.502310300733506,0.36061619382241444,0.2558939844921416,0.28425806368683304
EVT_00007543,0.38393261947874546,0.18058338008497302,0.12804083645690692,0.20024804408877456
EVT_00007546,0.4713785564214801,0.37665086337821074,0.2562190115777321,0.2749406205665731
EVT_00007548,0.6233113557994501,0.815571642049025,0.5754845147589024,0.48460962801751273
EVT_00007566,0.4321289440341304,0.33247086620064703,0.2281713100101993,0.27008491862363565
EVT_00007576,0.5589037073269127,0.43101454547076606,0.3490258526240097,0.32519212962089905
EVT_00007579,0.5345916402721145,0.49661358968273883,0.37052509105846776,0.3397855038884926
EVT_00007588,0.6233113557994501,0.815571642049025,0.5754845147589024,0.48460962801751273
EVT_00007589,0.42088796279314916,0.19307692680670763,0.14744403728292654,0.23891608745480447
EVT_00007595,0.5558830249437807,0.5401443195162856,0.444449546884332,0.40854350644931203
EVT_00007606,0.5558830249437807,0.5401443195162856,0.444449546884332,0.40854350644931203
EVT_00007608,0.46340993934992325,0.34812264710067986,0.23792805780138265,0.24559002032080315
EVT_00007616,0.6233113557994501,0.815571642049025,0.5754845147589024,0.48460962801751273
EVT_00007622,0.37983027048545687,0.22668016567310437,0.2553347255420359,0.2685719579001486
EVT_00007624,0.5589037073269127,0.43101454547076606,0.3490258526240097,0.32519212962089905
EVT_00007628,0.5803527858292663,0.5761954090617544,0.46911101796458604,0.3761516484645756
EVT_00007635,0.38393261947874546,0.18058338008497302,0.12804083645690692,0.20024804408877456
EVT_00007636,0.42297060237578876,0.38996337369315454,0.3045589223978117,0.3295254780641951
EVT_00007647,0.37983027048545687,0.22668016567310437,0.2553347255420359,0.2685719579001486
EVT_00007660,0.5803527858292663,0.5761954090617544,0.46911101796458604,0.3761516484645756
EVT_00007676,0.6233113557994501,0.815571642049025,0.5754845147589024,0.48460962801751273
EVT_00007684,0.5655233845841404,0.47977718664915275,0.3701838126185978,0.34910294700875266
EVT_00007687,0.38393261947874546,0.18058338008497302,0.12804083645690692,0.20024804408877456
EVT_00007688,0.36782125172643815,0.3380477892775701,0.22895015616404546,0.24753684170055873
EVT_00007690,0.4117296211348075,0.25056943429921513,0.22383164967053892,0.2983566468953639
EVT_00007691,0.5655233845841404,0.47977718664915275,0.3701838126185978,0.34910294700875266
EVT_00007694,0.5655233845841404,0.47977718664915275,0.3701838126185978,0.34910294700875266
EVT_00007721,0.5589037073269127,0.43101454547076606,0.3490258526240097,0.32519212962089905
EVT_00007724,0.502310300733506,0.36061619382241444,0.2558939844921416,0.28425806368683304
EVT_00007735,0.6233113557994501,0.815571642049025,0.5754845147589024,0.48460962801751273
EVT_00007741,0.42297060237578876,0.38996337369315454,0.3045589223978117,0.3295254780641951
EVT_00007752,0.46340993934992325,0.34812264710067986,0.23792805780138265,0.24559002032080315
EVT_00007753,0.4346179930411984,0.36619311689933753,0.2566151383382954,0.2617099867637561
EVT_00007760,0.39150280569672447,0.20911159636250393,0.14779506653536426,0.22959864433454447
EVT_00007763,0.5655233845841404,0.47977718664915275,0.3701838126185978,0.34910294700875266
EVT_00007764,0.6233113557994501,0.815571642049025,0.5754845147589024,0.48460962801751273
EVT_00007766,0.5803527858292663,0.5761954090617544,0.46911101796458604,0.3761516484645756
EVT_00007780,0.49266994109314644,0.41810870131492195,0.32662325522141233,0.3436986231273925
EVT_00007793,0.39107125172643814,0.36607410506704374,0.3360619982693086,0.2997407890689798
EVT_00007804,0.5803527858292663,0.5761954090617544,0.46911101796458604,0.3761516484645756
EVT_00007806,0.39107125172643814,0.36607410506704374,0.3360619982693086,0.2997407890689798
EVT_00007807,0.6233113557994501,0.815571642049025,0.5754845147589024,0.48460962801751273
EVT_00007812,0.5803527858292663,0.5761954090617544,0.46911101796458604,0.3761516484645756
EVT_00007816,0.5803527858292663,0.5761954090617544,0.46911101796458604,0.3761516484645756
EVT_00007818,0.48589268029786675,0.40286921784899865,0.32875372759261684,0.3110189845577016
EVT_00007820,0.49783107689183276,0.48563295587992195,0.37094102415705926,0.32655487008567574
EVT_00007834,0.46340993934992325,0.34812264710067986,0.23792805780138265,0.24559002032080315
EVT_00007845,0.6233113557994501,0.815571642049025,0.5754845147589024,0.48460962801751273
EVT_00007849,0.5803527858292663,0.5761954090617544,0.46911101796458604,0.3761516484645756
EVT_00007855,0.38393261947874546,0.18058338008497302,0.12804083645690692,0.20024804408877456
EVT_00007856,0.42297060237578876,0.38996337369315454,0.3045589223978117,0.3295254780641951
EVT_00007858,0.6221167911775471,0.5536954558799219,0.4679722741570593,0.39003701294281856
EVT_00007862,0.42088796279314916,0.19307692680670763,0.14744403728292654,0.23891608745480447
EVT_00007887,0.36782125172643815,0.3380477892775701,0.22895015616404546,0.24753684170055873
EVT_00007898,0.6233113557994501,0.815571642049025,0.5754845147589024,0.48460962801751273
EVT_00007899,0.38393261947874546,0.18058338008497302,0.12804083645690692,0.20024804408877456
EVT_00007923,0.40274378693770574,0.34850553575644333,0.228522339262637,0.26076747550337565
EVT_00007969,0.5803527858292663,0.5761954090617544,0.46911101796458604,0.3761516484645756
EVT_00007979,0.5655233845841404,0.47977718664915275,0.3701838126185978,0.34910294700875266
EVT_00007982,0.49783107689183276,0.48563295587992195,0.37094102415705926,0.32655487008567574
EVT_00008004,0.6233113557994501,0.815571642049025,0.5754845147589024,0.48460962801751273
EVT_00008008,0.6233113557994501,0.815571642049025,0.5754845147589024,0.48460962801751273
EVT_00008010,0.4346179930411984,0.36619311689933753,0.2566151383382954,0.2617099867637561
EVT_00008012,0.4117296211348075,0.25056943429921513,0.22383164967053892,0.2983566468953639
EVT_00008017,0.4117296211348075,0.25056943429921513,0.22383164967053892,0.2983566468953639
EVT_00008022,0.36782125172643815,0.3380477892775701,0.22895015616404546,0.24753684170055873
EVT_00008028,0.6233113557994501,0.815571642049025,0.5754845147589024,0.48460962801751273
EVT_00008069,0.39107125172643814,0.36607410506704374,0.3360619982693086,0.2997407890689798
EVT_00008070,0.6233113557994501,0.815571642049025,0.5754845147589024,0.48460962801751273
EVT_00008071,0.42297060237578876,0.38996337369315454,0.3045589223978117,0.3295254780641951
EVT_00008077,0.4346179930411984,0.36619311689933753,0.2566151383382954,0.2617099867637561
EVT_00008085,0.38393261947874546,0.18058338008497302,0.12804083645690692,0.20024804408877456
EVT_00008095,0.39107125172643814,0.36607410506704374,0.3360619982693086,0.2997407890689798
EVT_00008105,0.6233113557994501,0.815571642049025,0.5754845147589024,0.48460962801751273
EVT_00008110,0.47465169905688553,0.26347527845505925,0.2480264548653441,0.2798501533888704
EVT_00008119,0.5803527858292663,0.5761954090617544,0.46911101796458604,0.3761516484645756
EVT_00008120,0.39107125172643814,0.36607410506704374,0.3360619982693086,0.2997407890689798
EVT_00008139,0.6221167911775471,0.5536954558799219,0.4679722741570593,0.39003701294281856
EVT_00008143,0.5266230232005575,0.46665896259133144,0.35131958959330084,0.31043490364272275
EVT_00008150,0.6233113557994501,0.815571642049025,0.5754845147589024,0.48460962801751273
EVT_00008164,0.37983027048545687,0.22668016567310437,0.2553347255420359,0.2685719579001486
EVT_00008166,0.4117296211348075,0.25056943429921513,0.22383164967053892,0.2983566468953639
EVT_00008167,0.6221167911775471,0.5536954558799219,0.4679722741570593,0.39003701294281856
EVT_00008182,0.6233113557994501,0.815571642049025,0.5754845147589024,0.48460962801751273
EVT_00008187,0.6233113557994501,0.815571642049025,0.5754845147589024,0.48460962801751273
EVT_00008191,0.4346179930411984,0.36619311689933753,0.2566151383382954,0.2617099867637561
EVT_00008214,0.6233113557994501,0.815571642049025,0.5754845147589024,0.48460962801751273
EVT_00008216,0.5558830249437807,0.5401443195162856,0.444449546884332,0.40854350644931203
EVT_00008221,0.4346179930411984,0.36619311689933753,0.2566151383382954,0.2617099867637561
EVT_00008225,0.5589037073269127,0.43101454547076606,0.3490258526240097,0.32519212962089905
EVT_00008237,0.42088796279314916,0.19307692680670763,0.14744403728292654,0.23891608745480447
EVT_00008249,0.6233113557994501,0.815571642049025,0.5754845147589024,0.48460962801751273
EVT_00008252,0.39107125172643814,0.36607410506704374,0.3360619982693086,0.2997407890689798
EVT_00008256,0.5803527858292663,0.5761954090617544,0.46911101796458604,0.3761516484645756
EVT_00008260,0.39150280569672447,0.20911159636250393,0.14779506653536426,0.22959864433454447
EVT_00008275,0.46340993934992325,0.34812264710067986,0.23792805780138265,0.24559002032080315
EVT_00008283,0.36782125172643815,0.3380477892775701,0.22895015616404546,0.24753684170055873
EVT_00008286,0.42297060237578876,0.38996337369315454,0.3045589223978117,0.3295254780641951
EVT_00008304,0.5266230232005575,0.46665896259133144,0.35131958959330084,0.31043490364272275
EVT_00008312,0.5803527858292663,0.5761954090617544,0.46911101796458604,0.3761516484645756
EVT_00008316,0.6233113557994501,0.815571642049025,0.5754845147589024,0.48460962801751273
EVT_00008320,0.47465169905688553,0.26347527845505925,0.2480264548653441,0.2798501533888704
EVT_00008336,0.6233113557994501,0.815571642049025,0.5754845147589024,0.48460962801751273
EVT_00008345,0.5803527858292663,0.5761954090617544,0.46911101796458604,0.3761516484645756
EVT_00008355,0.42297060237578876,0.38996337369315454,0.3045589223978117,0.3295254780641951
EVT_00008363,0.3565802704854569,0.19865384988363072,0.1482228834367727,0.21636801053172755
EVT_00008370,0.3565802704854569,0.19865384988363072,0.1482228834367727,0.21636801053172755
EVT_00008377,0.5589037073269127,0.43101454547076606,0.3490258526240097,0.32519212962089905
EVT_00008382,0.6233113557994501,0.815571642049025,0.5754845147589024,0.48460962801751273
EVT_00008396,0.5266230232005575,0.46665896259133144,0.35131958959330084,0.31043490364272275
EVT_00008408,0.6233113557994501,0.815571642049025,0.5754845147589024,0.48460962801751273
EVT_00008409,0.5803527858292663,0.5761954090617544,0.46911101796458604,0.3761516484645756
EVT_00008413,0.36782125172643815,0.3380477892775701,0.22895015616404546,0.24753684170055873
EVT_00008417,0.36782125172643815,0.3380477892775701,0.22895015616404546,0.24753684170055873
EVT_00008419,0.6233113557994501,0.815571642049025,0.5754845147589024,0.48460962801751273
EVT_00008427,0.6221167911775471,0.5536954558799219,0.4679722741570593,0.39003701294281856
EVT_00008446,0.5345916402721145,0.49661358968273883,0.37052509105846776,0.3397855038884926
EVT_00008456,0.47465169905688553,0.26347527845505925,0.2480264548653441,0.2798501533888704
EVT_00008457,0.5558830249437807,0.5401443195162856,0.444449546884332,0.40854350644931203
EVT_00008460,0.6233113557994501,0.815571642049025,0.5754845147589024,0.48460962801751273
EVT_00008462,0.38393261947874546,0.18058338008497302,0.12804083645690692,0.20024804408877456
EVT_00008465,0.5803527858292663,0.5761954090617544,0.46911101796458604,0.3761516484645756
EVT_00008466,0.38393261947874546,0.18058338008497302,0.12804083645690692,0.20024804408877456
EVT_00008478,0.6233113557994501,0.815571642049025,0.5754845147589024,0.48460962801751273
EVT_00008498,0.5266230232005575,0.46665896259133144,0.35131958959330084,0.31043490364272275
EVT_00008505,0.6233113557994501,0.815571642049025,0.5754845147589024,0.48460962801751273
EVT_00008508,0.5803527858292663,0.5761954090617544,0.46911101796458604,0.3761516484645756
EVT_00008513,0.5803527858292663,0.5761954090617544,0.46911101796458604,0.3761516484645756
EVT_00008516,0.6233113557994501,0.815571642049025,0.5754845147589024,0.48460962801751273
EVT_00008524,0.5266230232005575,0.46665896259133144,0.35131958959330084,0.31043490364272275
EVT_00008538,0.5589037073269127,0.43101454547076606,0.3490258526240097,0.32519212962089905
EVT_00008541,0.6233113557994501,0.815571642049025,0.5754845147589024,0.48460962801751273
EVT_00008544,0.4346179930411984,0.36619311689933753,0.2566151383382954,0.2617099867637561
EVT_00008557,0.4117296211348075,0.25056943429921513,0.22383164967053892,0.2983566468953639
EVT_00008566,0.40274378693770574,0.34850553575644333,0.228522339262637,0.26076747550337565
EVT_00008567,0.49266994109314644,0.41810870131492195,0.32662325522141233,0.3436986231273925
EVT_00008575,0.49783107689183276,0.48563295587992195,0.37094102415705926,0.32655487008567574
EVT_00008576,0.49783107689183276,0.48563295587992195,0.37094102415705926,0.32655487008567574
EVT_00008582,0.5345916402721145,0.49661358968273883,0.37052509105846776,0.3397855038884926
EVT_00008593,0.6221167911775471,0.5536954558799219,0.4679722741570593,0.39003701294281856
EVT_00008594,0.36782125172643815,0.3380477892775701,0.22895015616404546,0.24753684170055873
EVT_00008617,0.5558830249437807,0.5401443195162856,0.444449546884332,0.40854350644931203
EVT_00008634,0.6233113557994501,0.815571642049025,0.5754845147589024,0.48460962801751273
EVT_00008641,0.5803527858292663,0.5761954090617544,0.46911101796458604,0.3761516484645756
EVT_00008653,0.42297060237578876,0.38996337369315454,0.3045589223978117,0.3295254780641951
EVT_00008655,0.42297060237578876,0.38996337369315454,0.3045589223978117,0.3295254780641951
EVT_00008675,0.5803527858292663,0.5761954090617544,0.46911101796458604,0.3761516484645756
EVT_00008676,0.6233113557994501,0.815571642049025,0.5754845147589024,0.48460962801751273
EVT_00008684,0.6233113557994501,0.815571642049025,0.5754845147589024,0.48460962801751273
EVT_00008698,0.47465169905688553,0.26347527845505925,0.2480264548653441,0.2798501533888704
EVT_00008713,0.49266994109314644,0.41810870131492195,0.32662325522141233,0.3436986231273925
EVT_00008723,0.6233113557994501,0.815571642049025,0.5754845147589024,0.48460962801751273
EVT_00008725,0.47465169905688553,0.26347527845505925,0.2480264548653441,0.2798501533888704
EVT_00008727,0.49266994109314644,0.41810870131492195,0.32662325522141233,0.3436986231273925
EVT_00008730,0.3565802704854569,0.19865384988363072,0.1482228834367727,0.21636801053172755
EVT_00008735,0.6233113557994501,0.815571642049025,0.5754845147589024,0.48460962801751273
EVT_00008741,0.5803527858292663,0.5761954090617544,0.46911101796458604,0.3761516484645756
EVT_00008746,0.49783107689183276,0.48563295587992195,0.37094102415705926,0.32655487008567574
EVT_00008755,0.4713785564214801,0.37665086337821074,0.2562190115777321,0.2749406205665731
EVT_00008759,0.6233113557994501,0.815571642049025,0.5754845147589024,0.48460962801751273
EVT_00008765,0.6233113557994501,0.815571642049025,0.5754845147589024,0.48460962801751273
EVT_00008767,0.6233113557994501,0.815571642049025,0.5754845147589024,0.48460962801751273
EVT_00008768,0.49783107689183276,0.48563295587992195,0.37094102415705926,0.32655487008567574
EVT_00008769,0.49783107689183276,0.48563295587992195,0.37094102415705926,0.32655487008567574
EVT_00008779,0.40274378693770574,0.34850553575644333,0.228522339262637,0.26076747550337565
EVT_00008790,0.49266994109314644,0.41810870131492195,0.32662325522141233,0.3436986231273925
EVT_00008806,0.4321289440341304,0.33247086620064703,0.2281713100101993,0.27008491862363565
EVT_00008812,0.6233113557994501,0.815571642049025,0.5754845147589024,0.48460962801751273
EVT_00008814,0.36782125172643815,0.3380477892775701,0.22895015616404546,0.24753684170055873
EVT_00008818,0.5266230232005575,0.46665896259133144,0.35131958959330084,0.31043490364272275
EVT_00008820,0.39517360071972674,0.3199773194789124,0.20876810918417968,0.23141687525760574
EVT_00008836,0.42088796279314916,0.19307692680670763,0.14744403728292654,0.23891608745480447
EVT_00008844,0.4117296211348075,0.25056943429921513,0.22383164967053892,0.2983566468953639
EVT_00008851,0.502310300733506,0.36061619382241444,0.2558939844921416,0.28425806368683304
EVT_00008861,0.48589268029786675,0.40286921784899865,0.32875372759261684,0.3110189845577016
EVT_00008863,0.502310300733506,0.36061619382241444,0.2558939844921416,0.28425806368683304
EVT_00008884,0.40274378693770574,0.34850553575644333,0.228522339262637,0.26076747550337565
EVT_00008886,0.45909167725172473,0.3942194326888112,0.35579276991724285,0.31391393413217716
EVT_00008910,0.5803527858292663,0.5761954090617544,0.46911101796458604,0.3761516484645756
EVT_00008912,0.49266994109314644,0.41810870131492195,0.32662325522141233,0.3436986231273925
EVT_00008915,0.5266230232005575,0.46665896259133144,0.35131958959330084,0.31043490364272275
EVT_00008919,0.6233113557994501,0.815571642049025,0.5754845147589024,0.48460962801751273
EVT_00008932,0.5803527858292663,0.5761954090617544,0.46911101796458604,0.3761516484645756
EVT_00008935,0.46340993934992325,0.34812264710067986,0.23792805780138265,0.24559002032080315
EVT_00008936,0.6221167911775471,0.5536954558799219,0.4679722741570593,0.39003701294281856
EVT_00008943,0.6221167911775471,0.5536954558799219,0.4679722741570593,0.39003701294281856
EVT_00008946,0.5803527858292663,0.5761954090617544,0.46911101796458604,0.3761516484645756
EVT_00008947,0.5266230232005575,0.46665896259133144,0.35131958959330084,0.31043490364272275
EVT_00008965,0.6233113557994501,0.815571642049025,0.5754845147589024,0.48460962801751273
EVT_00008968,0.4346179930411984,0.36619311689933753,0.2566151383382954,0.2617099867637561
EVT_00008973,0.6233113557994501,0.815571642049025,0.5754845147589024,0.48460962801751273
EVT_00008985,0.4117296211348075,0.25056943429921513,0.22383164967053892,0.2983566468953639
EVT_00008987,0.6221167911775471,0.5536954558799219,0.4679722741570593,0.39003701294281856
EVT_00009004,0.5803527858292663,0.5761954090617544,0.46911101796458604,0.3761516484645756
EVT_00009019,0.6233113557994501,0.815571642049025,0.5754845147589024,0.48460962801751273
EVT_00009025,0.49783107689183276,0.48563295587992195,0.37094102415705926,0.32655487008567574
EVT_00009030,0.5589037073269127,0.43101454547076606,0.3490258526240097,0.32519212962089905
EVT_00009051,0.5803527858292663,0.5761954090617544,0.46911101796458604,0.3761516484645756
EVT_00009058,0.6233113557994501,0.815571642049025,0.5754845147589024,0.48460962801751273
EVT_00009066,0.5589037073269127,0.43101454547076606,0.3490258526240097,0.32519212962089905
EVT_00009073,0.5589037073269127,0.43101454547076606,0.3490258526240097,0.32519212962089905
EVT_00009087,0.5345916402721145,0.49661358968273883,0.37052509105846776,0.3397855038884926
EVT_00009093,0.502310300733506,0.36061619382241444,0.2558939844921416,0.28425806368683304
EVT_00009097,0.6233113557994501,0.815571642049025,0.5754845147589024,0.48460962801751273
EVT_00009099,0.5803527858292663,0.5761954090617544,0.46911101796458604,0.3761516484645756
EVT_00009101,0.502310300733506,0.36061619382241444,0.2558939844921416,0.28425806368683304
EVT_00009103,0.4346179930411984,0.36619311689933753,0.2566151383382954,0.2617099867637561
EVT_00009105,0.49266994109314644,0.41810870131492195,0.32662325522141233,0.3436986231273925
EVT_00009115,0.42297060237578876,0.38996337369315454,0.3045589223978117,0.3295254780641951
EVT_00009154,0.522304761102359,0.5150605874588693,0.47507753731495406,0.3787588174540968
EVT_00009178,0.5589037073269127,0.43101454547076606,0.3490258526240097,0.32519212962089905
EVT_00009179,0.6233113557994501,0.815571642049025,0.5754845147589024,0.48460962801751273
EVT_00009203,0.5558830249437807,0.5401443195162856,0.444449546884332,0.40854350644931203
EVT_00009210,0.39150280569672447,0.20911159636250393,0.14779506653536426,0.22959864433454447
EVT_00009218,0.4346179930411984,0.36619311689933753,0.2566151383382954,0.2617099867637561
EVT_00009225,0.46340993934992325,0.34812264710067986,0.23792805780138265,0.24559002032080315
EVT_00009241,0.6233113557994501,0.815571642049025,0.5754845147589024,0.48460962801751273
EVT_00009254,0.4346179930411984,0.36619311689933753,0.2566151383382954,0.2617099867637561
EVT_00009257,0.4713785564214801,0.37665086337821074,0.2562190115777321,0.2749406205665731
EVT_00009258,0.522304761102359,0.5150605874588693,0.47507753731495406,0.3787588174540968
EVT_00009261,0.46340993934992325,0.34812264710067986,0.23792805780138265,0.24559002032080315
EVT_00009264,0.4713785564214801,0.37665086337821074,0.2562190115777321,0.2749406205665731
EVT_00009273,0.5803527858292663,0.5761954090617544,0.46911101796458604,0.3761516484645756
EVT_00009275,0.49266994109314644,0.41810870131492195,0.32662325522141233,0.3436986231273925
EVT_00009284,0.5803527858292663,0.5761954090617544,0.46911101796458604,0.3761516484645756
EVT_00009290,0.6233113557994501,0.815571642049025,0.5754845147589024,0.48460962801751273
EVT_00009295,0.5345916402721145,0.49661358968273883,0.37052509105846776,0.3397855038884926
EVT_00009296,0.5803527858292663,0.5761954090617544,0.46911101796458604,0.3761516484645756
EVT_00009301,0.4346179930411984,0.36619311689933753,0.2566151383382954,0.2617099867637561
EVT_00009312,0.39150280569672447,0.20911159636250393,0.14779506653536426,0.22959864433454447
EVT_00009318,0.5803527858292663,0.5761954090617544,0.46911101796458604,0.3761516484645756
EVT_00009328,0.6233113557994501,0.815571642049025,0.5754845147589024,0.48460962801751273
EVT_00009338,0.5803527858292663,0.5761954090617544,0.46911101796458604,0.3761516484645756
EVT_00009339,0.42297060237578876,0.38996337369315454,0.3045589223978117,0.3295254780641951
EVT_00009368,0.5803527858292663,0.5761954090617544,0.46911101796458604,0.3761516484645756
EVT_00009377,0.5803527858292663,0.5761954090617544,0.46911101796458604,0.3761516484645756
EVT_00009383,0.49783107689183276,0.48563295587992195,0.37094102415705926,0.32655487008567574
EVT_00009387,0.6233113557994501,0.815571642049025,0.5754845147589024,0.48460962801751273
EVT_00009396,0.49783107689183276,0.48563295587992195,0.37094102415705926,0.32655487008567574
EVT_00009424,0.4117296211348075,0.25056943429921513,0.22383164967053892,0.2983566468953639
EVT_00009429,0.39517360071972674,0.3199773194789124,0.20876810918417968,0.23141687525760574
EVT_00009430,0.5803527858292663,0.5761954090617544,0.46911101796458604,0.3761516484645756
EVT_00009433,0.46340993934992325,0.34812264710067986,0.23792805780138265,0.24559002032080315
EVT_00009436,0.5655233845841404,0.47977718664915275,0.3701838126185978,0.34910294700875266
EVT_00009448,0.5803527858292663,0.5761954090617544,0.46911101796458604,0.3761516484645756
EVT_00009450,0.49266994109314644,0.41810870131492195,0.32662325522141233,0.3436986231273925
EVT_00009452,0.38393261947874546,0.18058338008497302,0.12804083645690692,0.20024804408877456
EVT_00009464,0.39517360071972674,0.3199773194789124,0.20876810918417968,0.23141687525760574
EVT_00009466,0.6233113557994501,0.815571642049025,0.5754845147589024,0.48460962801751273
EVT_00009483,0.4346179930411984,0.36619311689933753,0.2566151383382954,0.2617099867637561
EVT_00009487,0.49266994109314644,0.41810870131492195,0.32662325522141233,0.3436986231273925
EVT_00009492,0.5345916402721145,0.49661358968273883,0.37052509105846776,0.3397855038884926
EVT_00009494,0.36782125172643815,0.3380477892775701,0.22895015616404546,0.24753684170055873
EVT_00009500,0.4321289440341304,0.33247086620064703,0.2281713100101993,0.27008491862363565
EVT_00009506,0.6233113557994501,0.815571642049025,0.5754845147589024,0.48460962801751273
EVT_00009510,0.6233113557994501,0.815571642049025,0.5754845147589024,0.48460962801751273
EVT_00009516,0.49266994109314644,0.41810870131492195,0.32662325522141233,0.3436986231273925
EVT_00009520,0.4117296211348075,0.25056943429921513,0.22383164967053892,0.2983566468953639
EVT_00009534,0.49783107689183276,0.48563295587992195,0.37094102415705926,0.32655487008567574
EVT_00009545,0.45909167725172473,0.3942194326888112,0.35579276991724285,0.31391393413217716
EVT_00009552,0.5803527858292663,0.5761954090617544,0.46911101796458604,0.3761516484645756
EVT_00009553,0.5266230232005575,0.46665896259133144,0.35131958959330084,0.31043490364272275
EVT_00009554,0.49266994109314644,0.41810870131492195,0.32662325522141233,0.3436986231273925
EVT_00009555,0.4117296211348075,0.25056943429921513,0.22383164967053892,0.2983566468953639
EVT_00009556,0.6233113557994501,0.815571642049025,0.5754845147589024,0.48460962801751273
EVT_00009563,0.6233113557994501,0.815571642049025,0.5754845147589024,0.48460962801751273
EVT_00009564,0.6233113557994501,0.815571642049025,0.5754845147589024,0.48460962801751273
EVT_00009582,0.6233113557994501,0.815571642049025,0.5754845147589024,0.48460962801751273
EVT_00009593,0.48589268029786675,0.40286921784899865,0.32875372759261684,0.3110189845577016
EVT_00009597,0.4321289440341304,0.33247086620064703,0.2281713100101993,0.27008491862363565
EVT_00009601,0.5589037073269127,0.43101454547076606,0.3490258526240097,0.32519212962089905
EVT_00009612,0.6233113557994501,0.815571642049025,0.5754845147589024,0.48460962801751273
EVT_00009650,0.6233113557994501,0.815571642049025,0.5754845147589024,0.48460962801751273
EVT_00009662,0.47465169905688553,0.26347527845505925,0.2480264548653441,0.2798501533888704
EVT_00009673,0.45909167725172473,0.3942194326888112,0.35579276991724285,0.31391393413217716
EVT_00009684,0.6233113557994501,0.815571642049025,0.5754845147589024,0.48460962801751273
EVT_00009688,0.5655233845841404,0.47977718664915275,0.3701838126185978,0.34910294700875266
EVT_00009694,0.6233113557994501,0.815571642049025,0.5754845147589024,0.48460962801751273
EVT_00009697,0.6233113557994501,0.815571642049025,0.5754845147589024,0.48460962801751273
EVT_00009701,0.6233113557994501,0.815571642049025,0.5754845147589024,0.48460962801751273
EVT_00009704,0.42297060237578876,0.38996337369315454,0.3045589223978117,0.3295254780641951
EVT_00009706,0.4117296211348075,0.25056943429921513,0.22383164967053892,0.2983566468953639
EVT_00009710,0.47465169905688553,0.26347527845505925,0.2480264548653441,0.2798501533888704
EVT_00009713,0.48589268029786675,0.40286921784899865,0.32875372759261684,0.3110189845577016
EVT_00009728,0.6221167911775471,0.5536954558799219,0.4679722741570593,0.39003701294281856
EVT_00009729,0.6233113557994501,0.815571642049025,0.5754845147589024,0.48460962801751273
EVT_00009730,0.49783107689183276,0.48563295587992195,0.37094102415705926,0.32655487008567574
EVT_00009734,0.39150280569672447,0.20911159636250393,0.14779506653536426,0.22959864433454447
EVT_00009735,0.36782125172643815,0.3380477892775701,0.22895015616404546,0.24753684170055873
EVT_00009739,0.6233113557994501,0.815571642049025,0.5754845147589024,0.48460962801751273
EVT_00009743,0.4321289440341304,0.33247086620064703,0.2281713100101993,0.27008491862363565
EVT_00009769,0.4117296211348075,0.25056943429921513,0.22383164967053892,0.2983566468953639
EVT_00009779,0.6233113557994501,0.815571642049025,0.5754845147589024,0.48460962801751273
EVT_00009780,0.5803527858292663,0.5761954090617544,0.46911101796458604,0.3761516484645756
EVT_00009794,0.5655233845841404,0.47977718664915275,0.3701838126185978,0.34910294700875266
EVT_00009797,0.5558830249437807,0.5401443195162856,0.444449546884332,0.40854350644931203
EVT_00009841,0.3565802704854569,0.19865384988363072,0.1482228834367727,0.21636801053172755
EVT_00009849,0.502310300733506,0.36061619382241444,0.2558939844921416,0.28425806368683304
EVT_00009853,0.3565802704854569,0.19865384988363072,0.1482228834367727,0.21636801053172755
EVT_00009856,0.5803527858292663,0.5761954090617544,0.46911101796458604,0.3761516484645756
EVT_00009863,0.42088796279314916,0.19307692680670763,0.14744403728292654,0.23891608745480447
EVT_00009868,0.3565802704854569,0.19865384988363072,0.1482228834367727,0.21636801053172755
EVT_00009871,0.6233113557994501,0.815571642049025,0.5754845147589024,0.48460962801751273
EVT_00009876,0.5345916402721145,0.49661358968273883,0.37052509105846776,0.3397855038884926
EVT_00009883,0.38393261947874546,0.18058338008497302,0.12804083645690692,0.20024804408877456
EVT_00009886,0.4117296211348075,0.25056943429921513,0.22383164967053892,0.2983566468953639
EVT_00009900,0.36782125172643815,0.3380477892775701,0.22895015616404546,0.24753684170055873
EVT_00009921,0.6233113557994501,0.815571642049025,0.5754845147589024,0.48460962801751273
EVT_00009928,0.5345916402721145,0.49661358968273883,0.37052509105846776,0.3397855038884926
EVT_00009933,0.4321289440341304,0.33247086620064703,0.2281713100101993,0.27008491862363565
EVT_00009948,0.6233113557994501,0.815571642049025,0.5754845147589024,0.48460962801751273
EVT_00009949,0.5803527858292663,0.5761954090617544,0.46911101796458604,0.3761516484645756
EVT_00009953,0.6233113557994501,0.815571642049025,0.5754845147589024,0.48460962801751273
EVT_00009962,0.5803527858292663,0.5761954090617544,0.46911101796458604,0.3761516484645756
EVT_00009975,0.49266994109314644,0.41810870131492195,0.32662325522141233,0.3436986231273925
EVT_00009985,0.39107125172643814,0.36607410506704374,0.3360619982693086,0.2997407890689798
EVT_00009993,0.522304761102359,0.5150605874588693,0.47507753731495406,0.3787588174540968
EVT_00010000,0.6233113557994501,0.815571642049025,0.5754845147589024,0.48460962801751273
