event_id,event_type,failure_type,payment_method,retry_count,amount,customer_id,merchant_id,checkout_duration_seconds,payment_page_reached,payment_attempted,chosen_action,revenue_recovered,success,oracle_action,oracle_recovered,regret,action_match
EVT_00000008,CHECKOUT_ABANDONMENT,,UPI,0,4906.6,CUS_001694,MER_00162,332,True,False,RECOVERY_REMINDER,4906.6,1.0,ALTERNATIVE_PAYMENT,4906.6,0.0,False
EVT_00000011,CHECKOUT_ABANDONMENT,,CARD,0,3232.27,CUS_000319,MER_00071,686,True,False,RECOVERY_REMINDER,3232.27,1.0,RECOVERY_REMINDER,3232.27,0.0,True
EVT_00000022,PAYMENT_FAILURE,NETWORK_ERROR,CARD,0,4815.98,CUS_000527,MER_00047,0,False,False,ALTERNATIVE_PAYMENT,4815.98,1.0,ALTERNATIVE_PAYMENT,4815.98,0.0,True
EVT_00000026,CHECKOUT_ABANDONMENT,,CARD,0,5699.8,CUS_001274,MER_00145,150,True,False,RECOVERY_REMINDER,5699.8,1.0,ALTERNATIVE_PAYMENT,5699.8,0.0,False
EVT_00000027,PAYMENT_FAILURE,BANK_TECHNICAL_ERROR,CARD,0,4235.78,CUS_000785,MER_00022,0,False,False,ALTERNATIVE_PAYMENT,4235.78,1.0,ALTERNATIVE_PAYMENT,4235.78,0.0,True
EVT_00000028,PAYMENT_FAILURE,PAYMENT_LIMIT,UPI,1,5889.06,CUS_000746,MER_00067,0,False,False,ALTERNATIVE_PAYMENT,5889.06,1.0,ALTERNATIVE_PAYMENT,5889.06,0.0,True
EVT_00000036,PAYMENT_FAILURE,BANK_TECHNICAL_ERROR,WALLET,3,1038.63,CUS_000110,MER_00008,0,False,False,ALTERNATIVE_PAYMENT,1038.63,1.0,ALTERNATIVE_PAYMENT,1038.63,0.0,True
EVT_00000041,PAYMENT_FAILURE,INSUFFICIENT_BALANCE,CARD,3,41614.64,CUS_001092,MER_00071,0,False,False,ALTERNATIVE_PAYMENT,0.0,0.0,ALTERNATIVE_PAYMENT,0.0,0.0,True
EVT_00000049,SUBSCRIPTION_FAILURE,,CARD,0,3181.77,CUS_000955,MER_00101,0,False,False,ALTERNATIVE_PAYMENT,0.0,0.0,ALTERNATIVE_PAYMENT,0.0,0.0,True
EVT_00000054,CHECKOUT_ABANDONMENT,,UPI,0,2269.1,CUS_001341,MER_00107,613,True,False,RECOVERY_REMINDER,2269.1,1.0,ALTERNATIVE_PAYMENT,2269.1,0.0,False
EVT_00000055,SUBSCRIPTION_FAILURE,,CARD,0,3842.3,CUS_000404,MER_00107,0,False,False,ALTERNATIVE_PAYMENT,3842.3,1.0,ALTERNATIVE_PAYMENT,3842.3,0.0,True
EVT_00000074,PAYMENT_FAILURE,EXPIRED_PAYMENT_METHOD,UPI,1,2378.28,CUS_001294,MER_00158,0,False,False,ALTERNATIVE_PAYMENT,2378.28,1.0,ALTERNATIVE_PAYMENT,2378.28,0.0,True
EVT_00000082,PAYMENT_FAILURE,PAYMENT_LIMIT,WALLET,3,22272.71,CUS_001253,MER_00133,0,False,False,ALTERNATIVE_PAYMENT,22272.71,1.0,ALTERNATIVE_PAYMENT,22272.71,0.0,True
EVT_00000088,PAYMENT_FAILURE,TIMEOUT,NETBANKING,1,1591.4,CUS_000716,MER_00148,0,False,False,ALTERNATIVE_PAYMENT,1591.4,1.0,ALTERNATIVE_PAYMENT,1591.4,0.0,True
EVT_00000091,PAYMENT_FAILURE,PAYMENT_LIMIT,UPI,1,9947.8,CUS_001550,MER_00017,0,False,False,ALTERNATIVE_PAYMENT,9947.8,1.0,ALTERNATIVE_PAYMENT,9947.8,0.0,True
EVT_00000092,PAYMENT_FAILURE,ISSUER_DECLINE,UPI,0,683.07,CUS_001358,MER_00198,0,False,False,ALTERNATIVE_PAYMENT,683.07,1.0,ALTERNATIVE_PAYMENT,683.07,0.0,True
EVT_00000094,PAYMENT_FAILURE,INSUFFICIENT_BALANCE,CARD,2,1075.61,CUS_001123,MER_00018,0,False,False,ALTERNATIVE_PAYMENT,0.0,0.0,RECOVERY_REMINDER,1075.61,1075.61,False
EVT_00000105,PAYMENT_FAILURE,INSUFFICIENT_BALANCE,UPI,1,17395.38,CUS_001935,MER_00005,0,False,False,ALTERNATIVE_PAYMENT,17395.38,1.0,ALTERNATIVE_PAYMENT,17395.38,0.0,True
EVT_00000123,SUBSCRIPTION_FAILURE,,UPI,0,7414.18,CUS_000083,MER_00100,0,False,False,ALTERNATIVE_PAYMENT,7414.18,1.0,ALTERNATIVE_PAYMENT,7414.18,0.0,True
EVT_00000130,PAYMENT_FAILURE,ISSUER_DECLINE,UPI,2,3059.95,CUS_001989,MER_00147,0,False,False,ALTERNATIVE_PAYMENT,0.0,0.0,RECOVERY_REMINDER,3059.95,3059.95,False
EVT_00000137,PAYMENT_FAILURE,INSUFFICIENT_BALANCE,UPI,2,4792.11,CUS_001707,MER_00159,0,False,False,ALTERNATIVE_PAYMENT,0.0,0.0,HUMAN_ESCALATION,4792.11,4792.11,False
EVT_00000139,SUBSCRIPTION_FAILURE,,NETBANKING,0,7210.91,CUS_001313,MER_00125,0,False,False,ALTERNATIVE_PAYMENT,7210.91,1.0,ALTERNATIVE_PAYMENT,7210.91,0.0,True
EVT_00000157,PAYMENT_FAILURE,BANK_TECHNICAL_ERROR,CARD,1,4082.92,CUS_000250,MER_00083,0,False,False,ALTERNATIVE_PAYMENT,0.0,0.0,RECOVERY_REMINDER,4082.92,4082.92,False
EVT_00000170,CHECKOUT_ABANDONMENT,,UPI,0,3435.59,CUS_001415,MER_00171,406,True,False,RECOVERY_REMINDER,3435.59,1.0,ALTERNATIVE_PAYMENT,3435.59,0.0,False
EVT_00000192,PAYMENT_FAILURE,INSUFFICIENT_BALANCE,UPI,2,9264.34,CUS_001080,MER_00132,0,False,False,ALTERNATIVE_PAYMENT,9264.34,1.0,ALTERNATIVE_PAYMENT,9264.34,0.0,True
EVT_00000215,PAYMENT_FAILURE,PAYMENT_LIMIT,UPI,3,8106.52,CUS_001342,MER_00169,0,False,False,ALTERNATIVE_PAYMENT,8106.52,1.0,ALTERNATIVE_PAYMENT,8106.52,0.0,True
EVT_00000219,CHECKOUT_ABANDONMENT,,CARD,0,19584.46,CUS_000598,MER_00162,587,True,False,RECOVERY_REMINDER,19584.46,1.0,ALTERNATIVE_PAYMENT,19584.46,0.0,False
EVT_00000231,SUBSCRIPTION_FAILURE,,UPI,0,3151.44,CUS_001241,MER_00130,0,False,False,ALTERNATIVE_PAYMENT,0.0,0.0,ALTERNATIVE_PAYMENT,0.0,0.0,True
EVT_00000233,PAYMENT_FAILURE,INSUFFICIENT_BALANCE,UPI,1,7093.28,CUS_000450,MER_00043,0,False,False,ALTERNATIVE_PAYMENT,7093.28,1.0,ALTERNATIVE_PAYMENT,7093.28,0.0,True
EVT_00000235,SUBSCRIPTION_FAILURE,,CARD,0,8408.57,CUS_001069,MER_00128,0,False,False,ALTERNATIVE_PAYMENT,8408.57,1.0,ALTERNATIVE_PAYMENT,8408.57,0.0,True
EVT_00000252,PAYMENT_FAILURE,TIMEOUT,NETBANKING,2,4753.21,CUS_000177,MER_00117,0,False,False,ALTERNATIVE_PAYMENT,0.0,0.0,HUMAN_ESCALATION,4753.21,4753.21,False
EVT_00000254,PAYMENT_FAILURE,ISSUER_DECLINE,CARD,3,1302.17,CUS_000122,MER_00084,0,False,False,ALTERNATIVE_PAYMENT,1302.17,1.0,ALTERNATIVE_PAYMENT,1302.17,0.0,True
EVT_00000260,PAYMENT_FAILURE,TIMEOUT,CARD,0,10690.16,CUS_000018,MER_00186,0,False,False,ALTERNATIVE_PAYMENT,0.0,0.0,RECOVERY_REMINDER,10690.16,10690.16,False
EVT_00000273,CHECKOUT_ABANDONMENT,,CARD,0,1176.79,CUS_000529,MER_00133,49,True,False,RECOVERY_REMINDER,1176.79,1.0,ALTERNATIVE_PAYMENT,1176.79,0.0,False
EVT_00000275,CHECKOUT_ABANDONMENT,,UPI,0,1192.56,CUS_001812,MER_00192,152,True,False,RECOVERY_REMINDER,1192.56,1.0,ALTERNATIVE_PAYMENT,1192.56,0.0,False
EVT_00000278,PAYMENT_FAILURE,BANK_TECHNICAL_ERROR,NETBANKING,0,4748.86,CUS_000097,MER_00115,0,False,False,ALTERNATIVE_PAYMENT,4748.86,1.0,ALTERNATIVE_PAYMENT,4748.86,0.0,True
EVT_00000282,CHECKOUT_ABANDONMENT,,CARD,0,1453.31,CUS_000210,MER_00162,37,True,False,RECOVERY_REMINDER,1453.31,1.0,ALTERNATIVE_PAYMENT,1453.31,0.0,False
EVT_00000288,PAYMENT_FAILURE,TIMEOUT,NETBANKING,2,2726.27,CUS_001024,MER_00122,0,False,False,ALTERNATIVE_PAYMENT,0.0,0.0,ALTERNATIVE_PAYMENT,0.0,0.0,True
EVT_00000299,PAYMENT_FAILURE,TIMEOUT,CARD,0,4674.0,CUS_001093,MER_00041,0,False,False,ALTERNATIVE_PAYMENT,0.0,0.0,RECOVERY_REMINDER,4674.0,4674.0,False
EVT_00000304,PAYMENT_FAILURE,EXPIRED_PAYMENT_METHOD,CARD,3,5760.44,CUS_000778,MER_00195,0,False,False,ALTERNATIVE_PAYMENT,0.0,0.0,ALTERNATIVE_PAYMENT,0.0,0.0,True
EVT_00000333,PAYMENT_FAILURE,NETWORK_ERROR,CARD,2,2647.12,CUS_001322,MER_00124,0,False,False,ALTERNATIVE_PAYMENT,0.0,0.0,RECOVERY_REMINDER,2647.12,2647.12,False
EVT_00000337,CHECKOUT_ABANDONMENT,,UPI,0,1384.46,CUS_001322,MER_00056,535,True,False,RECOVERY_REMINDER,0.0,0.0,ALTERNATIVE_PAYMENT,1384.46,1384.46,False
EVT_00000339,PAYMENT_FAILURE,BANK_TECHNICAL_ERROR,UPI,1,5517.13,CUS_001813,MER_00126,0,False,False,ALTERNATIVE_PAYMENT,5517.13,1.0,ALTERNATIVE_PAYMENT,5517.13,0.0,True
EVT_00000352,CHECKOUT_ABANDONMENT,,UPI,0,1059.31,CUS_001218,MER_00042,191,True,False,RECOVERY_REMINDER,1059.31,1.0,RECOVERY_REMINDER,1059.31,0.0,True
EVT_00000353,CHECKOUT_ABANDONMENT,,CARD,0,5508.83,CUS_001455,MER_00003,543,True,False,RECOVERY_REMINDER,5508.83,1.0,ALTERNATIVE_PAYMENT,5508.83,0.0,False
EVT_00000370,PAYMENT_FAILURE,ISSUER_DECLINE,UPI,0,3208.09,CUS_001782,MER_00084,0,False,False,ALTERNATIVE_PAYMENT,3208.09,1.0,ALTERNATIVE_PAYMENT,3208.09,0.0,True
EVT_00000380,PAYMENT_FAILURE,BANK_TECHNICAL_ERROR,UPI,2,3344.75,CUS_001807,MER_00048,0,False,False,ALTERNATIVE_PAYMENT,3344.75,1.0,ALTERNATIVE_PAYMENT,3344.75,0.0,True
EVT_00000385,CHECKOUT_ABANDONMENT,,CARD,0,29917.74,CUS_000660,MER_00100,99,True,False,RECOVERY_REMINDER,29917.74,1.0,ALTERNATIVE_PAYMENT,29917.74,0.0,False
EVT_00000394,CHECKOUT_ABANDONMENT,,CARD,0,947.77,CUS_000687,MER_00155,120,False,False,RECOVERY_REMINDER,947.77,1.0,ALTERNATIVE_PAYMENT,947.77,0.0,False
EVT_00000395,PAYMENT_FAILURE,ISSUER_DECLINE,WALLET,3,5246.71,CUS_001400,MER_00150,0,False,False,ALTERNATIVE_PAYMENT,5246.71,1.0,ALTERNATIVE_PAYMENT,5246.71,0.0,True
EVT_00000399,CHECKOUT_ABANDONMENT,,CARD,0,3885.6,CUS_001222,MER_00165,638,True,False,RECOVERY_REMINDER,3885.6,1.0,ALTERNATIVE_PAYMENT,3885.6,0.0,False
EVT_00000408,SUBSCRIPTION_FAILURE,,CARD,0,3083.8,CUS_001815,MER_00004,0,False,False,ALTERNATIVE_PAYMENT,0.0,0.0,RECOVERY_REMINDER,3083.8,3083.8,False
EVT_00000409,PAYMENT_FAILURE,PAYMENT_LIMIT,CARD,1,5247.99,CUS_001441,MER_00019,0,False,False,ALTERNATIVE_PAYMENT,0.0,0.0,RETRY_LATER,5247.99,5247.99,False
EVT_00000455,SUBSCRIPTION_FAILURE,,UPI,0,7282.38,CUS_000847,MER_00062,0,False,False,ALTERNATIVE_PAYMENT,0.0,0.0,ALTERNATIVE_PAYMENT,0.0,0.0,True
EVT_00000457,PAYMENT_FAILURE,PAYMENT_LIMIT,UPI,2,1576.37,CUS_001652,MER_00129,0,False,False,ALTERNATIVE_PAYMENT,0.0,0.0,ALTERNATIVE_PAYMENT,0.0,0.0,True
EVT_00000482,CHECKOUT_ABANDONMENT,,UPI,0,5449.91,CUS_000778,MER_00079,863,False,False,RECOVERY_REMINDER,5449.91,1.0,RECOVERY_REMINDER,5449.91,0.0,True
EVT_00000497,SUBSCRIPTION_FAILURE,,CARD,0,3533.28,CUS_000403,MER_00135,0,False,False,ALTERNATIVE_PAYMENT,0.0,0.0,ALTERNATIVE_PAYMENT,0.0,0.0,True
EVT_00000517,SUBSCRIPTION_FAILURE,,UPI,0,5808.8,CUS_001423,MER_00122,0,False,False,ALTERNATIVE_PAYMENT,5808.8,1.0,ALTERNATIVE_PAYMENT,5808.8,0.0,True
EVT_00000523,PAYMENT_FAILURE,INSUFFICIENT_BALANCE,NETBANKING,3,2427.26,CUS_000862,MER_00116,0,False,False,ALTERNATIVE_PAYMENT,0.0,0.0,ALTERNATIVE_PAYMENT,0.0,0.0,True
EVT_00000527,PAYMENT_FAILURE,TIMEOUT,NETBANKING,1,6567.81,CUS_001764,MER_00105,0,False,False,ALTERNATIVE_PAYMENT,6567.81,1.0,ALTERNATIVE_PAYMENT,6567.81,0.0,True
EVT_00000531,PAYMENT_FAILURE,ISSUER_DECLINE,WALLET,1,24040.29,CUS_001162,MER_00092,0,False,False,ALTERNATIVE_PAYMENT,0.0,0.0,ALTERNATIVE_PAYMENT,0.0,0.0,True
EVT_00000547,PAYMENT_FAILURE,INSUFFICIENT_BALANCE,CARD,3,1431.32,CUS_000461,MER_00126,0,False,False,ALTERNATIVE_PAYMENT,1431.32,1.0,ALTERNATIVE_PAYMENT,1431.32,0.0,True
EVT_00000564,SUBSCRIPTION_FAILURE,,UPI,0,5569.08,CUS_000787,MER_00178,0,False,False,ALTERNATIVE_PAYMENT,5569.08,1.0,ALTERNATIVE_PAYMENT,5569.08,0.0,True
EVT_00000581,PAYMENT_FAILURE,NETWORK_ERROR,UPI,0,9786.74,CUS_000369,MER_00069,0,False,False,ALTERNATIVE_PAYMENT,0.0,0.0,RETRY_LATER,9786.74,9786.74,False
EVT_00000583,PAYMENT_FAILURE,INSUFFICIENT_BALANCE,NETBANKING,0,723.45,CUS_001351,MER_00182,0,False,False,ALTERNATIVE_PAYMENT,723.45,1.0,ALTERNATIVE_PAYMENT,723.45,0.0,True
EVT_00000611,PAYMENT_FAILURE,PAYMENT_LIMIT,UPI,2,9815.59,CUS_001817,MER_00091,0,False,False,ALTERNATIVE_PAYMENT,9815.59,1.0,ALTERNATIVE_PAYMENT,9815.59,0.0,True
EVT_00000617,CHECKOUT_ABANDONMENT,,UPI,0,2789.82,CUS_000142,MER_00082,672,True,False,RECOVERY_REMINDER,2789.82,1.0,ALTERNATIVE_PAYMENT,2789.82,0.0,False
EVT_00000621,SUBSCRIPTION_FAILURE,,UPI,0,1785.43,CUS_000595,MER_00030,0,False,False,ALTERNATIVE_PAYMENT,0.0,0.0,RETRY_LATER,1785.43,1785.43,False
EVT_00000627,CHECKOUT_ABANDONMENT,,UPI,0,987.9,CUS_000970,MER_00047,424,True,False,RECOVERY_REMINDER,987.9,1.0,ALTERNATIVE_PAYMENT,987.9,0.0,False
EVT_00000628,CHECKOUT_ABANDONMENT,,CARD,0,18101.16,CUS_000244,MER_00144,470,True,False,RECOVERY_REMINDER,0.0,0.0,ALTERNATIVE_PAYMENT,18101.16,18101.16,False
EVT_00000633,PAYMENT_FAILURE,PAYMENT_LIMIT,CARD,1,3000.73,CUS_000424,MER_00124,0,False,False,ALTERNATIVE_PAYMENT,0.0,0.0,ALTERNATIVE_PAYMENT,0.0,0.0,True
EVT_00000634,CHECKOUT_ABANDONMENT,,CARD,0,4215.38,CUS_000759,MER_00001,527,True,False,RECOVERY_REMINDER,4215.38,1.0,ALTERNATIVE_PAYMENT,4215.38,0.0,False
EVT_00000642,PAYMENT_FAILURE,ISSUER_DECLINE,UPI,3,12163.7,CUS_001091,MER_00175,0,False,False,ALTERNATIVE_PAYMENT,12163.7,1.0,ALTERNATIVE_PAYMENT,12163.7,0.0,True
EVT_00000653,PAYMENT_FAILURE,INSUFFICIENT_BALANCE,CARD,2,5343.62,CUS_001974,MER_00091,0,False,False,ALTERNATIVE_PAYMENT,0.0,0.0,ALTERNATIVE_PAYMENT,0.0,0.0,True
EVT_00000655,PAYMENT_FAILURE,PAYMENT_LIMIT,CARD,2,1203.16,CUS_000723,MER_00027,0,False,False,ALTERNATIVE_PAYMENT,0.0,0.0,RECOVERY_REMINDER,1203.16,1203.16,False
EVT_00000677,CHECKOUT_ABANDONMENT,,CARD,0,6931.08,CUS_000941,MER_00063,199,True,False,RECOVERY_REMINDER,6931.08,1.0,ALTERNATIVE_PAYMENT,6931.08,0.0,False
EVT_00000687,CHECKOUT_ABANDONMENT,,WALLET,0,3792.0,CUS_001018,MER_00078,222,True,False,RECOVERY_REMINDER,3792.0,1.0,RECOVERY_REMINDER,3792.0,0.0,True
EVT_00000697,PAYMENT_FAILURE,PAYMENT_LIMIT,UPI,3,4606.78,CUS_000118,MER_00033,0,False,False,ALTERNATIVE_PAYMENT,0.0,0.0,ALTERNATIVE_PAYMENT,0.0,0.0,True
EVT_00000698,PAYMENT_FAILURE,INSUFFICIENT_BALANCE,CARD,1,36193.4,CUS_000670,MER_00128,0,False,False,ALTERNATIVE_PAYMENT,0.0,0.0,RECOVERY_REMINDER,36193.4,36193.4,False
EVT_00000708,CHECKOUT_ABANDONMENT,,UPI,0,11292.61,CUS_001738,MER_00082,77,True,False,RECOVERY_REMINDER,11292.61,1.0,RECOVERY_REMINDER,11292.61,0.0,True
EVT_00000709,PAYMENT_FAILURE,TIMEOUT,UPI,0,3375.11,CUS_001761,MER_00073,0,False,False,ALTERNATIVE_PAYMENT,0.0,0.0,RECOVERY_REMINDER,3375.11,3375.11,False
EVT_00000710,SUBSCRIPTION_FAILURE,,UPI,0,21822.29,CUS_000119,MER_00067,0,False,False,ALTERNATIVE_PAYMENT,21822.29,1.0,ALTERNATIVE_PAYMENT,21822.29,0.0,True
EVT_00000716,SUBSCRIPTION_FAILURE,,UPI,0,8078.25,CUS_000375,MER_00141,0,False,False,ALTERNATIVE_PAYMENT,8078.25,1.0,ALTERNATIVE_PAYMENT,8078.25,0.0,True
EVT_00000735,PAYMENT_FAILURE,TIMEOUT,CARD,3,4699.11,CUS_001108,MER_00110,0,False,False,ALTERNATIVE_PAYMENT,0.0,0.0,HUMAN_ESCALATION,4699.11,4699.11,False
EVT_00000739,PAYMENT_FAILURE,EXPIRED_PAYMENT_METHOD,NETBANKING,2,1492.09,CUS_001674,MER_00096,0,False,False,ALTERNATIVE_PAYMENT,1492.09,1.0,ALTERNATIVE_PAYMENT,1492.09,0.0,True
EVT_00000743,SUBSCRIPTION_FAILURE,,UPI,0,3359.42,CUS_001157,MER_00158,0,False,False,ALTERNATIVE_PAYMENT,0.0,0.0,RECOVERY_REMINDER,3359.42,3359.42,False
EVT_00000765,PAYMENT_FAILURE,ISSUER_DECLINE,CARD,1,5100.77,CUS_000684,MER_00168,0,False,False,ALTERNATIVE_PAYMENT,5100.77,1.0,ALTERNATIVE_PAYMENT,5100.77,0.0,True
EVT_00000771,PAYMENT_FAILURE,PAYMENT_LIMIT,UPI,3,4592.68,CUS_000782,MER_00064,0,False,False,ALTERNATIVE_PAYMENT,0.0,0.0,ALTERNATIVE_PAYMENT,0.0,0.0,True
EVT_00000774,SUBSCRIPTION_FAILURE,,NETBANKING,0,11488.27,CUS_001162,MER_00007,0,False,False,ALTERNATIVE_PAYMENT,11488.27,1.0,ALTERNATIVE_PAYMENT,11488.27,0.0,True
EVT_00000775,PAYMENT_FAILURE,NETWORK_ERROR,UPI,1,4276.68,CUS_000287,MER_00001,0,False,False,ALTERNATIVE_PAYMENT,0.0,0.0,RECOVERY_REMINDER,4276.68,4276.68,False
EVT_00000778,SUBSCRIPTION_FAILURE,,CARD,0,10870.41,CUS_000160,MER_00049,0,False,False,ALTERNATIVE_PAYMENT,0.0,0.0,HUMAN_ESCALATION,10870.41,10870.41,False
EVT_00000780,SUBSCRIPTION_FAILURE,,NETBANKING,0,3756.14,CUS_001493,MER_00200,0,False,False,ALTERNATIVE_PAYMENT,0.0,0.0,RECOVERY_REMINDER,3756.14,3756.14,False
EVT_00000785,CHECKOUT_ABANDONMENT,,WALLET,0,1446.83,CUS_001318,MER_00019,639,False,False,RECOVERY_REMINDER,1446.83,1.0,RECOVERY_REMINDER,1446.83,0.0,True
EVT_00000794,PAYMENT_FAILURE,TIMEOUT,CARD,3,973.11,CUS_000911,MER_00049,0,False,False,ALTERNATIVE_PAYMENT,0.0,0.0,ALTERNATIVE_PAYMENT,0.0,0.0,True
EVT_00000804,CHECKOUT_ABANDONMENT,,UPI,0,4974.68,CUS_001614,MER_00077,593,False,False,RECOVERY_REMINDER,4974.68,1.0,ALTERNATIVE_PAYMENT,4974.68,0.0,False
EVT_00000805,SUBSCRIPTION_FAILURE,,UPI,0,21441.48,CUS_000156,MER_00051,0,False,False,ALTERNATIVE_PAYMENT,0.0,0.0,RECOVERY_REMINDER,21441.48,21441.48,False
EVT_00000807,PAYMENT_FAILURE,EXPIRED_PAYMENT_METHOD,UPI,2,6120.8,CUS_000107,MER_00083,0,False,False,ALTERNATIVE_PAYMENT,0.0,0.0,ALTERNATIVE_PAYMENT,0.0,0.0,True
EVT_00000815,PAYMENT_FAILURE,ISSUER_DECLINE,CARD,2,8907.68,CUS_001890,MER_00058,0,False,False,ALTERNATIVE_PAYMENT,0.0,0.0,ALTERNATIVE_PAYMENT,0.0,0.0,True
EVT_00000816,PAYMENT_FAILURE,INSUFFICIENT_BALANCE,NETBANKING,0,2081.28,CUS_000869,MER_00052,0,False,False,ALTERNATIVE_PAYMENT,0.0,0.0,RECOVERY_REMINDER,2081.28,2081.28,False
EVT_00000820,CHECKOUT_ABANDONMENT,,UPI,0,26672.3,CUS_000281,MER_00176,541,True,False,RECOVERY_REMINDER,26672.3,1.0,ALTERNATIVE_PAYMENT,26672.3,0.0,False
EVT_00000821,PAYMENT_FAILURE,BANK_TECHNICAL_ERROR,CARD,1,6010.59,CUS_000789,MER_00103,0,False,False,ALTERNATIVE_PAYMENT,6010.59,1.0,ALTERNATIVE_PAYMENT,6010.59,0.0,True
EVT_00000830,PAYMENT_FAILURE,TIMEOUT,CARD,0,7518.66,CUS_001550,MER_00149,0,False,False,ALTERNATIVE_PAYMENT,7518.66,1.0,ALTERNATIVE_PAYMENT,7518.66,0.0,True
EVT_00000847,CHECKOUT_ABANDONMENT,,NETBANKING,0,24952.23,CUS_001338,MER_00115,340,True,False,RECOVERY_REMINDER,24952.23,1.0,ALTERNATIVE_PAYMENT,24952.23,0.0,False
EVT_00000854,CHECKOUT_ABANDONMENT,,UPI,0,9062.97,CUS_001312,MER_00186,215,True,True,RECOVERY_REMINDER,9062.97,1.0,ALTERNATIVE_PAYMENT,9062.97,0.0,False
EVT_00000855,SUBSCRIPTION_FAILURE,,CARD,0,946.39,CUS_001354,MER_00114,0,False,False,ALTERNATIVE_PAYMENT,946.39,1.0,ALTERNATIVE_PAYMENT,946.39,0.0,True
EVT_00000867,SUBSCRIPTION_FAILURE,,UPI,0,11874.22,CUS_001561,MER_00045,0,False,False,ALTERNATIVE_PAYMENT,0.0,0.0,RECOVERY_REMINDER,11874.22,11874.22,False
EVT_00000869,CHECKOUT_ABANDONMENT,,UPI,0,1737.04,CUS_001489,MER_00108,371,False,False,RECOVERY_REMINDER,0.0,0.0,RETRY_LATER,1737.04,1737.04,False
EVT_00000871,SUBSCRIPTION_FAILURE,,WALLET,0,4321.69,CUS_000105,MER_00159,0,False,False,ALTERNATIVE_PAYMENT,4321.69,1.0,ALTERNATIVE_PAYMENT,4321.69,0.0,True
EVT_00000879,PAYMENT_FAILURE,TIMEOUT,UPI,0,1081.91,CUS_000157,MER_00081,0,False,False,ALTERNATIVE_PAYMENT,0.0,0.0,RECOVERY_REMINDER,1081.91,1081.91,False
EVT_00000885,SUBSCRIPTION_FAILURE,,CARD,0,10156.77,CUS_000141,MER_00015,0,False,False,ALTERNATIVE_PAYMENT,0.0,0.0,RETRY_LATER,10156.77,10156.77,False
EVT_00000886,SUBSCRIPTION_FAILURE,,NETBANKING,0,4866.78,CUS_000174,MER_00114,0,False,False,ALTERNATIVE_PAYMENT,0.0,0.0,RETRY_LATER,4866.78,4866.78,False
EVT_00000917,PAYMENT_FAILURE,ISSUER_DECLINE,UPI,2,632.31,CUS_000977,MER_00018,0,False,False,ALTERNATIVE_PAYMENT,632.31,1.0,ALTERNATIVE_PAYMENT,632.31,0.0,True
EVT_00000928,PAYMENT_FAILURE,TIMEOUT,UPI,0,6433.57,CUS_001049,MER_00107,0,False,False,ALTERNATIVE_PAYMENT,6433.57,1.0,ALTERNATIVE_PAYMENT,6433.57,0.0,True
EVT_00000935,SUBSCRIPTION_FAILURE,,CARD,0,7850.41,CUS_001825,MER_00010,0,False,False,ALTERNATIVE_PAYMENT,0.0,0.0,RETRY_LATER,7850.41,7850.41,False
EVT_00000957,PAYMENT_FAILURE,PAYMENT_LIMIT,CARD,0,5237.01,CUS_000610,MER_00167,0,False,False,ALTERNATIVE_PAYMENT,5237.01,1.0,ALTERNATIVE_PAYMENT,5237.01,0.0,True
EVT_00000962,CHECKOUT_ABANDONMENT,,UPI,0,3775.61,CUS_001698,MER_00073,483,True,False,RECOVERY_REMINDER,3775.61,1.0,ALTERNATIVE_PAYMENT,3775.61,0.0,False
EVT_00000967,CHECKOUT_ABANDONMENT,,UPI,0,1609.47,CUS_001437,MER_00078,75,True,False,RECOVERY_REMINDER,1609.47,1.0,RECOVERY_REMINDER,1609.47,0.0,True
EVT_00000969,SUBSCRIPTION_FAILURE,,CARD,0,31574.1,CUS_000976,MER_00060,0,False,False,ALTERNATIVE_PAYMENT,31574.1,1.0,ALTERNATIVE_PAYMENT,31574.1,0.0,True
EVT_00000972,SUBSCRIPTION_FAILURE,,UPI,0,2350.7,CUS_000923,MER_00112,0,False,False,ALTERNATIVE_PAYMENT,0.0,0.0,RETRY_LATER,2350.7,2350.7,False
EVT_00000975,PAYMENT_FAILURE,ISSUER_DECLINE,UPI,2,1395.97,CUS_000073,MER_00086,0,False,False,ALTERNATIVE_PAYMENT,0.0,0.0,ALTERNATIVE_PAYMENT,0.0,0.0,True
EVT_00000978,SUBSCRIPTION_FAILURE,,UPI,0,4572.18,CUS_001189,MER_00063,0,False,False,ALTERNATIVE_PAYMENT,4572.18,1.0,ALTERNATIVE_PAYMENT,4572.18,0.0,True
EVT_00000982,PAYMENT_FAILURE,ISSUER_DECLINE,CARD,0,1816.21,CUS_000098,MER_00187,0,False,False,ALTERNATIVE_PAYMENT,0.0,0.0,RETRY_LATER,1816.21,1816.21,False
EVT_00000983,PAYMENT_FAILURE,TIMEOUT,CARD,1,1565.45,CUS_001409,MER_00179,0,False,False,ALTERNATIVE_PAYMENT,0.0,0.0,HUMAN_ESCALATION,1565.45,1565.45,False
EVT_00000988,PAYMENT_FAILURE,TIMEOUT,NETBANKING,2,1299.11,CUS_000284,MER_00029,0,False,False,ALTERNATIVE_PAYMENT,1299.11,1.0,ALTERNATIVE_PAYMENT,1299.11,0.0,True
EVT_00000989,PAYMENT_FAILURE,BANK_TECHNICAL_ERROR,UPI,3,4132.09,CUS_001400,MER_00159,0,False,False,ALTERNATIVE_PAYMENT,4132.09,1.0,ALTERNATIVE_PAYMENT,4132.09,0.0,True
EVT_00001005,CHECKOUT_ABANDONMENT,,UPI,0,4183.34,CUS_001981,MER_00054,576,False,False,RECOVERY_REMINDER,4183.34,1.0,ALTERNATIVE_PAYMENT,4183.34,0.0,False
EVT_00001007,PAYMENT_FAILURE,TIMEOUT,UPI,2,3862.91,CUS_000457,MER_00003,0,False,False,ALTERNATIVE_PAYMENT,3862.91,1.0,ALTERNATIVE_PAYMENT,3862.91,0.0,True
EVT_00001008,PAYMENT_FAILURE,INSUFFICIENT_BALANCE,NETBANKING,3,4960.48,CUS_000519,MER_00041,0,False,False,ALTERNATIVE_PAYMENT,0.0,0.0,ALTERNATIVE_PAYMENT,0.0,0.0,True
EVT_00001010,PAYMENT_FAILURE,BANK_TECHNICAL_ERROR,NETBANKING,2,4643.77,CUS_001651,MER_00137,0,False,False,ALTERNATIVE_PAYMENT,0.0,0.0,RECOVERY_REMINDER,4643.77,4643.77,False
EVT_00001012,PAYMENT_FAILURE,INSUFFICIENT_BALANCE,UPI,2,2940.68,CUS_001527,MER_00179,0,False,False,ALTERNATIVE_PAYMENT,2940.68,1.0,ALTERNATIVE_PAYMENT,2940.68,0.0,True
EVT_00001021,PAYMENT_FAILURE,TIMEOUT,CARD,3,1719.32,CUS_000817,MER_00003,0,False,False,ALTERNATIVE_PAYMENT,0.0,0.0,HUMAN_ESCALATION,1719.32,1719.32,False
EVT_00001035,CHECKOUT_ABANDONMENT,,CARD,0,529.43,CUS_000891,MER_00078,218,True,False,RECOVERY_REMINDER,529.43,1.0,RECOVERY_REMINDER,529.43,0.0,True
EVT_00001041,CHECKOUT_ABANDONMENT,,UPI,0,6742.86,CUS_000190,MER_00186,883,True,False,RECOVERY_REMINDER,6742.86,1.0,ALTERNATIVE_PAYMENT,6742.86,0.0,False
EVT_00001047,SUBSCRIPTION_FAILURE,,UPI,0,3930.1,CUS_000959,MER_00174,0,False,False,ALTERNATIVE_PAYMENT,0.0,0.0,HUMAN_ESCALATION,3930.1,3930.1,False
EVT_00001056,PAYMENT_FAILURE,ISSUER_DECLINE,UPI,2,8586.36,CUS_000316,MER_00195,0,False,False,ALTERNATIVE_PAYMENT,8586.36,1.0,ALTERNATIVE_PAYMENT,8586.36,0.0,True
EVT_00001058,PAYMENT_FAILURE,TIMEOUT,CARD,2,3198.05,CUS_001044,MER_00136,0,False,False,ALTERNATIVE_PAYMENT,3198.05,1.0,ALTERNATIVE_PAYMENT,3198.05,0.0,True
EVT_00001059,PAYMENT_FAILURE,ISSUER_DECLINE,WALLET,3,7677.56,CUS_000993,MER_00104,0,False,False,ALTERNATIVE_PAYMENT,7677.56,1.0,ALTERNATIVE_PAYMENT,7677.56,0.0,True
EVT_00001072,SUBSCRIPTION_FAILURE,,NETBANKING,0,2316.88,CUS_001855,MER_00092,0,False,False,ALTERNATIVE_PAYMENT,2316.88,1.0,ALTERNATIVE_PAYMENT,2316.88,0.0,True
EVT_00001078,CHECKOUT_ABANDONMENT,,UPI,0,5116.45,CUS_001720,MER_00073,142,True,False,RECOVERY_REMINDER,0.0,0.0,ALTERNATIVE_PAYMENT,5116.45,5116.45,False
EVT_00001097,CHECKOUT_ABANDONMENT,,UPI,0,2652.59,CUS_001928,MER_00137,776,True,False,RECOVERY_REMINDER,2652.59,1.0,ALTERNATIVE_PAYMENT,2652.59,0.0,False
EVT_00001098,PAYMENT_FAILURE,TIMEOUT,WALLET,0,12698.63,CUS_000643,MER_00036,0,False,False,ALTERNATIVE_PAYMENT,0.0,0.0,RECOVERY_REMINDER,12698.63,12698.63,False
EVT_00001100,PAYMENT_FAILURE,ISSUER_DECLINE,UPI,3,6593.31,CUS_000815,MER_00084,0,False,False,ALTERNATIVE_PAYMENT,0.0,0.0,ALTERNATIVE_PAYMENT,0.0,0.0,True
EVT_00001104,PAYMENT_FAILURE,TIMEOUT,UPI,0,12997.43,CUS_000374,MER_00034,0,False,False,ALTERNATIVE_PAYMENT,12997.43,1.0,ALTERNATIVE_PAYMENT,12997.43,0.0,True
EVT_00001123,PAYMENT_FAILURE,ISSUER_DECLINE,CARD,2,9769.08,CUS_000863,MER_00080,0,False,False,ALTERNATIVE_PAYMENT,0.0,0.0,ALTERNATIVE_PAYMENT,0.0,0.0,True
EVT_00001136,CHECKOUT_ABANDONMENT,,UPI,0,589.2,CUS_001408,MER_00158,192,True,False,RECOVERY_REMINDER,589.2,1.0,ALTERNATIVE_PAYMENT,589.2,0.0,False
EVT_00001146,PAYMENT_FAILURE,INSUFFICIENT_BALANCE,CARD,0,1004.7,CUS_001479,MER_00087,0,False,False,ALTERNATIVE_PAYMENT,0.0,0.0,ALTERNATIVE_PAYMENT,0.0,0.0,True
EVT_00001157,PAYMENT_FAILURE,EXPIRED_PAYMENT_METHOD,CARD,1,6844.02,CUS_000841,MER_00105,0,False,False,ALTERNATIVE_PAYMENT,0.0,0.0,RECOVERY_REMINDER,6844.02,6844.02,False
EVT_00001165,SUBSCRIPTION_FAILURE,,CARD,0,8590.33,CUS_001265,MER_00067,0,False,False,ALTERNATIVE_PAYMENT,0.0,0.0,ALTERNATIVE_PAYMENT,0.0,0.0,True
EVT_00001166,PAYMENT_FAILURE,PAYMENT_LIMIT,CARD,2,4315.38,CUS_001612,MER_00140,0,False,False,ALTERNATIVE_PAYMENT,0.0,0.0,RECOVERY_REMINDER,4315.38,4315.38,False
EVT_00001167,SUBSCRIPTION_FAILURE,,NETBANKING,0,2195.06,CUS_001151,MER_00106,0,False,False,ALTERNATIVE_PAYMENT,0.0,0.0,ALTERNATIVE_PAYMENT,0.0,0.0,True
EVT_00001187,PAYMENT_FAILURE,PAYMENT_LIMIT,CARD,1,2058.89,CUS_000866,MER_00022,0,False,False,ALTERNATIVE_PAYMENT,2058.89,1.0,ALTERNATIVE_PAYMENT,2058.89,0.0,True
EVT_00001204,PAYMENT_FAILURE,BANK_TECHNICAL_ERROR,UPI,3,22781.37,CUS_000733,MER_00155,0,False,False,ALTERNATIVE_PAYMENT,22781.37,1.0,ALTERNATIVE_PAYMENT,22781.37,0.0,True
EVT_00001211,PAYMENT_FAILURE,ISSUER_DECLINE,UPI,0,5675.73,CUS_000557,MER_00177,0,False,False,ALTERNATIVE_PAYMENT,5675.73,1.0,ALTERNATIVE_PAYMENT,5675.73,0.0,True
EVT_00001218,PAYMENT_FAILURE,TIMEOUT,CARD,1,2285.7,CUS_001915,MER_00049,0,False,False,ALTERNATIVE_PAYMENT,0.0,0.0,RECOVERY_REMINDER,2285.7,2285.7,False
EVT_00001219,PAYMENT_FAILURE,ISSUER_DECLINE,UPI,0,8437.64,CUS_000732,MER_00106,0,False,False,ALTERNATIVE_PAYMENT,0.0,0.0,RECOVERY_REMINDER,8437.64,8437.64,False
EVT_00001222,PAYMENT_FAILURE,BANK_TECHNICAL_ERROR,CARD,3,2277.25,CUS_000755,MER_00133,0,False,False,ALTERNATIVE_PAYMENT,0.0,0.0,ALTERNATIVE_PAYMENT,0.0,0.0,True
EVT_00001224,PAYMENT_FAILURE,PAYMENT_LIMIT,CARD,0,12819.78,CUS_000639,MER_00032,0,False,False,ALTERNATIVE_PAYMENT,0.0,0.0,HUMAN_ESCALATION,12819.78,12819.78,False
EVT_00001246,PAYMENT_FAILURE,INSUFFICIENT_BALANCE,NETBANKING,1,19491.24,CUS_001475,MER_00145,0,False,False,ALTERNATIVE_PAYMENT,0.0,0.0,RECOVERY_REMINDER,19491.24,19491.24,False
EVT_00001249,PAYMENT_FAILURE,EXPIRED_PAYMENT_METHOD,CARD,0,1057.5,CUS_001203,MER_00157,0,False,False,ALTERNATIVE_PAYMENT,1057.5,1.0,ALTERNATIVE_PAYMENT,1057.5,0.0,True
EVT_00001262,PAYMENT_FAILURE,INSUFFICIENT_BALANCE,WALLET,0,2145.28,CUS_001788,MER_00058,0,False,False,ALTERNATIVE_PAYMENT,0.0,0.0,RETRY_LATER,2145.28,2145.28,False
EVT_00001264,SUBSCRIPTION_FAILURE,,UPI,0,1917.03,CUS_001435,MER_00018,0,False,False,ALTERNATIVE_PAYMENT,1917.03,1.0,ALTERNATIVE_PAYMENT,1917.03,0.0,True
EVT_00001276,PAYMENT_FAILURE,NETWORK_ERROR,UPI,0,8327.91,CUS_000927,MER_00022,0,False,False,ALTERNATIVE_PAYMENT,8327.91,1.0,ALTERNATIVE_PAYMENT,8327.91,0.0,True
EVT_00001290,SUBSCRIPTION_FAILURE,,UPI,0,798.22,CUS_001790,MER_00138,0,False,False,ALTERNATIVE_PAYMENT,0.0,0.0,RECOVERY_REMINDER,798.22,798.22,False
EVT_00001297,PAYMENT_FAILURE,PAYMENT_LIMIT,UPI,2,9399.55,CUS_001911,MER_00196,0,False,False,ALTERNATIVE_PAYMENT,9399.55,1.0,ALTERNATIVE_PAYMENT,9399.55,0.0,True
EVT_00001300,PAYMENT_FAILURE,PAYMENT_LIMIT,NETBANKING,0,2808.28,CUS_000036,MER_00087,0,False,False,ALTERNATIVE_PAYMENT,2808.28,1.0,ALTERNATIVE_PAYMENT,2808.28,0.0,True
EVT_00001301,SUBSCRIPTION_FAILURE,,CARD,0,4594.72,CUS_000066,MER_00015,0,False,False,ALTERNATIVE_PAYMENT,4594.72,1.0,ALTERNATIVE_PAYMENT,4594.72,0.0,True
EVT_00001308,PAYMENT_FAILURE,NETWORK_ERROR,UPI,2,4498.87,CUS_000684,MER_00072,0,False,False,ALTERNATIVE_PAYMENT,0.0,0.0,RETRY_LATER,4498.87,4498.87,False
EVT_00001315,PAYMENT_FAILURE,ISSUER_DECLINE,UPI,0,902.55,CUS_001669,MER_00171,0,False,False,ALTERNATIVE_PAYMENT,0.0,0.0,RETRY_LATER,902.55,902.55,False
EVT_00001316,CHECKOUT_ABANDONMENT,,UPI,0,1296.53,CUS_000044,MER_00136,24,True,False,RECOVERY_REMINDER,1296.53,1.0,RECOVERY_REMINDER,1296.53,0.0,True
EVT_00001329,PAYMENT_FAILURE,INSUFFICIENT_BALANCE,UPI,3,4307.85,CUS_001238,MER_00136,0,False,False,ALTERNATIVE_PAYMENT,0.0,0.0,ALTERNATIVE_PAYMENT,0.0,0.0,True
EVT_00001338,CHECKOUT_ABANDONMENT,,UPI,0,2136.01,CUS_000883,MER_00006,810,True,False,RECOVERY_REMINDER,0.0,0.0,ALTERNATIVE_PAYMENT,2136.01,2136.01,False
EVT_00001341,PAYMENT_FAILURE,NETWORK_ERROR,CARD,3,9487.84,CUS_001279,MER_00128,0,False,False,ALTERNATIVE_PAYMENT,0.0,0.0,ALTERNATIVE_PAYMENT,0.0,0.0,True
EVT_00001343,CHECKOUT_ABANDONMENT,,NETBANKING,0,2049.94,CUS_001512,MER_00156,70,False,False,RECOVERY_REMINDER,0.0,0.0,ALTERNATIVE_PAYMENT,2049.94,2049.94,False
EVT_00001349,CHECKOUT_ABANDONMENT,,WALLET,0,5549.59,CUS_000189,MER_00165,131,False,False,RECOVERY_REMINDER,5549.59,1.0,ALTERNATIVE_PAYMENT,5549.59,0.0,False
EVT_00001356,PAYMENT_FAILURE,EXPIRED_PAYMENT_METHOD,UPI,2,1274.4,CUS_000152,MER_00195,0,False,False,ALTERNATIVE_PAYMENT,1274.4,1.0,ALTERNATIVE_PAYMENT,1274.4,0.0,True
EVT_00001384,CHECKOUT_ABANDONMENT,,NETBANKING,0,6252.83,CUS_001699,MER_00110,200,True,False,RECOVERY_REMINDER,6252.83,1.0,ALTERNATIVE_PAYMENT,6252.83,0.0,False
EVT_00001392,PAYMENT_FAILURE,NETWORK_ERROR,CARD,0,12242.52,CUS_000271,MER_00135,0,False,False,ALTERNATIVE_PAYMENT,0.0,0.0,RECOVERY_REMINDER,12242.52,12242.52,False
EVT_00001394,PAYMENT_FAILURE,ISSUER_DECLINE,UPI,0,9413.23,CUS_001508,MER_00161,0,False,False,ALTERNATIVE_PAYMENT,0.0,0.0,RECOVERY_REMINDER,9413.23,9413.23,False
EVT_00001403,PAYMENT_FAILURE,INSUFFICIENT_BALANCE,CARD,0,18347.39,CUS_001937,MER_00072,0,False,False,ALTERNATIVE_PAYMENT,18347.39,1.0,ALTERNATIVE_PAYMENT,18347.39,0.0,True
EVT_00001408,PAYMENT_FAILURE,INSUFFICIENT_BALANCE,UPI,0,3978.1,CUS_000846,MER_00036,0,False,False,ALTERNATIVE_PAYMENT,3978.1,1.0,ALTERNATIVE_PAYMENT,3978.1,0.0,True
EVT_00001418,PAYMENT_FAILURE,ISSUER_DECLINE,UPI,1,4570.65,CUS_001806,MER_00029,0,False,False,ALTERNATIVE_PAYMENT,4570.65,1.0,ALTERNATIVE_PAYMENT,4570.65,0.0,True
EVT_00001419,CHECKOUT_ABANDONMENT,,CARD,0,18601.64,CUS_001816,MER_00186,285,True,False,RECOVERY_REMINDER,18601.64,1.0,ALTERNATIVE_PAYMENT,18601.64,0.0,False
EVT_00001420,CHECKOUT_ABANDONMENT,,UPI,0,22596.51,CUS_000281,MER_00111,559,True,False,RECOVERY_REMINDER,22596.51,1.0,ALTERNATIVE_PAYMENT,22596.51,0.0,False
EVT_00001428,PAYMENT_FAILURE,TIMEOUT,UPI,2,4367.17,CUS_000973,MER_00199,0,False,False,ALTERNATIVE_PAYMENT,0.0,0.0,RECOVERY_REMINDER,4367.17,4367.17,False
EVT_00001433,PAYMENT_FAILURE,NETWORK_ERROR,UPI,2,33523.53,CUS_000270,MER_00048,0,False,False,ALTERNATIVE_PAYMENT,33523.53,1.0,ALTERNATIVE_PAYMENT,33523.53,0.0,True
EVT_00001434,PAYMENT_FAILURE,EXPIRED_PAYMENT_METHOD,UPI,3,221.55,CUS_000712,MER_00001,0,False,False,ALTERNATIVE_PAYMENT,0.0,0.0,ALTERNATIVE_PAYMENT,0.0,0.0,True
EVT_00001449,PAYMENT_FAILURE,NETWORK_ERROR,WALLET,0,8480.0,CUS_000366,MER_00198,0,False,False,ALTERNATIVE_PAYMENT,0.0,0.0,RETRY_LATER,8480.0,8480.0,False
EVT_00001451,PAYMENT_FAILURE,BANK_TECHNICAL_ERROR,UPI,0,8820.51,CUS_000600,MER_00153,0,False,False,ALTERNATIVE_PAYMENT,8820.51,1.0,ALTERNATIVE_PAYMENT,8820.51,0.0,True
EVT_00001456,PAYMENT_FAILURE,INSUFFICIENT_BALANCE,CARD,3,2403.93,CUS_000159,MER_00109,0,False,False,ALTERNATIVE_PAYMENT,0.0,0.0,ALTERNATIVE_PAYMENT,0.0,0.0,True
EVT_00001463,PAYMENT_FAILURE,INSUFFICIENT_BALANCE,UPI,0,3232.19,CUS_000168,MER_00067,0,False,False,ALTERNATIVE_PAYMENT,0.0,0.0,RECOVERY_REMINDER,3232.19,3232.19,False
EVT_00001464,CHECKOUT_ABANDONMENT,,WALLET,0,1607.6,CUS_000800,MER_00171,603,True,True,RECOVERY_REMINDER,1607.6,1.0,ALTERNATIVE_PAYMENT,1607.6,0.0,False
EVT_00001481,PAYMENT_FAILURE,ISSUER_DECLINE,CARD,2,2460.5,CUS_001505,MER_00051,0,False,False,ALTERNATIVE_PAYMENT,2460.5,1.0,ALTERNATIVE_PAYMENT,2460.5,0.0,True
EVT_00001482,PAYMENT_FAILURE,INSUFFICIENT_BALANCE,CARD,1,7283.71,CUS_000312,MER_00091,0,False,False,ALTERNATIVE_PAYMENT,0.0,0.0,RECOVERY_REMINDER,7283.71,7283.71,False
EVT_00001487,PAYMENT_FAILURE,ISSUER_DECLINE,UPI,1,1738.99,CUS_000748,MER_00018,0,False,False,ALTERNATIVE_PAYMENT,1738.99,1.0,ALTERNATIVE_PAYMENT,1738.99,0.0,True
EVT_00001512,CHECKOUT_ABANDONMENT,,NETBANKING,0,847.77,CUS_000127,MER_00102,75,False,False,RECOVERY_REMINDER,847.77,1.0,ALTERNATIVE_PAYMENT,847.77,0.0,False
EVT_00001529,CHECKOUT_ABANDONMENT,,CARD,0,14700.02,CUS_000008,MER_00134,262,True,False,RECOVERY_REMINDER,14700.02,1.0,ALTERNATIVE_PAYMENT,14700.02,0.0,False
EVT_00001533,PAYMENT_FAILURE,ISSUER_DECLINE,UPI,0,5131.75,CUS_001932,MER_00136,0,False,False,ALTERNATIVE_PAYMENT,0.0,0.0,ALTERNATIVE_PAYMENT,0.0,0.0,True
EVT_00001537,PAYMENT_FAILURE,PAYMENT_LIMIT,UPI,2,24096.83,CUS_001708,MER_00185,0,False,False,ALTERNATIVE_PAYMENT,0.0,0.0,RECOVERY_REMINDER,24096.83,24096.83,False
EVT_00001542,CHECKOUT_ABANDONMENT,,UPI,0,34275.18,CUS_001175,MER_00125,148,True,False,RECOVERY_REMINDER,34275.18,1.0,RECOVERY_REMINDER,34275.18,0.0,True
EVT_00001562,CHECKOUT_ABANDONMENT,,WALLET,0,2698.95,CUS_001263,MER_00045,697,True,False,RECOVERY_REMINDER,2698.95,1.0,ALTERNATIVE_PAYMENT,2698.95,0.0,False
EVT_00001572,SUBSCRIPTION_FAILURE,,CARD,0,3310.05,CUS_000494,MER_00135,0,False,False,ALTERNATIVE_PAYMENT,3310.05,1.0,ALTERNATIVE_PAYMENT,3310.05,0.0,True
EVT_00001633,PAYMENT_FAILURE,PAYMENT_LIMIT,CARD,1,6492.45,CUS_000958,MER_00189,0,False,False,ALTERNATIVE_PAYMENT,0.0,0.0,RECOVERY_REMINDER,6492.45,6492.45,False
EVT_00001639,PAYMENT_FAILURE,ISSUER_DECLINE,CARD,1,5791.74,CUS_001625,MER_00089,0,False,False,ALTERNATIVE_PAYMENT,5791.74,1.0,ALTERNATIVE_PAYMENT,5791.74,0.0,True
EVT_00001641,PAYMENT_FAILURE,INSUFFICIENT_BALANCE,UPI,1,1113.7,CUS_000673,MER_00069,0,False,False,ALTERNATIVE_PAYMENT,1113.7,1.0,ALTERNATIVE_PAYMENT,1113.7,0.0,True
EVT_00001642,PAYMENT_FAILURE,NETWORK_ERROR,UPI,0,3280.12,CUS_001734,MER_00093,0,False,False,ALTERNATIVE_PAYMENT,0.0,0.0,RECOVERY_REMINDER,3280.12,3280.12,False
EVT_00001643,SUBSCRIPTION_FAILURE,,UPI,0,22352.41,CUS_001620,MER_00104,0,False,False,ALTERNATIVE_PAYMENT,22352.41,1.0,ALTERNATIVE_PAYMENT,22352.41,0.0,True
EVT_00001646,PAYMENT_FAILURE,INSUFFICIENT_BALANCE,UPI,1,4970.76,CUS_001286,MER_00110,0,False,False,ALTERNATIVE_PAYMENT,4970.76,1.0,ALTERNATIVE_PAYMENT,4970.76,0.0,True
EVT_00001652,PAYMENT_FAILURE,INSUFFICIENT_BALANCE,UPI,0,10712.75,CUS_000354,MER_00089,0,False,False,ALTERNATIVE_PAYMENT,10712.75,1.0,ALTERNATIVE_PAYMENT,10712.75,0.0,True
EVT_00001657,PAYMENT_FAILURE,INSUFFICIENT_BALANCE,CARD,2,8115.98,CUS_000304,MER_00065,0,False,False,ALTERNATIVE_PAYMENT,0.0,0.0,RECOVERY_REMINDER,8115.98,8115.98,False
EVT_00001658,PAYMENT_FAILURE,INSUFFICIENT_BALANCE,NETBANKING,1,1467.11,CUS_000755,MER_00018,0,False,False,ALTERNATIVE_PAYMENT,0.0,0.0,RETRY_LATER,1467.11,1467.11,False
EVT_00001660,CHECKOUT_ABANDONMENT,,WALLET,0,12556.54,CUS_001728,MER_00064,839,True,False,RECOVERY_REMINDER,12556.54,1.0,RECOVERY_REMINDER,12556.54,0.0,True
EVT_00001669,CHECKOUT_ABANDONMENT,,CARD,0,3795.17,CUS_001953,MER_00150,152,True,False,RECOVERY_REMINDER,3795.17,1.0,ALTERNATIVE_PAYMENT,3795.17,0.0,False
EVT_00001683,PAYMENT_FAILURE,ISSUER_DECLINE,CARD,1,3886.16,CUS_000165,MER_00020,0,False,False,ALTERNATIVE_PAYMENT,3886.16,1.0,ALTERNATIVE_PAYMENT,3886.16,0.0,True
EVT_00001692,PAYMENT_FAILURE,INSUFFICIENT_BALANCE,NETBANKING,1,4785.2,CUS_001432,MER_00146,0,False,False,ALTERNATIVE_PAYMENT,0.0,0.0,ALTERNATIVE_PAYMENT,0.0,0.0,True
EVT_00001697,PAYMENT_FAILURE,PAYMENT_LIMIT,NETBANKING,2,1002.48,CUS_000365,MER_00039,0,False,False,ALTERNATIVE_PAYMENT,0.0,0.0,ALTERNATIVE_PAYMENT,0.0,0.0,True
EVT_00001710,SUBSCRIPTION_FAILURE,,UPI,0,2810.09,CUS_000975,MER_00169,0,False,False,ALTERNATIVE_PAYMENT,2810.09,1.0,ALTERNATIVE_PAYMENT,2810.09,0.0,True
EVT_00001718,PAYMENT_FAILURE,ISSUER_DECLINE,UPI,3,9337.81,CUS_000773,MER_00196,0,False,False,ALTERNATIVE_PAYMENT,0.0,0.0,ALTERNATIVE_PAYMENT,0.0,0.0,True
EVT_00001730,CHECKOUT_ABANDONMENT,,UPI,0,824.85,CUS_000142,MER_00054,599,True,False,RECOVERY_REMINDER,824.85,1.0,ALTERNATIVE_PAYMENT,824.85,0.0,False
EVT_00001745,SUBSCRIPTION_FAILURE,,UPI,0,3483.93,CUS_000139,MER_00039,0,False,False,ALTERNATIVE_PAYMENT,0.0,0.0,HUMAN_ESCALATION,3483.93,3483.93,False
EVT_00001751,PAYMENT_FAILURE,BANK_TECHNICAL_ERROR,CARD,2,5230.72,CUS_000715,MER_00190,0,False,False,ALTERNATIVE_PAYMENT,5230.72,1.0,ALTERNATIVE_PAYMENT,5230.72,0.0,True
EVT_00001759,PAYMENT_FAILURE,EXPIRED_PAYMENT_METHOD,UPI,1,12329.33,CUS_001178,MER_00114,0,False,False,ALTERNATIVE_PAYMENT,0.0,0.0,ALTERNATIVE_PAYMENT,0.0,0.0,True
EVT_00001763,PAYMENT_FAILURE,ISSUER_DECLINE,UPI,2,12387.95,CUS_000141,MER_00029,0,False,False,ALTERNATIVE_PAYMENT,0.0,0.0,HUMAN_ESCALATION,12387.95,12387.95,False
EVT_00001767,PAYMENT_FAILURE,PAYMENT_LIMIT,CARD,0,1698.06,CUS_001383,MER_00071,0,False,False,ALTERNATIVE_PAYMENT,0.0,0.0,ALTERNATIVE_PAYMENT,0.0,0.0,True
EVT_00001768,CHECKOUT_ABANDONMENT,,CARD,0,4801.24,CUS_000724,MER_00108,33,True,False,RECOVERY_REMINDER,4801.24,1.0,ALTERNATIVE_PAYMENT,4801.24,0.0,False
EVT_00001779,SUBSCRIPTION_FAILURE,,UPI,0,28822.87,CUS_000419,MER_00168,0,False,False,ALTERNATIVE_PAYMENT,0.0,0.0,RECOVERY_REMINDER,28822.87,28822.87,False
EVT_00001787,PAYMENT_FAILURE,NETWORK_ERROR,CARD,1,1663.29,CUS_001674,MER_00108,0,False,False,ALTERNATIVE_PAYMENT,0.0,0.0,RECOVERY_REMINDER,1663.29,1663.29,False
EVT_00001792,PAYMENT_FAILURE,BANK_TECHNICAL_ERROR,UPI,2,19697.75,CUS_001556,MER_00033,0,False,False,ALTERNATIVE_PAYMENT,19697.75,1.0,ALTERNATIVE_PAYMENT,19697.75,0.0,True
EVT_00001798,SUBSCRIPTION_FAILURE,,CARD,0,3863.27,CUS_001810,MER_00010,0,False,False,ALTERNATIVE_PAYMENT,0.0,0.0,RETRY_LATER,3863.27,3863.27,False
EVT_00001800,CHECKOUT_ABANDONMENT,,WALLET,0,2269.97,CUS_001074,MER_00194,142,True,False,RECOVERY_REMINDER,2269.97,1.0,ALTERNATIVE_PAYMENT,2269.97,0.0,False
EVT_00001807,PAYMENT_FAILURE,EXPIRED_PAYMENT_METHOD,UPI,3,5258.78,CUS_002000,MER_00032,0,False,False,ALTERNATIVE_PAYMENT,5258.78,1.0,ALTERNATIVE_PAYMENT,5258.78,0.0,True
EVT_00001826,PAYMENT_FAILURE,ISSUER_DECLINE,CARD,0,2852.36,CUS_001624,MER_00152,0,False,False,ALTERNATIVE_PAYMENT,2852.36,1.0,ALTERNATIVE_PAYMENT,2852.36,0.0,True
EVT_00001842,PAYMENT_FAILURE,BANK_TECHNICAL_ERROR,WALLET,3,6174.89,CUS_000476,MER_00117,0,False,False,ALTERNATIVE_PAYMENT,0.0,0.0,ALTERNATIVE_PAYMENT,0.0,0.0,True
EVT_00001861,PAYMENT_FAILURE,ISSUER_DECLINE,CARD,3,3692.34,CUS_001898,MER_00032,0,False,False,ALTERNATIVE_PAYMENT,0.0,0.0,ALTERNATIVE_PAYMENT,0.0,0.0,True
EVT_00001867,PAYMENT_FAILURE,PAYMENT_LIMIT,NETBANKING,0,2556.02,CUS_000576,MER_00105,0,False,False,ALTERNATIVE_PAYMENT,2556.02,1.0,ALTERNATIVE_PAYMENT,2556.02,0.0,True
EVT_00001869,PAYMENT_FAILURE,EXPIRED_PAYMENT_METHOD,CARD,3,19733.3,CUS_000590,MER_00002,0,False,False,ALTERNATIVE_PAYMENT,0.0,0.0,ALTERNATIVE_PAYMENT,0.0,0.0,True
EVT_00001910,CHECKOUT_ABANDONMENT,,UPI,0,18307.96,CUS_000183,MER_00080,641,True,False,RECOVERY_REMINDER,18307.96,1.0,ALTERNATIVE_PAYMENT,18307.96,0.0,False
EVT_00001915,PAYMENT_FAILURE,TIMEOUT,UPI,1,718.55,CUS_000712,MER_00180,0,False,False,ALTERNATIVE_PAYMENT,718.55,1.0,ALTERNATIVE_PAYMENT,718.55,0.0,True
EVT_00001926,PAYMENT_FAILURE,INSUFFICIENT_BALANCE,UPI,2,3672.45,CUS_001670,MER_00063,0,False,False,ALTERNATIVE_PAYMENT,0.0,0.0,ALTERNATIVE_PAYMENT,0.0,0.0,True
EVT_00001943,PAYMENT_FAILURE,INSUFFICIENT_BALANCE,UPI,1,3463.14,CUS_000127,MER_00106,0,False,False,ALTERNATIVE_PAYMENT,0.0,0.0,ALTERNATIVE_PAYMENT,0.0,0.0,True
EVT_00001957,SUBSCRIPTION_FAILURE,,CARD,0,2411.19,CUS_001431,MER_00119,0,False,False,ALTERNATIVE_PAYMENT,0.0,0.0,RETRY_LATER,2411.19,2411.19,False
EVT_00001969,PAYMENT_FAILURE,EXPIRED_PAYMENT_METHOD,UPI,3,5733.45,CUS_001143,MER_00095,0,False,False,ALTERNATIVE_PAYMENT,0.0,0.0,HUMAN_ESCALATION,5733.45,5733.45,False
EVT_00001970,CHECKOUT_ABANDONMENT,,UPI,0,2412.53,CUS_001334,MER_00122,147,True,True,RECOVERY_REMINDER,2412.53,1.0,ALTERNATIVE_PAYMENT,2412.53,0.0,False
EVT_00001993,PAYMENT_FAILURE,TIMEOUT,CARD,2,18592.32,CUS_001606,MER_00198,0,False,False,ALTERNATIVE_PAYMENT,18592.32,1.0,ALTERNATIVE_PAYMENT,18592.32,0.0,True
EVT_00002023,CHECKOUT_ABANDONMENT,,WALLET,0,2434.85,CUS_000134,MER_00153,489,True,False,RECOVERY_REMINDER,0.0,0.0,ALTERNATIVE_PAYMENT,2434.85,2434.85,False
EVT_00002030,PAYMENT_FAILURE,TIMEOUT,WALLET,1,4262.04,CUS_001464,MER_00199,0,False,False,ALTERNATIVE_PAYMENT,0.0,0.0,ALTERNATIVE_PAYMENT,0.0,0.0,True
EVT_00002052,PAYMENT_FAILURE,BANK_TECHNICAL_ERROR,UPI,0,2008.68,CUS_000479,MER_00016,0,False,False,ALTERNATIVE_PAYMENT,2008.68,1.0,ALTERNATIVE_PAYMENT,2008.68,0.0,True
EVT_00002057,PAYMENT_FAILURE,TIMEOUT,NETBANKING,3,10157.33,CUS_001808,MER_00024,0,False,False,ALTERNATIVE_PAYMENT,10157.33,1.0,ALTERNATIVE_PAYMENT,10157.33,0.0,True
EVT_00002062,SUBSCRIPTION_FAILURE,,NETBANKING,0,2534.51,CUS_001871,MER_00064,0,False,False,ALTERNATIVE_PAYMENT,0.0,0.0,ALTERNATIVE_PAYMENT,0.0,0.0,True
EVT_00002070,PAYMENT_FAILURE,INSUFFICIENT_BALANCE,UPI,3,17828.47,CUS_000815,MER_00082,0,False,False,ALTERNATIVE_PAYMENT,0.0,0.0,ALTERNATIVE_PAYMENT,0.0,0.0,True
EVT_00002071,PAYMENT_FAILURE,ISSUER_DECLINE,CARD,2,2413.11,CUS_001115,MER_00001,0,False,False,ALTERNATIVE_PAYMENT,0.0,0.0,RECOVERY_REMINDER,2413.11,2413.11,False
EVT_00002075,CHECKOUT_ABANDONMENT,,UPI,0,3091.27,CUS_001202,MER_00184,863,True,False,RECOVERY_REMINDER,3091.27,1.0,ALTERNATIVE_PAYMENT,3091.27,0.0,False
EVT_00002096,PAYMENT_FAILURE,ISSUER_DECLINE,UPI,1,1215.25,CUS_001199,MER_00013,0,False,False,ALTERNATIVE_PAYMENT,0.0,0.0,RECOVERY_REMINDER,1215.25,1215.25,False
EVT_00002102,PAYMENT_FAILURE,NETWORK_ERROR,CARD,3,9247.69,CUS_000349,MER_00153,0,False,False,ALTERNATIVE_PAYMENT,0.0,0.0,ALTERNATIVE_PAYMENT,0.0,0.0,True
EVT_00002114,PAYMENT_FAILURE,ISSUER_DECLINE,UPI,3,5681.36,CUS_001510,MER_00072,0,False,False,ALTERNATIVE_PAYMENT,5681.36,1.0,ALTERNATIVE_PAYMENT,5681.36,0.0,True
EVT_00002147,SUBSCRIPTION_FAILURE,,NETBANKING,0,1110.85,CUS_001758,MER_00198,0,False,False,ALTERNATIVE_PAYMENT,1110.85,1.0,ALTERNATIVE_PAYMENT,1110.85,0.0,True
EVT_00002150,PAYMENT_FAILURE,TIMEOUT,UPI,2,52028.64,CUS_001472,MER_00069,0,False,False,ALTERNATIVE_PAYMENT,52028.64,1.0,ALTERNATIVE_PAYMENT,52028.64,0.0,True
EVT_00002174,CHECKOUT_ABANDONMENT,,UPI,0,5350.35,CUS_001899,MER_00086,362,True,False,RECOVERY_REMINDER,5350.35,1.0,ALTERNATIVE_PAYMENT,5350.35,0.0,False
EVT_00002191,PAYMENT_FAILURE,INSUFFICIENT_BALANCE,NETBANKING,3,370.03,CUS_001617,MER_00106,0,False,False,ALTERNATIVE_PAYMENT,0.0,0.0,ALTERNATIVE_PAYMENT,0.0,0.0,True
EVT_00002194,PAYMENT_FAILURE,EXPIRED_PAYMENT_METHOD,NETBANKING,0,6374.7,CUS_000255,MER_00082,0,False,False,ALTERNATIVE_PAYMENT,6374.7,1.0,ALTERNATIVE_PAYMENT,6374.7,0.0,True
EVT_00002204,CHECKOUT_ABANDONMENT,,WALLET,0,63873.75,CUS_001113,MER_00177,259,True,True,RECOVERY_REMINDER,63873.75,1.0,ALTERNATIVE_PAYMENT,63873.75,0.0,False
EVT_00002211,PAYMENT_FAILURE,TIMEOUT,UPI,3,1288.71,CUS_000001,MER_00179,0,False,False,ALTERNATIVE_PAYMENT,0.0,0.0,ALTERNATIVE_PAYMENT,0.0,0.0,True
EVT_00002212,PAYMENT_FAILURE,TIMEOUT,WALLET,1,2102.44,CUS_001837,MER_00090,0,False,False,ALTERNATIVE_PAYMENT,0.0,0.0,RECOVERY_REMINDER,2102.44,2102.44,False
EVT_00002214,PAYMENT_FAILURE,PAYMENT_LIMIT,UPI,0,3549.74,CUS_000539,MER_00015,0,False,False,ALTERNATIVE_PAYMENT,0.0,0.0,RECOVERY_REMINDER,3549.74,3549.74,False
EVT_00002225,PAYMENT_FAILURE,ISSUER_DECLINE,CARD,1,4869.28,CUS_000167,MER_00128,0,False,False,ALTERNATIVE_PAYMENT,4869.28,1.0,ALTERNATIVE_PAYMENT,4869.28,0.0,True
EVT_00002237,PAYMENT_FAILURE,TIMEOUT,UPI,0,1063.42,CUS_001191,MER_00084,0,False,False,ALTERNATIVE_PAYMENT,1063.42,1.0,ALTERNATIVE_PAYMENT,1063.42,0.0,True
EVT_00002249,PAYMENT_FAILURE,INSUFFICIENT_BALANCE,CARD,2,5580.36,CUS_000562,MER_00018,0,False,False,ALTERNATIVE_PAYMENT,0.0,0.0,RECOVERY_REMINDER,5580.36,5580.36,False
EVT_00002254,PAYMENT_FAILURE,EXPIRED_PAYMENT_METHOD,CARD,0,9698.48,CUS_001337,MER_00193,0,False,False,ALTERNATIVE_PAYMENT,0.0,0.0,RECOVERY_REMINDER,9698.48,9698.48,False
EVT_00002256,PAYMENT_FAILURE,PAYMENT_LIMIT,UPI,3,6331.19,CUS_000066,MER_00028,0,False,False,ALTERNATIVE_PAYMENT,0.0,0.0,ALTERNATIVE_PAYMENT,0.0,0.0,True
EVT_00002270,CHECKOUT_ABANDONMENT,,CARD,0,3499.81,CUS_000739,MER_00153,40,True,False,RECOVERY_REMINDER,3499.81,1.0,RECOVERY_REMINDER,3499.81,0.0,True
EVT_00002285,PAYMENT_FAILURE,ISSUER_DECLINE,UPI,2,3969.94,CUS_001966,MER_00200,0,False,False,ALTERNATIVE_PAYMENT,0.0,0.0,ALTERNATIVE_PAYMENT,0.0,0.0,True
EVT_00002290,PAYMENT_FAILURE,TIMEOUT,UPI,2,2292.02,CUS_000631,MER_00008,0,False,False,ALTERNATIVE_PAYMENT,0.0,0.0,ALTERNATIVE_PAYMENT,0.0,0.0,True
EVT_00002292,PAYMENT_FAILURE,INSUFFICIENT_BALANCE,CARD,2,9631.46,CUS_000422,MER_00076,0,False,False,ALTERNATIVE_PAYMENT,0.0,0.0,RECOVERY_REMINDER,9631.46,9631.46,False
EVT_00002295,PAYMENT_FAILURE,NETWORK_ERROR,NETBANKING,3,2352.38,CUS_001349,MER_00019,0,False,False,ALTERNATIVE_PAYMENT,0.0,0.0,ALTERNATIVE_PAYMENT,0.0,0.0,True
EVT_00002303,PAYMENT_FAILURE,TIMEOUT,UPI,2,6340.36,CUS_001204,MER_00004,0,False,False,ALTERNATIVE_PAYMENT,0.0,0.0,RECOVERY_REMINDER,6340.36,6340.36,False
EVT_00002304,PAYMENT_FAILURE,TIMEOUT,CARD,2,944.31,CUS_001391,MER_00014,0,False,False,ALTERNATIVE_PAYMENT,0.0,0.0,RECOVERY_REMINDER,944.31,944.31,False
EVT_00002309,PAYMENT_FAILURE,TIMEOUT,UPI,0,1024.52,CUS_001914,MER_00161,0,False,False,ALTERNATIVE_PAYMENT,1024.52,1.0,ALTERNATIVE_PAYMENT,1024.52,0.0,True
EVT_00002313,PAYMENT_FAILURE,PAYMENT_LIMIT,UPI,2,4906.83,CUS_000505,MER_00066,0,False,False,ALTERNATIVE_PAYMENT,4906.83,1.0,ALTERNATIVE_PAYMENT,4906.83,0.0,True
EVT_00002315,PAYMENT_FAILURE,EXPIRED_PAYMENT_METHOD,CARD,3,2750.15,CUS_001339,MER_00021,0,False,False,ALTERNATIVE_PAYMENT,0.0,0.0,ALTERNATIVE_PAYMENT,0.0,0.0,True
EVT_00002320,PAYMENT_FAILURE,INSUFFICIENT_BALANCE,UPI,0,4604.61,CUS_001641,MER_00127,0,False,False,ALTERNATIVE_PAYMENT,0.0,0.0,ALTERNATIVE_PAYMENT,0.0,0.0,True
EVT_00002333,PAYMENT_FAILURE,TIMEOUT,UPI,3,1575.38,CUS_001652,MER_00156,0,False,False,ALTERNATIVE_PAYMENT,0.0,0.0,HUMAN_ESCALATION,1575.38,1575.38,False
EVT_00002339,PAYMENT_FAILURE,BANK_TECHNICAL_ERROR,CARD,1,663.09,CUS_001408,MER_00123,0,False,False,ALTERNATIVE_PAYMENT,0.0,0.0,RECOVERY_REMINDER,663.09,663.09,False
EVT_00002341,PAYMENT_FAILURE,ISSUER_DECLINE,CARD,3,9921.94,CUS_000061,MER_00117,0,False,False,ALTERNATIVE_PAYMENT,0.0,0.0,ALTERNATIVE_PAYMENT,0.0,0.0,True
EVT_00002367,CHECKOUT_ABANDONMENT,,UPI,0,5924.0,CUS_001192,MER_00064,292,True,False,RECOVERY_REMINDER,5924.0,1.0,ALTERNATIVE_PAYMENT,5924.0,0.0,False
EVT_00002387,PAYMENT_FAILURE,BANK_TECHNICAL_ERROR,UPI,3,4066.22,CUS_000857,MER_00046,0,False,False,ALTERNATIVE_PAYMENT,0.0,0.0,HUMAN_ESCALATION,4066.22,4066.22,False
EVT_00002396,SUBSCRIPTION_FAILURE,,NETBANKING,0,8670.58,CUS_001196,MER_00062,0,False,False,ALTERNATIVE_PAYMENT,8670.58,1.0,ALTERNATIVE_PAYMENT,8670.58,0.0,True
EVT_00002398,PAYMENT_FAILURE,TIMEOUT,UPI,1,5596.72,CUS_000549,MER_00002,0,False,False,ALTERNATIVE_PAYMENT,5596.72,1.0,ALTERNATIVE_PAYMENT,5596.72,0.0,True
EVT_00002413,PAYMENT_FAILURE,INSUFFICIENT_BALANCE,UPI,0,1656.78,CUS_000853,MER_00065,0,False,False,ALTERNATIVE_PAYMENT,0.0,0.0,RECOVERY_REMINDER,1656.78,1656.78,False
EVT_00002416,CHECKOUT_ABANDONMENT,,UPI,0,1509.38,CUS_001823,MER_00054,816,True,True,RECOVERY_REMINDER,1509.38,1.0,ALTERNATIVE_PAYMENT,1509.38,0.0,False
EVT_00002421,SUBSCRIPTION_FAILURE,,UPI,0,4874.13,CUS_001622,MER_00180,0,False,False,ALTERNATIVE_PAYMENT,0.0,0.0,ALTERNATIVE_PAYMENT,0.0,0.0,True
EVT_00002426,PAYMENT_FAILURE,BANK_TECHNICAL_ERROR,UPI,1,6820.92,CUS_001347,MER_00199,0,False,False,ALTERNATIVE_PAYMENT,6820.92,1.0,ALTERNATIVE_PAYMENT,6820.92,0.0,True
EVT_00002432,PAYMENT_FAILURE,TIMEOUT,CARD,2,25708.46,CUS_001338,MER_00065,0,False,False,ALTERNATIVE_PAYMENT,0.0,0.0,HUMAN_ESCALATION,25708.46,25708.46,False
EVT_00002433,PAYMENT_FAILURE,INSUFFICIENT_BALANCE,NETBANKING,0,1958.79,CUS_001436,MER_00074,0,False,False,ALTERNATIVE_PAYMENT,0.0,0.0,RETRY_LATER,1958.79,1958.79,False
EVT_00002434,CHECKOUT_ABANDONMENT,,UPI,0,11244.21,CUS_000172,MER_00024,303,False,False,RECOVERY_REMINDER,11244.21,1.0,ALTERNATIVE_PAYMENT,11244.21,0.0,False
EVT_00002436,PAYMENT_FAILURE,BANK_TECHNICAL_ERROR,CARD,2,4167.77,CUS_000867,MER_00077,0,False,False,ALTERNATIVE_PAYMENT,0.0,0.0,RECOVERY_REMINDER,4167.77,4167.77,False
EVT_00002450,CHECKOUT_ABANDONMENT,,CARD,0,3295.16,CUS_002000,MER_00177,326,True,False,RECOVERY_REMINDER,3295.16,1.0,ALTERNATIVE_PAYMENT,3295.16,0.0,False
EVT_00002454,CHECKOUT_ABANDONMENT,,CARD,0,6665.21,CUS_000534,MER_00121,86,True,False,RECOVERY_REMINDER,6665.21,1.0,RECOVERY_REMINDER,6665.21,0.0,True
EVT_00002456,PAYMENT_FAILURE,TIMEOUT,CARD,1,1794.51,CUS_000475,MER_00123,0,False,False,ALTERNATIVE_PAYMENT,1794.51,1.0,ALTERNATIVE_PAYMENT,1794.51,0.0,True
EVT_00002477,PAYMENT_FAILURE,NETWORK_ERROR,CARD,0,11877.76,CUS_001475,MER_00052,0,False,False,ALTERNATIVE_PAYMENT,0.0,0.0,RECOVERY_REMINDER,11877.76,11877.76,False
EVT_00002483,PAYMENT_FAILURE,BANK_TECHNICAL_ERROR,UPI,2,22571.35,CUS_000444,MER_00054,0,False,False,ALTERNATIVE_PAYMENT,22571.35,1.0,ALTERNATIVE_PAYMENT,22571.35,0.0,True
EVT_00002495,PAYMENT_FAILURE,INSUFFICIENT_BALANCE,UPI,1,2994.13,CUS_000913,MER_00118,0,False,False,ALTERNATIVE_PAYMENT,2994.13,1.0,ALTERNATIVE_PAYMENT,2994.13,0.0,True
EVT_00002499,CHECKOUT_ABANDONMENT,,UPI,0,12937.09,CUS_000367,MER_00070,247,True,True,RECOVERY_REMINDER,12937.09,1.0,RECOVERY_REMINDER,12937.09,0.0,True
EVT_00002507,SUBSCRIPTION_FAILURE,,CARD,0,4834.08,CUS_001083,MER_00162,0,False,False,ALTERNATIVE_PAYMENT,0.0,0.0,RETRY_LATER,4834.08,4834.08,False
EVT_00002511,PAYMENT_FAILURE,TIMEOUT,UPI,0,5180.09,CUS_000905,MER_00149,0,False,False,ALTERNATIVE_PAYMENT,0.0,0.0,RECOVERY_REMINDER,5180.09,5180.09,False
EVT_00002514,PAYMENT_FAILURE,ISSUER_DECLINE,UPI,3,5653.52,CUS_000262,MER_00033,0,False,False,ALTERNATIVE_PAYMENT,0.0,0.0,ALTERNATIVE_PAYMENT,0.0,0.0,True
EVT_00002518,PAYMENT_FAILURE,BANK_TECHNICAL_ERROR,UPI,0,6927.6,CUS_001916,MER_00096,0,False,False,ALTERNATIVE_PAYMENT,6927.6,1.0,ALTERNATIVE_PAYMENT,6927.6,0.0,True
EVT_00002519,PAYMENT_FAILURE,ISSUER_DECLINE,CARD,3,11526.8,CUS_000323,MER_00149,0,False,False,ALTERNATIVE_PAYMENT,11526.8,1.0,ALTERNATIVE_PAYMENT,11526.8,0.0,True
EVT_00002526,PAYMENT_FAILURE,NETWORK_ERROR,UPI,3,7021.81,CUS_000683,MER_00077,0,False,False,ALTERNATIVE_PAYMENT,0.0,0.0,ALTERNATIVE_PAYMENT,0.0,0.0,True
EVT_00002530,PAYMENT_FAILURE,BANK_TECHNICAL_ERROR,NETBANKING,2,10187.94,CUS_000827,MER_00162,0,False,False,ALTERNATIVE_PAYMENT,10187.94,1.0,ALTERNATIVE_PAYMENT,10187.94,0.0,True
EVT_00002534,PAYMENT_FAILURE,ISSUER_DECLINE,UPI,3,3769.86,CUS_001664,MER_00008,0,False,False,ALTERNATIVE_PAYMENT,0.0,0.0,ALTERNATIVE_PAYMENT,0.0,0.0,True
EVT_00002537,SUBSCRIPTION_FAILURE,,UPI,0,416.98,CUS_000687,MER_00093,0,False,False,ALTERNATIVE_PAYMENT,0.0,0.0,RECOVERY_REMINDER,416.98,416.98,False
EVT_00002538,PAYMENT_FAILURE,TIMEOUT,UPI,3,2469.97,CUS_000139,MER_00020,0,False,False,ALTERNATIVE_PAYMENT,2469.97,1.0,ALTERNATIVE_PAYMENT,2469.97,0.0,True
EVT_00002550,PAYMENT_FAILURE,INSUFFICIENT_BALANCE,CARD,2,912.31,CUS_001203,MER_00035,0,False,False,ALTERNATIVE_PAYMENT,0.0,0.0,ALTERNATIVE_PAYMENT,0.0,0.0,True
EVT_00002557,PAYMENT_FAILURE,EXPIRED_PAYMENT_METHOD,NETBANKING,0,6057.3,CUS_001993,MER_00193,0,False,False,ALTERNATIVE_PAYMENT,0.0,0.0,ALTERNATIVE_PAYMENT,0.0,0.0,True
EVT_00002558,PAYMENT_FAILURE,ISSUER_DECLINE,CARD,1,5019.24,CUS_000485,MER_00136,0,False,False,ALTERNATIVE_PAYMENT,0.0,0.0,ALTERNATIVE_PAYMENT,0.0,0.0,True
EVT_00002560,PAYMENT_FAILURE,ISSUER_DECLINE,CARD,0,721.5,CUS_000582,MER_00008,0,False,False,ALTERNATIVE_PAYMENT,721.5,1.0,ALTERNATIVE_PAYMENT,721.5,0.0,True
EVT_00002564,PAYMENT_FAILURE,TIMEOUT,UPI,3,5598.96,CUS_000284,MER_00101,0,False,False,ALTERNATIVE_PAYMENT,0.0,0.0,HUMAN_ESCALATION,5598.96,5598.96,False
EVT_00002577,PAYMENT_FAILURE,EXPIRED_PAYMENT_METHOD,CARD,0,8356.26,CUS_001245,MER_00048,0,False,False,ALTERNATIVE_PAYMENT,8356.26,1.0,ALTERNATIVE_PAYMENT,8356.26,0.0,True
EVT_00002579,PAYMENT_FAILURE,BANK_TECHNICAL_ERROR,CARD,0,17462.04,CUS_001517,MER_00107,0,False,False,ALTERNATIVE_PAYMENT,0.0,0.0,RECOVERY_REMINDER,17462.04,17462.04,False
EVT_00002612,PAYMENT_FAILURE,INSUFFICIENT_BALANCE,UPI,0,6401.98,CUS_000077,MER_00008,0,False,False,ALTERNATIVE_PAYMENT,0.0,0.0,RETRY_LATER,6401.98,6401.98,False
EVT_00002618,SUBSCRIPTION_FAILURE,,UPI,0,1754.29,CUS_000248,MER_00004,0,False,False,ALTERNATIVE_PAYMENT,0.0,0.0,RECOVERY_REMINDER,1754.29,1754.29,False
EVT_00002621,SUBSCRIPTION_FAILURE,,UPI,0,7120.14,CUS_001885,MER_00088,0,False,False,ALTERNATIVE_PAYMENT,7120.14,1.0,ALTERNATIVE_PAYMENT,7120.14,0.0,True
EVT_00002624,CHECKOUT_ABANDONMENT,,UPI,0,3609.65,CUS_001158,MER_00199,194,True,False,RECOVERY_REMINDER,3609.65,1.0,ALTERNATIVE_PAYMENT,3609.65,0.0,False
EVT_00002632,SUBSCRIPTION_FAILURE,,NETBANKING,0,8083.2,CUS_000806,MER_00075,0,False,False,ALTERNATIVE_PAYMENT,8083.2,1.0,ALTERNATIVE_PAYMENT,8083.2,0.0,True
EVT_00002634,PAYMENT_FAILURE,TIMEOUT,CARD,3,1351.61,CUS_001276,MER_00071,0,False,False,ALTERNATIVE_PAYMENT,1351.61,1.0,ALTERNATIVE_PAYMENT,1351.61,0.0,True
EVT_00002650,SUBSCRIPTION_FAILURE,,NETBANKING,0,1842.21,CUS_001159,MER_00065,0,False,False,ALTERNATIVE_PAYMENT,0.0,0.0,RECOVERY_REMINDER,1842.21,1842.21,False
EVT_00002656,CHECKOUT_ABANDONMENT,,UPI,0,2393.47,CUS_000254,MER_00138,888,True,True,RECOVERY_REMINDER,2393.47,1.0,ALTERNATIVE_PAYMENT,2393.47,0.0,False
EVT_00002657,PAYMENT_FAILURE,PAYMENT_LIMIT,WALLET,1,3192.96,CUS_000491,MER_00103,0,False,False,ALTERNATIVE_PAYMENT,0.0,0.0,RECOVERY_REMINDER,3192.96,3192.96,False
EVT_00002662,SUBSCRIPTION_FAILURE,,UPI,0,5725.61,CUS_000677,MER_00005,0,False,False,ALTERNATIVE_PAYMENT,0.0,0.0,HUMAN_ESCALATION,5725.61,5725.61,False
EVT_00002671,CHECKOUT_ABANDONMENT,,NETBANKING,0,565.47,CUS_001931,MER_00014,178,True,True,RECOVERY_REMINDER,565.47,1.0,ALTERNATIVE_PAYMENT,565.47,0.0,False
EVT_00002679,CHECKOUT_ABANDONMENT,,CARD,0,4566.87,CUS_001159,MER_00051,198,True,True,RECOVERY_REMINDER,4566.87,1.0,ALTERNATIVE_PAYMENT,4566.87,0.0,False
EVT_00002685,CHECKOUT_ABANDONMENT,,CARD,0,13393.48,CUS_000758,MER_00037,319,True,False,RECOVERY_REMINDER,13393.48,1.0,ALTERNATIVE_PAYMENT,13393.48,0.0,False
EVT_00002687,CHECKOUT_ABANDONMENT,,UPI,0,16435.23,CUS_000165,MER_00187,496,True,False,RECOVERY_REMINDER,16435.23,1.0,ALTERNATIVE_PAYMENT,16435.23,0.0,False
EVT_00002691,CHECKOUT_ABANDONMENT,,CARD,0,4397.35,CUS_000634,MER_00054,139,True,False,RECOVERY_REMINDER,4397.35,1.0,ALTERNATIVE_PAYMENT,4397.35,0.0,False
EVT_00002701,SUBSCRIPTION_FAILURE,,CARD,0,3898.4,CUS_001648,MER_00145,0,False,False,ALTERNATIVE_PAYMENT,3898.4,1.0,ALTERNATIVE_PAYMENT,3898.4,0.0,True
EVT_00002710,CHECKOUT_ABANDONMENT,,CARD,0,2909.83,CUS_000953,MER_00164,614,True,False,RECOVERY_REMINDER,2909.83,1.0,ALTERNATIVE_PAYMENT,2909.83,0.0,False
EVT_00002717,PAYMENT_FAILURE,ISSUER_DECLINE,CARD,2,5077.4,CUS_000136,MER_00142,0,False,False,ALTERNATIVE_PAYMENT,5077.4,1.0,ALTERNATIVE_PAYMENT,5077.4,0.0,True
EVT_00002721,PAYMENT_FAILURE,PAYMENT_LIMIT,UPI,2,2255.53,CUS_000752,MER_00049,0,False,False,ALTERNATIVE_PAYMENT,0.0,0.0,ALTERNATIVE_PAYMENT,0.0,0.0,True
EVT_00002728,CHECKOUT_ABANDONMENT,,NETBANKING,0,3808.84,CUS_000647,MER_00040,391,True,False,RECOVERY_REMINDER,3808.84,1.0,ALTERNATIVE_PAYMENT,3808.84,0.0,False
EVT_00002739,PAYMENT_FAILURE,INSUFFICIENT_BALANCE,UPI,3,4894.72,CUS_000796,MER_00152,0,False,False,ALTERNATIVE_PAYMENT,4894.72,1.0,ALTERNATIVE_PAYMENT,4894.72,0.0,True
EVT_00002744,CHECKOUT_ABANDONMENT,,UPI,0,3152.0,CUS_000576,MER_00155,290,True,True,RECOVERY_REMINDER,0.0,0.0,ALTERNATIVE_PAYMENT,0.0,0.0,False
EVT_00002746,PAYMENT_FAILURE,INSUFFICIENT_BALANCE,CARD,2,2670.2,CUS_001413,MER_00106,0,False,False,ALTERNATIVE_PAYMENT,2670.2,1.0,ALTERNATIVE_PAYMENT,2670.2,0.0,True
EVT_00002755,SUBSCRIPTION_FAILURE,,CARD,0,18107.92,CUS_000113,MER_00133,0,False,False,ALTERNATIVE_PAYMENT,18107.92,1.0,ALTERNATIVE_PAYMENT,18107.92,0.0,True
EVT_00002756,SUBSCRIPTION_FAILURE,,CARD,0,4341.03,CUS_001547,MER_00186,0,False,False,ALTERNATIVE_PAYMENT,4341.03,1.0,ALTERNATIVE_PAYMENT,4341.03,0.0,True
EVT_00002760,PAYMENT_FAILURE,NETWORK_ERROR,CARD,2,2253.99,CUS_000895,MER_00154,0,False,False,ALTERNATIVE_PAYMENT,0.0,0.0,ALTERNATIVE_PAYMENT,0.0,0.0,True
EVT_00002766,PAYMENT_FAILURE,TIMEOUT,WALLET,1,1799.06,CUS_001429,MER_00118,0,False,False,ALTERNATIVE_PAYMENT,1799.06,1.0,ALTERNATIVE_PAYMENT,1799.06,0.0,True
EVT_00002769,CHECKOUT_ABANDONMENT,,CARD,0,11226.1,CUS_000478,MER_00001,667,True,False,RECOVERY_REMINDER,11226.1,1.0,RECOVERY_REMINDER,11226.1,0.0,True
EVT_00002772,PAYMENT_FAILURE,BANK_TECHNICAL_ERROR,NETBANKING,3,26009.0,CUS_001649,MER_00052,0,False,False,ALTERNATIVE_PAYMENT,26009.0,1.0,ALTERNATIVE_PAYMENT,26009.0,0.0,True
EVT_00002775,PAYMENT_FAILURE,ISSUER_DECLINE,UPI,2,4934.87,CUS_001385,MER_00183,0,False,False,ALTERNATIVE_PAYMENT,0.0,0.0,HUMAN_ESCALATION,4934.87,4934.87,False
EVT_00002780,PAYMENT_FAILURE,NETWORK_ERROR,CARD,2,2163.99,CUS_001743,MER_00197,0,False,False,ALTERNATIVE_PAYMENT,2163.99,1.0,ALTERNATIVE_PAYMENT,2163.99,0.0,True
EVT_00002782,PAYMENT_FAILURE,TIMEOUT,CARD,0,34173.78,CUS_000294,MER_00123,0,False,False,ALTERNATIVE_PAYMENT,34173.78,1.0,ALTERNATIVE_PAYMENT,34173.78,0.0,True
EVT_00002783,PAYMENT_FAILURE,EXPIRED_PAYMENT_METHOD,NETBANKING,3,2300.23,CUS_000585,MER_00096,0,False,False,ALTERNATIVE_PAYMENT,2300.23,1.0,ALTERNATIVE_PAYMENT,2300.23,0.0,True
EVT_00002784,CHECKOUT_ABANDONMENT,,CARD,0,1325.04,CUS_001992,MER_00032,408,True,False,RECOVERY_REMINDER,1325.04,1.0,ALTERNATIVE_PAYMENT,1325.04,0.0,False
EVT_00002798,CHECKOUT_ABANDONMENT,,NETBANKING,0,3186.35,CUS_000772,MER_00056,170,True,False,RECOVERY_REMINDER,3186.35,1.0,ALTERNATIVE_PAYMENT,3186.35,0.0,False
EVT_00002803,PAYMENT_FAILURE,ISSUER_DECLINE,UPI,2,10750.52,CUS_001563,MER_00141,0,False,False,ALTERNATIVE_PAYMENT,10750.52,1.0,ALTERNATIVE_PAYMENT,10750.52,0.0,True
EVT_00002808,SUBSCRIPTION_FAILURE,,NETBANKING,0,11823.76,CUS_001775,MER_00075,0,False,False,ALTERNATIVE_PAYMENT,0.0,0.0,ALTERNATIVE_PAYMENT,0.0,0.0,True
EVT_00002810,CHECKOUT_ABANDONMENT,,UPI,0,1791.06,CUS_000837,MER_00123,466,True,False,RECOVERY_REMINDER,1791.06,1.0,ALTERNATIVE_PAYMENT,1791.06,0.0,False
EVT_00002811,PAYMENT_FAILURE,PAYMENT_LIMIT,NETBANKING,1,1422.88,CUS_000362,MER_00101,0,False,False,ALTERNATIVE_PAYMENT,1422.88,1.0,ALTERNATIVE_PAYMENT,1422.88,0.0,True
EVT_00002826,PAYMENT_FAILURE,NETWORK_ERROR,UPI,3,4030.65,CUS_000897,MER_00079,0,False,False,ALTERNATIVE_PAYMENT,4030.65,1.0,ALTERNATIVE_PAYMENT,4030.65,0.0,True
EVT_00002838,SUBSCRIPTION_FAILURE,,CARD,0,1501.66,CUS_000110,MER_00013,0,False,False,ALTERNATIVE_PAYMENT,1501.66,1.0,ALTERNATIVE_PAYMENT,1501.66,0.0,True
EVT_00002840,PAYMENT_FAILURE,INSUFFICIENT_BALANCE,UPI,1,5884.69,CUS_001799,MER_00077,0,False,False,ALTERNATIVE_PAYMENT,5884.69,1.0,ALTERNATIVE_PAYMENT,5884.69,0.0,True
EVT_00002844,CHECKOUT_ABANDONMENT,,UPI,0,11102.7,CUS_001909,MER_00077,392,True,True,RECOVERY_REMINDER,11102.7,1.0,ALTERNATIVE_PAYMENT,11102.7,0.0,False
EVT_00002849,PAYMENT_FAILURE,INSUFFICIENT_BALANCE,CARD,1,9005.19,CUS_001179,MER_00175,0,False,False,ALTERNATIVE_PAYMENT,9005.19,1.0,ALTERNATIVE_PAYMENT,9005.19,0.0,True
EVT_00002857,CHECKOUT_ABANDONMENT,,WALLET,0,1722.95,CUS_001658,MER_00088,311,False,True,RECOVERY_REMINDER,1722.95,1.0,RECOVERY_REMINDER,1722.95,0.0,True
EVT_00002859,PAYMENT_FAILURE,EXPIRED_PAYMENT_METHOD,UPI,3,16006.07,CUS_001937,MER_00140,0,False,False,ALTERNATIVE_PAYMENT,16006.07,1.0,ALTERNATIVE_PAYMENT,16006.07,0.0,True
EVT_00002863,CHECKOUT_ABANDONMENT,,CARD,0,2786.74,CUS_001077,MER_00052,503,True,False,RECOVERY_REMINDER,2786.74,1.0,ALTERNATIVE_PAYMENT,2786.74,0.0,False
EVT_00002864,PAYMENT_FAILURE,TIMEOUT,UPI,3,1913.42,CUS_000365,MER_00125,0,False,False,ALTERNATIVE_PAYMENT,0.0,0.0,ALTERNATIVE_PAYMENT,0.0,0.0,True
EVT_00002869,PAYMENT_FAILURE,ISSUER_DECLINE,CARD,0,834.73,CUS_001275,MER_00048,0,False,False,ALTERNATIVE_PAYMENT,834.73,1.0,ALTERNATIVE_PAYMENT,834.73,0.0,True
EVT_00002871,PAYMENT_FAILURE,INSUFFICIENT_BALANCE,UPI,1,3360.17,CUS_001287,MER_00159,0,False,False,ALTERNATIVE_PAYMENT,3360.17,1.0,ALTERNATIVE_PAYMENT,3360.17,0.0,True
EVT_00002874,PAYMENT_FAILURE,BANK_TECHNICAL_ERROR,UPI,3,1863.78,CUS_000492,MER_00013,0,False,False,ALTERNATIVE_PAYMENT,1863.78,1.0,ALTERNATIVE_PAYMENT,1863.78,0.0,True
EVT_00002875,PAYMENT_FAILURE,INSUFFICIENT_BALANCE,NETBANKING,0,2067.2,CUS_001650,MER_00161,0,False,False,ALTERNATIVE_PAYMENT,2067.2,1.0,ALTERNATIVE_PAYMENT,2067.2,0.0,True
EVT_00002897,PAYMENT_FAILURE,INSUFFICIENT_BALANCE,UPI,3,8219.27,CUS_000426,MER_00137,0,False,False,ALTERNATIVE_PAYMENT,0.0,0.0,ALTERNATIVE_PAYMENT,0.0,0.0,True
EVT_00002900,PAYMENT_FAILURE,INSUFFICIENT_BALANCE,WALLET,1,20734.69,CUS_000350,MER_00033,0,False,False,ALTERNATIVE_PAYMENT,0.0,0.0,HUMAN_ESCALATION,20734.69,20734.69,False
EVT_00002901,PAYMENT_FAILURE,BANK_TECHNICAL_ERROR,CARD,3,10886.67,CUS_001319,MER_00098,0,False,False,ALTERNATIVE_PAYMENT,0.0,0.0,ALTERNATIVE_PAYMENT,0.0,0.0,True
EVT_00002916,PAYMENT_FAILURE,NETWORK_ERROR,CARD,1,2497.4,CUS_001840,MER_00175,0,False,False,ALTERNATIVE_PAYMENT,0.0,0.0,RECOVERY_REMINDER,2497.4,2497.4,False
EVT_00002926,PAYMENT_FAILURE,ISSUER_DECLINE,UPI,3,28760.3,CUS_001569,MER_00118,0,False,False,ALTERNATIVE_PAYMENT,28760.3,1.0,ALTERNATIVE_PAYMENT,28760.3,0.0,True
EVT_00002930,PAYMENT_FAILURE,ISSUER_DECLINE,CARD,2,6137.69,CUS_001778,MER_00155,0,False,False,ALTERNATIVE_PAYMENT,0.0,0.0,ALTERNATIVE_PAYMENT,0.0,0.0,True
EVT_00002931,CHECKOUT_ABANDONMENT,,NETBANKING,0,20421.33,CUS_001207,MER_00135,105,True,False,RECOVERY_REMINDER,0.0,0.0,ALTERNATIVE_PAYMENT,20421.33,20421.33,False
EVT_00002948,PAYMENT_FAILURE,PAYMENT_LIMIT,UPI,0,2779.26,CUS_000333,MER_00199,0,False,False,ALTERNATIVE_PAYMENT,0.0,0.0,ALTERNATIVE_PAYMENT,0.0,0.0,True
EVT_00002949,CHECKOUT_ABANDONMENT,,NETBANKING,0,8763.56,CUS_000442,MER_00027,75,True,False,RECOVERY_REMINDER,8763.56,1.0,RECOVERY_REMINDER,8763.56,0.0,True
EVT_00002958,CHECKOUT_ABANDONMENT,,WALLET,0,8382.84,CUS_001688,MER_00040,844,True,False,RECOVERY_REMINDER,8382.84,1.0,RECOVERY_REMINDER,8382.84,0.0,True
EVT_00002963,CHECKOUT_ABANDONMENT,,NETBANKING,0,4390.64,CUS_000194,MER_00124,871,True,False,RECOVERY_REMINDER,4390.64,1.0,RECOVERY_REMINDER,4390.64,0.0,True
EVT_00002970,PAYMENT_FAILURE,ISSUER_DECLINE,NETBANKING,1,1749.03,CUS_000340,MER_00187,0,False,False,ALTERNATIVE_PAYMENT,0.0,0.0,RECOVERY_REMINDER,1749.03,1749.03,False
EVT_00002979,PAYMENT_FAILURE,TIMEOUT,CARD,3,750.14,CUS_000216,MER_00146,0,False,False,ALTERNATIVE_PAYMENT,0.0,0.0,ALTERNATIVE_PAYMENT,0.0,0.0,True
EVT_00002982,PAYMENT_FAILURE,BANK_TECHNICAL_ERROR,WALLET,0,14082.79,CUS_000524,MER_00066,0,False,False,ALTERNATIVE_PAYMENT,14082.79,1.0,ALTERNATIVE_PAYMENT,14082.79,0.0,True
EVT_00002992,PAYMENT_FAILURE,INSUFFICIENT_BALANCE,UPI,3,6159.35,CUS_001521,MER_00029,0,False,False,ALTERNATIVE_PAYMENT,0.0,0.0,ALTERNATIVE_PAYMENT,0.0,0.0,True
EVT_00002994,PAYMENT_FAILURE,BANK_TECHNICAL_ERROR,UPI,3,1974.41,CUS_000658,MER_00013,0,False,False,ALTERNATIVE_PAYMENT,1974.41,1.0,ALTERNATIVE_PAYMENT,1974.41,0.0,True
EVT_00003004,PAYMENT_FAILURE,NETWORK_ERROR,CARD,0,617.88,CUS_000725,MER_00196,0,False,False,ALTERNATIVE_PAYMENT,0.0,0.0,RECOVERY_REMINDER,617.88,617.88,False
EVT_00003005,PAYMENT_FAILURE,ISSUER_DECLINE,CARD,3,9247.72,CUS_001180,MER_00116,0,False,False,ALTERNATIVE_PAYMENT,0.0,0.0,ALTERNATIVE_PAYMENT,0.0,0.0,True
EVT_00003018,SUBSCRIPTION_FAILURE,,CARD,0,2705.85,CUS_001444,MER_00178,0,False,False,ALTERNATIVE_PAYMENT,2705.85,1.0,ALTERNATIVE_PAYMENT,2705.85,0.0,True
EVT_00003021,PAYMENT_FAILURE,TIMEOUT,UPI,2,9527.92,CUS_000268,MER_00016,0,False,False,ALTERNATIVE_PAYMENT,9527.92,1.0,ALTERNATIVE_PAYMENT,9527.92,0.0,True
EVT_00003039,SUBSCRIPTION_FAILURE,,CARD,0,2467.95,CUS_000708,MER_00057,0,False,False,ALTERNATIVE_PAYMENT,0.0,0.0,ALTERNATIVE_PAYMENT,0.0,0.0,True
EVT_00003042,SUBSCRIPTION_FAILURE,,CARD,0,29010.29,CUS_000496,MER_00189,0,False,False,ALTERNATIVE_PAYMENT,0.0,0.0,RECOVERY_REMINDER,29010.29,29010.29,False
EVT_00003067,PAYMENT_FAILURE,EXPIRED_PAYMENT_METHOD,WALLET,0,4028.92,CUS_000199,MER_00140,0,False,False,ALTERNATIVE_PAYMENT,4028.92,1.0,ALTERNATIVE_PAYMENT,4028.92,0.0,True
EVT_00003069,PAYMENT_FAILURE,TIMEOUT,WALLET,0,6394.68,CUS_001602,MER_00131,0,False,False,ALTERNATIVE_PAYMENT,6394.68,1.0,ALTERNATIVE_PAYMENT,6394.68,0.0,True
EVT_00003076,PAYMENT_FAILURE,ISSUER_DECLINE,CARD,1,4428.21,CUS_000805,MER_00162,0,False,False,ALTERNATIVE_PAYMENT,0.0,0.0,ALTERNATIVE_PAYMENT,0.0,0.0,True
EVT_00003080,PAYMENT_FAILURE,TIMEOUT,UPI,0,6000.74,CUS_000642,MER_00032,0,False,False,ALTERNATIVE_PAYMENT,6000.74,1.0,ALTERNATIVE_PAYMENT,6000.74,0.0,True
EVT_00003089,CHECKOUT_ABANDONMENT,,WALLET,0,29473.8,CUS_001312,MER_00126,232,True,True,RECOVERY_REMINDER,29473.8,1.0,ALTERNATIVE_PAYMENT,29473.8,0.0,False
EVT_00003093,PAYMENT_FAILURE,EXPIRED_PAYMENT_METHOD,UPI,0,3468.47,CUS_000302,MER_00010,0,False,False,ALTERNATIVE_PAYMENT,3468.47,1.0,ALTERNATIVE_PAYMENT,3468.47,0.0,True
EVT_00003102,PAYMENT_FAILURE,TIMEOUT,UPI,2,851.91,CUS_000459,MER_00067,0,False,False,ALTERNATIVE_PAYMENT,851.91,1.0,ALTERNATIVE_PAYMENT,851.91,0.0,True
EVT_00003104,PAYMENT_FAILURE,INSUFFICIENT_BALANCE,CARD,1,2780.86,CUS_000632,MER_00023,0,False,False,ALTERNATIVE_PAYMENT,2780.86,1.0,ALTERNATIVE_PAYMENT,2780.86,0.0,True
EVT_00003105,PAYMENT_FAILURE,BANK_TECHNICAL_ERROR,UPI,3,15981.97,CUS_001796,MER_00174,0,False,False,ALTERNATIVE_PAYMENT,0.0,0.0,HUMAN_ESCALATION,15981.97,15981.97,False
EVT_00003106,CHECKOUT_ABANDONMENT,,NETBANKING,0,4726.14,CUS_000097,MER_00128,537,True,True,RECOVERY_REMINDER,4726.14,1.0,ALTERNATIVE_PAYMENT,4726.14,0.0,False
EVT_00003109,SUBSCRIPTION_FAILURE,,UPI,0,4022.23,CUS_000156,MER_00186,0,False,False,ALTERNATIVE_PAYMENT,4022.23,1.0,ALTERNATIVE_PAYMENT,4022.23,0.0,True
EVT_00003112,PAYMENT_FAILURE,INSUFFICIENT_BALANCE,UPI,3,70703.08,CUS_001135,MER_00184,0,False,False,ALTERNATIVE_PAYMENT,0.0,0.0,HUMAN_ESCALATION,70703.08,70703.08,False
EVT_00003124,PAYMENT_FAILURE,ISSUER_DECLINE,CARD,2,1339.47,CUS_001295,MER_00107,0,False,False,ALTERNATIVE_PAYMENT,0.0,0.0,ALTERNATIVE_PAYMENT,0.0,0.0,True
EVT_00003126,CHECKOUT_ABANDONMENT,,UPI,0,542.11,CUS_000461,MER_00178,479,True,False,RECOVERY_REMINDER,542.11,1.0,ALTERNATIVE_PAYMENT,542.11,0.0,False
EVT_00003127,PAYMENT_FAILURE,INSUFFICIENT_BALANCE,UPI,3,1204.73,CUS_001301,MER_00139,0,False,False,ALTERNATIVE_PAYMENT,0.0,0.0,ALTERNATIVE_PAYMENT,0.0,0.0,True
EVT_00003132,SUBSCRIPTION_FAILURE,,UPI,0,1422.87,CUS_000127,MER_00028,0,False,False,ALTERNATIVE_PAYMENT,1422.87,1.0,ALTERNATIVE_PAYMENT,1422.87,0.0,True
EVT_00003133,PAYMENT_FAILURE,NETWORK_ERROR,UPI,2,7286.38,CUS_000614,MER_00116,0,False,False,ALTERNATIVE_PAYMENT,7286.38,1.0,ALTERNATIVE_PAYMENT,7286.38,0.0,True
EVT_00003136,PAYMENT_FAILURE,TIMEOUT,UPI,1,3932.33,CUS_000362,MER_00184,0,False,False,ALTERNATIVE_PAYMENT,0.0,0.0,HUMAN_ESCALATION,3932.33,3932.33,False
EVT_00003138,SUBSCRIPTION_FAILURE,,WALLET,0,2304.3,CUS_001647,MER_00037,0,False,False,ALTERNATIVE_PAYMENT,2304.3,1.0,ALTERNATIVE_PAYMENT,2304.3,0.0,True
EVT_00003146,PAYMENT_FAILURE,INSUFFICIENT_BALANCE,CARD,2,794.6,CUS_000480,MER_00116,0,False,False,ALTERNATIVE_PAYMENT,0.0,0.0,ALTERNATIVE_PAYMENT,0.0,0.0,True
EVT_00003149,PAYMENT_FAILURE,NETWORK_ERROR,WALLET,1,6531.85,CUS_000947,MER_00023,0,False,False,ALTERNATIVE_PAYMENT,0.0,0.0,RETRY_LATER,6531.85,6531.85,False
EVT_00003156,PAYMENT_FAILURE,ISSUER_DECLINE,UPI,0,21612.68,CUS_000805,MER_00169,0,False,False,ALTERNATIVE_PAYMENT,0.0,0.0,RETRY_LATER,21612.68,21612.68,False
EVT_00003165,PAYMENT_FAILURE,BANK_TECHNICAL_ERROR,UPI,0,23670.6,CUS_000749,MER_00013,0,False,False,ALTERNATIVE_PAYMENT,0.0,0.0,RECOVERY_REMINDER,23670.6,23670.6,False
EVT_00003175,PAYMENT_FAILURE,INSUFFICIENT_BALANCE,NETBANKING,0,6697.0,CUS_001514,MER_00138,0,False,False,ALTERNATIVE_PAYMENT,0.0,0.0,RECOVERY_REMINDER,6697.0,6697.0,False
EVT_00003177,CHECKOUT_ABANDONMENT,,UPI,0,1641.22,CUS_000883,MER_00076,74,True,False,RECOVERY_REMINDER,0.0,0.0,RETRY_LATER,1641.22,1641.22,False
EVT_00003188,CHECKOUT_ABANDONMENT,,UPI,0,1903.41,CUS_000661,MER_00179,306,True,False,RECOVERY_REMINDER,1903.41,1.0,ALTERNATIVE_PAYMENT,1903.41,0.0,False
EVT_00003191,CHECKOUT_ABANDONMENT,,UPI,0,7378.0,CUS_000710,MER_00144,656,True,False,RECOVERY_REMINDER,7378.0,1.0,ALTERNATIVE_PAYMENT,7378.0,0.0,False
EVT_00003208,SUBSCRIPTION_FAILURE,,CARD,0,1076.02,CUS_001742,MER_00189,0,False,False,ALTERNATIVE_PAYMENT,0.0,0.0,RECOVERY_REMINDER,1076.02,1076.02,False
EVT_00003210,PAYMENT_FAILURE,BANK_TECHNICAL_ERROR,NETBANKING,1,17573.93,CUS_000758,MER_00077,0,False,False,ALTERNATIVE_PAYMENT,17573.93,1.0,ALTERNATIVE_PAYMENT,17573.93,0.0,True
EVT_00003216,SUBSCRIPTION_FAILURE,,NETBANKING,0,4335.57,CUS_000304,MER_00140,0,False,False,ALTERNATIVE_PAYMENT,0.0,0.0,ALTERNATIVE_PAYMENT,0.0,0.0,True
EVT_00003217,PAYMENT_FAILURE,ISSUER_DECLINE,UPI,0,9285.13,CUS_001253,MER_00144,0,False,False,ALTERNATIVE_PAYMENT,0.0,0.0,HUMAN_ESCALATION,9285.13,9285.13,False
EVT_00003218,PAYMENT_FAILURE,BANK_TECHNICAL_ERROR,UPI,2,1349.32,CUS_000136,MER_00030,0,False,False,ALTERNATIVE_PAYMENT,1349.32,1.0,ALTERNATIVE_PAYMENT,1349.32,0.0,True
EVT_00003219,PAYMENT_FAILURE,INSUFFICIENT_BALANCE,CARD,0,2596.16,CUS_000148,MER_00096,0,False,False,ALTERNATIVE_PAYMENT,2596.16,1.0,ALTERNATIVE_PAYMENT,2596.16,0.0,True
EVT_00003239,SUBSCRIPTION_FAILURE,,CARD,0,2737.7,CUS_000432,MER_00034,0,False,False,ALTERNATIVE_PAYMENT,0.0,0.0,RECOVERY_REMINDER,2737.7,2737.7,False
EVT_00003243,SUBSCRIPTION_FAILURE,,UPI,0,10147.03,CUS_000514,MER_00057,0,False,False,ALTERNATIVE_PAYMENT,0.0,0.0,HUMAN_ESCALATION,10147.03,10147.03,False
EVT_00003261,SUBSCRIPTION_FAILURE,,UPI,0,12563.06,CUS_000255,MER_00088,0,False,False,ALTERNATIVE_PAYMENT,12563.06,1.0,ALTERNATIVE_PAYMENT,12563.06,0.0,True
EVT_00003271,SUBSCRIPTION_FAILURE,,UPI,0,2909.1,CUS_001264,MER_00154,0,False,False,ALTERNATIVE_PAYMENT,2909.1,1.0,ALTERNATIVE_PAYMENT,2909.1,0.0,True
EVT_00003278,PAYMENT_FAILURE,INSUFFICIENT_BALANCE,UPI,2,3929.66,CUS_001124,MER_00093,0,False,False,ALTERNATIVE_PAYMENT,0.0,0.0,RECOVERY_REMINDER,3929.66,3929.66,False
EVT_00003285,SUBSCRIPTION_FAILURE,,UPI,0,6083.08,CUS_000528,MER_00032,0,False,False,ALTERNATIVE_PAYMENT,0.0,0.0,RECOVERY_REMINDER,6083.08,6083.08,False
EVT_00003295,PAYMENT_FAILURE,INSUFFICIENT_BALANCE,UPI,1,788.21,CUS_000265,MER_00128,0,False,False,ALTERNATIVE_PAYMENT,788.21,1.0,ALTERNATIVE_PAYMENT,788.21,0.0,True
EVT_00003296,SUBSCRIPTION_FAILURE,,CARD,0,3249.17,CUS_000152,MER_00019,0,False,False,ALTERNATIVE_PAYMENT,0.0,0.0,RECOVERY_REMINDER,3249.17,3249.17,False
EVT_00003313,PAYMENT_FAILURE,TIMEOUT,CARD,2,2038.26,CUS_001366,MER_00030,0,False,False,ALTERNATIVE_PAYMENT,0.0,0.0,RECOVERY_REMINDER,2038.26,2038.26,False
EVT_00003326,CHECKOUT_ABANDONMENT,,CARD,0,2308.07,CUS_000857,MER_00103,595,True,False,RECOVERY_REMINDER,2308.07,1.0,ALTERNATIVE_PAYMENT,2308.07,0.0,False
EVT_00003338,PAYMENT_FAILURE,EXPIRED_PAYMENT_METHOD,CARD,0,604.33,CUS_001947,MER_00146,0,False,False,ALTERNATIVE_PAYMENT,0.0,0.0,ALTERNATIVE_PAYMENT,0.0,0.0,True
EVT_00003342,CHECKOUT_ABANDONMENT,,CARD,0,3425.96,CUS_001499,MER_00116,372,True,False,RECOVERY_REMINDER,3425.96,1.0,ALTERNATIVE_PAYMENT,3425.96,0.0,False
EVT_00003348,PAYMENT_FAILURE,TIMEOUT,CARD,2,14993.71,CUS_000663,MER_00118,0,False,False,ALTERNATIVE_PAYMENT,14993.71,1.0,ALTERNATIVE_PAYMENT,14993.71,0.0,True
EVT_00003360,PAYMENT_FAILURE,EXPIRED_PAYMENT_METHOD,UPI,0,2629.3,CUS_001250,MER_00070,0,False,False,ALTERNATIVE_PAYMENT,0.0,0.0,ALTERNATIVE_PAYMENT,0.0,0.0,True
EVT_00003371,PAYMENT_FAILURE,ISSUER_DECLINE,CARD,1,5865.74,CUS_000058,MER_00054,0,False,False,ALTERNATIVE_PAYMENT,0.0,0.0,RECOVERY_REMINDER,5865.74,5865.74,False
EVT_00003376,PAYMENT_FAILURE,ISSUER_DECLINE,NETBANKING,1,1512.18,CUS_001127,MER_00048,0,False,False,ALTERNATIVE_PAYMENT,1512.18,1.0,ALTERNATIVE_PAYMENT,1512.18,0.0,True
EVT_00003381,PAYMENT_FAILURE,TIMEOUT,NETBANKING,0,4490.77,CUS_000476,MER_00045,0,False,False,ALTERNATIVE_PAYMENT,4490.77,1.0,ALTERNATIVE_PAYMENT,4490.77,0.0,True
EVT_00003384,CHECKOUT_ABANDONMENT,,NETBANKING,0,4497.42,CUS_001417,MER_00138,585,True,False,RECOVERY_REMINDER,4497.42,1.0,ALTERNATIVE_PAYMENT,4497.42,0.0,False
EVT_00003388,CHECKOUT_ABANDONMENT,,WALLET,0,9290.19,CUS_001710,MER_00153,366,True,False,RECOVERY_REMINDER,0.0,0.0,RETRY_LATER,9290.19,9290.19,False
EVT_00003408,PAYMENT_FAILURE,NETWORK_ERROR,NETBANKING,2,733.05,CUS_001224,MER_00126,0,False,False,ALTERNATIVE_PAYMENT,733.05,1.0,ALTERNATIVE_PAYMENT,733.05,0.0,True
EVT_00003414,PAYMENT_FAILURE,INSUFFICIENT_BALANCE,WALLET,2,1940.63,CUS_000210,MER_00062,0,False,False,ALTERNATIVE_PAYMENT,0.0,0.0,HUMAN_ESCALATION,1940.63,1940.63,False
EVT_00003423,PAYMENT_FAILURE,EXPIRED_PAYMENT_METHOD,UPI,3,879.23,CUS_001151,MER_00031,0,False,False,ALTERNATIVE_PAYMENT,0.0,0.0,ALTERNATIVE_PAYMENT,0.0,0.0,True
EVT_00003426,PAYMENT_FAILURE,PAYMENT_LIMIT,CARD,0,6837.56,CUS_000172,MER_00064,0,False,False,ALTERNATIVE_PAYMENT,6837.56,1.0,ALTERNATIVE_PAYMENT,6837.56,0.0,True
EVT_00003433,SUBSCRIPTION_FAILURE,,UPI,0,10985.9,CUS_000961,MER_00174,0,False,False,ALTERNATIVE_PAYMENT,0.0,0.0,RECOVERY_REMINDER,10985.9,10985.9,False
EVT_00003437,PAYMENT_FAILURE,NETWORK_ERROR,UPI,0,1971.75,CUS_000828,MER_00184,0,False,False,ALTERNATIVE_PAYMENT,1971.75,1.0,ALTERNATIVE_PAYMENT,1971.75,0.0,True
EVT_00003451,CHECKOUT_ABANDONMENT,,UPI,0,11262.33,CUS_000747,MER_00104,393,True,False,RECOVERY_REMINDER,11262.33,1.0,ALTERNATIVE_PAYMENT,11262.33,0.0,False
EVT_00003452,PAYMENT_FAILURE,TIMEOUT,WALLET,1,1661.78,CUS_000073,MER_00119,0,False,False,ALTERNATIVE_PAYMENT,0.0,0.0,RECOVERY_REMINDER,1661.78,1661.78,False
EVT_00003453,SUBSCRIPTION_FAILURE,,CARD,0,6575.94,CUS_000096,MER_00065,0,False,False,ALTERNATIVE_PAYMENT,6575.94,1.0,ALTERNATIVE_PAYMENT,6575.94,0.0,True
EVT_00003455,PAYMENT_FAILURE,TIMEOUT,WALLET,2,4825.99,CUS_001334,MER_00062,0,False,False,ALTERNATIVE_PAYMENT,4825.99,1.0,ALTERNATIVE_PAYMENT,4825.99,0.0,True
EVT_00003462,SUBSCRIPTION_FAILURE,,UPI,0,9734.54,CUS_001176,MER_00005,0,False,False,ALTERNATIVE_PAYMENT,0.0,0.0,RECOVERY_REMINDER,9734.54,9734.54,False
EVT_00003465,CHECKOUT_ABANDONMENT,,UPI,0,1041.11,CUS_000282,MER_00051,827,True,True,RECOVERY_REMINDER,1041.11,1.0,ALTERNATIVE_PAYMENT,1041.11,0.0,False
EVT_00003469,PAYMENT_FAILURE,PAYMENT_LIMIT,NETBANKING,3,1774.19,CUS_001453,MER_00045,0,False,False,ALTERNATIVE_PAYMENT,0.0,0.0,ALTERNATIVE_PAYMENT,0.0,0.0,True
EVT_00003473,CHECKOUT_ABANDONMENT,,NETBANKING,0,880.86,CUS_001087,MER_00188,516,True,False,RECOVERY_REMINDER,880.86,1.0,ALTERNATIVE_PAYMENT,880.86,0.0,False
EVT_00003478,CHECKOUT_ABANDONMENT,,UPI,0,991.31,CUS_000200,MER_00177,35,True,True,RECOVERY_REMINDER,991.31,1.0,ALTERNATIVE_PAYMENT,991.31,0.0,False
EVT_00003481,PAYMENT_FAILURE,ISSUER_DECLINE,UPI,3,1911.44,CUS_001130,MER_00032,0,False,False,ALTERNATIVE_PAYMENT,0.0,0.0,ALTERNATIVE_PAYMENT,0.0,0.0,True
EVT_00003510,CHECKOUT_ABANDONMENT,,CARD,0,3735.1,CUS_001319,MER_00083,322,True,True,RECOVERY_REMINDER,3735.1,1.0,ALTERNATIVE_PAYMENT,3735.1,0.0,False
EVT_00003569,PAYMENT_FAILURE,BANK_TECHNICAL_ERROR,WALLET,3,5417.87,CUS_000302,MER_00142,0,False,False,ALTERNATIVE_PAYMENT,0.0,0.0,HUMAN_ESCALATION,5417.87,5417.87,False
EVT_00003574,SUBSCRIPTION_FAILURE,,CARD,0,6750.62,CUS_000226,MER_00060,0,False,False,ALTERNATIVE_PAYMENT,0.0,0.0,RECOVERY_REMINDER,6750.62,6750.62,False
EVT_00003594,PAYMENT_FAILURE,BANK_TECHNICAL_ERROR,CARD,1,5015.81,CUS_001890,MER_00034,0,False,False,ALTERNATIVE_PAYMENT,5015.81,1.0,ALTERNATIVE_PAYMENT,5015.81,0.0,True
EVT_00003602,PAYMENT_FAILURE,TIMEOUT,UPI,0,14112.9,CUS_001380,MER_00136,0,False,False,ALTERNATIVE_PAYMENT,0.0,0.0,RECOVERY_REMINDER,14112.9,14112.9,False
EVT_00003611,PAYMENT_FAILURE,INSUFFICIENT_BALANCE,CARD,2,6231.42,CUS_000328,MER_00123,0,False,False,ALTERNATIVE_PAYMENT,0.0,0.0,ALTERNATIVE_PAYMENT,0.0,0.0,True
EVT_00003628,PAYMENT_FAILURE,ISSUER_DECLINE,UPI,3,2732.77,CUS_000488,MER_00068,0,False,False,ALTERNATIVE_PAYMENT,0.0,0.0,ALTERNATIVE_PAYMENT,0.0,0.0,True
EVT_00003633,PAYMENT_FAILURE,INSUFFICIENT_BALANCE,UPI,3,1915.97,CUS_000150,MER_00139,0,False,False,ALTERNATIVE_PAYMENT,0.0,0.0,ALTERNATIVE_PAYMENT,0.0,0.0,True
EVT_00003636,PAYMENT_FAILURE,ISSUER_DECLINE,UPI,1,30226.41,CUS_001254,MER_00010,0,False,False,ALTERNATIVE_PAYMENT,30226.41,1.0,ALTERNATIVE_PAYMENT,30226.41,0.0,True
EVT_00003638,PAYMENT_FAILURE,EXPIRED_PAYMENT_METHOD,UPI,3,1784.73,CUS_000587,MER_00155,0,False,False,ALTERNATIVE_PAYMENT,0.0,0.0,ALTERNATIVE_PAYMENT,0.0,0.0,True
EVT_00003641,SUBSCRIPTION_FAILURE,,UPI,0,12711.86,CUS_001921,MER_00022,0,False,False,ALTERNATIVE_PAYMENT,0.0,0.0,ALTERNATIVE_PAYMENT,0.0,0.0,True
EVT_00003643,PAYMENT_FAILURE,INSUFFICIENT_BALANCE,CARD,0,10311.61,CUS_001442,MER_00157,0,False,False,ALTERNATIVE_PAYMENT,10311.61,1.0,ALTERNATIVE_PAYMENT,10311.61,0.0,True
EVT_00003646,PAYMENT_FAILURE,NETWORK_ERROR,CARD,1,16396.53,CUS_000604,MER_00177,0,False,False,ALTERNATIVE_PAYMENT,0.0,0.0,RETRY_LATER,16396.53,16396.53,False
EVT_00003660,CHECKOUT_ABANDONMENT,,NETBANKING,0,3269.41,CUS_001507,MER_00130,601,True,False,RECOVERY_REMINDER,3269.41,1.0,ALTERNATIVE_PAYMENT,3269.41,0.0,False
EVT_00003664,CHECKOUT_ABANDONMENT,,UPI,0,3290.55,CUS_000285,MER_00197,882,True,False,RECOVERY_REMINDER,3290.55,1.0,RECOVERY_REMINDER,3290.55,0.0,True
EVT_00003678,CHECKOUT_ABANDONMENT,,UPI,0,6602.0,CUS_001788,MER_00173,834,True,False,RECOVERY_REMINDER,6602.0,1.0,ALTERNATIVE_PAYMENT,6602.0,0.0,False
EVT_00003685,CHECKOUT_ABANDONMENT,,UPI,0,4553.88,CUS_001392,MER_00130,466,True,False,RECOVERY_REMINDER,4553.88,1.0,RECOVERY_REMINDER,4553.88,0.0,True
EVT_00003690,CHECKOUT_ABANDONMENT,,UPI,0,3189.78,CUS_001345,MER_00143,470,True,False,RECOVERY_REMINDER,3189.78,1.0,ALTERNATIVE_PAYMENT,3189.78,0.0,False
EVT_00003696,CHECKOUT_ABANDONMENT,,CARD,0,12253.38,CUS_000885,MER_00011,776,True,False,RECOVERY_REMINDER,12253.38,1.0,ALTERNATIVE_PAYMENT,12253.38,0.0,False
EVT_00003706,SUBSCRIPTION_FAILURE,,UPI,0,2740.11,CUS_001650,MER_00121,0,False,False,ALTERNATIVE_PAYMENT,2740.11,1.0,ALTERNATIVE_PAYMENT,2740.11,0.0,True
EVT_00003711,PAYMENT_FAILURE,TIMEOUT,UPI,3,9157.83,CUS_000081,MER_00007,0,False,False,ALTERNATIVE_PAYMENT,0.0,0.0,ALTERNATIVE_PAYMENT,0.0,0.0,True
EVT_00003719,PAYMENT_FAILURE,NETWORK_ERROR,CARD,0,796.1,CUS_001266,MER_00146,0,False,False,ALTERNATIVE_PAYMENT,796.1,1.0,ALTERNATIVE_PAYMENT,796.1,0.0,True
EVT_00003728,PAYMENT_FAILURE,ISSUER_DECLINE,CARD,0,13035.3,CUS_000633,MER_00183,0,False,False,ALTERNATIVE_PAYMENT,0.0,0.0,ALTERNATIVE_PAYMENT,0.0,0.0,True
EVT_00003729,CHECKOUT_ABANDONMENT,,UPI,0,40428.06,CUS_001610,MER_00035,526,True,False,RECOVERY_REMINDER,40428.06,1.0,ALTERNATIVE_PAYMENT,40428.06,0.0,False
EVT_00003762,PAYMENT_FAILURE,TIMEOUT,NETBANKING,1,6071.92,CUS_001590,MER_00042,0,False,False,ALTERNATIVE_PAYMENT,0.0,0.0,RECOVERY_REMINDER,6071.92,6071.92,False
EVT_00003764,CHECKOUT_ABANDONMENT,,NETBANKING,0,4237.52,CUS_001271,MER_00103,287,True,False,RECOVERY_REMINDER,4237.52,1.0,ALTERNATIVE_PAYMENT,4237.52,0.0,False
EVT_00003773,PAYMENT_FAILURE,INSUFFICIENT_BALANCE,UPI,3,2593.78,CUS_001706,MER_00162,0,False,False,ALTERNATIVE_PAYMENT,0.0,0.0,ALTERNATIVE_PAYMENT,0.0,0.0,True
EVT_00003780,CHECKOUT_ABANDONMENT,,WALLET,0,846.56,CUS_000111,MER_00046,824,True,False,RECOVERY_REMINDER,0.0,0.0,RETRY_LATER,846.56,846.56,False
EVT_00003799,SUBSCRIPTION_FAILURE,,CARD,0,7996.89,CUS_000356,MER_00162,0,False,False,ALTERNATIVE_PAYMENT,7996.89,1.0,ALTERNATIVE_PAYMENT,7996.89,0.0,True
EVT_00003801,PAYMENT_FAILURE,TIMEOUT,UPI,0,9332.6,CUS_000548,MER_00048,0,False,False,ALTERNATIVE_PAYMENT,0.0,0.0,RECOVERY_REMINDER,9332.6,9332.6,False
EVT_00003815,CHECKOUT_ABANDONMENT,,CARD,0,965.45,CUS_000297,MER_00117,591,False,False,RECOVERY_REMINDER,0.0,0.0,ALTERNATIVE_PAYMENT,965.45,965.45,False
EVT_00003816,PAYMENT_FAILURE,BANK_TECHNICAL_ERROR,WALLET,0,4385.37,CUS_001764,MER_00123,0,False,False,ALTERNATIVE_PAYMENT,4385.37,1.0,ALTERNATIVE_PAYMENT,4385.37,0.0,True
EVT_00003836,SUBSCRIPTION_FAILURE,,CARD,0,17007.75,CUS_000338,MER_00135,0,False,False,ALTERNATIVE_PAYMENT,0.0,0.0,HUMAN_ESCALATION,17007.75,17007.75,False
EVT_00003845,CHECKOUT_ABANDONMENT,,UPI,0,6049.92,CUS_001461,MER_00162,519,True,False,RECOVERY_REMINDER,6049.92,1.0,ALTERNATIVE_PAYMENT,6049.92,0.0,False
EVT_00003849,CHECKOUT_ABANDONMENT,,UPI,0,7571.05,CUS_001663,MER_00018,629,True,False,RECOVERY_REMINDER,7571.05,1.0,ALTERNATIVE_PAYMENT,7571.05,0.0,False
EVT_00003860,SUBSCRIPTION_FAILURE,,UPI,0,4552.5,CUS_000308,MER_00071,0,False,False,ALTERNATIVE_PAYMENT,0.0,0.0,RECOVERY_REMINDER,4552.5,4552.5,False
EVT_00003865,CHECKOUT_ABANDONMENT,,CARD,0,6491.88,CUS_001787,MER_00144,822,True,False,RECOVERY_REMINDER,6491.88,1.0,ALTERNATIVE_PAYMENT,6491.88,0.0,False
EVT_00003866,CHECKOUT_ABANDONMENT,,UPI,0,5278.17,CUS_001219,MER_00180,62,True,False,RECOVERY_REMINDER,5278.17,1.0,ALTERNATIVE_PAYMENT,5278.17,0.0,False
EVT_00003869,PAYMENT_FAILURE,ISSUER_DECLINE,CARD,2,27035.33,CUS_001754,MER_00101,0,False,False,ALTERNATIVE_PAYMENT,27035.33,1.0,ALTERNATIVE_PAYMENT,27035.33,0.0,True
EVT_00003877,PAYMENT_FAILURE,INSUFFICIENT_BALANCE,UPI,2,2982.38,CUS_001375,MER_00141,0,False,False,ALTERNATIVE_PAYMENT,0.0,0.0,HUMAN_ESCALATION,2982.38,2982.38,False
EVT_00003904,SUBSCRIPTION_FAILURE,,WALLET,0,4081.62,CUS_001404,MER_00122,0,False,False,ALTERNATIVE_PAYMENT,0.0,0.0,ALTERNATIVE_PAYMENT,0.0,0.0,True
EVT_00003914,CHECKOUT_ABANDONMENT,,UPI,0,1432.19,CUS_001250,MER_00186,561,True,False,RECOVERY_REMINDER,1432.19,1.0,ALTERNATIVE_PAYMENT,1432.19,0.0,False
EVT_00003923,PAYMENT_FAILURE,ISSUER_DECLINE,CARD,0,8295.13,CUS_001559,MER_00136,0,False,False,ALTERNATIVE_PAYMENT,0.0,0.0,ALTERNATIVE_PAYMENT,0.0,0.0,True
EVT_00003931,PAYMENT_FAILURE,NETWORK_ERROR,UPI,1,4374.64,CUS_001397,MER_00168,0,False,False,ALTERNATIVE_PAYMENT,4374.64,1.0,ALTERNATIVE_PAYMENT,4374.64,0.0,True
EVT_00003933,PAYMENT_FAILURE,BANK_TECHNICAL_ERROR,UPI,0,1841.37,CUS_000095,MER_00083,0,False,False,ALTERNATIVE_PAYMENT,1841.37,1.0,ALTERNATIVE_PAYMENT,1841.37,0.0,True
EVT_00003936,CHECKOUT_ABANDONMENT,,CARD,0,14618.31,CUS_001010,MER_00181,890,True,False,RECOVERY_REMINDER,14618.31,1.0,ALTERNATIVE_PAYMENT,14618.31,0.0,False
EVT_00003942,PAYMENT_FAILURE,INSUFFICIENT_BALANCE,UPI,3,14049.02,CUS_000464,MER_00168,0,False,False,ALTERNATIVE_PAYMENT,0.0,0.0,HUMAN_ESCALATION,14049.02,14049.02,False
EVT_00003945,CHECKOUT_ABANDONMENT,,CARD,0,3780.2,CUS_001126,MER_00008,741,True,True,RECOVERY_REMINDER,3780.2,1.0,ALTERNATIVE_PAYMENT,3780.2,0.0,False
EVT_00003957,PAYMENT_FAILURE,ISSUER_DECLINE,UPI,1,2807.5,CUS_000673,MER_00024,0,False,False,ALTERNATIVE_PAYMENT,0.0,0.0,RECOVERY_REMINDER,2807.5,2807.5,False
EVT_00003963,CHECKOUT_ABANDONMENT,,WALLET,0,10481.13,CUS_000188,MER_00163,263,True,False,RECOVERY_REMINDER,10481.13,1.0,ALTERNATIVE_PAYMENT,10481.13,0.0,False
EVT_00003964,PAYMENT_FAILURE,PAYMENT_LIMIT,UPI,2,4073.28,CUS_001902,MER_00111,0,False,False,ALTERNATIVE_PAYMENT,4073.28,1.0,ALTERNATIVE_PAYMENT,4073.28,0.0,True
EVT_00003973,SUBSCRIPTION_FAILURE,,CARD,0,3241.34,CUS_000381,MER_00120,0,False,False,ALTERNATIVE_PAYMENT,3241.34,1.0,ALTERNATIVE_PAYMENT,3241.34,0.0,True
EVT_00003976,PAYMENT_FAILURE,INSUFFICIENT_BALANCE,UPI,3,947.69,CUS_000795,MER_00142,0,False,False,ALTERNATIVE_PAYMENT,0.0,0.0,ALTERNATIVE_PAYMENT,0.0,0.0,True
EVT_00003999,PAYMENT_FAILURE,ISSUER_DECLINE,NETBANKING,3,3018.91,CUS_001004,MER_00063,0,False,False,ALTERNATIVE_PAYMENT,0.0,0.0,ALTERNATIVE_PAYMENT,0.0,0.0,True
EVT_00004004,CHECKOUT_ABANDONMENT,,CARD,0,2669.04,CUS_001651,MER_00014,244,True,True,RECOVERY_REMINDER,2669.04,1.0,ALTERNATIVE_PAYMENT,2669.04,0.0,False
EVT_00004005,PAYMENT_FAILURE,INSUFFICIENT_BALANCE,UPI,2,6215.19,CUS_001084,MER_00187,0,False,False,ALTERNATIVE_PAYMENT,0.0,0.0,ALTERNATIVE_PAYMENT,0.0,0.0,True
EVT_00004014,PAYMENT_FAILURE,PAYMENT_LIMIT,CARD,0,1204.78,CUS_000576,MER_00082,0,False,False,ALTERNATIVE_PAYMENT,1204.78,1.0,ALTERNATIVE_PAYMENT,1204.78,0.0,True
EVT_00004015,SUBSCRIPTION_FAILURE,,CARD,0,3785.63,CUS_001923,MER_00161,0,False,False,ALTERNATIVE_PAYMENT,3785.63,1.0,ALTERNATIVE_PAYMENT,3785.63,0.0,True
EVT_00004021,PAYMENT_FAILURE,INSUFFICIENT_BALANCE,NETBANKING,0,6418.96,CUS_000165,MER_00114,0,False,False,ALTERNATIVE_PAYMENT,0.0,0.0,RETRY_LATER,6418.96,6418.96,False
EVT_00004024,PAYMENT_FAILURE,TIMEOUT,CARD,2,3924.85,CUS_001960,MER_00156,0,False,False,ALTERNATIVE_PAYMENT,0.0,0.0,HUMAN_ESCALATION,3924.85,3924.85,False
EVT_00004038,PAYMENT_FAILURE,TIMEOUT,UPI,3,10944.81,CUS_001088,MER_00062,0,False,False,ALTERNATIVE_PAYMENT,0.0,0.0,ALTERNATIVE_PAYMENT,0.0,0.0,True
EVT_00004046,PAYMENT_FAILURE,EXPIRED_PAYMENT_METHOD,CARD,3,5088.25,CUS_001162,MER_00140,0,False,False,ALTERNATIVE_PAYMENT,0.0,0.0,ALTERNATIVE_PAYMENT,0.0,0.0,True
EVT_00004050,SUBSCRIPTION_FAILURE,,NETBANKING,0,21686.8,CUS_001464,MER_00117,0,False,False,ALTERNATIVE_PAYMENT,21686.8,1.0,ALTERNATIVE_PAYMENT,21686.8,0.0,True
EVT_00004053,PAYMENT_FAILURE,TIMEOUT,UPI,0,1388.47,CUS_000790,MER_00057,0,False,False,ALTERNATIVE_PAYMENT,0.0,0.0,RECOVERY_REMINDER,1388.47,1388.47,False
EVT_00004058,PAYMENT_FAILURE,TIMEOUT,CARD,3,16525.74,CUS_001307,MER_00008,0,False,False,ALTERNATIVE_PAYMENT,16525.74,1.0,ALTERNATIVE_PAYMENT,16525.74,0.0,True
EVT_00004074,SUBSCRIPTION_FAILURE,,CARD,0,598.53,CUS_000417,MER_00032,0,False,False,ALTERNATIVE_PAYMENT,0.0,0.0,ALTERNATIVE_PAYMENT,0.0,0.0,True
EVT_00004081,SUBSCRIPTION_FAILURE,,UPI,0,790.48,CUS_001353,MER_00107,0,False,False,ALTERNATIVE_PAYMENT,0.0,0.0,ALTERNATIVE_PAYMENT,0.0,0.0,True
EVT_00004082,PAYMENT_FAILURE,INSUFFICIENT_BALANCE,NETBANKING,1,2679.25,CUS_001124,MER_00122,0,False,False,ALTERNATIVE_PAYMENT,0.0,0.0,RECOVERY_REMINDER,2679.25,2679.25,False
EVT_00004083,PAYMENT_FAILURE,ISSUER_DECLINE,WALLET,1,6917.45,CUS_000105,MER_00110,0,False,False,ALTERNATIVE_PAYMENT,6917.45,1.0,ALTERNATIVE_PAYMENT,6917.45,0.0,True
EVT_00004084,CHECKOUT_ABANDONMENT,,UPI,0,34499.46,CUS_000165,MER_00004,568,False,True,RECOVERY_REMINDER,34499.46,1.0,RECOVERY_REMINDER,34499.46,0.0,True
EVT_00004120,PAYMENT_FAILURE,INSUFFICIENT_BALANCE,UPI,3,11105.63,CUS_001788,MER_00123,0,False,False,ALTERNATIVE_PAYMENT,0.0,0.0,ALTERNATIVE_PAYMENT,0.0,0.0,True
EVT_00004125,SUBSCRIPTION_FAILURE,,CARD,0,13554.49,CUS_000569,MER_00065,0,False,False,ALTERNATIVE_PAYMENT,0.0,0.0,RECOVERY_REMINDER,13554.49,13554.49,False
EVT_00004131,SUBSCRIPTION_FAILURE,,UPI,0,6677.38,CUS_000780,MER_00138,0,False,False,ALTERNATIVE_PAYMENT,0.0,0.0,ALTERNATIVE_PAYMENT,0.0,0.0,True
EVT_00004132,PAYMENT_FAILURE,ISSUER_DECLINE,UPI,1,1387.11,CUS_000999,MER_00126,0,False,False,ALTERNATIVE_PAYMENT,1387.11,1.0,ALTERNATIVE_PAYMENT,1387.11,0.0,True
EVT_00004133,PAYMENT_FAILURE,NETWORK_ERROR,CARD,0,12256.85,CUS_000561,MER_00035,0,False,False,ALTERNATIVE_PAYMENT,12256.85,1.0,ALTERNATIVE_PAYMENT,12256.85,0.0,True
EVT_00004138,CHECKOUT_ABANDONMENT,,CARD,0,10256.67,CUS_001046,MER_00068,455,True,False,RECOVERY_REMINDER,0.0,0.0,ALTERNATIVE_PAYMENT,10256.67,10256.67,False
EVT_00004141,SUBSCRIPTION_FAILURE,,CARD,0,2752.67,CUS_000195,MER_00060,0,False,False,ALTERNATIVE_PAYMENT,0.0,0.0,RECOVERY_REMINDER,2752.67,2752.67,False
EVT_00004142,SUBSCRIPTION_FAILURE,,UPI,0,9524.93,CUS_001290,MER_00185,0,False,False,ALTERNATIVE_PAYMENT,9524.93,1.0,ALTERNATIVE_PAYMENT,9524.93,0.0,True
EVT_00004146,PAYMENT_FAILURE,EXPIRED_PAYMENT_METHOD,UPI,3,1044.29,CUS_000473,MER_00124,0,False,False,ALTERNATIVE_PAYMENT,0.0,0.0,ALTERNATIVE_PAYMENT,0.0,0.0,True
EVT_00004153,CHECKOUT_ABANDONMENT,,UPI,0,1316.58,CUS_000398,MER_00075,681,False,False,RECOVERY_REMINDER,1316.58,1.0,ALTERNATIVE_PAYMENT,1316.58,0.0,False
EVT_00004155,PAYMENT_FAILURE,TIMEOUT,CARD,0,6742.12,CUS_001816,MER_00091,0,False,False,ALTERNATIVE_PAYMENT,0.0,0.0,ALTERNATIVE_PAYMENT,0.0,0.0,True
EVT_00004164,PAYMENT_FAILURE,EXPIRED_PAYMENT_METHOD,UPI,3,1637.14,CUS_000877,MER_00117,0,False,False,ALTERNATIVE_PAYMENT,0.0,0.0,ALTERNATIVE_PAYMENT,0.0,0.0,True
EVT_00004169,SUBSCRIPTION_FAILURE,,NETBANKING,0,5320.3,CUS_000476,MER_00026,0,False,False,ALTERNATIVE_PAYMENT,5320.3,1.0,ALTERNATIVE_PAYMENT,5320.3,0.0,True
EVT_00004181,PAYMENT_FAILURE,PAYMENT_LIMIT,UPI,1,15041.07,CUS_001248,MER_00032,0,False,False,ALTERNATIVE_PAYMENT,15041.07,1.0,ALTERNATIVE_PAYMENT,15041.07,0.0,True
EVT_00004187,SUBSCRIPTION_FAILURE,,WALLET,0,5638.58,CUS_000861,MER_00151,0,False,False,ALTERNATIVE_PAYMENT,0.0,0.0,RECOVERY_REMINDER,5638.58,5638.58,False
EVT_00004201,PAYMENT_FAILURE,ISSUER_DECLINE,CARD,2,11397.33,CUS_000486,MER_00068,0,False,False,ALTERNATIVE_PAYMENT,0.0,0.0,RECOVERY_REMINDER,11397.33,11397.33,False
EVT_00004205,PAYMENT_FAILURE,BANK_TECHNICAL_ERROR,WALLET,2,5092.18,CUS_001936,MER_00105,0,False,False,ALTERNATIVE_PAYMENT,0.0,0.0,RECOVERY_REMINDER,5092.18,5092.18,False
EVT_00004207,PAYMENT_FAILURE,BANK_TECHNICAL_ERROR,CARD,2,14161.57,CUS_001646,MER_00111,0,False,False,ALTERNATIVE_PAYMENT,14161.57,1.0,ALTERNATIVE_PAYMENT,14161.57,0.0,True
EVT_00004221,SUBSCRIPTION_FAILURE,,UPI,0,7413.05,CUS_000859,MER_00076,0,False,False,ALTERNATIVE_PAYMENT,7413.05,1.0,ALTERNATIVE_PAYMENT,7413.05,0.0,True
EVT_00004229,PAYMENT_FAILURE,EXPIRED_PAYMENT_METHOD,CARD,3,4800.06,CUS_001204,MER_00123,0,False,False,ALTERNATIVE_PAYMENT,0.0,0.0,ALTERNATIVE_PAYMENT,0.0,0.0,True
EVT_00004235,CHECKOUT_ABANDONMENT,,UPI,0,3754.02,CUS_000218,MER_00027,395,False,False,RECOVERY_REMINDER,0.0,0.0,ALTERNATIVE_PAYMENT,3754.02,3754.02,False
EVT_00004242,PAYMENT_FAILURE,INSUFFICIENT_BALANCE,UPI,3,5108.65,CUS_000825,MER_00037,0,False,False,ALTERNATIVE_PAYMENT,0.0,0.0,ALTERNATIVE_PAYMENT,0.0,0.0,True
EVT_00004249,PAYMENT_FAILURE,INSUFFICIENT_BALANCE,WALLET,0,10956.95,CUS_001006,MER_00134,0,False,False,ALTERNATIVE_PAYMENT,0.0,0.0,ALTERNATIVE_PAYMENT,0.0,0.0,True
EVT_00004250,PAYMENT_FAILURE,PAYMENT_LIMIT,CARD,2,1650.96,CUS_000664,MER_00057,0,False,False,ALTERNATIVE_PAYMENT,1650.96,1.0,ALTERNATIVE_PAYMENT,1650.96,0.0,True
EVT_00004265,PAYMENT_FAILURE,ISSUER_DECLINE,CARD,2,6208.3,CUS_000037,MER_00094,0,False,False,ALTERNATIVE_PAYMENT,0.0,0.0,ALTERNATIVE_PAYMENT,0.0,0.0,True
EVT_00004266,SUBSCRIPTION_FAILURE,,CARD,0,8345.92,CUS_001907,MER_00043,0,False,False,ALTERNATIVE_PAYMENT,0.0,0.0,ALTERNATIVE_PAYMENT,0.0,0.0,True
EVT_00004273,CHECKOUT_ABANDONMENT,,CARD,0,3411.84,CUS_000368,MER_00080,759,True,False,RECOVERY_REMINDER,3411.84,1.0,ALTERNATIVE_PAYMENT,3411.84,0.0,False
EVT_00004274,PAYMENT_FAILURE,ISSUER_DECLINE,UPI,2,3060.49,CUS_001953,MER_00143,0,False,False,ALTERNATIVE_PAYMENT,3060.49,1.0,ALTERNATIVE_PAYMENT,3060.49,0.0,True
EVT_00004287,CHECKOUT_ABANDONMENT,,CARD,0,12285.78,CUS_001057,MER_00192,212,True,True,RECOVERY_REMINDER,12285.78,1.0,ALTERNATIVE_PAYMENT,12285.78,0.0,False
EVT_00004294,PAYMENT_FAILURE,EXPIRED_PAYMENT_METHOD,CARD,2,4154.01,CUS_000540,MER_00002,0,False,False,ALTERNATIVE_PAYMENT,0.0,0.0,HUMAN_ESCALATION,4154.01,4154.01,False
EVT_00004303,PAYMENT_FAILURE,BANK_TECHNICAL_ERROR,CARD,1,9699.15,CUS_000758,MER_00011,0,False,False,ALTERNATIVE_PAYMENT,0.0,0.0,RECOVERY_REMINDER,9699.15,9699.15,False
EVT_00004306,CHECKOUT_ABANDONMENT,,CARD,0,1444.86,CUS_001840,MER_00144,819,True,True,RECOVERY_REMINDER,1444.86,1.0,ALTERNATIVE_PAYMENT,1444.86,0.0,False
EVT_00004333,CHECKOUT_ABANDONMENT,,NETBANKING,0,2852.95,CUS_000414,MER_00079,212,True,False,RECOVERY_REMINDER,2852.95,1.0,RECOVERY_REMINDER,2852.95,0.0,True
EVT_00004341,CHECKOUT_ABANDONMENT,,CARD,0,10747.58,CUS_000812,MER_00005,742,True,False,RECOVERY_REMINDER,10747.58,1.0,RECOVERY_REMINDER,10747.58,0.0,True
EVT_00004349,SUBSCRIPTION_FAILURE,,UPI,0,3928.57,CUS_000866,MER_00107,0,False,False,ALTERNATIVE_PAYMENT,0.0,0.0,RECOVERY_REMINDER,3928.57,3928.57,False
EVT_00004351,SUBSCRIPTION_FAILURE,,UPI,0,1293.03,CUS_001742,MER_00049,0,False,False,ALTERNATIVE_PAYMENT,1293.03,1.0,ALTERNATIVE_PAYMENT,1293.03,0.0,True
EVT_00004358,PAYMENT_FAILURE,PAYMENT_LIMIT,UPI,2,17459.87,CUS_001000,MER_00132,0,False,False,ALTERNATIVE_PAYMENT,17459.87,1.0,ALTERNATIVE_PAYMENT,17459.87,0.0,True
EVT_00004359,PAYMENT_FAILURE,TIMEOUT,UPI,3,3999.08,CUS_001891,MER_00008,0,False,False,ALTERNATIVE_PAYMENT,0.0,0.0,ALTERNATIVE_PAYMENT,0.0,0.0,True
EVT_00004360,CHECKOUT_ABANDONMENT,,CARD,0,13090.71,CUS_001483,MER_00042,741,True,False,RECOVERY_REMINDER,13090.71,1.0,ALTERNATIVE_PAYMENT,13090.71,0.0,False
EVT_00004363,PAYMENT_FAILURE,BANK_TECHNICAL_ERROR,UPI,2,5070.8,CUS_001657,MER_00012,0,False,False,ALTERNATIVE_PAYMENT,0.0,0.0,RECOVERY_REMINDER,5070.8,5070.8,False
EVT_00004379,SUBSCRIPTION_FAILURE,,NETBANKING,0,19269.81,CUS_001022,MER_00072,0,False,False,ALTERNATIVE_PAYMENT,19269.81,1.0,ALTERNATIVE_PAYMENT,19269.81,0.0,True
EVT_00004410,CHECKOUT_ABANDONMENT,,NETBANKING,0,32344.54,CUS_001995,MER_00178,331,True,False,RECOVERY_REMINDER,32344.54,1.0,ALTERNATIVE_PAYMENT,32344.54,0.0,False
EVT_00004411,CHECKOUT_ABANDONMENT,,CARD,0,3073.19,CUS_000172,MER_00012,618,True,True,RECOVERY_REMINDER,3073.19,1.0,ALTERNATIVE_PAYMENT,3073.19,0.0,False
EVT_00004420,PAYMENT_FAILURE,ISSUER_DECLINE,NETBANKING,2,3512.94,CUS_000560,MER_00008,0,False,False,ALTERNATIVE_PAYMENT,0.0,0.0,ALTERNATIVE_PAYMENT,0.0,0.0,True
EVT_00004423,PAYMENT_FAILURE,ISSUER_DECLINE,UPI,1,7372.92,CUS_002000,MER_00167,0,False,False,ALTERNATIVE_PAYMENT,0.0,0.0,RECOVERY_REMINDER,7372.92,7372.92,False
EVT_00004437,SUBSCRIPTION_FAILURE,,CARD,0,2462.58,CUS_000555,MER_00027,0,False,False,ALTERNATIVE_PAYMENT,0.0,0.0,ALTERNATIVE_PAYMENT,0.0,0.0,True
EVT_00004441,PAYMENT_FAILURE,ISSUER_DECLINE,CARD,3,2682.99,CUS_000127,MER_00144,0,False,False,ALTERNATIVE_PAYMENT,0.0,0.0,ALTERNATIVE_PAYMENT,0.0,0.0,True
EVT_00004449,SUBSCRIPTION_FAILURE,,UPI,0,2262.67,CUS_000126,MER_00139,0,False,False,ALTERNATIVE_PAYMENT,0.0,0.0,RECOVERY_REMINDER,2262.67,2262.67,False
EVT_00004456,PAYMENT_FAILURE,BANK_TECHNICAL_ERROR,CARD,0,4334.94,CUS_000773,MER_00183,0,False,False,ALTERNATIVE_PAYMENT,4334.94,1.0,ALTERNATIVE_PAYMENT,4334.94,0.0,True
EVT_00004460,PAYMENT_FAILURE,EXPIRED_PAYMENT_METHOD,CARD,0,2341.87,CUS_000322,MER_00115,0,False,False,ALTERNATIVE_PAYMENT,2341.87,1.0,ALTERNATIVE_PAYMENT,2341.87,0.0,True
EVT_00004464,PAYMENT_FAILURE,INSUFFICIENT_BALANCE,UPI,0,5475.69,CUS_000387,MER_00052,0,False,False,ALTERNATIVE_PAYMENT,5475.69,1.0,ALTERNATIVE_PAYMENT,5475.69,0.0,True
EVT_00004471,SUBSCRIPTION_FAILURE,,UPI,0,9067.23,CUS_001780,MER_00022,0,False,False,ALTERNATIVE_PAYMENT,0.0,0.0,ALTERNATIVE_PAYMENT,0.0,0.0,True
EVT_00004472,PAYMENT_FAILURE,INSUFFICIENT_BALANCE,UPI,0,5092.83,CUS_001974,MER_00181,0,False,False,ALTERNATIVE_PAYMENT,0.0,0.0,RECOVERY_REMINDER,5092.83,5092.83,False
EVT_00004488,SUBSCRIPTION_FAILURE,,UPI,0,2945.65,CUS_000748,MER_00142,0,False,False,ALTERNATIVE_PAYMENT,2945.65,1.0,ALTERNATIVE_PAYMENT,2945.65,0.0,True
EVT_00004491,CHECKOUT_ABANDONMENT,,NETBANKING,0,7513.54,CUS_001513,MER_00112,122,True,False,RECOVERY_REMINDER,7513.54,1.0,ALTERNATIVE_PAYMENT,7513.54,0.0,False
EVT_00004498,PAYMENT_FAILURE,BANK_TECHNICAL_ERROR,NETBANKING,0,5289.51,CUS_000181,MER_00087,0,False,False,ALTERNATIVE_PAYMENT,5289.51,1.0,ALTERNATIVE_PAYMENT,5289.51,0.0,True
EVT_00004510,PAYMENT_FAILURE,INSUFFICIENT_BALANCE,CARD,2,7418.38,CUS_001726,MER_00064,0,False,False,ALTERNATIVE_PAYMENT,0.0,0.0,ALTERNATIVE_PAYMENT,0.0,0.0,True
EVT_00004513,PAYMENT_FAILURE,NETWORK_ERROR,UPI,2,3118.45,CUS_000994,MER_00169,0,False,False,ALTERNATIVE_PAYMENT,3118.45,1.0,ALTERNATIVE_PAYMENT,3118.45,0.0,True
EVT_00004515,PAYMENT_FAILURE,ISSUER_DECLINE,UPI,3,16332.96,CUS_001249,MER_00117,0,False,False,ALTERNATIVE_PAYMENT,0.0,0.0,ALTERNATIVE_PAYMENT,0.0,0.0,True
EVT_00004523,CHECKOUT_ABANDONMENT,,UPI,0,2983.97,CUS_001604,MER_00089,652,False,False,RECOVERY_REMINDER,0.0,0.0,ALTERNATIVE_PAYMENT,2983.97,2983.97,False
EVT_00004539,CHECKOUT_ABANDONMENT,,NETBANKING,0,10613.54,CUS_000433,MER_00154,879,True,False,RECOVERY_REMINDER,10613.54,1.0,ALTERNATIVE_PAYMENT,10613.54,0.0,False
EVT_00004546,PAYMENT_FAILURE,NETWORK_ERROR,CARD,3,7716.47,CUS_000720,MER_00199,0,False,False,ALTERNATIVE_PAYMENT,0.0,0.0,ALTERNATIVE_PAYMENT,0.0,0.0,True
EVT_00004557,PAYMENT_FAILURE,NETWORK_ERROR,CARD,2,2249.74,CUS_000130,MER_00025,0,False,False,ALTERNATIVE_PAYMENT,2249.74,1.0,ALTERNATIVE_PAYMENT,2249.74,0.0,True
EVT_00004571,PAYMENT_FAILURE,INSUFFICIENT_BALANCE,UPI,2,1937.11,CUS_000817,MER_00148,0,False,False,ALTERNATIVE_PAYMENT,0.0,0.0,ALTERNATIVE_PAYMENT,0.0,0.0,True
EVT_00004574,PAYMENT_FAILURE,TIMEOUT,UPI,3,6231.39,CUS_001578,MER_00004,0,False,False,ALTERNATIVE_PAYMENT,6231.39,1.0,ALTERNATIVE_PAYMENT,6231.39,0.0,True
EVT_00004580,CHECKOUT_ABANDONMENT,,NETBANKING,0,6111.28,CUS_000047,MER_00100,100,True,False,RECOVERY_REMINDER,0.0,0.0,ALTERNATIVE_PAYMENT,6111.28,6111.28,False
EVT_00004581,PAYMENT_FAILURE,BANK_TECHNICAL_ERROR,CARD,0,5970.25,CUS_000333,MER_00128,0,False,False,ALTERNATIVE_PAYMENT,5970.25,1.0,ALTERNATIVE_PAYMENT,5970.25,0.0,True
EVT_00004594,PAYMENT_FAILURE,ISSUER_DECLINE,UPI,2,7472.44,CUS_000482,MER_00092,0,False,False,ALTERNATIVE_PAYMENT,0.0,0.0,RECOVERY_REMINDER,7472.44,7472.44,False
EVT_00004601,PAYMENT_FAILURE,BANK_TECHNICAL_ERROR,UPI,1,702.5,CUS_000939,MER_00033,0,False,False,ALTERNATIVE_PAYMENT,0.0,0.0,RECOVERY_REMINDER,702.5,702.5,False
EVT_00004612,PAYMENT_FAILURE,ISSUER_DECLINE,UPI,3,7254.98,CUS_001892,MER_00005,0,False,False,ALTERNATIVE_PAYMENT,7254.98,1.0,ALTERNATIVE_PAYMENT,7254.98,0.0,True
EVT_00004625,CHECKOUT_ABANDONMENT,,UPI,0,1961.69,CUS_001386,MER_00159,385,True,False,RECOVERY_REMINDER,1961.69,1.0,ALTERNATIVE_PAYMENT,1961.69,0.0,False
EVT_00004626,PAYMENT_FAILURE,TIMEOUT,UPI,1,3825.97,CUS_001429,MER_00072,0,False,False,ALTERNATIVE_PAYMENT,0.0,0.0,RECOVERY_REMINDER,3825.97,3825.97,False
EVT_00004630,PAYMENT_FAILURE,EXPIRED_PAYMENT_METHOD,UPI,0,1879.8,CUS_001553,MER_00019,0,False,False,ALTERNATIVE_PAYMENT,1879.8,1.0,ALTERNATIVE_PAYMENT,1879.8,0.0,True
EVT_00004634,SUBSCRIPTION_FAILURE,,UPI,0,1727.11,CUS_001838,MER_00019,0,False,False,ALTERNATIVE_PAYMENT,1727.11,1.0,ALTERNATIVE_PAYMENT,1727.11,0.0,True
EVT_00004655,PAYMENT_FAILURE,BANK_TECHNICAL_ERROR,CARD,0,17525.41,CUS_000771,MER_00164,0,False,False,ALTERNATIVE_PAYMENT,17525.41,1.0,ALTERNATIVE_PAYMENT,17525.41,0.0,True
EVT_00004658,PAYMENT_FAILURE,TIMEOUT,UPI,1,4010.82,CUS_000344,MER_00122,0,False,False,ALTERNATIVE_PAYMENT,0.0,0.0,HUMAN_ESCALATION,4010.82,4010.82,False
EVT_00004659,PAYMENT_FAILURE,PAYMENT_LIMIT,UPI,1,8096.14,CUS_000500,MER_00043,0,False,False,ALTERNATIVE_PAYMENT,8096.14,1.0,ALTERNATIVE_PAYMENT,8096.14,0.0,True
EVT_00004661,PAYMENT_FAILURE,ISSUER_DECLINE,CARD,1,4525.91,CUS_000197,MER_00139,0,False,False,ALTERNATIVE_PAYMENT,0.0,0.0,ALTERNATIVE_PAYMENT,0.0,0.0,True
EVT_00004666,SUBSCRIPTION_FAILURE,,CARD,0,4170.83,CUS_000907,MER_00047,0,False,False,ALTERNATIVE_PAYMENT,0.0,0.0,RECOVERY_REMINDER,4170.83,4170.83,False
EVT_00004667,CHECKOUT_ABANDONMENT,,UPI,0,15134.75,CUS_001066,MER_00089,80,True,True,RECOVERY_REMINDER,15134.75,1.0,ALTERNATIVE_PAYMENT,15134.75,0.0,False
EVT_00004694,CHECKOUT_ABANDONMENT,,UPI,0,1906.18,CUS_001892,MER_00025,87,True,True,RECOVERY_REMINDER,1906.18,1.0,ALTERNATIVE_PAYMENT,1906.18,0.0,False
EVT_00004696,PAYMENT_FAILURE,TIMEOUT,CARD,2,8267.87,CUS_000919,MER_00027,0,False,False,ALTERNATIVE_PAYMENT,8267.87,1.0,ALTERNATIVE_PAYMENT,8267.87,0.0,True
EVT_00004698,PAYMENT_FAILURE,NETWORK_ERROR,CARD,0,161.36,CUS_001269,MER_00151,0,False,False,ALTERNATIVE_PAYMENT,161.36,1.0,ALTERNATIVE_PAYMENT,161.36,0.0,True
EVT_00004700,PAYMENT_FAILURE,ISSUER_DECLINE,NETBANKING,2,1987.76,CUS_000157,MER_00193,0,False,False,ALTERNATIVE_PAYMENT,1987.76,1.0,ALTERNATIVE_PAYMENT,1987.76,0.0,True
EVT_00004703,PAYMENT_FAILURE,ISSUER_DECLINE,UPI,0,33437.48,CUS_000535,MER_00088,0,False,False,ALTERNATIVE_PAYMENT,0.0,0.0,RECOVERY_REMINDER,33437.48,33437.48,False
EVT_00004707,PAYMENT_FAILURE,INSUFFICIENT_BALANCE,UPI,0,5451.41,CUS_000928,MER_00060,0,False,False,ALTERNATIVE_PAYMENT,5451.41,1.0,ALTERNATIVE_PAYMENT,5451.41,0.0,True
EVT_00004716,CHECKOUT_ABANDONMENT,,CARD,0,8759.69,CUS_000067,MER_00187,787,True,True,RECOVERY_REMINDER,8759.69,1.0,RECOVERY_REMINDER,8759.69,0.0,True
EVT_00004721,PAYMENT_FAILURE,BANK_TECHNICAL_ERROR,UPI,0,770.21,CUS_000463,MER_00084,0,False,False,ALTERNATIVE_PAYMENT,0.0,0.0,RECOVERY_REMINDER,770.21,770.21,False
EVT_00004730,PAYMENT_FAILURE,INSUFFICIENT_BALANCE,NETBANKING,3,5974.23,CUS_000279,MER_00059,0,False,False,ALTERNATIVE_PAYMENT,5974.23,1.0,ALTERNATIVE_PAYMENT,5974.23,0.0,True
EVT_00004736,PAYMENT_FAILURE,TIMEOUT,NETBANKING,1,3243.86,CUS_000811,MER_00106,0,False,False,ALTERNATIVE_PAYMENT,0.0,0.0,ALTERNATIVE_PAYMENT,0.0,0.0,True
EVT_00004747,CHECKOUT_ABANDONMENT,,CARD,0,4882.0,CUS_001233,MER_00115,844,True,True,RECOVERY_REMINDER,4882.0,1.0,RECOVERY_REMINDER,4882.0,0.0,True
EVT_00004758,CHECKOUT_ABANDONMENT,,NETBANKING,0,9423.32,CUS_000561,MER_00034,694,True,False,RECOVERY_REMINDER,9423.32,1.0,ALTERNATIVE_PAYMENT,9423.32,0.0,False
EVT_00004760,CHECKOUT_ABANDONMENT,,UPI,0,8982.64,CUS_000361,MER_00174,292,False,False,RECOVERY_REMINDER,0.0,0.0,RETRY_LATER,8982.64,8982.64,False
EVT_00004769,PAYMENT_FAILURE,BANK_TECHNICAL_ERROR,CARD,1,7146.35,CUS_000096,MER_00085,0,False,False,ALTERNATIVE_PAYMENT,7146.35,1.0,ALTERNATIVE_PAYMENT,7146.35,0.0,True
EVT_00004780,PAYMENT_FAILURE,ISSUER_DECLINE,WALLET,2,9401.04,CUS_000829,MER_00114,0,False,False,ALTERNATIVE_PAYMENT,9401.04,1.0,ALTERNATIVE_PAYMENT,9401.04,0.0,True
EVT_00004805,CHECKOUT_ABANDONMENT,,CARD,0,899.66,CUS_001873,MER_00121,613,True,False,RECOVERY_REMINDER,899.66,1.0,ALTERNATIVE_PAYMENT,899.66,0.0,False
EVT_00004808,CHECKOUT_ABANDONMENT,,UPI,0,3973.23,CUS_001083,MER_00026,408,True,False,RECOVERY_REMINDER,3973.23,1.0,ALTERNATIVE_PAYMENT,3973.23,0.0,False
EVT_00004810,PAYMENT_FAILURE,ISSUER_DECLINE,CARD,3,21642.17,CUS_000757,MER_00052,0,False,False,ALTERNATIVE_PAYMENT,0.0,0.0,ALTERNATIVE_PAYMENT,0.0,0.0,True
EVT_00004813,SUBSCRIPTION_FAILURE,,CARD,0,9329.58,CUS_001398,MER_00048,0,False,False,ALTERNATIVE_PAYMENT,9329.58,1.0,ALTERNATIVE_PAYMENT,9329.58,0.0,True
EVT_00004815,CHECKOUT_ABANDONMENT,,UPI,0,1874.05,CUS_001895,MER_00028,802,False,False,RECOVERY_REMINDER,0.0,0.0,ALTERNATIVE_PAYMENT,1874.05,1874.05,False
EVT_00004833,CHECKOUT_ABANDONMENT,,UPI,0,2344.47,CUS_001179,MER_00115,621,True,False,RECOVERY_REMINDER,2344.47,1.0,ALTERNATIVE_PAYMENT,2344.47,0.0,False
EVT_00004868,PAYMENT_FAILURE,INSUFFICIENT_BALANCE,CARD,0,1734.12,CUS_000867,MER_00027,0,False,False,ALTERNATIVE_PAYMENT,0.0,0.0,RECOVERY_REMINDER,1734.12,1734.12,False
EVT_00004878,PAYMENT_FAILURE,INSUFFICIENT_BALANCE,WALLET,2,1119.02,CUS_000997,MER_00192,0,False,False,ALTERNATIVE_PAYMENT,0.0,0.0,ALTERNATIVE_PAYMENT,0.0,0.0,True
EVT_00004885,SUBSCRIPTION_FAILURE,,UPI,0,7961.74,CUS_000298,MER_00059,0,False,False,ALTERNATIVE_PAYMENT,7961.74,1.0,ALTERNATIVE_PAYMENT,7961.74,0.0,True
EVT_00004900,PAYMENT_FAILURE,NETWORK_ERROR,CARD,3,5464.38,CUS_000324,MER_00053,0,False,False,ALTERNATIVE_PAYMENT,0.0,0.0,ALTERNATIVE_PAYMENT,0.0,0.0,True
EVT_00004902,PAYMENT_FAILURE,INSUFFICIENT_BALANCE,UPI,2,3227.09,CUS_001720,MER_00041,0,False,False,ALTERNATIVE_PAYMENT,0.0,0.0,ALTERNATIVE_PAYMENT,0.0,0.0,True
EVT_00004907,PAYMENT_FAILURE,ISSUER_DECLINE,UPI,2,5104.08,CUS_001727,MER_00144,0,False,False,ALTERNATIVE_PAYMENT,0.0,0.0,ALTERNATIVE_PAYMENT,0.0,0.0,True
EVT_00004912,CHECKOUT_ABANDONMENT,,CARD,0,3717.29,CUS_000991,MER_00197,832,True,True,RECOVERY_REMINDER,3717.29,1.0,ALTERNATIVE_PAYMENT,3717.29,0.0,False
EVT_00004936,PAYMENT_FAILURE,PAYMENT_LIMIT,UPI,3,5542.14,CUS_001638,MER_00136,0,False,False,ALTERNATIVE_PAYMENT,0.0,0.0,ALTERNATIVE_PAYMENT,0.0,0.0,True
EVT_00004950,CHECKOUT_ABANDONMENT,,WALLET,0,8576.22,CUS_000695,MER_00085,186,False,False,RECOVERY_REMINDER,8576.22,1.0,RECOVERY_REMINDER,8576.22,0.0,True
EVT_00004972,PAYMENT_FAILURE,ISSUER_DECLINE,CARD,2,1324.71,CUS_000104,MER_00069,0,False,False,ALTERNATIVE_PAYMENT,0.0,0.0,ALTERNATIVE_PAYMENT,0.0,0.0,True
EVT_00004986,SUBSCRIPTION_FAILURE,,UPI,0,4833.55,CUS_001518,MER_00143,0,False,False,ALTERNATIVE_PAYMENT,4833.55,1.0,ALTERNATIVE_PAYMENT,4833.55,0.0,True
EVT_00004988,SUBSCRIPTION_FAILURE,,NETBANKING,0,3466.86,CUS_000311,MER_00004,0,False,False,ALTERNATIVE_PAYMENT,3466.86,1.0,ALTERNATIVE_PAYMENT,3466.86,0.0,True
EVT_00005016,PAYMENT_FAILURE,INSUFFICIENT_BALANCE,UPI,0,1609.7,CUS_000283,MER_00041,0,False,False,ALTERNATIVE_PAYMENT,1609.7,1.0,ALTERNATIVE_PAYMENT,1609.7,0.0,True
EVT_00005019,PAYMENT_FAILURE,BANK_TECHNICAL_ERROR,UPI,0,1833.02,CUS_000248,MER_00169,0,False,False,ALTERNATIVE_PAYMENT,1833.02,1.0,ALTERNATIVE_PAYMENT,1833.02,0.0,True
EVT_00005020,PAYMENT_FAILURE,TIMEOUT,UPI,2,28963.06,CUS_000363,MER_00096,0,False,False,ALTERNATIVE_PAYMENT,28963.06,1.0,ALTERNATIVE_PAYMENT,28963.06,0.0,True
EVT_00005029,PAYMENT_FAILURE,TIMEOUT,CARD,1,1807.01,CUS_001484,MER_00154,0,False,False,ALTERNATIVE_PAYMENT,1807.01,1.0,ALTERNATIVE_PAYMENT,1807.01,0.0,True
EVT_00005038,PAYMENT_FAILURE,ISSUER_DECLINE,CARD,3,4266.21,CUS_001821,MER_00187,0,False,False,ALTERNATIVE_PAYMENT,0.0,0.0,ALTERNATIVE_PAYMENT,0.0,0.0,True
EVT_00005077,PAYMENT_FAILURE,ISSUER_DECLINE,UPI,3,5797.34,CUS_000229,MER_00121,0,False,False,ALTERNATIVE_PAYMENT,0.0,0.0,ALTERNATIVE_PAYMENT,0.0,0.0,True
EVT_00005109,SUBSCRIPTION_FAILURE,,CARD,0,3341.36,CUS_001520,MER_00198,0,False,False,ALTERNATIVE_PAYMENT,3341.36,1.0,ALTERNATIVE_PAYMENT,3341.36,0.0,True
EVT_00005116,CHECKOUT_ABANDONMENT,,CARD,0,10309.04,CUS_001675,MER_00145,404,True,False,RECOVERY_REMINDER,10309.04,1.0,ALTERNATIVE_PAYMENT,10309.04,0.0,False
EVT_00005120,PAYMENT_FAILURE,NETWORK_ERROR,CARD,2,6580.02,CUS_000944,MER_00086,0,False,False,ALTERNATIVE_PAYMENT,0.0,0.0,ALTERNATIVE_PAYMENT,0.0,0.0,True
EVT_00005127,PAYMENT_FAILURE,ISSUER_DECLINE,UPI,0,7837.28,CUS_000504,MER_00188,0,False,False,ALTERNATIVE_PAYMENT,0.0,0.0,ALTERNATIVE_PAYMENT,0.0,0.0,True
EVT_00005133,PAYMENT_FAILURE,TIMEOUT,WALLET,1,2015.62,CUS_001182,MER_00064,0,False,False,ALTERNATIVE_PAYMENT,2015.62,1.0,ALTERNATIVE_PAYMENT,2015.62,0.0,True
EVT_00005144,CHECKOUT_ABANDONMENT,,NETBANKING,0,2949.35,CUS_000939,MER_00185,866,True,False,RECOVERY_REMINDER,2949.35,1.0,ALTERNATIVE_PAYMENT,2949.35,0.0,False
EVT_00005148,PAYMENT_FAILURE,NETWORK_ERROR,CARD,1,340.54,CUS_001401,MER_00161,0,False,False,ALTERNATIVE_PAYMENT,0.0,0.0,ALTERNATIVE_PAYMENT,0.0,0.0,True
EVT_00005156,PAYMENT_FAILURE,INSUFFICIENT_BALANCE,CARD,0,1351.02,CUS_000761,MER_00132,0,False,False,ALTERNATIVE_PAYMENT,0.0,0.0,RECOVERY_REMINDER,1351.02,1351.02,False
EVT_00005167,SUBSCRIPTION_FAILURE,,UPI,0,5293.9,CUS_000912,MER_00147,0,False,False,ALTERNATIVE_PAYMENT,5293.9,1.0,ALTERNATIVE_PAYMENT,5293.9,0.0,True
EVT_00005170,PAYMENT_FAILURE,INSUFFICIENT_BALANCE,UPI,2,3042.39,CUS_000348,MER_00070,0,False,False,ALTERNATIVE_PAYMENT,0.0,0.0,HUMAN_ESCALATION,3042.39,3042.39,False
EVT_00005193,PAYMENT_FAILURE,EXPIRED_PAYMENT_METHOD,UPI,0,2458.48,CUS_000214,MER_00197,0,False,False,ALTERNATIVE_PAYMENT,2458.48,1.0,ALTERNATIVE_PAYMENT,2458.48,0.0,True
EVT_00005198,PAYMENT_FAILURE,BANK_TECHNICAL_ERROR,UPI,2,7086.08,CUS_000435,MER_00096,0,False,False,ALTERNATIVE_PAYMENT,7086.08,1.0,ALTERNATIVE_PAYMENT,7086.08,0.0,True
EVT_00005199,PAYMENT_FAILURE,TIMEOUT,UPI,0,1816.57,CUS_001049,MER_00039,0,False,False,ALTERNATIVE_PAYMENT,1816.57,1.0,ALTERNATIVE_PAYMENT,1816.57,0.0,True
EVT_00005217,PAYMENT_FAILURE,BANK_TECHNICAL_ERROR,CARD,0,7792.89,CUS_000006,MER_00043,0,False,False,ALTERNATIVE_PAYMENT,7792.89,1.0,ALTERNATIVE_PAYMENT,7792.89,0.0,True
EVT_00005220,PAYMENT_FAILURE,BANK_TECHNICAL_ERROR,CARD,3,2611.51,CUS_001121,MER_00170,0,False,False,ALTERNATIVE_PAYMENT,2611.51,1.0,ALTERNATIVE_PAYMENT,2611.51,0.0,True
EVT_00005228,PAYMENT_FAILURE,BANK_TECHNICAL_ERROR,CARD,3,4005.92,CUS_001566,MER_00133,0,False,False,ALTERNATIVE_PAYMENT,4005.92,1.0,ALTERNATIVE_PAYMENT,4005.92,0.0,True
EVT_00005241,PAYMENT_FAILURE,INSUFFICIENT_BALANCE,WALLET,1,6919.37,CUS_000370,MER_00013,0,False,False,ALTERNATIVE_PAYMENT,0.0,0.0,RECOVERY_REMINDER,6919.37,6919.37,False
EVT_00005242,PAYMENT_FAILURE,ISSUER_DECLINE,UPI,2,2962.61,CUS_000531,MER_00090,0,False,False,ALTERNATIVE_PAYMENT,2962.61,1.0,ALTERNATIVE_PAYMENT,2962.61,0.0,True
EVT_00005245,PAYMENT_FAILURE,BANK_TECHNICAL_ERROR,CARD,1,1322.46,CUS_001701,MER_00135,0,False,False,ALTERNATIVE_PAYMENT,0.0,0.0,RECOVERY_REMINDER,1322.46,1322.46,False
EVT_00005247,CHECKOUT_ABANDONMENT,,UPI,0,14571.64,CUS_000405,MER_00175,631,False,False,RECOVERY_REMINDER,14571.64,1.0,RECOVERY_REMINDER,14571.64,0.0,True
EVT_00005249,PAYMENT_FAILURE,BANK_TECHNICAL_ERROR,UPI,2,6820.96,CUS_000250,MER_00125,0,False,False,ALTERNATIVE_PAYMENT,6820.96,1.0,ALTERNATIVE_PAYMENT,6820.96,0.0,True
EVT_00005251,PAYMENT_FAILURE,NETWORK_ERROR,CARD,1,7645.82,CUS_000220,MER_00022,0,False,False,ALTERNATIVE_PAYMENT,0.0,0.0,RETRY_LATER,7645.82,7645.82,False
EVT_00005264,CHECKOUT_ABANDONMENT,,UPI,0,8537.8,CUS_000446,MER_00117,97,True,False,RECOVERY_REMINDER,8537.8,1.0,ALTERNATIVE_PAYMENT,8537.8,0.0,False
EVT_00005267,CHECKOUT_ABANDONMENT,,UPI,0,3716.67,CUS_001153,MER_00014,885,True,False,RECOVERY_REMINDER,3716.67,1.0,ALTERNATIVE_PAYMENT,3716.67,0.0,False
EVT_00005274,PAYMENT_FAILURE,INSUFFICIENT_BALANCE,CARD,2,4784.68,CUS_001043,MER_00169,0,False,False,ALTERNATIVE_PAYMENT,4784.68,1.0,ALTERNATIVE_PAYMENT,4784.68,0.0,True
EVT_00005283,PAYMENT_FAILURE,ISSUER_DECLINE,WALLET,0,1722.68,CUS_001422,MER_00083,0,False,False,ALTERNATIVE_PAYMENT,1722.68,1.0,ALTERNATIVE_PAYMENT,1722.68,0.0,True
EVT_00005285,PAYMENT_FAILURE,BANK_TECHNICAL_ERROR,CARD,1,3977.69,CUS_000013,MER_00072,0,False,False,ALTERNATIVE_PAYMENT,3977.69,1.0,ALTERNATIVE_PAYMENT,3977.69,0.0,True
EVT_00005289,PAYMENT_FAILURE,TIMEOUT,UPI,3,8590.73,CUS_000192,MER_00147,0,False,False,ALTERNATIVE_PAYMENT,0.0,0.0,ALTERNATIVE_PAYMENT,0.0,0.0,True
EVT_00005295,SUBSCRIPTION_FAILURE,,UPI,0,8302.96,CUS_001695,MER_00153,0,False,False,ALTERNATIVE_PAYMENT,8302.96,1.0,ALTERNATIVE_PAYMENT,8302.96,0.0,True
EVT_00005302,PAYMENT_FAILURE,TIMEOUT,CARD,2,11704.0,CUS_000643,MER_00040,0,False,False,ALTERNATIVE_PAYMENT,0.0,0.0,ALTERNATIVE_PAYMENT,0.0,0.0,True
EVT_00005313,CHECKOUT_ABANDONMENT,,UPI,0,2943.63,CUS_001891,MER_00089,893,True,True,RECOVERY_REMINDER,2943.63,1.0,ALTERNATIVE_PAYMENT,2943.63,0.0,False
EVT_00005319,CHECKOUT_ABANDONMENT,,UPI,0,20143.37,CUS_001709,MER_00014,99,True,False,RECOVERY_REMINDER,20143.37,1.0,ALTERNATIVE_PAYMENT,20143.37,0.0,False
EVT_00005321,PAYMENT_FAILURE,TIMEOUT,CARD,2,133156.89,CUS_000184,MER_00197,0,False,False,ALTERNATIVE_PAYMENT,0.0,0.0,RECOVERY_REMINDER,133156.89,133156.89,False
EVT_00005329,PAYMENT_FAILURE,ISSUER_DECLINE,CARD,3,2949.58,CUS_000641,MER_00020,0,False,False,ALTERNATIVE_PAYMENT,0.0,0.0,ALTERNATIVE_PAYMENT,0.0,0.0,True
EVT_00005348,PAYMENT_FAILURE,ISSUER_DECLINE,CARD,2,16776.06,CUS_001804,MER_00060,0,False,False,ALTERNATIVE_PAYMENT,0.0,0.0,ALTERNATIVE_PAYMENT,0.0,0.0,True
EVT_00005354,PAYMENT_FAILURE,ISSUER_DECLINE,CARD,1,2399.7,CUS_001127,MER_00112,0,False,False,ALTERNATIVE_PAYMENT,0.0,0.0,ALTERNATIVE_PAYMENT,0.0,0.0,True
EVT_00005356,PAYMENT_FAILURE,PAYMENT_LIMIT,UPI,0,20431.11,CUS_000905,MER_00083,0,False,False,ALTERNATIVE_PAYMENT,20431.11,1.0,ALTERNATIVE_PAYMENT,20431.11,0.0,True
EVT_00005358,PAYMENT_FAILURE,ISSUER_DECLINE,CARD,0,1262.79,CUS_001203,MER_00188,0,False,False,ALTERNATIVE_PAYMENT,1262.79,1.0,ALTERNATIVE_PAYMENT,1262.79,0.0,True
EVT_00005361,PAYMENT_FAILURE,BANK_TECHNICAL_ERROR,UPI,3,9151.86,CUS_001940,MER_00045,0,False,False,ALTERNATIVE_PAYMENT,9151.86,1.0,ALTERNATIVE_PAYMENT,9151.86,0.0,True
EVT_00005367,PAYMENT_FAILURE,INSUFFICIENT_BALANCE,CARD,2,2805.87,CUS_001049,MER_00140,0,False,False,ALTERNATIVE_PAYMENT,0.0,0.0,ALTERNATIVE_PAYMENT,0.0,0.0,True
EVT_00005373,PAYMENT_FAILURE,TIMEOUT,NETBANKING,3,9390.78,CUS_000286,MER_00060,0,False,False,ALTERNATIVE_PAYMENT,0.0,0.0,ALTERNATIVE_PAYMENT,0.0,0.0,True
EVT_00005375,PAYMENT_FAILURE,TIMEOUT,UPI,2,5063.69,CUS_000993,MER_00192,0,False,False,ALTERNATIVE_PAYMENT,0.0,0.0,RECOVERY_REMINDER,5063.69,5063.69,False
EVT_00005377,CHECKOUT_ABANDONMENT,,UPI,0,10655.4,CUS_000727,MER_00158,511,True,False,RECOVERY_REMINDER,0.0,0.0,ALTERNATIVE_PAYMENT,10655.4,10655.4,False
EVT_00005379,CHECKOUT_ABANDONMENT,,NETBANKING,0,27543.57,CUS_000165,MER_00122,578,True,False,RECOVERY_REMINDER,27543.57,1.0,ALTERNATIVE_PAYMENT,27543.57,0.0,False
EVT_00005389,PAYMENT_FAILURE,BANK_TECHNICAL_ERROR,UPI,3,11008.27,CUS_001316,MER_00025,0,False,False,ALTERNATIVE_PAYMENT,11008.27,1.0,ALTERNATIVE_PAYMENT,11008.27,0.0,True
EVT_00005391,SUBSCRIPTION_FAILURE,,UPI,0,842.41,CUS_000210,MER_00078,0,False,False,ALTERNATIVE_PAYMENT,0.0,0.0,ALTERNATIVE_PAYMENT,0.0,0.0,True
EVT_00005401,PAYMENT_FAILURE,NETWORK_ERROR,UPI,3,3102.93,CUS_000226,MER_00143,0,False,False,ALTERNATIVE_PAYMENT,0.0,0.0,HUMAN_ESCALATION,3102.93,3102.93,False
EVT_00005404,PAYMENT_FAILURE,BANK_TECHNICAL_ERROR,CARD,0,5019.12,CUS_000634,MER_00146,0,False,False,ALTERNATIVE_PAYMENT,5019.12,1.0,ALTERNATIVE_PAYMENT,5019.12,0.0,True
EVT_00005410,PAYMENT_FAILURE,TIMEOUT,NETBANKING,1,2311.11,CUS_001486,MER_00122,0,False,False,ALTERNATIVE_PAYMENT,2311.11,1.0,ALTERNATIVE_PAYMENT,2311.11,0.0,True
EVT_00005412,CHECKOUT_ABANDONMENT,,WALLET,0,1875.16,CUS_001868,MER_00118,553,True,False,RECOVERY_REMINDER,1875.16,1.0,ALTERNATIVE_PAYMENT,1875.16,0.0,False
EVT_00005415,PAYMENT_FAILURE,BANK_TECHNICAL_ERROR,UPI,2,6653.09,CUS_001937,MER_00056,0,False,False,ALTERNATIVE_PAYMENT,0.0,0.0,RECOVERY_REMINDER,6653.09,6653.09,False
EVT_00005420,PAYMENT_FAILURE,INSUFFICIENT_BALANCE,UPI,3,4819.16,CUS_000837,MER_00096,0,False,False,ALTERNATIVE_PAYMENT,0.0,0.0,ALTERNATIVE_PAYMENT,0.0,0.0,True
EVT_00005428,PAYMENT_FAILURE,ISSUER_DECLINE,CARD,2,8856.13,CUS_000143,MER_00045,0,False,False,ALTERNATIVE_PAYMENT,0.0,0.0,ALTERNATIVE_PAYMENT,0.0,0.0,True
EVT_00005429,SUBSCRIPTION_FAILURE,,UPI,0,3257.34,CUS_001770,MER_00003,0,False,False,ALTERNATIVE_PAYMENT,3257.34,1.0,ALTERNATIVE_PAYMENT,3257.34,0.0,True
EVT_00005436,PAYMENT_FAILURE,EXPIRED_PAYMENT_METHOD,NETBANKING,0,4466.18,CUS_000326,MER_00018,0,False,False,ALTERNATIVE_PAYMENT,4466.18,1.0,ALTERNATIVE_PAYMENT,4466.18,0.0,True
EVT_00005456,PAYMENT_FAILURE,INSUFFICIENT_BALANCE,UPI,1,4169.73,CUS_000598,MER_00060,0,False,False,ALTERNATIVE_PAYMENT,0.0,0.0,RECOVERY_REMINDER,4169.73,4169.73,False
EVT_00005457,PAYMENT_FAILURE,PAYMENT_LIMIT,WALLET,3,3230.86,CUS_000412,MER_00156,0,False,False,ALTERNATIVE_PAYMENT,3230.86,1.0,ALTERNATIVE_PAYMENT,3230.86,0.0,True
EVT_00005458,CHECKOUT_ABANDONMENT,,NETBANKING,0,3982.34,CUS_001036,MER_00080,92,True,False,RECOVERY_REMINDER,3982.34,1.0,ALTERNATIVE_PAYMENT,3982.34,0.0,False
EVT_00005459,PAYMENT_FAILURE,ISSUER_DECLINE,CARD,1,9881.4,CUS_000354,MER_00178,0,False,False,ALTERNATIVE_PAYMENT,0.0,0.0,ALTERNATIVE_PAYMENT,0.0,0.0,True
EVT_00005477,PAYMENT_FAILURE,NETWORK_ERROR,UPI,3,14497.19,CUS_000079,MER_00088,0,False,False,ALTERNATIVE_PAYMENT,0.0,0.0,HUMAN_ESCALATION,14497.19,14497.19,False
EVT_00005481,PAYMENT_FAILURE,BANK_TECHNICAL_ERROR,UPI,1,15267.58,CUS_000196,MER_00160,0,False,False,ALTERNATIVE_PAYMENT,15267.58,1.0,ALTERNATIVE_PAYMENT,15267.58,0.0,True
EVT_00005488,PAYMENT_FAILURE,TIMEOUT,NETBANKING,1,5960.15,CUS_001713,MER_00122,0,False,False,ALTERNATIVE_PAYMENT,0.0,0.0,RECOVERY_REMINDER,5960.15,5960.15,False
EVT_00005489,PAYMENT_FAILURE,ISSUER_DECLINE,UPI,2,1538.56,CUS_001275,MER_00176,0,False,False,ALTERNATIVE_PAYMENT,1538.56,1.0,ALTERNATIVE_PAYMENT,1538.56,0.0,True
EVT_00005497,PAYMENT_FAILURE,INSUFFICIENT_BALANCE,NETBANKING,1,1918.23,CUS_001097,MER_00191,0,False,False,ALTERNATIVE_PAYMENT,1918.23,1.0,ALTERNATIVE_PAYMENT,1918.23,0.0,True
EVT_00005502,PAYMENT_FAILURE,INSUFFICIENT_BALANCE,CARD,2,974.01,CUS_000362,MER_00074,0,False,False,ALTERNATIVE_PAYMENT,0.0,0.0,RECOVERY_REMINDER,974.01,974.01,False
EVT_00005509,PAYMENT_FAILURE,TIMEOUT,UPI,1,6029.93,CUS_000425,MER_00043,0,False,False,ALTERNATIVE_PAYMENT,6029.93,1.0,ALTERNATIVE_PAYMENT,6029.93,0.0,True
EVT_00005528,CHECKOUT_ABANDONMENT,,CARD,0,2191.33,CUS_001908,MER_00013,20,True,False,RECOVERY_REMINDER,2191.33,1.0,ALTERNATIVE_PAYMENT,2191.33,0.0,False
EVT_00005530,SUBSCRIPTION_FAILURE,,NETBANKING,0,2867.93,CUS_001199,MER_00182,0,False,False,ALTERNATIVE_PAYMENT,0.0,0.0,RETRY_LATER,2867.93,2867.93,False
EVT_00005540,PAYMENT_FAILURE,BANK_TECHNICAL_ERROR,CARD,1,395.91,CUS_000315,MER_00147,0,False,False,ALTERNATIVE_PAYMENT,0.0,0.0,ALTERNATIVE_PAYMENT,0.0,0.0,True
EVT_00005544,SUBSCRIPTION_FAILURE,,WALLET,0,19324.59,CUS_000189,MER_00179,0,False,False,ALTERNATIVE_PAYMENT,19324.59,1.0,ALTERNATIVE_PAYMENT,19324.59,0.0,True
EVT_00005553,SUBSCRIPTION_FAILURE,,CARD,0,2463.08,CUS_000305,MER_00091,0,False,False,ALTERNATIVE_PAYMENT,0.0,0.0,RETRY_LATER,2463.08,2463.08,False
EVT_00005565,PAYMENT_FAILURE,INSUFFICIENT_BALANCE,NETBANKING,3,1953.18,CUS_000252,MER_00105,0,False,False,ALTERNATIVE_PAYMENT,0.0,0.0,ALTERNATIVE_PAYMENT,0.0,0.0,True
EVT_00005566,SUBSCRIPTION_FAILURE,,UPI,0,2818.35,CUS_000036,MER_00017,0,False,False,ALTERNATIVE_PAYMENT,2818.35,1.0,ALTERNATIVE_PAYMENT,2818.35,0.0,True
EVT_00005589,PAYMENT_FAILURE,TIMEOUT,WALLET,1,18539.89,CUS_000255,MER_00194,0,False,False,ALTERNATIVE_PAYMENT,18539.89,1.0,ALTERNATIVE_PAYMENT,18539.89,0.0,True
EVT_00005604,CHECKOUT_ABANDONMENT,,CARD,0,4404.23,CUS_000719,MER_00142,121,True,False,RECOVERY_REMINDER,4404.23,1.0,ALTERNATIVE_PAYMENT,4404.23,0.0,False
EVT_00005610,SUBSCRIPTION_FAILURE,,WALLET,0,2835.32,CUS_000968,MER_00106,0,False,False,ALTERNATIVE_PAYMENT,0.0,0.0,ALTERNATIVE_PAYMENT,0.0,0.0,True
EVT_00005618,CHECKOUT_ABANDONMENT,,CARD,0,4982.45,CUS_001223,MER_00001,284,True,False,RECOVERY_REMINDER,4982.45,1.0,ALTERNATIVE_PAYMENT,4982.45,0.0,False
EVT_00005642,SUBSCRIPTION_FAILURE,,NETBANKING,0,33633.03,CUS_001590,MER_00064,0,False,False,ALTERNATIVE_PAYMENT,33633.03,1.0,ALTERNATIVE_PAYMENT,33633.03,0.0,True
EVT_00005646,CHECKOUT_ABANDONMENT,,CARD,0,2094.07,CUS_000933,MER_00023,209,True,False,RECOVERY_REMINDER,2094.07,1.0,ALTERNATIVE_PAYMENT,2094.07,0.0,False
EVT_00005656,SUBSCRIPTION_FAILURE,,UPI,0,4928.25,CUS_001803,MER_00082,0,False,False,ALTERNATIVE_PAYMENT,4928.25,1.0,ALTERNATIVE_PAYMENT,4928.25,0.0,True
EVT_00005661,CHECKOUT_ABANDONMENT,,CARD,0,6532.47,CUS_001590,MER_00103,91,True,True,RECOVERY_REMINDER,6532.47,1.0,ALTERNATIVE_PAYMENT,6532.47,0.0,False
EVT_00005680,CHECKOUT_ABANDONMENT,,UPI,0,2206.95,CUS_001611,MER_00035,52,False,False,RECOVERY_REMINDER,0.0,0.0,ALTERNATIVE_PAYMENT,2206.95,2206.95,False
EVT_00005683,PAYMENT_FAILURE,ISSUER_DECLINE,NETBANKING,1,5168.57,CUS_001161,MER_00127,0,False,False,ALTERNATIVE_PAYMENT,0.0,0.0,ALTERNATIVE_PAYMENT,0.0,0.0,True
EVT_00005687,PAYMENT_FAILURE,BANK_TECHNICAL_ERROR,CARD,0,4031.43,CUS_000487,MER_00124,0,False,False,ALTERNATIVE_PAYMENT,4031.43,1.0,ALTERNATIVE_PAYMENT,4031.43,0.0,True
EVT_00005693,CHECKOUT_ABANDONMENT,,CARD,0,1934.04,CUS_001886,MER_00137,891,False,False,RECOVERY_REMINDER,0.0,0.0,ALTERNATIVE_PAYMENT,1934.04,1934.04,False
EVT_00005695,CHECKOUT_ABANDONMENT,,CARD,0,6517.36,CUS_001306,MER_00197,124,True,False,RECOVERY_REMINDER,6517.36,1.0,ALTERNATIVE_PAYMENT,6517.36,0.0,False
EVT_00005698,PAYMENT_FAILURE,EXPIRED_PAYMENT_METHOD,UPI,3,19560.34,CUS_000662,MER_00027,0,False,False,ALTERNATIVE_PAYMENT,0.0,0.0,ALTERNATIVE_PAYMENT,0.0,0.0,True
EVT_00005706,PAYMENT_FAILURE,EXPIRED_PAYMENT_METHOD,CARD,0,11496.89,CUS_001390,MER_00114,0,False,False,ALTERNATIVE_PAYMENT,11496.89,1.0,ALTERNATIVE_PAYMENT,11496.89,0.0,True
EVT_00005712,PAYMENT_FAILURE,TIMEOUT,CARD,0,5501.17,CUS_001466,MER_00018,0,False,False,ALTERNATIVE_PAYMENT,0.0,0.0,RETRY_LATER,5501.17,5501.17,False
EVT_00005733,SUBSCRIPTION_FAILURE,,UPI,0,33069.78,CUS_001066,MER_00136,0,False,False,ALTERNATIVE_PAYMENT,0.0,0.0,HUMAN_ESCALATION,33069.78,33069.78,False
EVT_00005738,PAYMENT_FAILURE,INSUFFICIENT_BALANCE,CARD,2,12631.16,CUS_000518,MER_00140,0,False,False,ALTERNATIVE_PAYMENT,0.0,0.0,ALTERNATIVE_PAYMENT,0.0,0.0,True
EVT_00005748,CHECKOUT_ABANDONMENT,,UPI,0,5931.8,CUS_001213,MER_00042,692,True,False,RECOVERY_REMINDER,0.0,0.0,ALTERNATIVE_PAYMENT,5931.8,5931.8,False
EVT_00005750,SUBSCRIPTION_FAILURE,,UPI,0,2336.76,CUS_001588,MER_00168,0,False,False,ALTERNATIVE_PAYMENT,2336.76,1.0,ALTERNATIVE_PAYMENT,2336.76,0.0,True
EVT_00005764,PAYMENT_FAILURE,PAYMENT_LIMIT,UPI,0,3719.49,CUS_000615,MER_00164,0,False,False,ALTERNATIVE_PAYMENT,3719.49,1.0,ALTERNATIVE_PAYMENT,3719.49,0.0,True
EVT_00005774,CHECKOUT_ABANDONMENT,,NETBANKING,0,18289.6,CUS_000155,MER_00096,850,True,False,RECOVERY_REMINDER,18289.6,1.0,ALTERNATIVE_PAYMENT,18289.6,0.0,False
EVT_00005780,CHECKOUT_ABANDONMENT,,WALLET,0,4344.81,CUS_000920,MER_00071,141,True,False,RECOVERY_REMINDER,4344.81,1.0,ALTERNATIVE_PAYMENT,4344.81,0.0,False
EVT_00005784,CHECKOUT_ABANDONMENT,,CARD,0,11168.39,CUS_000377,MER_00050,756,True,True,RECOVERY_REMINDER,0.0,0.0,ALTERNATIVE_PAYMENT,11168.39,11168.39,False
EVT_00005799,PAYMENT_FAILURE,ISSUER_DECLINE,NETBANKING,1,8958.92,CUS_000839,MER_00177,0,False,False,ALTERNATIVE_PAYMENT,8958.92,1.0,ALTERNATIVE_PAYMENT,8958.92,0.0,True
EVT_00005800,CHECKOUT_ABANDONMENT,,UPI,0,5870.12,CUS_000968,MER_00045,165,False,True,RECOVERY_REMINDER,5870.12,1.0,ALTERNATIVE_PAYMENT,5870.12,0.0,False
EVT_00005803,PAYMENT_FAILURE,BANK_TECHNICAL_ERROR,CARD,1,6978.37,CUS_001347,MER_00014,0,False,False,ALTERNATIVE_PAYMENT,0.0,0.0,RECOVERY_REMINDER,6978.37,6978.37,False
EVT_00005821,PAYMENT_FAILURE,TIMEOUT,CARD,1,8701.46,CUS_000350,MER_00143,0,False,False,ALTERNATIVE_PAYMENT,8701.46,1.0,ALTERNATIVE_PAYMENT,8701.46,0.0,True
EVT_00005823,PAYMENT_FAILURE,TIMEOUT,CARD,0,5705.42,CUS_000843,MER_00003,0,False,False,ALTERNATIVE_PAYMENT,0.0,0.0,RECOVERY_REMINDER,5705.42,5705.42,False
EVT_00005825,PAYMENT_FAILURE,ISSUER_DECLINE,WALLET,2,10975.68,CUS_001708,MER_00032,0,False,False,ALTERNATIVE_PAYMENT,0.0,0.0,ALTERNATIVE_PAYMENT,0.0,0.0,True
EVT_00005830,PAYMENT_FAILURE,ISSUER_DECLINE,CARD,1,10643.04,CUS_001055,MER_00174,0,False,False,ALTERNATIVE_PAYMENT,0.0,0.0,RETRY_LATER,10643.04,10643.04,False
EVT_00005833,CHECKOUT_ABANDONMENT,,UPI,0,4082.08,CUS_001232,MER_00073,722,True,False,RECOVERY_REMINDER,4082.08,1.0,ALTERNATIVE_PAYMENT,4082.08,0.0,False
EVT_00005846,PAYMENT_FAILURE,TIMEOUT,UPI,3,1508.81,CUS_001790,MER_00118,0,False,False,ALTERNATIVE_PAYMENT,1508.81,1.0,ALTERNATIVE_PAYMENT,1508.81,0.0,True
EVT_00005847,PAYMENT_FAILURE,INSUFFICIENT_BALANCE,WALLET,0,2543.64,CUS_000890,MER_00200,0,False,False,ALTERNATIVE_PAYMENT,0.0,0.0,RECOVERY_REMINDER,2543.64,2543.64,False
EVT_00005867,PAYMENT_FAILURE,BANK_TECHNICAL_ERROR,CARD,1,9731.85,CUS_001607,MER_00179,0,False,False,ALTERNATIVE_PAYMENT,9731.85,1.0,ALTERNATIVE_PAYMENT,9731.85,0.0,True
EVT_00005873,SUBSCRIPTION_FAILURE,,WALLET,0,2793.22,CUS_000843,MER_00127,0,False,False,ALTERNATIVE_PAYMENT,0.0,0.0,RETRY_LATER,2793.22,2793.22,False
EVT_00005882,PAYMENT_FAILURE,TIMEOUT,CARD,2,10442.9,CUS_000129,MER_00075,0,False,False,ALTERNATIVE_PAYMENT,10442.9,1.0,ALTERNATIVE_PAYMENT,10442.9,0.0,True
EVT_00005896,CHECKOUT_ABANDONMENT,,UPI,0,5135.34,CUS_000250,MER_00110,99,True,False,RECOVERY_REMINDER,0.0,0.0,ALTERNATIVE_PAYMENT,5135.34,5135.34,False
EVT_00005897,PAYMENT_FAILURE,INSUFFICIENT_BALANCE,NETBANKING,2,2999.11,CUS_001435,MER_00093,0,False,False,ALTERNATIVE_PAYMENT,0.0,0.0,ALTERNATIVE_PAYMENT,0.0,0.0,True
EVT_00005902,PAYMENT_FAILURE,PAYMENT_LIMIT,CARD,2,2719.11,CUS_000917,MER_00018,0,False,False,ALTERNATIVE_PAYMENT,2719.11,1.0,ALTERNATIVE_PAYMENT,2719.11,0.0,True
EVT_00005907,PAYMENT_FAILURE,ISSUER_DECLINE,UPI,1,18216.78,CUS_000188,MER_00037,0,False,False,ALTERNATIVE_PAYMENT,0.0,0.0,ALTERNATIVE_PAYMENT,0.0,0.0,True
EVT_00005927,CHECKOUT_ABANDONMENT,,UPI,0,6014.87,CUS_001726,MER_00035,248,False,True,RECOVERY_REMINDER,6014.87,1.0,RECOVERY_REMINDER,6014.87,0.0,True
EVT_00005932,PAYMENT_FAILURE,INSUFFICIENT_BALANCE,UPI,0,3833.82,CUS_001726,MER_00141,0,False,False,ALTERNATIVE_PAYMENT,0.0,0.0,ALTERNATIVE_PAYMENT,0.0,0.0,True
EVT_00005947,SUBSCRIPTION_FAILURE,,WALLET,0,8928.75,CUS_000957,MER_00194,0,False,False,ALTERNATIVE_PAYMENT,0.0,0.0,ALTERNATIVE_PAYMENT,0.0,0.0,True
EVT_00005952,CHECKOUT_ABANDONMENT,,WALLET,0,3035.14,CUS_001670,MER_00147,335,True,False,RECOVERY_REMINDER,3035.14,1.0,ALTERNATIVE_PAYMENT,3035.14,0.0,False
EVT_00005953,PAYMENT_FAILURE,INSUFFICIENT_BALANCE,UPI,2,2878.62,CUS_000326,MER_00197,0,False,False,ALTERNATIVE_PAYMENT,0.0,0.0,ALTERNATIVE_PAYMENT,0.0,0.0,True
EVT_00005955,PAYMENT_FAILURE,EXPIRED_PAYMENT_METHOD,CARD,1,1386.12,CUS_001665,MER_00192,0,False,False,ALTERNATIVE_PAYMENT,0.0,0.0,ALTERNATIVE_PAYMENT,0.0,0.0,True
EVT_00005958,PAYMENT_FAILURE,NETWORK_ERROR,UPI,1,12010.55,CUS_001390,MER_00129,0,False,False,ALTERNATIVE_PAYMENT,0.0,0.0,ALTERNATIVE_PAYMENT,0.0,0.0,True
EVT_00005965,CHECKOUT_ABANDONMENT,,CARD,0,7260.36,CUS_000671,MER_00110,222,True,False,RECOVERY_REMINDER,7260.36,1.0,ALTERNATIVE_PAYMENT,7260.36,0.0,False
EVT_00005972,PAYMENT_FAILURE,BANK_TECHNICAL_ERROR,CARD,1,4189.69,CUS_001228,MER_00156,0,False,False,ALTERNATIVE_PAYMENT,4189.69,1.0,ALTERNATIVE_PAYMENT,4189.69,0.0,True
EVT_00005975,PAYMENT_FAILURE,INSUFFICIENT_BALANCE,CARD,2,2196.63,CUS_001807,MER_00060,0,False,False,ALTERNATIVE_PAYMENT,0.0,0.0,RECOVERY_REMINDER,2196.63,2196.63,False
EVT_00005982,PAYMENT_FAILURE,BANK_TECHNICAL_ERROR,UPI,1,4392.74,CUS_001174,MER_00110,0,False,False,ALTERNATIVE_PAYMENT,0.0,0.0,HUMAN_ESCALATION,4392.74,4392.74,False
EVT_00005990,PAYMENT_FAILURE,NETWORK_ERROR,NETBANKING,3,13100.34,CUS_001346,MER_00083,0,False,False,ALTERNATIVE_PAYMENT,13100.34,1.0,ALTERNATIVE_PAYMENT,13100.34,0.0,True
EVT_00005999,SUBSCRIPTION_FAILURE,,UPI,0,13313.13,CUS_001111,MER_00145,0,False,False,ALTERNATIVE_PAYMENT,13313.13,1.0,ALTERNATIVE_PAYMENT,13313.13,0.0,True
EVT_00006007,CHECKOUT_ABANDONMENT,,UPI,0,6168.94,CUS_001007,MER_00067,718,False,False,RECOVERY_REMINDER,6168.94,1.0,ALTERNATIVE_PAYMENT,6168.94,0.0,False
EVT_00006009,CHECKOUT_ABANDONMENT,,UPI,0,4341.25,CUS_000051,MER_00145,320,True,False,RECOVERY_REMINDER,4341.25,1.0,ALTERNATIVE_PAYMENT,4341.25,0.0,False
EVT_00006017,SUBSCRIPTION_FAILURE,,CARD,0,2795.96,CUS_000690,MER_00171,0,False,False,ALTERNATIVE_PAYMENT,2795.96,1.0,ALTERNATIVE_PAYMENT,2795.96,0.0,True
EVT_00006018,PAYMENT_FAILURE,INSUFFICIENT_BALANCE,CARD,0,13370.59,CUS_000935,MER_00145,0,False,False,ALTERNATIVE_PAYMENT,13370.59,1.0,ALTERNATIVE_PAYMENT,13370.59,0.0,True
EVT_00006035,PAYMENT_FAILURE,PAYMENT_LIMIT,UPI,1,12000.02,CUS_001420,MER_00118,0,False,False,ALTERNATIVE_PAYMENT,12000.02,1.0,ALTERNATIVE_PAYMENT,12000.02,0.0,True
EVT_00006048,PAYMENT_FAILURE,NETWORK_ERROR,WALLET,2,8697.7,CUS_000301,MER_00026,0,False,False,ALTERNATIVE_PAYMENT,0.0,0.0,ALTERNATIVE_PAYMENT,0.0,0.0,True
EVT_00006050,PAYMENT_FAILURE,ISSUER_DECLINE,CARD,0,4130.64,CUS_001683,MER_00196,0,False,False,ALTERNATIVE_PAYMENT,4130.64,1.0,ALTERNATIVE_PAYMENT,4130.64,0.0,True
EVT_00006060,CHECKOUT_ABANDONMENT,,CARD,0,1873.64,CUS_000929,MER_00056,500,False,True,RECOVERY_REMINDER,1873.64,1.0,ALTERNATIVE_PAYMENT,1873.64,0.0,False
EVT_00006067,PAYMENT_FAILURE,TIMEOUT,UPI,2,7860.33,CUS_000505,MER_00158,0,False,False,ALTERNATIVE_PAYMENT,7860.33,1.0,ALTERNATIVE_PAYMENT,7860.33,0.0,True
EVT_00006075,PAYMENT_FAILURE,NETWORK_ERROR,CARD,2,6870.6,CUS_000468,MER_00106,0,False,False,ALTERNATIVE_PAYMENT,6870.6,1.0,ALTERNATIVE_PAYMENT,6870.6,0.0,True
EVT_00006094,PAYMENT_FAILURE,EXPIRED_PAYMENT_METHOD,UPI,1,2640.68,CUS_000703,MER_00098,0,False,False,ALTERNATIVE_PAYMENT,0.0,0.0,ALTERNATIVE_PAYMENT,0.0,0.0,True
EVT_00006095,SUBSCRIPTION_FAILURE,,UPI,0,2208.0,CUS_000988,MER_00076,0,False,False,ALTERNATIVE_PAYMENT,0.0,0.0,RETRY_LATER,2208.0,2208.0,False
EVT_00006098,SUBSCRIPTION_FAILURE,,UPI,0,2313.17,CUS_001221,MER_00101,0,False,False,ALTERNATIVE_PAYMENT,2313.17,1.0,ALTERNATIVE_PAYMENT,2313.17,0.0,True
EVT_00006117,PAYMENT_FAILURE,INSUFFICIENT_BALANCE,CARD,1,12887.41,CUS_001339,MER_00197,0,False,False,ALTERNATIVE_PAYMENT,12887.41,1.0,ALTERNATIVE_PAYMENT,12887.41,0.0,True
EVT_00006121,PAYMENT_FAILURE,TIMEOUT,NETBANKING,3,7243.26,CUS_001370,MER_00022,0,False,False,ALTERNATIVE_PAYMENT,0.0,0.0,ALTERNATIVE_PAYMENT,0.0,0.0,True
EVT_00006127,SUBSCRIPTION_FAILURE,,CARD,0,8893.26,CUS_000941,MER_00126,0,False,False,ALTERNATIVE_PAYMENT,0.0,0.0,ALTERNATIVE_PAYMENT,0.0,0.0,True
EVT_00006128,CHECKOUT_ABANDONMENT,,UPI,0,2992.01,CUS_001189,MER_00117,20,False,False,RECOVERY_REMINDER,2992.01,1.0,ALTERNATIVE_PAYMENT,2992.01,0.0,False
EVT_00006131,PAYMENT_FAILURE,ISSUER_DECLINE,UPI,1,3308.59,CUS_001537,MER_00175,0,False,False,ALTERNATIVE_PAYMENT,0.0,0.0,RECOVERY_REMINDER,3308.59,3308.59,False
EVT_00006134,CHECKOUT_ABANDONMENT,,UPI,0,2578.65,CUS_001492,MER_00040,542,True,False,RECOVERY_REMINDER,2578.65,1.0,ALTERNATIVE_PAYMENT,2578.65,0.0,False
EVT_00006139,PAYMENT_FAILURE,BANK_TECHNICAL_ERROR,WALLET,1,6232.5,CUS_000504,MER_00036,0,False,False,ALTERNATIVE_PAYMENT,0.0,0.0,RECOVERY_REMINDER,6232.5,6232.5,False
EVT_00006141,PAYMENT_FAILURE,ISSUER_DECLINE,UPI,3,8075.47,CUS_001280,MER_00128,0,False,False,ALTERNATIVE_PAYMENT,8075.47,1.0,ALTERNATIVE_PAYMENT,8075.47,0.0,True
EVT_00006158,CHECKOUT_ABANDONMENT,,CARD,0,2764.47,CUS_000441,MER_00191,859,True,False,RECOVERY_REMINDER,2764.47,1.0,ALTERNATIVE_PAYMENT,2764.47,0.0,False
EVT_00006165,PAYMENT_FAILURE,BANK_TECHNICAL_ERROR,CARD,1,4539.21,CUS_000652,MER_00005,0,False,False,ALTERNATIVE_PAYMENT,4539.21,1.0,ALTERNATIVE_PAYMENT,4539.21,0.0,True
EVT_00006168,PAYMENT_FAILURE,ISSUER_DECLINE,UPI,2,1436.0,CUS_001421,MER_00078,0,False,False,ALTERNATIVE_PAYMENT,1436.0,1.0,ALTERNATIVE_PAYMENT,1436.0,0.0,True
EVT_00006170,SUBSCRIPTION_FAILURE,,UPI,0,2315.59,CUS_000899,MER_00108,0,False,False,ALTERNATIVE_PAYMENT,0.0,0.0,RECOVERY_REMINDER,2315.59,2315.59,False
EVT_00006176,PAYMENT_FAILURE,TIMEOUT,UPI,1,22610.07,CUS_000949,MER_00147,0,False,False,ALTERNATIVE_PAYMENT,22610.07,1.0,ALTERNATIVE_PAYMENT,22610.07,0.0,True
EVT_00006180,PAYMENT_FAILURE,INSUFFICIENT_BALANCE,UPI,2,2054.74,CUS_001334,MER_00150,0,False,False,ALTERNATIVE_PAYMENT,0.0,0.0,RECOVERY_REMINDER,2054.74,2054.74,False
EVT_00006187,PAYMENT_FAILURE,NETWORK_ERROR,CARD,2,6573.4,CUS_000508,MER_00178,0,False,False,ALTERNATIVE_PAYMENT,0.0,0.0,RETRY_LATER,6573.4,6573.4,False
EVT_00006191,CHECKOUT_ABANDONMENT,,UPI,0,10155.91,CUS_001410,MER_00086,775,True,False,RECOVERY_REMINDER,10155.91,1.0,ALTERNATIVE_PAYMENT,10155.91,0.0,False
EVT_00006199,SUBSCRIPTION_FAILURE,,NETBANKING,0,4224.21,CUS_000948,MER_00029,0,False,False,ALTERNATIVE_PAYMENT,0.0,0.0,RECOVERY_REMINDER,4224.21,4224.21,False
EVT_00006204,PAYMENT_FAILURE,NETWORK_ERROR,CARD,0,17183.95,CUS_001967,MER_00119,0,False,False,ALTERNATIVE_PAYMENT,17183.95,1.0,ALTERNATIVE_PAYMENT,17183.95,0.0,True
EVT_00006217,CHECKOUT_ABANDONMENT,,UPI,0,9838.04,CUS_001945,MER_00153,730,True,True,RECOVERY_REMINDER,9838.04,1.0,ALTERNATIVE_PAYMENT,9838.04,0.0,False
EVT_00006219,PAYMENT_FAILURE,TIMEOUT,WALLET,2,2250.89,CUS_001206,MER_00145,0,False,False,ALTERNATIVE_PAYMENT,0.0,0.0,RECOVERY_REMINDER,2250.89,2250.89,False
EVT_00006223,PAYMENT_FAILURE,TIMEOUT,UPI,3,6278.23,CUS_000189,MER_00060,0,False,False,ALTERNATIVE_PAYMENT,6278.23,1.0,ALTERNATIVE_PAYMENT,6278.23,0.0,True
EVT_00006225,PAYMENT_FAILURE,NETWORK_ERROR,CARD,1,5422.81,CUS_001427,MER_00065,0,False,False,ALTERNATIVE_PAYMENT,0.0,0.0,RETRY_LATER,5422.81,5422.81,False
EVT_00006230,PAYMENT_FAILURE,NETWORK_ERROR,CARD,0,17376.01,CUS_001978,MER_00049,0,False,False,ALTERNATIVE_PAYMENT,17376.01,1.0,ALTERNATIVE_PAYMENT,17376.01,0.0,True
EVT_00006249,PAYMENT_FAILURE,INSUFFICIENT_BALANCE,UPI,2,1292.07,CUS_000917,MER_00057,0,False,False,ALTERNATIVE_PAYMENT,0.0,0.0,ALTERNATIVE_PAYMENT,0.0,0.0,True
EVT_00006274,CHECKOUT_ABANDONMENT,,UPI,0,3465.08,CUS_000625,MER_00060,164,True,True,RECOVERY_REMINDER,3465.08,1.0,ALTERNATIVE_PAYMENT,3465.08,0.0,False
EVT_00006298,SUBSCRIPTION_FAILURE,,UPI,0,1304.4,CUS_001269,MER_00083,0,False,False,ALTERNATIVE_PAYMENT,1304.4,1.0,ALTERNATIVE_PAYMENT,1304.4,0.0,True
EVT_00006302,SUBSCRIPTION_FAILURE,,CARD,0,989.14,CUS_000731,MER_00096,0,False,False,ALTERNATIVE_PAYMENT,989.14,1.0,ALTERNATIVE_PAYMENT,989.14,0.0,True
EVT_00006312,PAYMENT_FAILURE,INSUFFICIENT_BALANCE,NETBANKING,3,5610.65,CUS_001895,MER_00178,0,False,False,ALTERNATIVE_PAYMENT,0.0,0.0,ALTERNATIVE_PAYMENT,0.0,0.0,True
EVT_00006313,PAYMENT_FAILURE,ISSUER_DECLINE,UPI,1,2119.3,CUS_000709,MER_00182,0,False,False,ALTERNATIVE_PAYMENT,0.0,0.0,ALTERNATIVE_PAYMENT,0.0,0.0,True
EVT_00006314,PAYMENT_FAILURE,ISSUER_DECLINE,CARD,3,1552.81,CUS_000074,MER_00117,0,False,False,ALTERNATIVE_PAYMENT,0.0,0.0,ALTERNATIVE_PAYMENT,0.0,0.0,True
EVT_00006323,CHECKOUT_ABANDONMENT,,UPI,0,2528.62,CUS_001077,MER_00040,192,True,False,RECOVERY_REMINDER,2528.62,1.0,ALTERNATIVE_PAYMENT,2528.62,0.0,False
EVT_00006346,PAYMENT_FAILURE,ISSUER_DECLINE,UPI,3,9184.03,CUS_001593,MER_00178,0,False,False,ALTERNATIVE_PAYMENT,9184.03,1.0,ALTERNATIVE_PAYMENT,9184.03,0.0,True
EVT_00006349,PAYMENT_FAILURE,NETWORK_ERROR,UPI,0,7619.42,CUS_001603,MER_00025,0,False,False,ALTERNATIVE_PAYMENT,7619.42,1.0,ALTERNATIVE_PAYMENT,7619.42,0.0,True
EVT_00006350,PAYMENT_FAILURE,EXPIRED_PAYMENT_METHOD,CARD,1,4764.32,CUS_001568,MER_00159,0,False,False,ALTERNATIVE_PAYMENT,0.0,0.0,RECOVERY_REMINDER,4764.32,4764.32,False
EVT_00006351,PAYMENT_FAILURE,ISSUER_DECLINE,UPI,0,6924.8,CUS_000693,MER_00098,0,False,False,ALTERNATIVE_PAYMENT,6924.8,1.0,ALTERNATIVE_PAYMENT,6924.8,0.0,True
EVT_00006355,PAYMENT_FAILURE,BANK_TECHNICAL_ERROR,CARD,3,13518.34,CUS_001245,MER_00177,0,False,False,ALTERNATIVE_PAYMENT,0.0,0.0,ALTERNATIVE_PAYMENT,0.0,0.0,True
EVT_00006359,PAYMENT_FAILURE,INSUFFICIENT_BALANCE,UPI,3,9900.74,CUS_000502,MER_00181,0,False,False,ALTERNATIVE_PAYMENT,9900.74,1.0,ALTERNATIVE_PAYMENT,9900.74,0.0,True
EVT_00006361,PAYMENT_FAILURE,INSUFFICIENT_BALANCE,CARD,3,11176.98,CUS_000715,MER_00065,0,False,False,ALTERNATIVE_PAYMENT,0.0,0.0,ALTERNATIVE_PAYMENT,0.0,0.0,True
EVT_00006368,PAYMENT_FAILURE,EXPIRED_PAYMENT_METHOD,CARD,0,7762.46,CUS_001714,MER_00056,0,False,False,ALTERNATIVE_PAYMENT,0.0,0.0,ALTERNATIVE_PAYMENT,0.0,0.0,True
EVT_00006393,CHECKOUT_ABANDONMENT,,UPI,0,33617.13,CUS_000637,MER_00075,195,True,True,RECOVERY_REMINDER,33617.13,1.0,ALTERNATIVE_PAYMENT,33617.13,0.0,False
EVT_00006404,PAYMENT_FAILURE,TIMEOUT,WALLET,1,485.4,CUS_000300,MER_00125,0,False,False,ALTERNATIVE_PAYMENT,0.0,0.0,RECOVERY_REMINDER,485.4,485.4,False
EVT_00006414,PAYMENT_FAILURE,TIMEOUT,UPI,0,1108.11,CUS_000551,MER_00181,0,False,False,ALTERNATIVE_PAYMENT,1108.11,1.0,ALTERNATIVE_PAYMENT,1108.11,0.0,True
EVT_00006429,PAYMENT_FAILURE,TIMEOUT,CARD,0,10348.78,CUS_000642,MER_00088,0,False,False,ALTERNATIVE_PAYMENT,10348.78,1.0,ALTERNATIVE_PAYMENT,10348.78,0.0,True
EVT_00006433,PAYMENT_FAILURE,ISSUER_DECLINE,UPI,0,1608.42,CUS_001399,MER_00053,0,False,False,ALTERNATIVE_PAYMENT,0.0,0.0,RECOVERY_REMINDER,1608.42,1608.42,False
EVT_00006434,SUBSCRIPTION_FAILURE,,CARD,0,3498.08,CUS_000274,MER_00117,0,False,False,ALTERNATIVE_PAYMENT,0.0,0.0,RETRY_LATER,3498.08,3498.08,False
EVT_00006437,SUBSCRIPTION_FAILURE,,UPI,0,13023.63,CUS_001307,MER_00155,0,False,False,ALTERNATIVE_PAYMENT,13023.63,1.0,ALTERNATIVE_PAYMENT,13023.63,0.0,True
EVT_00006441,PAYMENT_FAILURE,BANK_TECHNICAL_ERROR,CARD,0,3015.75,CUS_000344,MER_00157,0,False,False,ALTERNATIVE_PAYMENT,3015.75,1.0,ALTERNATIVE_PAYMENT,3015.75,0.0,True
EVT_00006447,CHECKOUT_ABANDONMENT,,CARD,0,7382.76,CUS_001816,MER_00028,769,True,False,RECOVERY_REMINDER,0.0,0.0,ALTERNATIVE_PAYMENT,7382.76,7382.76,False
EVT_00006451,PAYMENT_FAILURE,INSUFFICIENT_BALANCE,NETBANKING,3,3281.0,CUS_000040,MER_00096,0,False,False,ALTERNATIVE_PAYMENT,0.0,0.0,ALTERNATIVE_PAYMENT,0.0,0.0,True
EVT_00006465,PAYMENT_FAILURE,TIMEOUT,WALLET,3,27975.18,CUS_000655,MER_00011,0,False,False,ALTERNATIVE_PAYMENT,0.0,0.0,HUMAN_ESCALATION,27975.18,27975.18,False
EVT_00006471,PAYMENT_FAILURE,NETWORK_ERROR,UPI,0,1786.87,CUS_001238,MER_00027,0,False,False,ALTERNATIVE_PAYMENT,0.0,0.0,HUMAN_ESCALATION,1786.87,1786.87,False
EVT_00006476,PAYMENT_FAILURE,TIMEOUT,UPI,0,1349.32,CUS_000481,MER_00113,0,False,False,ALTERNATIVE_PAYMENT,1349.32,1.0,ALTERNATIVE_PAYMENT,1349.32,0.0,True
EVT_00006478,PAYMENT_FAILURE,INSUFFICIENT_BALANCE,CARD,1,629.43,CUS_001574,MER_00105,0,False,False,ALTERNATIVE_PAYMENT,0.0,0.0,ALTERNATIVE_PAYMENT,0.0,0.0,True
EVT_00006482,PAYMENT_FAILURE,TIMEOUT,UPI,1,6999.89,CUS_001945,MER_00086,0,False,False,ALTERNATIVE_PAYMENT,6999.89,1.0,ALTERNATIVE_PAYMENT,6999.89,0.0,True
EVT_00006493,CHECKOUT_ABANDONMENT,,UPI,0,9870.74,CUS_001793,MER_00122,691,True,False,RECOVERY_REMINDER,0.0,0.0,ALTERNATIVE_PAYMENT,9870.74,9870.74,False
EVT_00006497,CHECKOUT_ABANDONMENT,,WALLET,0,1002.94,CUS_001669,MER_00058,90,True,True,RECOVERY_REMINDER,1002.94,1.0,ALTERNATIVE_PAYMENT,1002.94,0.0,False
EVT_00006505,SUBSCRIPTION_FAILURE,,CARD,0,2096.5,CUS_001041,MER_00013,0,False,False,ALTERNATIVE_PAYMENT,2096.5,1.0,ALTERNATIVE_PAYMENT,2096.5,0.0,True
EVT_00006506,PAYMENT_FAILURE,ISSUER_DECLINE,UPI,0,4496.91,CUS_000263,MER_00055,0,False,False,ALTERNATIVE_PAYMENT,4496.91,1.0,ALTERNATIVE_PAYMENT,4496.91,0.0,True
EVT_00006525,PAYMENT_FAILURE,EXPIRED_PAYMENT_METHOD,UPI,0,6313.9,CUS_001315,MER_00185,0,False,False,ALTERNATIVE_PAYMENT,6313.9,1.0,ALTERNATIVE_PAYMENT,6313.9,0.0,True
EVT_00006533,PAYMENT_FAILURE,TIMEOUT,UPI,0,937.09,CUS_001809,MER_00082,0,False,False,ALTERNATIVE_PAYMENT,937.09,1.0,ALTERNATIVE_PAYMENT,937.09,0.0,True
EVT_00006544,PAYMENT_FAILURE,BANK_TECHNICAL_ERROR,UPI,1,3524.84,CUS_000468,MER_00091,0,False,False,ALTERNATIVE_PAYMENT,3524.84,1.0,ALTERNATIVE_PAYMENT,3524.84,0.0,True
EVT_00006551,PAYMENT_FAILURE,NETWORK_ERROR,CARD,1,2096.61,CUS_001503,MER_00017,0,False,False,ALTERNATIVE_PAYMENT,0.0,0.0,ALTERNATIVE_PAYMENT,0.0,0.0,True
EVT_00006552,SUBSCRIPTION_FAILURE,,NETBANKING,0,20570.36,CUS_000666,MER_00097,0,False,False,ALTERNATIVE_PAYMENT,20570.36,1.0,ALTERNATIVE_PAYMENT,20570.36,0.0,True
EVT_00006564,CHECKOUT_ABANDONMENT,,UPI,0,16202.87,CUS_000281,MER_00109,439,True,True,RECOVERY_REMINDER,16202.87,1.0,ALTERNATIVE_PAYMENT,16202.87,0.0,False
EVT_00006578,CHECKOUT_ABANDONMENT,,CARD,0,584.44,CUS_000099,MER_00120,24,True,False,RECOVERY_REMINDER,584.44,1.0,ALTERNATIVE_PAYMENT,584.44,0.0,False
EVT_00006604,CHECKOUT_ABANDONMENT,,CARD,0,1428.84,CUS_000596,MER_00044,528,True,False,RECOVERY_REMINDER,1428.84,1.0,ALTERNATIVE_PAYMENT,1428.84,0.0,False
EVT_00006613,CHECKOUT_ABANDONMENT,,NETBANKING,0,1935.97,CUS_001906,MER_00183,658,True,True,RECOVERY_REMINDER,1935.97,1.0,ALTERNATIVE_PAYMENT,1935.97,0.0,False
EVT_00006630,PAYMENT_FAILURE,PAYMENT_LIMIT,UPI,0,4102.03,CUS_000464,MER_00015,0,False,False,ALTERNATIVE_PAYMENT,0.0,0.0,RECOVERY_REMINDER,4102.03,4102.03,False
EVT_00006635,PAYMENT_FAILURE,NETWORK_ERROR,CARD,0,5484.45,CUS_000039,MER_00138,0,False,False,ALTERNATIVE_PAYMENT,5484.45,1.0,ALTERNATIVE_PAYMENT,5484.45,0.0,True
EVT_00006649,CHECKOUT_ABANDONMENT,,UPI,0,15820.86,CUS_000223,MER_00004,630,True,False,RECOVERY_REMINDER,15820.86,1.0,ALTERNATIVE_PAYMENT,15820.86,0.0,False
EVT_00006650,PAYMENT_FAILURE,PAYMENT_LIMIT,UPI,2,2157.8,CUS_000882,MER_00130,0,False,False,ALTERNATIVE_PAYMENT,0.0,0.0,ALTERNATIVE_PAYMENT,0.0,0.0,True
EVT_00006655,SUBSCRIPTION_FAILURE,,UPI,0,4603.36,CUS_001882,MER_00051,0,False,False,ALTERNATIVE_PAYMENT,4603.36,1.0,ALTERNATIVE_PAYMENT,4603.36,0.0,True
EVT_00006659,PAYMENT_FAILURE,ISSUER_DECLINE,UPI,2,8356.37,CUS_001117,MER_00105,0,False,False,ALTERNATIVE_PAYMENT,0.0,0.0,ALTERNATIVE_PAYMENT,0.0,0.0,True
EVT_00006671,PAYMENT_FAILURE,NETWORK_ERROR,UPI,1,845.75,CUS_000437,MER_00077,0,False,False,ALTERNATIVE_PAYMENT,845.75,1.0,ALTERNATIVE_PAYMENT,845.75,0.0,True
EVT_00006672,PAYMENT_FAILURE,EXPIRED_PAYMENT_METHOD,CARD,3,27989.65,CUS_000106,MER_00126,0,False,False,ALTERNATIVE_PAYMENT,0.0,0.0,HUMAN_ESCALATION,27989.65,27989.65,False
EVT_00006674,SUBSCRIPTION_FAILURE,,CARD,0,17457.77,CUS_000851,MER_00055,0,False,False,ALTERNATIVE_PAYMENT,17457.77,1.0,ALTERNATIVE_PAYMENT,17457.77,0.0,True
EVT_00006675,CHECKOUT_ABANDONMENT,,UPI,0,9894.87,CUS_000146,MER_00145,203,True,False,RECOVERY_REMINDER,9894.87,1.0,ALTERNATIVE_PAYMENT,9894.87,0.0,False
EVT_00006683,SUBSCRIPTION_FAILURE,,WALLET,0,8943.94,CUS_000694,MER_00040,0,False,False,ALTERNATIVE_PAYMENT,0.0,0.0,RECOVERY_REMINDER,8943.94,8943.94,False
EVT_00006692,PAYMENT_FAILURE,ISSUER_DECLINE,CARD,2,5197.65,CUS_000234,MER_00149,0,False,False,ALTERNATIVE_PAYMENT,0.0,0.0,ALTERNATIVE_PAYMENT,0.0,0.0,True
EVT_00006698,PAYMENT_FAILURE,TIMEOUT,UPI,2,7413.28,CUS_000294,MER_00200,0,False,False,ALTERNATIVE_PAYMENT,7413.28,1.0,ALTERNATIVE_PAYMENT,7413.28,0.0,True
EVT_00006709,CHECKOUT_ABANDONMENT,,CARD,0,1544.75,CUS_000767,MER_00156,320,True,False,RECOVERY_REMINDER,1544.75,1.0,RECOVERY_REMINDER,1544.75,0.0,True
EVT_00006714,SUBSCRIPTION_FAILURE,,UPI,0,1262.8,CUS_001129,MER_00133,0,False,False,ALTERNATIVE_PAYMENT,0.0,0.0,ALTERNATIVE_PAYMENT,0.0,0.0,True
EVT_00006715,PAYMENT_FAILURE,BANK_TECHNICAL_ERROR,UPI,0,6079.33,CUS_000625,MER_00098,0,False,False,ALTERNATIVE_PAYMENT,6079.33,1.0,ALTERNATIVE_PAYMENT,6079.33,0.0,True
EVT_00006719,CHECKOUT_ABANDONMENT,,CARD,0,417.04,CUS_000315,MER_00098,527,True,False,RECOVERY_REMINDER,417.04,1.0,RECOVERY_REMINDER,417.04,0.0,True
EVT_00006720,SUBSCRIPTION_FAILURE,,UPI,0,3017.66,CUS_000554,MER_00193,0,False,False,ALTERNATIVE_PAYMENT,3017.66,1.0,ALTERNATIVE_PAYMENT,3017.66,0.0,True
EVT_00006732,CHECKOUT_ABANDONMENT,,CARD,0,7711.52,CUS_001084,MER_00195,553,True,False,RECOVERY_REMINDER,7711.52,1.0,ALTERNATIVE_PAYMENT,7711.52,0.0,False
EVT_00006736,PAYMENT_FAILURE,INSUFFICIENT_BALANCE,NETBANKING,2,3110.08,CUS_001132,MER_00092,0,False,False,ALTERNATIVE_PAYMENT,0.0,0.0,RECOVERY_REMINDER,3110.08,3110.08,False
EVT_00006737,PAYMENT_FAILURE,PAYMENT_LIMIT,UPI,2,4539.23,CUS_000729,MER_00111,0,False,False,ALTERNATIVE_PAYMENT,0.0,0.0,ALTERNATIVE_PAYMENT,0.0,0.0,True
EVT_00006744,PAYMENT_FAILURE,ISSUER_DECLINE,UPI,0,1178.8,CUS_001003,MER_00157,0,False,False,ALTERNATIVE_PAYMENT,1178.8,1.0,ALTERNATIVE_PAYMENT,1178.8,0.0,True
EVT_00006747,PAYMENT_FAILURE,BANK_TECHNICAL_ERROR,UPI,2,4919.68,CUS_000328,MER_00121,0,False,False,ALTERNATIVE_PAYMENT,4919.68,1.0,ALTERNATIVE_PAYMENT,4919.68,0.0,True
EVT_00006755,CHECKOUT_ABANDONMENT,,WALLET,0,2719.87,CUS_001405,MER_00008,160,True,False,RECOVERY_REMINDER,2719.87,1.0,RECOVERY_REMINDER,2719.87,0.0,True
EVT_00006759,PAYMENT_FAILURE,TIMEOUT,WALLET,2,7226.17,CUS_001288,MER_00081,0,False,False,ALTERNATIVE_PAYMENT,0.0,0.0,RECOVERY_REMINDER,7226.17,7226.17,False
EVT_00006760,PAYMENT_FAILURE,NETWORK_ERROR,UPI,1,1321.23,CUS_001879,MER_00069,0,False,False,ALTERNATIVE_PAYMENT,0.0,0.0,RETRY_LATER,1321.23,1321.23,False
EVT_00006769,PAYMENT_FAILURE,EXPIRED_PAYMENT_METHOD,CARD,0,2529.95,CUS_001226,MER_00117,0,False,False,ALTERNATIVE_PAYMENT,2529.95,1.0,ALTERNATIVE_PAYMENT,2529.95,0.0,True
EVT_00006771,PAYMENT_FAILURE,INSUFFICIENT_BALANCE,UPI,0,3405.24,CUS_001955,MER_00109,0,False,False,ALTERNATIVE_PAYMENT,3405.24,1.0,ALTERNATIVE_PAYMENT,3405.24,0.0,True
EVT_00006775,SUBSCRIPTION_FAILURE,,UPI,0,2149.19,CUS_000631,MER_00087,0,False,False,ALTERNATIVE_PAYMENT,0.0,0.0,ALTERNATIVE_PAYMENT,0.0,0.0,True
EVT_00006776,SUBSCRIPTION_FAILURE,,NETBANKING,0,1145.47,CUS_001182,MER_00088,0,False,False,ALTERNATIVE_PAYMENT,0.0,0.0,RETRY_LATER,1145.47,1145.47,False
EVT_00006779,PAYMENT_FAILURE,ISSUER_DECLINE,NETBANKING,1,36795.59,CUS_000241,MER_00181,0,False,False,ALTERNATIVE_PAYMENT,36795.59,1.0,ALTERNATIVE_PAYMENT,36795.59,0.0,True
EVT_00006783,PAYMENT_FAILURE,TIMEOUT,NETBANKING,3,2199.6,CUS_000242,MER_00173,0,False,False,ALTERNATIVE_PAYMENT,0.0,0.0,HUMAN_ESCALATION,2199.6,2199.6,False
EVT_00006784,PAYMENT_FAILURE,TIMEOUT,UPI,2,4322.24,CUS_000519,MER_00057,0,False,False,ALTERNATIVE_PAYMENT,0.0,0.0,RECOVERY_REMINDER,4322.24,4322.24,False
EVT_00006787,PAYMENT_FAILURE,INSUFFICIENT_BALANCE,CARD,0,10641.71,CUS_000758,MER_00017,0,False,False,ALTERNATIVE_PAYMENT,10641.71,1.0,ALTERNATIVE_PAYMENT,10641.71,0.0,True
EVT_00006788,SUBSCRIPTION_FAILURE,,NETBANKING,0,2105.94,CUS_000568,MER_00105,0,False,False,ALTERNATIVE_PAYMENT,2105.94,1.0,ALTERNATIVE_PAYMENT,2105.94,0.0,True
EVT_00006802,PAYMENT_FAILURE,TIMEOUT,CARD,2,2601.34,CUS_001257,MER_00037,0,False,False,ALTERNATIVE_PAYMENT,2601.34,1.0,ALTERNATIVE_PAYMENT,2601.34,0.0,True
EVT_00006804,PAYMENT_FAILURE,EXPIRED_PAYMENT_METHOD,UPI,0,1845.5,CUS_001078,MER_00028,0,False,False,ALTERNATIVE_PAYMENT,0.0,0.0,RECOVERY_REMINDER,1845.5,1845.5,False
EVT_00006806,PAYMENT_FAILURE,PAYMENT_LIMIT,CARD,0,1014.55,CUS_000776,MER_00002,0,False,False,ALTERNATIVE_PAYMENT,1014.55,1.0,ALTERNATIVE_PAYMENT,1014.55,0.0,True
EVT_00006816,PAYMENT_FAILURE,INSUFFICIENT_BALANCE,UPI,0,16796.18,CUS_001254,MER_00111,0,False,False,ALTERNATIVE_PAYMENT,0.0,0.0,RECOVERY_REMINDER,16796.18,16796.18,False
EVT_00006823,PAYMENT_FAILURE,TIMEOUT,CARD,2,27316.65,CUS_000496,MER_00016,0,False,False,ALTERNATIVE_PAYMENT,27316.65,1.0,ALTERNATIVE_PAYMENT,27316.65,0.0,True
EVT_00006824,SUBSCRIPTION_FAILURE,,CARD,0,739.7,CUS_000785,MER_00026,0,False,False,ALTERNATIVE_PAYMENT,739.7,1.0,ALTERNATIVE_PAYMENT,739.7,0.0,True
EVT_00006827,CHECKOUT_ABANDONMENT,,CARD,0,3535.21,CUS_000762,MER_00074,326,True,False,RECOVERY_REMINDER,3535.21,1.0,ALTERNATIVE_PAYMENT,3535.21,0.0,False
EVT_00006836,PAYMENT_FAILURE,BANK_TECHNICAL_ERROR,NETBANKING,0,3225.08,CUS_000418,MER_00169,0,False,False,ALTERNATIVE_PAYMENT,3225.08,1.0,ALTERNATIVE_PAYMENT,3225.08,0.0,True
EVT_00006858,PAYMENT_FAILURE,EXPIRED_PAYMENT_METHOD,NETBANKING,0,4062.88,CUS_000511,MER_00127,0,False,False,ALTERNATIVE_PAYMENT,4062.88,1.0,ALTERNATIVE_PAYMENT,4062.88,0.0,True
EVT_00006868,PAYMENT_FAILURE,BANK_TECHNICAL_ERROR,UPI,0,31492.08,CUS_000770,MER_00094,0,False,False,ALTERNATIVE_PAYMENT,31492.08,1.0,ALTERNATIVE_PAYMENT,31492.08,0.0,True
EVT_00006874,CHECKOUT_ABANDONMENT,,CARD,0,1777.19,CUS_000481,MER_00113,517,True,False,RECOVERY_REMINDER,1777.19,1.0,ALTERNATIVE_PAYMENT,1777.19,0.0,False
EVT_00006884,PAYMENT_FAILURE,INSUFFICIENT_BALANCE,UPI,2,2940.48,CUS_001291,MER_00010,0,False,False,ALTERNATIVE_PAYMENT,0.0,0.0,RECOVERY_REMINDER,2940.48,2940.48,False
EVT_00006886,SUBSCRIPTION_FAILURE,,UPI,0,2455.09,CUS_001492,MER_00165,0,False,False,ALTERNATIVE_PAYMENT,0.0,0.0,HUMAN_ESCALATION,2455.09,2455.09,False
EVT_00006896,CHECKOUT_ABANDONMENT,,UPI,0,21743.99,CUS_000537,MER_00016,469,True,False,RECOVERY_REMINDER,21743.99,1.0,ALTERNATIVE_PAYMENT,21743.99,0.0,False
EVT_00006915,PAYMENT_FAILURE,EXPIRED_PAYMENT_METHOD,UPI,3,1229.26,CUS_001049,MER_00024,0,False,False,ALTERNATIVE_PAYMENT,0.0,0.0,HUMAN_ESCALATION,1229.26,1229.26,False
EVT_00006945,PAYMENT_FAILURE,EXPIRED_PAYMENT_METHOD,UPI,2,2658.32,CUS_001719,MER_00106,0,False,False,ALTERNATIVE_PAYMENT,0.0,0.0,ALTERNATIVE_PAYMENT,0.0,0.0,True
EVT_00006962,PAYMENT_FAILURE,PAYMENT_LIMIT,UPI,1,6134.94,CUS_001923,MER_00060,0,False,False,ALTERNATIVE_PAYMENT,0.0,0.0,ALTERNATIVE_PAYMENT,0.0,0.0,True
EVT_00006979,PAYMENT_FAILURE,BANK_TECHNICAL_ERROR,CARD,3,1781.78,CUS_000608,MER_00071,0,False,False,ALTERNATIVE_PAYMENT,1781.78,1.0,ALTERNATIVE_PAYMENT,1781.78,0.0,True
EVT_00006984,PAYMENT_FAILURE,ISSUER_DECLINE,CARD,0,11497.67,CUS_001053,MER_00178,0,False,False,ALTERNATIVE_PAYMENT,11497.67,1.0,ALTERNATIVE_PAYMENT,11497.67,0.0,True
EVT_00006990,PAYMENT_FAILURE,NETWORK_ERROR,UPI,1,6284.56,CUS_001540,MER_00083,0,False,False,ALTERNATIVE_PAYMENT,0.0,0.0,RECOVERY_REMINDER,6284.56,6284.56,False
EVT_00006991,PAYMENT_FAILURE,BANK_TECHNICAL_ERROR,UPI,1,4199.97,CUS_001891,MER_00132,0,False,False,ALTERNATIVE_PAYMENT,4199.97,1.0,ALTERNATIVE_PAYMENT,4199.97,0.0,True
EVT_00007000,CHECKOUT_ABANDONMENT,,UPI,0,3186.09,CUS_000285,MER_00055,633,True,False,RECOVERY_REMINDER,3186.09,1.0,ALTERNATIVE_PAYMENT,3186.09,0.0,False
EVT_00007003,CHECKOUT_ABANDONMENT,,UPI,0,2300.53,CUS_000075,MER_00063,756,True,False,RECOVERY_REMINDER,2300.53,1.0,ALTERNATIVE_PAYMENT,2300.53,0.0,False
EVT_00007004,SUBSCRIPTION_FAILURE,,WALLET,0,5829.75,CUS_001710,MER_00081,0,False,False,ALTERNATIVE_PAYMENT,5829.75,1.0,ALTERNATIVE_PAYMENT,5829.75,0.0,True
EVT_00007010,PAYMENT_FAILURE,TIMEOUT,WALLET,3,2321.37,CUS_000001,MER_00063,0,False,False,ALTERNATIVE_PAYMENT,2321.37,1.0,ALTERNATIVE_PAYMENT,2321.37,0.0,True
EVT_00007015,CHECKOUT_ABANDONMENT,,CARD,0,33868.73,CUS_001327,MER_00007,795,True,False,RECOVERY_REMINDER,33868.73,1.0,ALTERNATIVE_PAYMENT,33868.73,0.0,False
EVT_00007046,CHECKOUT_ABANDONMENT,,NETBANKING,0,897.69,CUS_000774,MER_00156,20,True,False,RECOVERY_REMINDER,897.69,1.0,ALTERNATIVE_PAYMENT,897.69,0.0,False
EVT_00007049,CHECKOUT_ABANDONMENT,,UPI,0,1637.95,CUS_001691,MER_00179,24,True,False,RECOVERY_REMINDER,1637.95,1.0,RECOVERY_REMINDER,1637.95,0.0,True
EVT_00007058,PAYMENT_FAILURE,ISSUER_DECLINE,UPI,0,2049.22,CUS_001328,MER_00069,0,False,False,ALTERNATIVE_PAYMENT,0.0,0.0,ALTERNATIVE_PAYMENT,0.0,0.0,True
EVT_00007061,PAYMENT_FAILURE,TIMEOUT,CARD,3,4848.02,CUS_001212,MER_00006,0,False,False,ALTERNATIVE_PAYMENT,0.0,0.0,HUMAN_ESCALATION,4848.02,4848.02,False
EVT_00007064,PAYMENT_FAILURE,TIMEOUT,UPI,0,13108.85,CUS_001961,MER_00123,0,False,False,ALTERNATIVE_PAYMENT,13108.85,1.0,ALTERNATIVE_PAYMENT,13108.85,0.0,True
EVT_00007081,CHECKOUT_ABANDONMENT,,CARD,0,3453.48,CUS_001084,MER_00103,569,False,False,RECOVERY_REMINDER,3453.48,1.0,RECOVERY_REMINDER,3453.48,0.0,True
EVT_00007085,PAYMENT_FAILURE,PAYMENT_LIMIT,UPI,0,3134.96,CUS_000675,MER_00141,0,False,False,ALTERNATIVE_PAYMENT,0.0,0.0,ALTERNATIVE_PAYMENT,0.0,0.0,True
EVT_00007090,CHECKOUT_ABANDONMENT,,CARD,0,1943.89,CUS_001490,MER_00057,879,True,False,RECOVERY_REMINDER,1943.89,1.0,ALTERNATIVE_PAYMENT,1943.89,0.0,False
EVT_00007094,PAYMENT_FAILURE,NETWORK_ERROR,NETBANKING,1,3359.77,CUS_000638,MER_00086,0,False,False,ALTERNATIVE_PAYMENT,0.0,0.0,HUMAN_ESCALATION,3359.77,3359.77,False
EVT_00007100,PAYMENT_FAILURE,NETWORK_ERROR,CARD,0,3069.28,CUS_000702,MER_00170,0,False,False,ALTERNATIVE_PAYMENT,0.0,0.0,RECOVERY_REMINDER,3069.28,3069.28,False
EVT_00007113,CHECKOUT_ABANDONMENT,,CARD,0,1846.85,CUS_001446,MER_00069,598,True,True,RECOVERY_REMINDER,1846.85,1.0,ALTERNATIVE_PAYMENT,1846.85,0.0,False
EVT_00007116,PAYMENT_FAILURE,EXPIRED_PAYMENT_METHOD,UPI,0,6409.03,CUS_001317,MER_00160,0,False,False,ALTERNATIVE_PAYMENT,6409.03,1.0,ALTERNATIVE_PAYMENT,6409.03,0.0,True
EVT_00007118,PAYMENT_FAILURE,ISSUER_DECLINE,UPI,2,10538.36,CUS_001508,MER_00059,0,False,False,ALTERNATIVE_PAYMENT,0.0,0.0,ALTERNATIVE_PAYMENT,0.0,0.0,True
EVT_00007126,PAYMENT_FAILURE,INSUFFICIENT_BALANCE,UPI,0,3588.13,CUS_001734,MER_00111,0,False,False,ALTERNATIVE_PAYMENT,3588.13,1.0,ALTERNATIVE_PAYMENT,3588.13,0.0,True
EVT_00007133,PAYMENT_FAILURE,BANK_TECHNICAL_ERROR,CARD,0,747.88,CUS_000700,MER_00030,0,False,False,ALTERNATIVE_PAYMENT,747.88,1.0,ALTERNATIVE_PAYMENT,747.88,0.0,True
EVT_00007137,PAYMENT_FAILURE,ISSUER_DECLINE,UPI,3,1530.19,CUS_000568,MER_00197,0,False,False,ALTERNATIVE_PAYMENT,0.0,0.0,ALTERNATIVE_PAYMENT,0.0,0.0,True
EVT_00007148,SUBSCRIPTION_FAILURE,,CARD,0,5065.11,CUS_000185,MER_00093,0,False,False,ALTERNATIVE_PAYMENT,0.0,0.0,ALTERNATIVE_PAYMENT,0.0,0.0,True
EVT_00007152,PAYMENT_FAILURE,EXPIRED_PAYMENT_METHOD,CARD,3,9363.32,CUS_001086,MER_00071,0,False,False,ALTERNATIVE_PAYMENT,0.0,0.0,ALTERNATIVE_PAYMENT,0.0,0.0,True
EVT_00007164,PAYMENT_FAILURE,ISSUER_DECLINE,CARD,1,439.65,CUS_001269,MER_00033,0,False,False,ALTERNATIVE_PAYMENT,0.0,0.0,ALTERNATIVE_PAYMENT,0.0,0.0,True
EVT_00007176,PAYMENT_FAILURE,NETWORK_ERROR,UPI,3,4319.4,CUS_000634,MER_00144,0,False,False,ALTERNATIVE_PAYMENT,0.0,0.0,ALTERNATIVE_PAYMENT,0.0,0.0,True
EVT_00007179,SUBSCRIPTION_FAILURE,,WALLET,0,21023.5,CUS_000328,MER_00070,0,False,False,ALTERNATIVE_PAYMENT,21023.5,1.0,ALTERNATIVE_PAYMENT,21023.5,0.0,True
EVT_00007184,SUBSCRIPTION_FAILURE,,UPI,0,14714.78,CUS_000497,MER_00063,0,False,False,ALTERNATIVE_PAYMENT,0.0,0.0,RECOVERY_REMINDER,14714.78,14714.78,False
EVT_00007193,PAYMENT_FAILURE,INSUFFICIENT_BALANCE,UPI,2,3965.91,CUS_001636,MER_00133,0,False,False,ALTERNATIVE_PAYMENT,3965.91,1.0,ALTERNATIVE_PAYMENT,3965.91,0.0,True
EVT_00007196,PAYMENT_FAILURE,NETWORK_ERROR,UPI,3,4765.35,CUS_001016,MER_00029,0,False,False,ALTERNATIVE_PAYMENT,4765.35,1.0,ALTERNATIVE_PAYMENT,4765.35,0.0,True
EVT_00007200,CHECKOUT_ABANDONMENT,,UPI,0,4349.54,CUS_000663,MER_00159,693,True,False,RECOVERY_REMINDER,4349.54,1.0,ALTERNATIVE_PAYMENT,4349.54,0.0,False
EVT_00007204,PAYMENT_FAILURE,PAYMENT_LIMIT,UPI,2,1729.43,CUS_000638,MER_00041,0,False,False,ALTERNATIVE_PAYMENT,0.0,0.0,ALTERNATIVE_PAYMENT,0.0,0.0,True
EVT_00007208,PAYMENT_FAILURE,INSUFFICIENT_BALANCE,CARD,0,646.39,CUS_001947,MER_00109,0,False,False,ALTERNATIVE_PAYMENT,0.0,0.0,ALTERNATIVE_PAYMENT,0.0,0.0,True
EVT_00007232,PAYMENT_FAILURE,INSUFFICIENT_BALANCE,UPI,2,1496.88,CUS_001449,MER_00151,0,False,False,ALTERNATIVE_PAYMENT,0.0,0.0,ALTERNATIVE_PAYMENT,0.0,0.0,True
EVT_00007240,PAYMENT_FAILURE,INSUFFICIENT_BALANCE,CARD,3,3194.54,CUS_000829,MER_00169,0,False,False,ALTERNATIVE_PAYMENT,0.0,0.0,ALTERNATIVE_PAYMENT,0.0,0.0,True
EVT_00007241,PAYMENT_FAILURE,PAYMENT_LIMIT,CARD,2,12914.73,CUS_000544,MER_00155,0,False,False,ALTERNATIVE_PAYMENT,0.0,0.0,ALTERNATIVE_PAYMENT,0.0,0.0,True
EVT_00007250,PAYMENT_FAILURE,NETWORK_ERROR,UPI,0,1192.53,CUS_000454,MER_00178,0,False,False,ALTERNATIVE_PAYMENT,0.0,0.0,RECOVERY_REMINDER,1192.53,1192.53,False
EVT_00007255,SUBSCRIPTION_FAILURE,,UPI,0,1641.73,CUS_001801,MER_00180,0,False,False,ALTERNATIVE_PAYMENT,0.0,0.0,RETRY_LATER,1641.73,1641.73,False
EVT_00007262,SUBSCRIPTION_FAILURE,,NETBANKING,0,6623.83,CUS_001144,MER_00102,0,False,False,ALTERNATIVE_PAYMENT,0.0,0.0,RECOVERY_REMINDER,6623.83,6623.83,False
EVT_00007274,PAYMENT_FAILURE,ISSUER_DECLINE,CARD,3,944.95,CUS_001781,MER_00122,0,False,False,ALTERNATIVE_PAYMENT,944.95,1.0,ALTERNATIVE_PAYMENT,944.95,0.0,True
EVT_00007291,PAYMENT_FAILURE,INSUFFICIENT_BALANCE,CARD,0,1243.36,CUS_000242,MER_00006,0,False,False,ALTERNATIVE_PAYMENT,0.0,0.0,ALTERNATIVE_PAYMENT,0.0,0.0,True
EVT_00007302,CHECKOUT_ABANDONMENT,,CARD,0,1439.04,CUS_000221,MER_00039,430,True,False,RECOVERY_REMINDER,1439.04,1.0,RECOVERY_REMINDER,1439.04,0.0,True
EVT_00007312,SUBSCRIPTION_FAILURE,,NETBANKING,0,4891.04,CUS_000220,MER_00088,0,False,False,ALTERNATIVE_PAYMENT,4891.04,1.0,ALTERNATIVE_PAYMENT,4891.04,0.0,True
EVT_00007334,CHECKOUT_ABANDONMENT,,NETBANKING,0,6699.6,CUS_000370,MER_00077,810,True,True,RECOVERY_REMINDER,6699.6,1.0,ALTERNATIVE_PAYMENT,6699.6,0.0,False
EVT_00007340,PAYMENT_FAILURE,TIMEOUT,CARD,2,2218.36,CUS_000594,MER_00091,0,False,False,ALTERNATIVE_PAYMENT,2218.36,1.0,ALTERNATIVE_PAYMENT,2218.36,0.0,True
EVT_00007349,PAYMENT_FAILURE,BANK_TECHNICAL_ERROR,UPI,2,5230.5,CUS_000073,MER_00039,0,False,False,ALTERNATIVE_PAYMENT,0.0,0.0,RECOVERY_REMINDER,5230.5,5230.5,False
EVT_00007361,SUBSCRIPTION_FAILURE,,NETBANKING,0,1799.45,CUS_000842,MER_00065,0,False,False,ALTERNATIVE_PAYMENT,0.0,0.0,RECOVERY_REMINDER,1799.45,1799.45,False
EVT_00007368,CHECKOUT_ABANDONMENT,,WALLET,0,2435.72,CUS_001103,MER_00033,430,True,False,RECOVERY_REMINDER,2435.72,1.0,ALTERNATIVE_PAYMENT,2435.72,0.0,False
EVT_00007372,PAYMENT_FAILURE,EXPIRED_PAYMENT_METHOD,CARD,3,3375.64,CUS_001429,MER_00198,0,False,False,ALTERNATIVE_PAYMENT,3375.64,1.0,ALTERNATIVE_PAYMENT,3375.64,0.0,True
EVT_00007385,PAYMENT_FAILURE,BANK_TECHNICAL_ERROR,CARD,3,11566.13,CUS_000456,MER_00089,0,False,False,ALTERNATIVE_PAYMENT,0.0,0.0,ALTERNATIVE_PAYMENT,0.0,0.0,True
EVT_00007405,SUBSCRIPTION_FAILURE,,CARD,0,6605.01,CUS_000896,MER_00126,0,False,False,ALTERNATIVE_PAYMENT,6605.01,1.0,ALTERNATIVE_PAYMENT,6605.01,0.0,True
EVT_00007413,SUBSCRIPTION_FAILURE,,CARD,0,7293.54,CUS_000688,MER_00131,0,False,False,ALTERNATIVE_PAYMENT,7293.54,1.0,ALTERNATIVE_PAYMENT,7293.54,0.0,True
EVT_00007466,SUBSCRIPTION_FAILURE,,CARD,0,597.52,CUS_000946,MER_00183,0,False,False,ALTERNATIVE_PAYMENT,597.52,1.0,ALTERNATIVE_PAYMENT,597.52,0.0,True
EVT_00007467,SUBSCRIPTION_FAILURE,,UPI,0,22557.41,CUS_001102,MER_00041,0,False,False,ALTERNATIVE_PAYMENT,0.0,0.0,ALTERNATIVE_PAYMENT,0.0,0.0,True
EVT_00007472,PAYMENT_FAILURE,INSUFFICIENT_BALANCE,CARD,3,1345.25,CUS_000154,MER_00165,0,False,False,ALTERNATIVE_PAYMENT,0.0,0.0,ALTERNATIVE_PAYMENT,0.0,0.0,True
EVT_00007473,CHECKOUT_ABANDONMENT,,UPI,0,1148.19,CUS_001304,MER_00036,402,False,False,RECOVERY_REMINDER,0.0,0.0,ALTERNATIVE_PAYMENT,1148.19,1148.19,False
EVT_00007482,SUBSCRIPTION_FAILURE,,CARD,0,32320.42,CUS_000147,MER_00185,0,False,False,ALTERNATIVE_PAYMENT,32320.42,1.0,ALTERNATIVE_PAYMENT,32320.42,0.0,True
EVT_00007501,PAYMENT_FAILURE,PAYMENT_LIMIT,UPI,0,1111.6,CUS_001823,MER_00191,0,False,False,ALTERNATIVE_PAYMENT,1111.6,1.0,ALTERNATIVE_PAYMENT,1111.6,0.0,True
EVT_00007504,PAYMENT_FAILURE,ISSUER_DECLINE,CARD,0,5392.75,CUS_001664,MER_00144,0,False,False,ALTERNATIVE_PAYMENT,0.0,0.0,HUMAN_ESCALATION,5392.75,5392.75,False
EVT_00007508,PAYMENT_FAILURE,NETWORK_ERROR,UPI,0,12076.05,CUS_001587,MER_00015,0,False,False,ALTERNATIVE_PAYMENT,12076.05,1.0,ALTERNATIVE_PAYMENT,12076.05,0.0,True
EVT_00007510,PAYMENT_FAILURE,PAYMENT_LIMIT,CARD,1,20214.6,CUS_001462,MER_00126,0,False,False,ALTERNATIVE_PAYMENT,0.0,0.0,HUMAN_ESCALATION,20214.6,20214.6,False
EVT_00007543,PAYMENT_FAILURE,ISSUER_DECLINE,CARD,3,7637.72,CUS_000412,MER_00157,0,False,False,ALTERNATIVE_PAYMENT,0.0,0.0,ALTERNATIVE_PAYMENT,0.0,0.0,True
EVT_00007546,PAYMENT_FAILURE,EXPIRED_PAYMENT_METHOD,NETBANKING,1,16878.7,CUS_000803,MER_00138,0,False,False,ALTERNATIVE_PAYMENT,16878.7,1.0,ALTERNATIVE_PAYMENT,16878.7,0.0,True
EVT_00007548,CHECKOUT_ABANDONMENT,,CARD,0,3981.12,CUS_000902,MER_00126,154,True,False,RECOVERY_REMINDER,3981.12,1.0,ALTERNATIVE_PAYMENT,3981.12,0.0,False
EVT_00007566,PAYMENT_FAILURE,PAYMENT_LIMIT,WALLET,2,8455.6,CUS_001342,MER_00180,0,False,False,ALTERNATIVE_PAYMENT,8455.6,1.0,ALTERNATIVE_PAYMENT,8455.6,0.0,True
EVT_00007576,PAYMENT_FAILURE,BANK_TECHNICAL_ERROR,CARD,1,10406.26,CUS_000617,MER_00194,0,False,False,ALTERNATIVE_PAYMENT,10406.26,1.0,ALTERNATIVE_PAYMENT,10406.26,0.0,True
EVT_00007579,PAYMENT_FAILURE,EXPIRED_PAYMENT_METHOD,CARD,0,5251.02,CUS_000523,MER_00053,0,False,False,ALTERNATIVE_PAYMENT,5251.02,1.0,ALTERNATIVE_PAYMENT,5251.02,0.0,True
EVT_00007588,CHECKOUT_ABANDONMENT,,UPI,0,10756.75,CUS_001209,MER_00133,303,True,False,RECOVERY_REMINDER,10756.75,1.0,ALTERNATIVE_PAYMENT,10756.75,0.0,False
EVT_00007589,PAYMENT_FAILURE,PAYMENT_LIMIT,NETBANKING,3,1998.11,CUS_001758,MER_00188,0,False,False,ALTERNATIVE_PAYMENT,0.0,0.0,ALTERNATIVE_PAYMENT,0.0,0.0,True
EVT_00007595,PAYMENT_FAILURE,TIMEOUT,CARD,0,3361.7,CUS_000928,MER_00004,0,False,False,ALTERNATIVE_PAYMENT,3361.7,1.0,ALTERNATIVE_PAYMENT,3361.7,0.0,True
EVT_00007606,PAYMENT_FAILURE,TIMEOUT,UPI,0,5608.32,CUS_001670,MER_00091,0,False,False,ALTERNATIVE_PAYMENT,5608.32,1.0,ALTERNATIVE_PAYMENT,5608.32,0.0,True
EVT_00007608,PAYMENT_FAILURE,ISSUER_DECLINE,UPI,1,8937.95,CUS_000628,MER_00020,0,False,False,ALTERNATIVE_PAYMENT,0.0,0.0,RECOVERY_REMINDER,8937.95,8937.95,False
EVT_00007616,CHECKOUT_ABANDONMENT,,CARD,0,1859.84,CUS_000063,MER_00104,240,False,False,RECOVERY_REMINDER,1859.84,1.0,RECOVERY_REMINDER,1859.84,0.0,True
EVT_00007622,PAYMENT_FAILURE,NETWORK_ERROR,CARD,3,7981.91,CUS_000889,MER_00065,0,False,False,ALTERNATIVE_PAYMENT,0.0,0.0,ALTERNATIVE_PAYMENT,0.0,0.0,True
EVT_00007624,PAYMENT_FAILURE,BANK_TECHNICAL_ERROR,NETBANKING,1,7004.79,CUS_000628,MER_00024,0,False,False,ALTERNATIVE_PAYMENT,7004.79,1.0,ALTERNATIVE_PAYMENT,7004.79,0.0,True
EVT_00007628,SUBSCRIPTION_FAILURE,,CARD,0,3576.53,CUS_001297,MER_00057,0,False,False,ALTERNATIVE_PAYMENT,3576.53,1.0,ALTERNATIVE_PAYMENT,3576.53,0.0,True
EVT_00007635,PAYMENT_FAILURE,ISSUER_DECLINE,CARD,3,10974.53,CUS_000732,MER_00065,0,False,False,ALTERNATIVE_PAYMENT,0.0,0.0,ALTERNATIVE_PAYMENT,0.0,0.0,True
EVT_00007636,PAYMENT_FAILURE,TIMEOUT,UPI,2,3844.87,CUS_000927,MER_00084,0,False,False,ALTERNATIVE_PAYMENT,3844.87,1.0,ALTERNATIVE_PAYMENT,3844.87,0.0,True
EVT_00007647,PAYMENT_FAILURE,NETWORK_ERROR,UPI,3,7544.99,CUS_000433,MER_00057,0,False,False,ALTERNATIVE_PAYMENT,0.0,0.0,HUMAN_ESCALATION,7544.99,7544.99,False
EVT_00007660,SUBSCRIPTION_FAILURE,,UPI,0,6147.59,CUS_000591,MER_00057,0,False,False,ALTERNATIVE_PAYMENT,6147.59,1.0,ALTERNATIVE_PAYMENT,6147.59,0.0,True
EVT_00007676,CHECKOUT_ABANDONMENT,,UPI,0,2970.59,CUS_001469,MER_00102,439,True,True,RECOVERY_REMINDER,0.0,0.0,ALTERNATIVE_PAYMENT,2970.59,2970.59,False
EVT_00007684,PAYMENT_FAILURE,PAYMENT_LIMIT,UPI,0,8863.15,CUS_000561,MER_00081,0,False,False,ALTERNATIVE_PAYMENT,0.0,0.0,ALTERNATIVE_PAYMENT,0.0,0.0,True
EVT_00007687,PAYMENT_FAILURE,ISSUER_DECLINE,CARD,3,5138.43,CUS_000488,MER_00189,0,False,False,ALTERNATIVE_PAYMENT,5138.43,1.0,ALTERNATIVE_PAYMENT,5138.43,0.0,True
EVT_00007688,PAYMENT_FAILURE,INSUFFICIENT_BALANCE,CARD,2,787.7,CUS_000388,MER_00055,0,False,False,ALTERNATIVE_PAYMENT,0.0,0.0,ALTERNATIVE_PAYMENT,0.0,0.0,True
EVT_00007690,PAYMENT_FAILURE,TIMEOUT,NETBANKING,3,2928.26,CUS_001917,MER_00117,0,False,False,ALTERNATIVE_PAYMENT,0.0,0.0,ALTERNATIVE_PAYMENT,0.0,0.0,True
EVT_00007691,PAYMENT_FAILURE,PAYMENT_LIMIT,UPI,0,14799.41,CUS_000081,MER_00179,0,False,False,ALTERNATIVE_PAYMENT,0.0,0.0,RETRY_LATER,14799.41,14799.41,False
EVT_00007694,PAYMENT_FAILURE,PAYMENT_LIMIT,CARD,0,13061.72,CUS_001837,MER_00114,0,False,False,ALTERNATIVE_PAYMENT,13061.72,1.0,ALTERNATIVE_PAYMENT,13061.72,0.0,True
EVT_00007721,PAYMENT_FAILURE,BANK_TECHNICAL_ERROR,UPI,1,4556.71,CUS_000664,MER_00155,0,False,False,ALTERNATIVE_PAYMENT,4556.71,1.0,ALTERNATIVE_PAYMENT,4556.71,0.0,True
EVT_00007724,PAYMENT_FAILURE,PAYMENT_LIMIT,UPI,1,3347.86,CUS_000344,MER_00112,0,False,False,ALTERNATIVE_PAYMENT,0.0,0.0,ALTERNATIVE_PAYMENT,0.0,0.0,True
EVT_00007735,CHECKOUT_ABANDONMENT,,UPI,0,1257.36,CUS_001301,MER_00192,182,True,False,RECOVERY_REMINDER,1257.36,1.0,RECOVERY_REMINDER,1257.36,0.0,True
EVT_00007741,PAYMENT_FAILURE,TIMEOUT,CARD,2,542.55,CUS_001008,MER_00110,0,False,False,ALTERNATIVE_PAYMENT,0.0,0.0,ALTERNATIVE_PAYMENT,0.0,0.0,True
EVT_00007752,PAYMENT_FAILURE,ISSUER_DECLINE,UPI,1,18152.8,CUS_000879,MER_00148,0,False,False,ALTERNATIVE_PAYMENT,18152.8,1.0,ALTERNATIVE_PAYMENT,18152.8,0.0,True
EVT_00007753,PAYMENT_FAILURE,INSUFFICIENT_BALANCE,CARD,1,8901.27,CUS_001750,MER_00004,0,False,False,ALTERNATIVE_PAYMENT,8901.27,1.0,ALTERNATIVE_PAYMENT,8901.27,0.0,True
EVT_00007760,PAYMENT_FAILURE,EXPIRED_PAYMENT_METHOD,NETBANKING,3,16298.1,CUS_000143,MER_00165,0,False,False,ALTERNATIVE_PAYMENT,16298.1,1.0,ALTERNATIVE_PAYMENT,16298.1,0.0,True
EVT_00007763,PAYMENT_FAILURE,PAYMENT_LIMIT,UPI,0,4055.68,CUS_001876,MER_00095,0,False,False,ALTERNATIVE_PAYMENT,4055.68,1.0,ALTERNATIVE_PAYMENT,4055.68,0.0,True
EVT_00007764,CHECKOUT_ABANDONMENT,,UPI,0,2134.02,CUS_001996,MER_00106,612,True,False,RECOVERY_REMINDER,2134.02,1.0,ALTERNATIVE_PAYMENT,2134.02,0.0,False
EVT_00007766,SUBSCRIPTION_FAILURE,,NETBANKING,0,1920.56,CUS_000343,MER_00121,0,False,False,ALTERNATIVE_PAYMENT,1920.56,1.0,ALTERNATIVE_PAYMENT,1920.56,0.0,True
EVT_00007780,PAYMENT_FAILURE,TIMEOUT,UPI,1,2120.79,CUS_000999,MER_00044,0,False,False,ALTERNATIVE_PAYMENT,2120.79,1.0,ALTERNATIVE_PAYMENT,2120.79,0.0,True
EVT_00007793,PAYMENT_FAILURE,NETWORK_ERROR,CARD,2,4102.27,CUS_000284,MER_00029,0,False,False,ALTERNATIVE_PAYMENT,0.0,0.0,RETRY_LATER,4102.27,4102.27,False
EVT_00007804,SUBSCRIPTION_FAILURE,,CARD,0,4531.41,CUS_001980,MER_00170,0,False,False,ALTERNATIVE_PAYMENT,4531.41,1.0,ALTERNATIVE_PAYMENT,4531.41,0.0,True
EVT_00007806,PAYMENT_FAILURE,NETWORK_ERROR,CARD,2,5074.39,CUS_001445,MER_00165,0,False,False,ALTERNATIVE_PAYMENT,0.0,0.0,RETRY_LATER,5074.39,5074.39,False
EVT_00007807,CHECKOUT_ABANDONMENT,,UPI,0,1229.42,CUS_000122,MER_00134,481,False,True,RECOVERY_REMINDER,0.0,0.0,ALTERNATIVE_PAYMENT,1229.42,1229.42,False
EVT_00007812,SUBSCRIPTION_FAILURE,,NETBANKING,0,5430.5,CUS_001037,MER_00118,0,False,False,ALTERNATIVE_PAYMENT,0.0,0.0,RECOVERY_REMINDER,5430.5,5430.5,False
EVT_00007816,SUBSCRIPTION_FAILURE,,UPI,0,10023.24,CUS_000360,MER_00152,0,False,False,ALTERNATIVE_PAYMENT,0.0,0.0,ALTERNATIVE_PAYMENT,0.0,0.0,True
EVT_00007818,PAYMENT_FAILURE,BANK_TECHNICAL_ERROR,UPI,2,12810.68,CUS_000951,MER_00095,0,False,False,ALTERNATIVE_PAYMENT,12810.68,1.0,ALTERNATIVE_PAYMENT,12810.68,0.0,True
EVT_00007820,PAYMENT_FAILURE,INSUFFICIENT_BALANCE,UPI,0,16001.73,CUS_000363,MER_00031,0,False,False,ALTERNATIVE_PAYMENT,0.0,0.0,ALTERNATIVE_PAYMENT,0.0,0.0,True
EVT_00007834,PAYMENT_FAILURE,ISSUER_DECLINE,CARD,1,38989.22,CUS_001775,MER_00144,0,False,False,ALTERNATIVE_PAYMENT,38989.22,1.0,ALTERNATIVE_PAYMENT,38989.22,0.0,True
EVT_00007845,CHECKOUT_ABANDONMENT,,UPI,0,4743.14,CUS_000229,MER_00120,275,True,False,RECOVERY_REMINDER,4743.14,1.0,ALTERNATIVE_PAYMENT,4743.14,0.0,False
EVT_00007849,SUBSCRIPTION_FAILURE,,UPI,0,1728.44,CUS_000416,MER_00136,0,False,False,ALTERNATIVE_PAYMENT,0.0,0.0,RECOVERY_REMINDER,1728.44,1728.44,False
EVT_00007855,PAYMENT_FAILURE,ISSUER_DECLINE,UPI,3,63401.22,CUS_001847,MER_00117,0,False,False,ALTERNATIVE_PAYMENT,63401.22,1.0,ALTERNATIVE_PAYMENT,63401.22,0.0,True
EVT_00007856,PAYMENT_FAILURE,TIMEOUT,UPI,2,1663.69,CUS_001384,MER_00020,0,False,False,ALTERNATIVE_PAYMENT,0.0,0.0,RECOVERY_REMINDER,1663.69,1663.69,False
EVT_00007858,PAYMENT_FAILURE,BANK_TECHNICAL_ERROR,CARD,0,4616.12,CUS_000331,MER_00172,0,False,False,ALTERNATIVE_PAYMENT,0.0,0.0,RECOVERY_REMINDER,4616.12,4616.12,False
EVT_00007862,PAYMENT_FAILURE,PAYMENT_LIMIT,UPI,3,4918.36,CUS_000277,MER_00189,0,False,False,ALTERNATIVE_PAYMENT,4918.36,1.0,ALTERNATIVE_PAYMENT,4918.36,0.0,True
EVT_00007887,PAYMENT_FAILURE,INSUFFICIENT_BALANCE,UPI,2,4875.93,CUS_001653,MER_00047,0,False,False,ALTERNATIVE_PAYMENT,0.0,0.0,RECOVERY_REMINDER,4875.93,4875.93,False
EVT_00007898,CHECKOUT_ABANDONMENT,,UPI,0,1530.19,CUS_001828,MER_00157,288,True,False,RECOVERY_REMINDER,1530.19,1.0,ALTERNATIVE_PAYMENT,1530.19,0.0,False
EVT_00007899,PAYMENT_FAILURE,ISSUER_DECLINE,UPI,3,8304.55,CUS_001423,MER_00156,0,False,False,ALTERNATIVE_PAYMENT,0.0,0.0,ALTERNATIVE_PAYMENT,0.0,0.0,True
EVT_00007923,PAYMENT_FAILURE,EXPIRED_PAYMENT_METHOD,CARD,2,6756.66,CUS_001598,MER_00063,0,False,False,ALTERNATIVE_PAYMENT,0.0,0.0,RETRY_LATER,6756.66,6756.66,False
EVT_00007969,SUBSCRIPTION_FAILURE,,CARD,0,6322.4,CUS_001881,MER_00106,0,False,False,ALTERNATIVE_PAYMENT,0.0,0.0,RECOVERY_REMINDER,6322.4,6322.4,False
EVT_00007979,PAYMENT_FAILURE,PAYMENT_LIMIT,UPI,0,7949.63,CUS_000344,MER_00013,0,False,False,ALTERNATIVE_PAYMENT,7949.63,1.0,ALTERNATIVE_PAYMENT,7949.63,0.0,True
EVT_00007982,PAYMENT_FAILURE,INSUFFICIENT_BALANCE,WALLET,0,115935.22,CUS_000770,MER_00137,0,False,False,ALTERNATIVE_PAYMENT,0.0,0.0,RECOVERY_REMINDER,115935.22,115935.22,False
EVT_00008004,CHECKOUT_ABANDONMENT,,UPI,0,23286.79,CUS_001716,MER_00067,162,True,False,RECOVERY_REMINDER,23286.79,1.0,ALTERNATIVE_PAYMENT,23286.79,0.0,False
EVT_00008008,CHECKOUT_ABANDONMENT,,UPI,0,20060.6,CUS_000177,MER_00049,149,True,False,RECOVERY_REMINDER,20060.6,1.0,ALTERNATIVE_PAYMENT,20060.6,0.0,False
EVT_00008010,PAYMENT_FAILURE,INSUFFICIENT_BALANCE,CARD,1,346486.79,CUS_001626,MER_00175,0,False,False,ALTERNATIVE_PAYMENT,0.0,0.0,RETRY_LATER,346486.79,346486.79,False
EVT_00008012,PAYMENT_FAILURE,TIMEOUT,UPI,3,4251.0,CUS_001317,MER_00014,0,False,False,ALTERNATIVE_PAYMENT,0.0,0.0,ALTERNATIVE_PAYMENT,0.0,0.0,True
EVT_00008017,PAYMENT_FAILURE,TIMEOUT,UPI,3,12691.88,CUS_001573,MER_00114,0,False,False,ALTERNATIVE_PAYMENT,0.0,0.0,ALTERNATIVE_PAYMENT,0.0,0.0,True
EVT_00008022,PAYMENT_FAILURE,INSUFFICIENT_BALANCE,NETBANKING,2,10900.62,CUS_000695,MER_00081,0,False,False,ALTERNATIVE_PAYMENT,0.0,0.0,ALTERNATIVE_PAYMENT,0.0,0.0,True
EVT_00008028,CHECKOUT_ABANDONMENT,,NETBANKING,0,11324.91,CUS_001459,MER_00155,554,True,False,RECOVERY_REMINDER,11324.91,1.0,ALTERNATIVE_PAYMENT,11324.91,0.0,False
EVT_00008069,PAYMENT_FAILURE,NETWORK_ERROR,UPI,2,5931.81,CUS_000581,MER_00010,0,False,False,ALTERNATIVE_PAYMENT,5931.81,1.0,ALTERNATIVE_PAYMENT,5931.81,0.0,True
EVT_00008070,CHECKOUT_ABANDONMENT,,UPI,0,12466.53,CUS_000929,MER_00114,590,True,False,RECOVERY_REMINDER,12466.53,1.0,RECOVERY_REMINDER,12466.53,0.0,True
EVT_00008071,PAYMENT_FAILURE,TIMEOUT,CARD,2,2064.24,CUS_000344,MER_00174,0,False,False,ALTERNATIVE_PAYMENT,0.0,0.0,ALTERNATIVE_PAYMENT,0.0,0.0,True
EVT_00008077,PAYMENT_FAILURE,INSUFFICIENT_BALANCE,CARD,1,6339.04,CUS_000874,MER_00074,0,False,False,ALTERNATIVE_PAYMENT,0.0,0.0,HUMAN_ESCALATION,6339.04,6339.04,False
EVT_00008085,PAYMENT_FAILURE,ISSUER_DECLINE,NETBANKING,3,23065.42,CUS_000503,MER_00018,0,False,False,ALTERNATIVE_PAYMENT,0.0,0.0,ALTERNATIVE_PAYMENT,0.0,0.0,True
EVT_00008095,PAYMENT_FAILURE,NETWORK_ERROR,CARD,2,4670.65,CUS_001013,MER_00142,0,False,False,ALTERNATIVE_PAYMENT,4670.65,1.0,ALTERNATIVE_PAYMENT,4670.65,0.0,True
EVT_00008105,CHECKOUT_ABANDONMENT,,CARD,0,88968.18,CUS_000061,MER_00126,394,False,False,RECOVERY_REMINDER,88968.18,1.0,ALTERNATIVE_PAYMENT,88968.18,0.0,False
EVT_00008110,PAYMENT_FAILURE,BANK_TECHNICAL_ERROR,NETBANKING,3,1404.15,CUS_001197,MER_00040,0,False,False,ALTERNATIVE_PAYMENT,1404.15,1.0,ALTERNATIVE_PAYMENT,1404.15,0.0,True
EVT_00008119,SUBSCRIPTION_FAILURE,,UPI,0,5941.04,CUS_001538,MER_00102,0,False,False,ALTERNATIVE_PAYMENT,0.0,0.0,RETRY_LATER,5941.04,5941.04,False
EVT_00008120,PAYMENT_FAILURE,NETWORK_ERROR,CARD,2,17160.27,CUS_001660,MER_00035,0,False,False,ALTERNATIVE_PAYMENT,0.0,0.0,RECOVERY_REMINDER,17160.27,17160.27,False
EVT_00008139,PAYMENT_FAILURE,BANK_TECHNICAL_ERROR,UPI,0,13434.8,CUS_001137,MER_00182,0,False,False,ALTERNATIVE_PAYMENT,13434.8,1.0,ALTERNATIVE_PAYMENT,13434.8,0.0,True
EVT_00008143,PAYMENT_FAILURE,ISSUER_DECLINE,CARD,0,24122.9,CUS_001360,MER_00166,0,False,False,ALTERNATIVE_PAYMENT,0.0,0.0,RECOVERY_REMINDER,24122.9,24122.9,False
EVT_00008150,CHECKOUT_ABANDONMENT,,UPI,0,6971.67,CUS_000131,MER_00056,839,True,False,RECOVERY_REMINDER,6971.67,1.0,ALTERNATIVE_PAYMENT,6971.67,0.0,False
EVT_00008164,PAYMENT_FAILURE,NETWORK_ERROR,UPI,3,2624.01,CUS_000173,MER_00139,0,False,False,ALTERNATIVE_PAYMENT,0.0,0.0,ALTERNATIVE_PAYMENT,0.0,0.0,True
EVT_00008166,PAYMENT_FAILURE,TIMEOUT,CARD,3,1989.61,CUS_000358,MER_00083,0,False,False,ALTERNATIVE_PAYMENT,1989.61,1.0,ALTERNATIVE_PAYMENT,1989.61,0.0,True
EVT_00008167,PAYMENT_FAILURE,BANK_TECHNICAL_ERROR,WALLET,0,14023.17,CUS_001283,MER_00140,0,False,False,ALTERNATIVE_PAYMENT,14023.17,1.0,ALTERNATIVE_PAYMENT,14023.17,0.0,True
EVT_00008182,CHECKOUT_ABANDONMENT,,UPI,0,2614.27,CUS_000448,MER_00162,659,False,False,RECOVERY_REMINDER,2614.27,1.0,ALTERNATIVE_PAYMENT,2614.27,0.0,False
EVT_00008187,CHECKOUT_ABANDONMENT,,NETBANKING,0,1890.89,CUS_001389,MER_00183,872,True,False,RECOVERY_REMINDER,1890.89,1.0,ALTERNATIVE_PAYMENT,1890.89,0.0,False
EVT_00008191,PAYMENT_FAILURE,INSUFFICIENT_BALANCE,NETBANKING,1,2148.43,CUS_001257,MER_00025,0,False,False,ALTERNATIVE_PAYMENT,2148.43,1.0,ALTERNATIVE_PAYMENT,2148.43,0.0,True
EVT_00008214,CHECKOUT_ABANDONMENT,,WALLET,0,9368.25,CUS_001085,MER_00029,654,True,False,RECOVERY_REMINDER,9368.25,1.0,ALTERNATIVE_PAYMENT,9368.25,0.0,False
EVT_00008216,PAYMENT_FAILURE,TIMEOUT,CARD,0,5487.52,CUS_000697,MER_00029,0,False,False,ALTERNATIVE_PAYMENT,5487.52,1.0,ALTERNATIVE_PAYMENT,5487.52,0.0,True
EVT_00008221,PAYMENT_FAILURE,INSUFFICIENT_BALANCE,UPI,1,14208.92,CUS_000324,MER_00027,0,False,False,ALTERNATIVE_PAYMENT,0.0,0.0,ALTERNATIVE_PAYMENT,0.0,0.0,True
EVT_00008225,PAYMENT_FAILURE,BANK_TECHNICAL_ERROR,UPI,1,3840.94,CUS_000779,MER_00056,0,False,False,ALTERNATIVE_PAYMENT,3840.94,1.0,ALTERNATIVE_PAYMENT,3840.94,0.0,True
EVT_00008237,PAYMENT_FAILURE,PAYMENT_LIMIT,CARD,3,4480.78,CUS_001848,MER_00124,0,False,False,ALTERNATIVE_PAYMENT,4480.78,1.0,ALTERNATIVE_PAYMENT,4480.78,0.0,True
EVT_00008249,CHECKOUT_ABANDONMENT,,CARD,0,7215.65,CUS_001466,MER_00165,648,True,False,RECOVERY_REMINDER,7215.65,1.0,ALTERNATIVE_PAYMENT,7215.65,0.0,False
EVT_00008252,PAYMENT_FAILURE,NETWORK_ERROR,UPI,2,2379.73,CUS_001045,MER_00173,0,False,False,ALTERNATIVE_PAYMENT,0.0,0.0,ALTERNATIVE_PAYMENT,0.0,0.0,True
EVT_00008256,SUBSCRIPTION_FAILURE,,NETBANKING,0,882.95,CUS_000925,MER_00081,0,False,False,ALTERNATIVE_PAYMENT,882.95,1.0,ALTERNATIVE_PAYMENT,882.95,0.0,True
EVT_00008260,PAYMENT_FAILURE,EXPIRED_PAYMENT_METHOD,UPI,3,5878.15,CUS_000910,MER_00099,0,False,False,ALTERNATIVE_PAYMENT,0.0,0.0,ALTERNATIVE_PAYMENT,0.0,0.0,True
EVT_00008275,PAYMENT_FAILURE,ISSUER_DECLINE,UPI,1,4335.55,CUS_000207,MER_00006,0,False,False,ALTERNATIVE_PAYMENT,0.0,0.0,ALTERNATIVE_PAYMENT,0.0,0.0,True
EVT_00008283,PAYMENT_FAILURE,INSUFFICIENT_BALANCE,UPI,2,3673.08,CUS_001603,MER_00054,0,False,False,ALTERNATIVE_PAYMENT,3673.08,1.0,ALTERNATIVE_PAYMENT,3673.08,0.0,True
EVT_00008286,PAYMENT_FAILURE,TIMEOUT,UPI,2,15675.35,CUS_000503,MER_00011,0,False,False,ALTERNATIVE_PAYMENT,0.0,0.0,RETRY_LATER,15675.35,15675.35,False
EVT_00008304,PAYMENT_FAILURE,ISSUER_DECLINE,CARD,0,1598.09,CUS_000473,MER_00178,0,False,False,ALTERNATIVE_PAYMENT,1598.09,1.0,ALTERNATIVE_PAYMENT,1598.09,0.0,True
EVT_00008312,SUBSCRIPTION_FAILURE,,CARD,0,4369.85,CUS_000896,MER_00033,0,False,False,ALTERNATIVE_PAYMENT,4369.85,1.0,ALTERNATIVE_PAYMENT,4369.85,0.0,True
EVT_00008316,CHECKOUT_ABANDONMENT,,UPI,0,3754.72,CUS_001276,MER_00128,459,True,False,RECOVERY_REMINDER,3754.72,1.0,ALTERNATIVE_PAYMENT,3754.72,0.0,False
EVT_00008320,PAYMENT_FAILURE,BANK_TECHNICAL_ERROR,UPI,3,4176.31,CUS_001986,MER_00081,0,False,False,ALTERNATIVE_PAYMENT,4176.31,1.0,ALTERNATIVE_PAYMENT,4176.31,0.0,True
EVT_00008336,CHECKOUT_ABANDONMENT,,UPI,0,6488.1,CUS_001047,MER_00182,651,True,False,RECOVERY_REMINDER,6488.1,1.0,ALTERNATIVE_PAYMENT,6488.1,0.0,False
EVT_00008345,SUBSCRIPTION_FAILURE,,CARD,0,5052.77,CUS_000816,MER_00015,0,False,False,ALTERNATIVE_PAYMENT,0.0,0.0,ALTERNATIVE_PAYMENT,0.0,0.0,True
EVT_00008355,PAYMENT_FAILURE,TIMEOUT,NETBANKING,2,15160.0,CUS_000219,MER_00110,0,False,False,ALTERNATIVE_PAYMENT,15160.0,1.0,ALTERNATIVE_PAYMENT,15160.0,0.0,True
EVT_00008363,PAYMENT_FAILURE,INSUFFICIENT_BALANCE,UPI,3,2660.57,CUS_001633,MER_00101,0,False,False,ALTERNATIVE_PAYMENT,0.0,0.0,ALTERNATIVE_PAYMENT,0.0,0.0,True
EVT_00008370,PAYMENT_FAILURE,INSUFFICIENT_BALANCE,UPI,3,1635.1,CUS_000555,MER_00137,0,False,False,ALTERNATIVE_PAYMENT,1635.1,1.0,ALTERNATIVE_PAYMENT,1635.1,0.0,True
EVT_00008377,PAYMENT_FAILURE,BANK_TECHNICAL_ERROR,UPI,1,31879.18,CUS_001610,MER_00086,0,False,False,ALTERNATIVE_PAYMENT,31879.18,1.0,ALTERNATIVE_PAYMENT,31879.18,0.0,True
EVT_00008382,CHECKOUT_ABANDONMENT,,CARD,0,5541.09,CUS_001631,MER_00042,263,True,False,RECOVERY_REMINDER,5541.09,1.0,ALTERNATIVE_PAYMENT,5541.09,0.0,False
EVT_00008396,PAYMENT_FAILURE,ISSUER_DECLINE,CARD,0,10609.16,CUS_000815,MER_00034,0,False,False,ALTERNATIVE_PAYMENT,0.0,0.0,RECOVERY_REMINDER,10609.16,10609.16,False
EVT_00008408,CHECKOUT_ABANDONMENT,,WALLET,0,6815.44,CUS_000342,MER_00026,195,True,False,RECOVERY_REMINDER,6815.44,1.0,ALTERNATIVE_PAYMENT,6815.44,0.0,False
EVT_00008409,SUBSCRIPTION_FAILURE,,CARD,0,3197.23,CUS_000151,MER_00077,0,False,False,ALTERNATIVE_PAYMENT,3197.23,1.0,ALTERNATIVE_PAYMENT,3197.23,0.0,True
EVT_00008413,PAYMENT_FAILURE,INSUFFICIENT_BALANCE,NETBANKING,2,5472.3,CUS_001835,MER_00012,0,False,False,ALTERNATIVE_PAYMENT,0.0,0.0,ALTERNATIVE_PAYMENT,0.0,0.0,True
EVT_00008417,PAYMENT_FAILURE,INSUFFICIENT_BALANCE,UPI,2,9502.73,CUS_000793,MER_00098,0,False,False,ALTERNATIVE_PAYMENT,0.0,0.0,ALTERNATIVE_PAYMENT,0.0,0.0,True
EVT_00008419,CHECKOUT_ABANDONMENT,,CARD,0,1839.74,CUS_001633,MER_00032,696,True,False,RECOVERY_REMINDER,1839.74,1.0,ALTERNATIVE_PAYMENT,1839.74,0.0,False
EVT_00008427,PAYMENT_FAILURE,BANK_TECHNICAL_ERROR,CARD,0,16721.12,CUS_001494,MER_00199,0,False,False,ALTERNATIVE_PAYMENT,16721.12,1.0,ALTERNATIVE_PAYMENT,16721.12,0.0,True
EVT_00008446,PAYMENT_FAILURE,EXPIRED_PAYMENT_METHOD,UPI,0,7159.78,CUS_001871,MER_00161,0,False,False,ALTERNATIVE_PAYMENT,7159.78,1.0,ALTERNATIVE_PAYMENT,7159.78,0.0,True
EVT_00008456,PAYMENT_FAILURE,BANK_TECHNICAL_ERROR,UPI,3,2934.93,CUS_000398,MER_00052,0,False,False,ALTERNATIVE_PAYMENT,0.0,0.0,HUMAN_ESCALATION,2934.93,2934.93,False
EVT_00008457,PAYMENT_FAILURE,TIMEOUT,CARD,0,2721.5,CUS_001873,MER_00081,0,False,False,ALTERNATIVE_PAYMENT,2721.5,1.0,ALTERNATIVE_PAYMENT,2721.5,0.0,True
EVT_00008460,CHECKOUT_ABANDONMENT,,UPI,0,3610.83,CUS_001257,MER_00190,779,True,False,RECOVERY_REMINDER,0.0,0.0,HUMAN_ESCALATION,3610.83,3610.83,False
EVT_00008462,PAYMENT_FAILURE,ISSUER_DECLINE,NETBANKING,3,4354.89,CUS_001121,MER_00139,0,False,False,ALTERNATIVE_PAYMENT,4354.89,1.0,ALTERNATIVE_PAYMENT,4354.89,0.0,True
EVT_00008465,SUBSCRIPTION_FAILURE,,CARD,0,21036.0,CUS_001249,MER_00078,0,False,False,ALTERNATIVE_PAYMENT,21036.0,1.0,ALTERNATIVE_PAYMENT,21036.0,0.0,True
EVT_00008466,PAYMENT_FAILURE,ISSUER_DECLINE,UPI,3,4783.52,CUS_000199,MER_00146,0,False,False,ALTERNATIVE_PAYMENT,0.0,0.0,ALTERNATIVE_PAYMENT,0.0,0.0,True
EVT_00008478,CHECKOUT_ABANDONMENT,,CARD,0,4076.44,CUS_001954,MER_00008,562,True,False,RECOVERY_REMINDER,4076.44,1.0,RECOVERY_REMINDER,4076.44,0.0,True
EVT_00008498,PAYMENT_FAILURE,ISSUER_DECLINE,CARD,0,20599.36,CUS_000086,MER_00126,0,False,False,ALTERNATIVE_PAYMENT,0.0,0.0,RECOVERY_REMINDER,20599.36,20599.36,False
EVT_00008505,CHECKOUT_ABANDONMENT,,UPI,0,5175.88,CUS_001209,MER_00086,184,True,False,RECOVERY_REMINDER,5175.88,1.0,ALTERNATIVE_PAYMENT,5175.88,0.0,False
EVT_00008508,SUBSCRIPTION_FAILURE,,NETBANKING,0,7848.21,CUS_001337,MER_00079,0,False,False,ALTERNATIVE_PAYMENT,0.0,0.0,ALTERNATIVE_PAYMENT,0.0,0.0,True
EVT_00008513,SUBSCRIPTION_FAILURE,,CARD,0,9175.85,CUS_001235,MER_00049,0,False,False,ALTERNATIVE_PAYMENT,9175.85,1.0,ALTERNATIVE_PAYMENT,9175.85,0.0,True
EVT_00008516,CHECKOUT_ABANDONMENT,,UPI,0,4428.71,CUS_001973,MER_00162,610,True,False,RECOVERY_REMINDER,4428.71,1.0,RECOVERY_REMINDER,4428.71,0.0,True
EVT_00008524,PAYMENT_FAILURE,ISSUER_DECLINE,UPI,0,30390.59,CUS_000420,MER_00131,0,False,False,ALTERNATIVE_PAYMENT,0.0,0.0,HUMAN_ESCALATION,30390.59,30390.59,False
EVT_00008538,PAYMENT_FAILURE,BANK_TECHNICAL_ERROR,NETBANKING,1,2988.06,CUS_000236,MER_00045,0,False,False,ALTERNATIVE_PAYMENT,2988.06,1.0,ALTERNATIVE_PAYMENT,2988.06,0.0,True
EVT_00008541,CHECKOUT_ABANDONMENT,,CARD,0,924.56,CUS_001104,MER_00139,194,False,False,RECOVERY_REMINDER,0.0,0.0,ALTERNATIVE_PAYMENT,0.0,0.0,False
EVT_00008544,PAYMENT_FAILURE,INSUFFICIENT_BALANCE,CARD,1,5374.25,CUS_001299,MER_00128,0,False,False,ALTERNATIVE_PAYMENT,0.0,0.0,ALTERNATIVE_PAYMENT,0.0,0.0,True
EVT_00008557,PAYMENT_FAILURE,TIMEOUT,NETBANKING,3,1197.78,CUS_001592,MER_00053,0,False,False,ALTERNATIVE_PAYMENT,0.0,0.0,HUMAN_ESCALATION,1197.78,1197.78,False
EVT_00008566,PAYMENT_FAILURE,EXPIRED_PAYMENT_METHOD,UPI,2,10026.1,CUS_000604,MER_00127,0,False,False,ALTERNATIVE_PAYMENT,0.0,0.0,ALTERNATIVE_PAYMENT,0.0,0.0,True
EVT_00008567,PAYMENT_FAILURE,TIMEOUT,NETBANKING,1,10448.32,CUS_001688,MER_00200,0,False,False,ALTERNATIVE_PAYMENT,10448.32,1.0,ALTERNATIVE_PAYMENT,10448.32,0.0,True
EVT_00008575,PAYMENT_FAILURE,INSUFFICIENT_BALANCE,WALLET,0,60930.52,CUS_000888,MER_00190,0,False,False,ALTERNATIVE_PAYMENT,0.0,0.0,RECOVERY_REMINDER,60930.52,60930.52,False
EVT_00008576,PAYMENT_FAILURE,INSUFFICIENT_BALANCE,UPI,0,39908.07,CUS_000294,MER_00146,0,False,False,ALTERNATIVE_PAYMENT,0.0,0.0,HUMAN_ESCALATION,39908.07,39908.07,False
EVT_00008582,PAYMENT_FAILURE,EXPIRED_PAYMENT_METHOD,UPI,0,4634.26,CUS_001064,MER_00055,0,False,False,ALTERNATIVE_PAYMENT,0.0,0.0,RECOVERY_REMINDER,4634.26,4634.26,False
EVT_00008593,PAYMENT_FAILURE,BANK_TECHNICAL_ERROR,WALLET,0,7685.61,CUS_001778,MER_00126,0,False,False,ALTERNATIVE_PAYMENT,7685.61,1.0,ALTERNATIVE_PAYMENT,7685.61,0.0,True
EVT_00008594,PAYMENT_FAILURE,INSUFFICIENT_BALANCE,UPI,2,983.97,CUS_000668,MER_00128,0,False,False,ALTERNATIVE_PAYMENT,0.0,0.0,ALTERNATIVE_PAYMENT,0.0,0.0,True
EVT_00008617,PAYMENT_FAILURE,TIMEOUT,UPI,0,3956.62,CUS_000235,MER_00184,0,False,False,ALTERNATIVE_PAYMENT,0.0,0.0,RETRY_LATER,3956.62,3956.62,False
EVT_00008634,CHECKOUT_ABANDONMENT,,WALLET,0,3549.75,CUS_001601,MER_00039,276,True,False,RECOVERY_REMINDER,0.0,0.0,ALTERNATIVE_PAYMENT,3549.75,3549.75,False
EVT_00008641,SUBSCRIPTION_FAILURE,,UPI,0,5291.36,CUS_000510,MER_00149,0,False,False,ALTERNATIVE_PAYMENT,5291.36,1.0,ALTERNATIVE_PAYMENT,5291.36,0.0,True
EVT_00008653,PAYMENT_FAILURE,TIMEOUT,CARD,2,602.75,CUS_000529,MER_00151,0,False,False,ALTERNATIVE_PAYMENT,0.0,0.0,RECOVERY_REMINDER,602.75,602.75,False
EVT_00008655,PAYMENT_FAILURE,TIMEOUT,UPI,2,15907.43,CUS_000652,MER_00120,0,False,False,ALTERNATIVE_PAYMENT,15907.43,1.0,ALTERNATIVE_PAYMENT,15907.43,0.0,True
EVT_00008675,SUBSCRIPTION_FAILURE,,CARD,0,5262.15,CUS_000299,MER_00117,0,False,False,ALTERNATIVE_PAYMENT,5262.15,1.0,ALTERNATIVE_PAYMENT,5262.15,0.0,True
EVT_00008676,CHECKOUT_ABANDONMENT,,CARD,0,3884.47,CUS_001411,MER_00012,83,True,False,RECOVERY_REMINDER,3884.47,1.0,ALTERNATIVE_PAYMENT,3884.47,0.0,False
EVT_00008684,CHECKOUT_ABANDONMENT,,UPI,0,21993.71,CUS_001926,MER_00145,507,True,False,RECOVERY_REMINDER,21993.71,1.0,ALTERNATIVE_PAYMENT,21993.71,0.0,False
EVT_00008698,PAYMENT_FAILURE,BANK_TECHNICAL_ERROR,CARD,3,3462.16,CUS_000667,MER_00031,0,False,False,ALTERNATIVE_PAYMENT,0.0,0.0,HUMAN_ESCALATION,3462.16,3462.16,False
EVT_00008713,PAYMENT_FAILURE,TIMEOUT,NETBANKING,1,1467.89,CUS_001972,MER_00014,0,False,False,ALTERNATIVE_PAYMENT,1467.89,1.0,ALTERNATIVE_PAYMENT,1467.89,0.0,True
EVT_00008723,CHECKOUT_ABANDONMENT,,UPI,0,12002.67,CUS_001833,MER_00066,317,False,False,RECOVERY_REMINDER,12002.67,1.0,ALTERNATIVE_PAYMENT,12002.67,0.0,False
EVT_00008725,PAYMENT_FAILURE,BANK_TECHNICAL_ERROR,NETBANKING,3,1809.23,CUS_000300,MER_00194,0,False,False,ALTERNATIVE_PAYMENT,1809.23,1.0,ALTERNATIVE_PAYMENT,1809.23,0.0,True
EVT_00008727,PAYMENT_FAILURE,TIMEOUT,UPI,1,792.83,CUS_000904,MER_00001,0,False,False,ALTERNATIVE_PAYMENT,792.83,1.0,ALTERNATIVE_PAYMENT,792.83,0.0,True
EVT_00008730,PAYMENT_FAILURE,INSUFFICIENT_BALANCE,UPI,3,4446.76,CUS_000929,MER_00182,0,False,False,ALTERNATIVE_PAYMENT,4446.76,1.0,ALTERNATIVE_PAYMENT,4446.76,0.0,True
EVT_00008735,CHECKOUT_ABANDONMENT,,UPI,0,1095.12,CUS_001454,MER_00074,271,True,False,RECOVERY_REMINDER,1095.12,1.0,ALTERNATIVE_PAYMENT,1095.12,0.0,False
EVT_00008741,SUBSCRIPTION_FAILURE,,WALLET,0,2427.58,CUS_001743,MER_00045,0,False,False,ALTERNATIVE_PAYMENT,2427.58,1.0,ALTERNATIVE_PAYMENT,2427.58,0.0,True
EVT_00008746,PAYMENT_FAILURE,INSUFFICIENT_BALANCE,UPI,0,4356.64,CUS_000909,MER_00182,0,False,False,ALTERNATIVE_PAYMENT,0.0,0.0,HUMAN_ESCALATION,4356.64,4356.64,False
EVT_00008755,PAYMENT_FAILURE,EXPIRED_PAYMENT_METHOD,NETBANKING,1,1697.24,CUS_000744,MER_00029,0,False,False,ALTERNATIVE_PAYMENT,0.0,0.0,RECOVERY_REMINDER,1697.24,1697.24,False
EVT_00008759,CHECKOUT_ABANDONMENT,,CARD,0,5939.1,CUS_000181,MER_00078,179,False,False,RECOVERY_REMINDER,5939.1,1.0,ALTERNATIVE_PAYMENT,5939.1,0.0,False
EVT_00008765,CHECKOUT_ABANDONMENT,,CARD,0,35512.46,CUS_000119,MER_00170,327,True,False,RECOVERY_REMINDER,35512.46,1.0,ALTERNATIVE_PAYMENT,35512.46,0.0,False
EVT_00008767,CHECKOUT_ABANDONMENT,,CARD,0,1302.54,CUS_000596,MER_00176,851,True,False,RECOVERY_REMINDER,1302.54,1.0,ALTERNATIVE_PAYMENT,1302.54,0.0,False
EVT_00008768,PAYMENT_FAILURE,INSUFFICIENT_BALANCE,WALLET,0,2661.72,CUS_000827,MER_00189,0,False,False,ALTERNATIVE_PAYMENT,2661.72,1.0,ALTERNATIVE_PAYMENT,2661.72,0.0,True
EVT_00008769,PAYMENT_FAILURE,INSUFFICIENT_BALANCE,UPI,0,14058.28,CUS_000858,MER_00043,0,False,False,ALTERNATIVE_PAYMENT,14058.28,1.0,ALTERNATIVE_PAYMENT,14058.28,0.0,True
EVT_00008779,PAYMENT_FAILURE,EXPIRED_PAYMENT_METHOD,UPI,2,6843.8,CUS_001346,MER_00111,0,False,False,ALTERNATIVE_PAYMENT,0.0,0.0,ALTERNATIVE_PAYMENT,0.0,0.0,True
EVT_00008790,PAYMENT_FAILURE,TIMEOUT,CARD,1,2923.58,CUS_001474,MER_00034,0,False,False,ALTERNATIVE_PAYMENT,2923.58,1.0,ALTERNATIVE_PAYMENT,2923.58,0.0,True
EVT_00008806,PAYMENT_FAILURE,PAYMENT_LIMIT,UPI,2,5025.43,CUS_001404,MER_00044,0,False,False,ALTERNATIVE_PAYMENT,0.0,0.0,RECOVERY_REMINDER,5025.43,5025.43,False
EVT_00008812,CHECKOUT_ABANDONMENT,,CARD,0,21350.06,CUS_000241,MER_00164,286,True,False,RECOVERY_REMINDER,21350.06,1.0,ALTERNATIVE_PAYMENT,21350.06,0.0,False
EVT_00008814,PAYMENT_FAILURE,INSUFFICIENT_BALANCE,CARD,2,1361.52,CUS_001630,MER_00028,0,False,False,ALTERNATIVE_PAYMENT,0.0,0.0,ALTERNATIVE_PAYMENT,0.0,0.0,True
EVT_00008818,PAYMENT_FAILURE,ISSUER_DECLINE,UPI,0,2099.34,CUS_000480,MER_00163,0,False,False,ALTERNATIVE_PAYMENT,2099.34,1.0,ALTERNATIVE_PAYMENT,2099.34,0.0,True
EVT_00008820,PAYMENT_FAILURE,ISSUER_DECLINE,CARD,2,3626.48,CUS_000715,MER_00122,0,False,False,ALTERNATIVE_PAYMENT,0.0,0.0,ALTERNATIVE_PAYMENT,0.0,0.0,True
EVT_00008836,PAYMENT_FAILURE,PAYMENT_LIMIT,UPI,3,10292.55,CUS_000630,MER_00038,0,False,False,ALTERNATIVE_PAYMENT,0.0,0.0,ALTERNATIVE_PAYMENT,0.0,0.0,True
EVT_00008844,PAYMENT_FAILURE,TIMEOUT,WALLET,3,31793.46,CUS_001487,MER_00086,0,False,False,ALTERNATIVE_PAYMENT,0.0,0.0,HUMAN_ESCALATION,31793.46,31793.46,False
EVT_00008851,PAYMENT_FAILURE,PAYMENT_LIMIT,UPI,1,35551.41,CUS_001261,MER_00071,0,False,False,ALTERNATIVE_PAYMENT,35551.41,1.0,ALTERNATIVE_PAYMENT,35551.41,0.0,True
EVT_00008861,PAYMENT_FAILURE,BANK_TECHNICAL_ERROR,CARD,2,3167.25,CUS_000128,MER_00003,0,False,False,ALTERNATIVE_PAYMENT,3167.25,1.0,ALTERNATIVE_PAYMENT,3167.25,0.0,True
EVT_00008863,PAYMENT_FAILURE,PAYMENT_LIMIT,CARD,1,21373.93,CUS_000770,MER_00016,0,False,False,ALTERNATIVE_PAYMENT,0.0,0.0,ALTERNATIVE_PAYMENT,0.0,0.0,True
EVT_00008884,PAYMENT_FAILURE,EXPIRED_PAYMENT_METHOD,UPI,2,16149.91,CUS_000155,MER_00126,0,False,False,ALTERNATIVE_PAYMENT,16149.91,1.0,ALTERNATIVE_PAYMENT,16149.91,0.0,True
EVT_00008886,PAYMENT_FAILURE,NETWORK_ERROR,CARD,1,2888.9,CUS_001199,MER_00024,0,False,False,ALTERNATIVE_PAYMENT,0.0,0.0,ALTERNATIVE_PAYMENT,0.0,0.0,True
EVT_00008910,SUBSCRIPTION_FAILURE,,CARD,0,5350.67,CUS_000630,MER_00098,0,False,False,ALTERNATIVE_PAYMENT,5350.67,1.0,ALTERNATIVE_PAYMENT,5350.67,0.0,True
EVT_00008912,PAYMENT_FAILURE,TIMEOUT,UPI,1,4817.32,CUS_000352,MER_00131,0,False,False,ALTERNATIVE_PAYMENT,4817.32,1.0,ALTERNATIVE_PAYMENT,4817.32,0.0,True
EVT_00008915,PAYMENT_FAILURE,ISSUER_DECLINE,NETBANKING,0,10593.57,CUS_000805,MER_00172,0,False,False,ALTERNATIVE_PAYMENT,0.0,0.0,ALTERNATIVE_PAYMENT,0.0,0.0,True
EVT_00008919,CHECKOUT_ABANDONMENT,,UPI,0,9873.72,CUS_001733,MER_00033,176,False,True,RECOVERY_REMINDER,0.0,0.0,ALTERNATIVE_PAYMENT,9873.72,9873.72,False
EVT_00008932,SUBSCRIPTION_FAILURE,,NETBANKING,0,148107.55,CUS_001847,MER_00098,0,False,False,ALTERNATIVE_PAYMENT,148107.55,1.0,ALTERNATIVE_PAYMENT,148107.55,0.0,True
EVT_00008935,PAYMENT_FAILURE,ISSUER_DECLINE,UPI,1,16086.1,CUS_000359,MER_00114,0,False,False,ALTERNATIVE_PAYMENT,16086.1,1.0,ALTERNATIVE_PAYMENT,16086.1,0.0,True
EVT_00008936,PAYMENT_FAILURE,BANK_TECHNICAL_ERROR,UPI,0,1592.82,CUS_001182,MER_00008,0,False,False,ALTERNATIVE_PAYMENT,1592.82,1.0,ALTERNATIVE_PAYMENT,1592.82,0.0,True
EVT_00008943,PAYMENT_FAILURE,BANK_TECHNICAL_ERROR,NETBANKING,0,26533.23,CUS_001033,MER_00152,0,False,False,ALTERNATIVE_PAYMENT,26533.23,1.0,ALTERNATIVE_PAYMENT,26533.23,0.0,True
EVT_00008946,SUBSCRIPTION_FAILURE,,UPI,0,3414.19,CUS_001080,MER_00168,0,False,False,ALTERNATIVE_PAYMENT,0.0,0.0,RECOVERY_REMINDER,3414.19,3414.19,False
EVT_00008947,PAYMENT_FAILURE,ISSUER_DECLINE,CARD,0,5460.11,CUS_001431,MER_00011,0,False,False,ALTERNATIVE_PAYMENT,5460.11,1.0,ALTERNATIVE_PAYMENT,5460.11,0.0,True
EVT_00008965,CHECKOUT_ABANDONMENT,,UPI,0,979.9,CUS_000654,MER_00011,152,True,False,RECOVERY_REMINDER,979.9,1.0,ALTERNATIVE_PAYMENT,979.9,0.0,False
EVT_00008968,PAYMENT_FAILURE,INSUFFICIENT_BALANCE,UPI,1,586.17,CUS_001282,MER_00084,0,False,False,ALTERNATIVE_PAYMENT,586.17,1.0,ALTERNATIVE_PAYMENT,586.17,0.0,True
EVT_00008973,CHECKOUT_ABANDONMENT,,UPI,0,2048.53,CUS_000551,MER_00018,828,True,False,RECOVERY_REMINDER,2048.53,1.0,ALTERNATIVE_PAYMENT,2048.53,0.0,False
EVT_00008985,PAYMENT_FAILURE,TIMEOUT,NETBANKING,3,3922.56,CUS_001400,MER_00104,0,False,False,ALTERNATIVE_PAYMENT,3922.56,1.0,ALTERNATIVE_PAYMENT,3922.56,0.0,True
EVT_00008987,PAYMENT_FAILURE,BANK_TECHNICAL_ERROR,WALLET,0,4815.62,CUS_000206,MER_00120,0,False,False,ALTERNATIVE_PAYMENT,4815.62,1.0,ALTERNATIVE_PAYMENT,4815.62,0.0,True
EVT_00009004,SUBSCRIPTION_FAILURE,,CARD,0,2256.61,CUS_000401,MER_00160,0,False,False,ALTERNATIVE_PAYMENT,2256.61,1.0,ALTERNATIVE_PAYMENT,2256.61,0.0,True
EVT_00009019,CHECKOUT_ABANDONMENT,,CARD,0,5684.16,CUS_001527,MER_00004,829,True,False,RECOVERY_REMINDER,5684.16,1.0,ALTERNATIVE_PAYMENT,5684.16,0.0,False
EVT_00009025,PAYMENT_FAILURE,INSUFFICIENT_BALANCE,WALLET,0,8990.93,CUS_001527,MER_00101,0,False,False,ALTERNATIVE_PAYMENT,0.0,0.0,RECOVERY_REMINDER,8990.93,8990.93,False
EVT_00009030,PAYMENT_FAILURE,BANK_TECHNICAL_ERROR,CARD,1,6467.54,CUS_000086,MER_00150,0,False,False,ALTERNATIVE_PAYMENT,0.0,0.0,RETRY_LATER,6467.54,6467.54,False
EVT_00009051,SUBSCRIPTION_FAILURE,,UPI,0,7438.04,CUS_000562,MER_00076,0,False,False,ALTERNATIVE_PAYMENT,7438.04,1.0,ALTERNATIVE_PAYMENT,7438.04,0.0,True
EVT_00009058,CHECKOUT_ABANDONMENT,,CARD,0,6025.4,CUS_000255,MER_00072,159,True,False,RECOVERY_REMINDER,6025.4,1.0,ALTERNATIVE_PAYMENT,6025.4,0.0,False
EVT_00009066,PAYMENT_FAILURE,BANK_TECHNICAL_ERROR,CARD,1,13885.47,CUS_000047,MER_00096,0,False,False,ALTERNATIVE_PAYMENT,0.0,0.0,RECOVERY_REMINDER,13885.47,13885.47,False
EVT_00009073,PAYMENT_FAILURE,BANK_TECHNICAL_ERROR,CARD,1,5040.91,CUS_001936,MER_00014,0,False,False,ALTERNATIVE_PAYMENT,5040.91,1.0,ALTERNATIVE_PAYMENT,5040.91,0.0,True
EVT_00009087,PAYMENT_FAILURE,EXPIRED_PAYMENT_METHOD,UPI,0,708.45,CUS_000578,MER_00041,0,False,False,ALTERNATIVE_PAYMENT,0.0,0.0,RETRY_LATER,708.45,708.45,False
EVT_00009093,PAYMENT_FAILURE,PAYMENT_LIMIT,WALLET,1,18100.87,CUS_000741,MER_00058,0,False,False,ALTERNATIVE_PAYMENT,18100.87,1.0,ALTERNATIVE_PAYMENT,18100.87,0.0,True
EVT_00009097,CHECKOUT_ABANDONMENT,,CARD,0,5942.49,CUS_001219,MER_00189,542,True,False,RECOVERY_REMINDER,5942.49,1.0,ALTERNATIVE_PAYMENT,5942.49,0.0,False
EVT_00009099,SUBSCRIPTION_FAILURE,,NETBANKING,0,3433.93,CUS_001162,MER_00195,0,False,False,ALTERNATIVE_PAYMENT,3433.93,1.0,ALTERNATIVE_PAYMENT,3433.93,0.0,True
EVT_00009101,PAYMENT_FAILURE,PAYMENT_LIMIT,CARD,1,2456.37,CUS_000744,MER_00034,0,False,False,ALTERNATIVE_PAYMENT,2456.37,1.0,ALTERNATIVE_PAYMENT,2456.37,0.0,True
EVT_00009103,PAYMENT_FAILURE,INSUFFICIENT_BALANCE,UPI,1,25177.93,CUS_001258,MER_00123,0,False,False,ALTERNATIVE_PAYMENT,0.0,0.0,RETRY_LATER,25177.93,25177.93,False
EVT_00009105,PAYMENT_FAILURE,TIMEOUT,CARD,1,885.45,CUS_001467,MER_00062,0,False,False,ALTERNATIVE_PAYMENT,0.0,0.0,ALTERNATIVE_PAYMENT,0.0,0.0,True
EVT_00009115,PAYMENT_FAILURE,TIMEOUT,NETBANKING,2,1388.99,CUS_000210,MER_00015,0,False,False,ALTERNATIVE_PAYMENT,1388.99,1.0,ALTERNATIVE_PAYMENT,1388.99,0.0,True
EVT_00009154,PAYMENT_FAILURE,NETWORK_ERROR,UPI,0,26474.5,CUS_000342,MER_00162,0,False,False,ALTERNATIVE_PAYMENT,0.0,0.0,RECOVERY_REMINDER,26474.5,26474.5,False
EVT_00009178,PAYMENT_FAILURE,BANK_TECHNICAL_ERROR,WALLET,1,5972.71,CUS_001793,MER_00089,0,False,False,ALTERNATIVE_PAYMENT,5972.71,1.0,ALTERNATIVE_PAYMENT,5972.71,0.0,True
EVT_00009179,CHECKOUT_ABANDONMENT,,UPI,0,15152.26,CUS_000741,MER_00147,179,True,True,RECOVERY_REMINDER,15152.26,1.0,ALTERNATIVE_PAYMENT,15152.26,0.0,False
EVT_00009203,PAYMENT_FAILURE,TIMEOUT,CARD,0,19512.96,CUS_000395,MER_00082,0,False,False,ALTERNATIVE_PAYMENT,0.0,0.0,RECOVERY_REMINDER,19512.96,19512.96,False
EVT_00009210,PAYMENT_FAILURE,EXPIRED_PAYMENT_METHOD,CARD,3,593.84,CUS_000452,MER_00132,0,False,False,ALTERNATIVE_PAYMENT,593.84,1.0,ALTERNATIVE_PAYMENT,593.84,0.0,True
EVT_00009218,PAYMENT_FAILURE,INSUFFICIENT_BALANCE,UPI,1,6130.44,CUS_000692,MER_00123,0,False,False,ALTERNATIVE_PAYMENT,0.0,0.0,ALTERNATIVE_PAYMENT,0.0,0.0,True
EVT_00009225,PAYMENT_FAILURE,ISSUER_DECLINE,UPI,1,5861.29,CUS_000750,MER_00065,0,False,False,ALTERNATIVE_PAYMENT,0.0,0.0,ALTERNATIVE_PAYMENT,0.0,0.0,True
EVT_00009241,CHECKOUT_ABANDONMENT,,UPI,0,12024.69,CUS_000032,MER_00180,389,True,False,RECOVERY_REMINDER,12024.69,1.0,RECOVERY_REMINDER,12024.69,0.0,True
EVT_00009254,PAYMENT_FAILURE,INSUFFICIENT_BALANCE,CARD,1,4554.91,CUS_000606,MER_00030,0,False,False,ALTERNATIVE_PAYMENT,0.0,0.0,ALTERNATIVE_PAYMENT,0.0,0.0,True
EVT_00009257,PAYMENT_FAILURE,EXPIRED_PAYMENT_METHOD,CARD,1,2705.34,CUS_001486,MER_00029,0,False,False,ALTERNATIVE_PAYMENT,2705.34,1.0,ALTERNATIVE_PAYMENT,2705.34,0.0,True
EVT_00009258,PAYMENT_FAILURE,NETWORK_ERROR,WALLET,0,2457.45,CUS_001904,MER_00107,0,False,False,ALTERNATIVE_PAYMENT,2457.45,1.0,ALTERNATIVE_PAYMENT,2457.45,0.0,True
EVT_00009261,PAYMENT_FAILURE,ISSUER_DECLINE,NETBANKING,1,4902.07,CUS_000055,MER_00161,0,False,False,ALTERNATIVE_PAYMENT,4902.07,1.0,ALTERNATIVE_PAYMENT,4902.07,0.0,True
EVT_00009264,PAYMENT_FAILURE,EXPIRED_PAYMENT_METHOD,CARD,1,4834.46,CUS_000986,MER_00138,0,False,False,ALTERNATIVE_PAYMENT,4834.46,1.0,ALTERNATIVE_PAYMENT,4834.46,0.0,True
EVT_00009273,SUBSCRIPTION_FAILURE,,CARD,0,7505.27,CUS_000083,MER_00122,0,False,False,ALTERNATIVE_PAYMENT,7505.27,1.0,ALTERNATIVE_PAYMENT,7505.27,0.0,True
EVT_00009275,PAYMENT_FAILURE,TIMEOUT,NETBANKING,1,5457.02,CUS_001344,MER_00050,0,False,False,ALTERNATIVE_PAYMENT,0.0,0.0,RECOVERY_REMINDER,5457.02,5457.02,False
EVT_00009284,SUBSCRIPTION_FAILURE,,NETBANKING,0,3644.2,CUS_001530,MER_00169,0,False,False,ALTERNATIVE_PAYMENT,3644.2,1.0,ALTERNATIVE_PAYMENT,3644.2,0.0,True
EVT_00009290,CHECKOUT_ABANDONMENT,,CARD,0,2462.38,CUS_000033,MER_00041,348,False,False,RECOVERY_REMINDER,2462.38,1.0,RECOVERY_REMINDER,2462.38,0.0,True
EVT_00009295,PAYMENT_FAILURE,EXPIRED_PAYMENT_METHOD,WALLET,0,19255.37,CUS_000976,MER_00124,0,False,False,ALTERNATIVE_PAYMENT,19255.37,1.0,ALTERNATIVE_PAYMENT,19255.37,0.0,True
EVT_00009296,SUBSCRIPTION_FAILURE,,UPI,0,1637.26,CUS_001609,MER_00079,0,False,False,ALTERNATIVE_PAYMENT,0.0,0.0,RECOVERY_REMINDER,1637.26,1637.26,False
EVT_00009301,PAYMENT_FAILURE,INSUFFICIENT_BALANCE,NETBANKING,1,4179.89,CUS_001116,MER_00156,0,False,False,ALTERNATIVE_PAYMENT,0.0,0.0,ALTERNATIVE_PAYMENT,0.0,0.0,True
EVT_00009312,PAYMENT_FAILURE,EXPIRED_PAYMENT_METHOD,CARD,3,5855.63,CUS_000948,MER_00062,0,False,False,ALTERNATIVE_PAYMENT,0.0,0.0,ALTERNATIVE_PAYMENT,0.0,0.0,True
EVT_00009318,SUBSCRIPTION_FAILURE,,CARD,0,1355.54,CUS_001428,MER_00126,0,False,False,ALTERNATIVE_PAYMENT,0.0,0.0,RECOVERY_REMINDER,1355.54,1355.54,False
EVT_00009328,CHECKOUT_ABANDONMENT,,UPI,0,15550.09,CUS_000427,MER_00072,88,True,False,RECOVERY_REMINDER,15550.09,1.0,ALTERNATIVE_PAYMENT,15550.09,0.0,False
EVT_00009338,SUBSCRIPTION_FAILURE,,UPI,0,15037.01,CUS_001012,MER_00046,0,False,False,ALTERNATIVE_PAYMENT,0.0,0.0,RECOVERY_REMINDER,15037.01,15037.01,False
EVT_00009339,PAYMENT_FAILURE,TIMEOUT,CARD,2,4922.54,CUS_000020,MER_00115,0,False,False,ALTERNATIVE_PAYMENT,0.0,0.0,RECOVERY_REMINDER,4922.54,4922.54,False
EVT_00009368,SUBSCRIPTION_FAILURE,,CARD,0,9838.8,CUS_000606,MER_00175,0,False,False,ALTERNATIVE_PAYMENT,9838.8,1.0,ALTERNATIVE_PAYMENT,9838.8,0.0,True
EVT_00009377,SUBSCRIPTION_FAILURE,,CARD,0,4852.79,CUS_001843,MER_00097,0,False,False,ALTERNATIVE_PAYMENT,4852.79,1.0,ALTERNATIVE_PAYMENT,4852.79,0.0,True
EVT_00009383,PAYMENT_FAILURE,INSUFFICIENT_BALANCE,CARD,0,3845.19,CUS_001372,MER_00193,0,False,False,ALTERNATIVE_PAYMENT,3845.19,1.0,ALTERNATIVE_PAYMENT,3845.19,0.0,True
EVT_00009387,CHECKOUT_ABANDONMENT,,CARD,0,6070.52,CUS_000816,MER_00042,603,True,True,RECOVERY_REMINDER,6070.52,1.0,ALTERNATIVE_PAYMENT,6070.52,0.0,False
EVT_00009396,PAYMENT_FAILURE,INSUFFICIENT_BALANCE,CARD,0,5595.92,CUS_000860,MER_00176,0,False,False,ALTERNATIVE_PAYMENT,5595.92,1.0,ALTERNATIVE_PAYMENT,5595.92,0.0,True
EVT_00009424,PAYMENT_FAILURE,TIMEOUT,UPI,3,3937.78,CUS_001250,MER_00014,0,False,False,ALTERNATIVE_PAYMENT,3937.78,1.0,ALTERNATIVE_PAYMENT,3937.78,0.0,True
EVT_00009429,PAYMENT_FAILURE,ISSUER_DECLINE,CARD,2,6391.17,CUS_001806,MER_00064,0,False,False,ALTERNATIVE_PAYMENT,0.0,0.0,ALTERNATIVE_PAYMENT,0.0,0.0,True
EVT_00009430,SUBSCRIPTION_FAILURE,,UPI,0,5562.15,CUS_000176,MER_00050,0,False,False,ALTERNATIVE_PAYMENT,5562.15,1.0,ALTERNATIVE_PAYMENT,5562.15,0.0,True
EVT_00009433,PAYMENT_FAILURE,ISSUER_DECLINE,NETBANKING,1,1839.91,CUS_000044,MER_00060,0,False,False,ALTERNATIVE_PAYMENT,0.0,0.0,RECOVERY_REMINDER,1839.91,1839.91,False
EVT_00009436,PAYMENT_FAILURE,PAYMENT_LIMIT,CARD,0,4587.8,CUS_000324,MER_00110,0,False,False,ALTERNATIVE_PAYMENT,0.0,0.0,ALTERNATIVE_PAYMENT,0.0,0.0,True
EVT_00009448,SUBSCRIPTION_FAILURE,,UPI,0,869.31,CUS_001409,MER_00088,0,False,False,ALTERNATIVE_PAYMENT,869.31,1.0,ALTERNATIVE_PAYMENT,869.31,0.0,True
EVT_00009450,PAYMENT_FAILURE,TIMEOUT,CARD,1,4103.08,CUS_001834,MER_00144,0,False,False,ALTERNATIVE_PAYMENT,0.0,0.0,RECOVERY_REMINDER,4103.08,4103.08,False
EVT_00009452,PAYMENT_FAILURE,ISSUER_DECLINE,UPI,3,4001.57,CUS_001827,MER_00157,0,False,False,ALTERNATIVE_PAYMENT,0.0,0.0,ALTERNATIVE_PAYMENT,0.0,0.0,True
EVT_00009464,PAYMENT_FAILURE,ISSUER_DECLINE,UPI,2,1444.66,CUS_001109,MER_00127,0,False,False,ALTERNATIVE_PAYMENT,1444.66,1.0,ALTERNATIVE_PAYMENT,1444.66,0.0,True
EVT_00009466,CHECKOUT_ABANDONMENT,,CARD,0,8581.67,CUS_000516,MER_00084,777,True,False,RECOVERY_REMINDER,8581.67,1.0,ALTERNATIVE_PAYMENT,8581.67,0.0,False
EVT_00009483,PAYMENT_FAILURE,INSUFFICIENT_BALANCE,UPI,1,788.41,CUS_001007,MER_00099,0,False,False,ALTERNATIVE_PAYMENT,0.0,0.0,RECOVERY_REMINDER,788.41,788.41,False
EVT_00009487,PAYMENT_FAILURE,TIMEOUT,NETBANKING,1,4645.85,CUS_001424,MER_00066,0,False,False,ALTERNATIVE_PAYMENT,4645.85,1.0,ALTERNATIVE_PAYMENT,4645.85,0.0,True
EVT_00009492,PAYMENT_FAILURE,EXPIRED_PAYMENT_METHOD,UPI,0,4752.7,CUS_000925,MER_00070,0,False,False,ALTERNATIVE_PAYMENT,0.0,0.0,RECOVERY_REMINDER,4752.7,4752.7,False
EVT_00009494,PAYMENT_FAILURE,INSUFFICIENT_BALANCE,NETBANKING,2,6916.95,CUS_000047,MER_00031,0,False,False,ALTERNATIVE_PAYMENT,0.0,0.0,ALTERNATIVE_PAYMENT,0.0,0.0,True
EVT_00009500,PAYMENT_FAILURE,PAYMENT_LIMIT,CARD,2,24472.11,CUS_000294,MER_00066,0,False,False,ALTERNATIVE_PAYMENT,24472.11,1.0,ALTERNATIVE_PAYMENT,24472.11,0.0,True
EVT_00009506,CHECKOUT_ABANDONMENT,,CARD,0,2362.92,CUS_001592,MER_00069,406,False,False,RECOVERY_REMINDER,2362.92,1.0,RECOVERY_REMINDER,2362.92,0.0,True
EVT_00009510,CHECKOUT_ABANDONMENT,,NETBANKING,0,6395.81,CUS_001091,MER_00150,799,True,False,RECOVERY_REMINDER,6395.81,1.0,ALTERNATIVE_PAYMENT,6395.81,0.0,False
EVT_00009516,PAYMENT_FAILURE,TIMEOUT,CARD,1,19155.66,CUS_000522,MER_00177,0,False,False,ALTERNATIVE_PAYMENT,19155.66,1.0,ALTERNATIVE_PAYMENT,19155.66,0.0,True
EVT_00009520,PAYMENT_FAILURE,TIMEOUT,UPI,3,5805.53,CUS_001641,MER_00001,0,False,False,ALTERNATIVE_PAYMENT,0.0,0.0,HUMAN_ESCALATION,5805.53,5805.53,False
EVT_00009534,PAYMENT_FAILURE,INSUFFICIENT_BALANCE,UPI,0,17308.67,CUS_001459,MER_00010,0,False,False,ALTERNATIVE_PAYMENT,0.0,0.0,ALTERNATIVE_PAYMENT,0.0,0.0,True
EVT_00009545,PAYMENT_FAILURE,NETWORK_ERROR,CARD,1,1163.55,CUS_001973,MER_00056,0,False,False,ALTERNATIVE_PAYMENT,1163.55,1.0,ALTERNATIVE_PAYMENT,1163.55,0.0,True
EVT_00009552,SUBSCRIPTION_FAILURE,,UPI,0,1329.12,CUS_001463,MER_00088,0,False,False,ALTERNATIVE_PAYMENT,1329.12,1.0,ALTERNATIVE_PAYMENT,1329.12,0.0,True
EVT_00009553,PAYMENT_FAILURE,ISSUER_DECLINE,UPI,0,2342.0,CUS_000567,MER_00015,0,False,False,ALTERNATIVE_PAYMENT,0.0,0.0,RECOVERY_REMINDER,2342.0,2342.0,False
EVT_00009554,PAYMENT_FAILURE,TIMEOUT,UPI,1,17079.1,CUS_000992,MER_00122,0,False,False,ALTERNATIVE_PAYMENT,17079.1,1.0,ALTERNATIVE_PAYMENT,17079.1,0.0,True
EVT_00009555,PAYMENT_FAILURE,TIMEOUT,UPI,3,1185.51,CUS_001372,MER_00009,0,False,False,ALTERNATIVE_PAYMENT,0.0,0.0,ALTERNATIVE_PAYMENT,0.0,0.0,True
EVT_00009556,CHECKOUT_ABANDONMENT,,UPI,0,6894.45,CUS_000057,MER_00107,711,True,False,RECOVERY_REMINDER,0.0,0.0,RETRY_LATER,6894.45,6894.45,False
EVT_00009563,CHECKOUT_ABANDONMENT,,UPI,0,21356.51,CUS_000078,MER_00038,119,True,False,RECOVERY_REMINDER,0.0,0.0,ALTERNATIVE_PAYMENT,21356.51,21356.51,False
EVT_00009564,CHECKOUT_ABANDONMENT,,UPI,0,23427.67,CUS_000402,MER_00085,249,True,True,RECOVERY_REMINDER,23427.67,1.0,ALTERNATIVE_PAYMENT,23427.67,0.0,False
EVT_00009582,CHECKOUT_ABANDONMENT,,CARD,0,9153.62,CUS_001212,MER_00064,702,True,False,RECOVERY_REMINDER,9153.62,1.0,ALTERNATIVE_PAYMENT,9153.62,0.0,False
EVT_00009593,PAYMENT_FAILURE,BANK_TECHNICAL_ERROR,CARD,2,2188.8,CUS_001810,MER_00026,0,False,False,ALTERNATIVE_PAYMENT,2188.8,1.0,ALTERNATIVE_PAYMENT,2188.8,0.0,True
EVT_00009597,PAYMENT_FAILURE,PAYMENT_LIMIT,CARD,2,5353.23,CUS_000773,MER_00096,0,False,False,ALTERNATIVE_PAYMENT,5353.23,1.0,ALTERNATIVE_PAYMENT,5353.23,0.0,True
EVT_00009601,PAYMENT_FAILURE,BANK_TECHNICAL_ERROR,CARD,1,3858.94,CUS_001648,MER_00199,0,False,False,ALTERNATIVE_PAYMENT,3858.94,1.0,ALTERNATIVE_PAYMENT,3858.94,0.0,True
EVT_00009612,CHECKOUT_ABANDONMENT,,UPI,0,6204.97,CUS_000504,MER_00085,787,True,False,RECOVERY_REMINDER,6204.97,1.0,ALTERNATIVE_PAYMENT,6204.97,0.0,False
EVT_00009650,CHECKOUT_ABANDONMENT,,CARD,0,3545.46,CUS_000346,MER_00172,893,True,False,RECOVERY_REMINDER,3545.46,1.0,ALTERNATIVE_PAYMENT,3545.46,0.0,False
EVT_00009662,PAYMENT_FAILURE,BANK_TECHNICAL_ERROR,UPI,3,3321.04,CUS_001407,MER_00047,0,False,False,ALTERNATIVE_PAYMENT,3321.04,1.0,ALTERNATIVE_PAYMENT,3321.04,0.0,True
EVT_00009673,PAYMENT_FAILURE,NETWORK_ERROR,UPI,1,4334.96,CUS_000579,MER_00108,0,False,False,ALTERNATIVE_PAYMENT,4334.96,1.0,ALTERNATIVE_PAYMENT,4334.96,0.0,True
EVT_00009684,CHECKOUT_ABANDONMENT,,UPI,0,6353.31,CUS_000584,MER_00112,146,True,False,RECOVERY_REMINDER,6353.31,1.0,ALTERNATIVE_PAYMENT,6353.31,0.0,False
EVT_00009688,PAYMENT_FAILURE,PAYMENT_LIMIT,CARD,0,5895.67,CUS_001703,MER_00016,0,False,False,ALTERNATIVE_PAYMENT,5895.67,1.0,ALTERNATIVE_PAYMENT,5895.67,0.0,True
EVT_00009694,CHECKOUT_ABANDONMENT,,UPI,0,1981.81,CUS_001150,MER_00180,618,True,False,RECOVERY_REMINDER,1981.81,1.0,RECOVERY_REMINDER,1981.81,0.0,True
EVT_00009697,CHECKOUT_ABANDONMENT,,UPI,0,8965.55,CUS_000267,MER_00163,27,True,False,RECOVERY_REMINDER,8965.55,1.0,RECOVERY_REMINDER,8965.55,0.0,True
EVT_00009701,CHECKOUT_ABANDONMENT,,CARD,0,3116.07,CUS_001050,MER_00085,714,True,False,RECOVERY_REMINDER,3116.07,1.0,ALTERNATIVE_PAYMENT,3116.07,0.0,False
EVT_00009704,PAYMENT_FAILURE,TIMEOUT,NETBANKING,2,1821.48,CUS_000053,MER_00052,0,False,False,ALTERNATIVE_PAYMENT,0.0,0.0,RECOVERY_REMINDER,1821.48,1821.48,False
EVT_00009706,PAYMENT_FAILURE,TIMEOUT,UPI,3,1200.28,CUS_001412,MER_00177,0,False,False,ALTERNATIVE_PAYMENT,0.0,0.0,ALTERNATIVE_PAYMENT,0.0,0.0,True
EVT_00009710,PAYMENT_FAILURE,BANK_TECHNICAL_ERROR,UPI,3,5637.9,CUS_000843,MER_00146,0,False,False,ALTERNATIVE_PAYMENT,5637.9,1.0,ALTERNATIVE_PAYMENT,5637.9,0.0,True
EVT_00009713,PAYMENT_FAILURE,BANK_TECHNICAL_ERROR,CARD,2,3692.9,CUS_000508,MER_00198,0,False,False,ALTERNATIVE_PAYMENT,0.0,0.0,RETRY_LATER,3692.9,3692.9,False
EVT_00009728,PAYMENT_FAILURE,BANK_TECHNICAL_ERROR,UPI,0,10146.65,CUS_001531,MER_00096,0,False,False,ALTERNATIVE_PAYMENT,10146.65,1.0,ALTERNATIVE_PAYMENT,10146.65,0.0,True
EVT_00009729,CHECKOUT_ABANDONMENT,,UPI,0,1785.66,CUS_001229,MER_00148,355,True,False,RECOVERY_REMINDER,1785.66,1.0,ALTERNATIVE_PAYMENT,1785.66,0.0,False
EVT_00009730,PAYMENT_FAILURE,INSUFFICIENT_BALANCE,UPI,0,5017.74,CUS_000634,MER_00170,0,False,False,ALTERNATIVE_PAYMENT,0.0,0.0,RETRY_LATER,5017.74,5017.74,False
EVT_00009734,PAYMENT_FAILURE,EXPIRED_PAYMENT_METHOD,UPI,3,3591.07,CUS_001747,MER_00153,0,False,False,ALTERNATIVE_PAYMENT,0.0,0.0,ALTERNATIVE_PAYMENT,0.0,0.0,True
EVT_00009735,PAYMENT_FAILURE,INSUFFICIENT_BALANCE,UPI,2,7627.47,CUS_001431,MER_00116,0,False,False,ALTERNATIVE_PAYMENT,0.0,0.0,RECOVERY_REMINDER,7627.47,7627.47,False
EVT_00009739,CHECKOUT_ABANDONMENT,,CARD,0,6404.11,CUS_000860,MER_00162,214,True,False,RECOVERY_REMINDER,6404.11,1.0,ALTERNATIVE_PAYMENT,6404.11,0.0,False
EVT_00009743,PAYMENT_FAILURE,PAYMENT_LIMIT,CARD,2,1429.33,CUS_000972,MER_00062,0,False,False,ALTERNATIVE_PAYMENT,0.0,0.0,RECOVERY_REMINDER,1429.33,1429.33,False
EVT_00009769,PAYMENT_FAILURE,TIMEOUT,CARD,3,2499.91,CUS_000521,MER_00194,0,False,False,ALTERNATIVE_PAYMENT,2499.91,1.0,ALTERNATIVE_PAYMENT,2499.91,0.0,True
EVT_00009779,CHECKOUT_ABANDONMENT,,UPI,0,3664.27,CUS_000504,MER_00182,162,True,False,RECOVERY_REMINDER,3664.27,1.0,ALTERNATIVE_PAYMENT,3664.27,0.0,False
EVT_00009780,SUBSCRIPTION_FAILURE,,NETBANKING,0,3328.72,CUS_000458,MER_00181,0,False,False,ALTERNATIVE_PAYMENT,3328.72,1.0,ALTERNATIVE_PAYMENT,3328.72,0.0,True
EVT_00009794,PAYMENT_FAILURE,PAYMENT_LIMIT,UPI,0,4295.58,CUS_001990,MER_00059,0,False,False,ALTERNATIVE_PAYMENT,4295.58,1.0,ALTERNATIVE_PAYMENT,4295.58,0.0,True
EVT_00009797,PAYMENT_FAILURE,TIMEOUT,CARD,0,3212.11,CUS_000406,MER_00025,0,False,False,ALTERNATIVE_PAYMENT,3212.11,1.0,ALTERNATIVE_PAYMENT,3212.11,0.0,True
EVT_00009841,PAYMENT_FAILURE,INSUFFICIENT_BALANCE,CARD,3,1210.96,CUS_000550,MER_00144,0,False,False,ALTERNATIVE_PAYMENT,1210.96,1.0,ALTERNATIVE_PAYMENT,1210.96,0.0,True
EVT_00009849,PAYMENT_FAILURE,PAYMENT_LIMIT,CARD,1,11576.73,CUS_000311,MER_00109,0,False,False,ALTERNATIVE_PAYMENT,11576.73,1.0,ALTERNATIVE_PAYMENT,11576.73,0.0,True
EVT_00009853,PAYMENT_FAILURE,INSUFFICIENT_BALANCE,UPI,3,1224.52,CUS_001139,MER_00151,0,False,False,ALTERNATIVE_PAYMENT,1224.52,1.0,ALTERNATIVE_PAYMENT,1224.52,0.0,True
EVT_00009856,SUBSCRIPTION_FAILURE,,WALLET,0,15115.03,CUS_001125,MER_00195,0,False,False,ALTERNATIVE_PAYMENT,0.0,0.0,ALTERNATIVE_PAYMENT,0.0,0.0,True
EVT_00009863,PAYMENT_FAILURE,PAYMENT_LIMIT,UPI,3,6347.36,CUS_000120,MER_00035,0,False,False,ALTERNATIVE_PAYMENT,6347.36,1.0,ALTERNATIVE_PAYMENT,6347.36,0.0,True
EVT_00009868,PAYMENT_FAILURE,INSUFFICIENT_BALANCE,CARD,3,3779.48,CUS_001035,MER_00065,0,False,False,ALTERNATIVE_PAYMENT,3779.48,1.0,ALTERNATIVE_PAYMENT,3779.48,0.0,True
EVT_00009871,CHECKOUT_ABANDONMENT,,UPI,0,5275.32,CUS_000359,MER_00115,898,True,False,RECOVERY_REMINDER,5275.32,1.0,ALTERNATIVE_PAYMENT,5275.32,0.0,False
EVT_00009876,PAYMENT_FAILURE,EXPIRED_PAYMENT_METHOD,UPI,0,10708.33,CUS_000588,MER_00045,0,False,False,ALTERNATIVE_PAYMENT,0.0,0.0,RECOVERY_REMINDER,10708.33,10708.33,False
EVT_00009883,PAYMENT_FAILURE,ISSUER_DECLINE,UPI,3,8324.76,CUS_001728,MER_00088,0,False,False,ALTERNATIVE_PAYMENT,0.0,0.0,ALTERNATIVE_PAYMENT,0.0,0.0,True
EVT_00009886,PAYMENT_FAILURE,TIMEOUT,CARD,3,1575.21,CUS_000552,MER_00033,0,False,False,ALTERNATIVE_PAYMENT,0.0,0.0,HUMAN_ESCALATION,1575.21,1575.21,False
EVT_00009900,PAYMENT_FAILURE,INSUFFICIENT_BALANCE,UPI,2,3874.53,CUS_001250,MER_00042,0,False,False,ALTERNATIVE_PAYMENT,0.0,0.0,ALTERNATIVE_PAYMENT,0.0,0.0,True
EVT_00009921,CHECKOUT_ABANDONMENT,,UPI,0,3204.58,CUS_000953,MER_00167,307,True,False,RECOVERY_REMINDER,3204.58,1.0,RECOVERY_REMINDER,3204.58,0.0,True
EVT_00009928,PAYMENT_FAILURE,EXPIRED_PAYMENT_METHOD,UPI,0,7947.0,CUS_001846,MER_00139,0,False,False,ALTERNATIVE_PAYMENT,0.0,0.0,RECOVERY_REMINDER,7947.0,7947.0,False
EVT_00009933,PAYMENT_FAILURE,PAYMENT_LIMIT,CARD,2,1340.85,CUS_000349,MER_00183,0,False,False,ALTERNATIVE_PAYMENT,0.0,0.0,ALTERNATIVE_PAYMENT,0.0,0.0,True
EVT_00009948,CHECKOUT_ABANDONMENT,,NETBANKING,0,1478.15,CUS_000314,MER_00128,875,True,False,RECOVERY_REMINDER,1478.15,1.0,ALTERNATIVE_PAYMENT,1478.15,0.0,False
EVT_00009949,SUBSCRIPTION_FAILURE,,CARD,0,12128.96,CUS_001708,MER_00182,0,False,False,ALTERNATIVE_PAYMENT,0.0,0.0,RECOVERY_REMINDER,12128.96,12128.96,False
EVT_00009953,CHECKOUT_ABANDONMENT,,UPI,0,8391.69,CUS_000989,MER_00104,294,True,False,RECOVERY_REMINDER,8391.69,1.0,ALTERNATIVE_PAYMENT,8391.69,0.0,False
EVT_00009962,SUBSCRIPTION_FAILURE,,CARD,0,3661.72,CUS_000972,MER_00006,0,False,False,ALTERNATIVE_PAYMENT,0.0,0.0,RECOVERY_REMINDER,3661.72,3661.72,False
EVT_00009975,PAYMENT_FAILURE,TIMEOUT,UPI,1,823.1,CUS_001805,MER_00106,0,False,False,ALTERNATIVE_PAYMENT,0.0,0.0,RECOVERY_REMINDER,823.1,823.1,False
EVT_00009985,PAYMENT_FAILURE,NETWORK_ERROR,UPI,2,2953.09,CUS_000158,MER_00022,0,False,False,ALTERNATIVE_PAYMENT,0.0,0.0,ALTERNATIVE_PAYMENT,0.0,0.0,True
EVT_00009993,PAYMENT_FAILURE,NETWORK_ERROR,UPI,0,1649.19,CUS_001553,MER_00109,0,False,False,ALTERNATIVE_PAYMENT,1649.19,1.0,ALTERNATIVE_PAYMENT,1649.19,0.0,True
EVT_00010000,CHECKOUT_ABANDONMENT,,UPI,0,5311.95,CUS_000796,MER_00032,71,True,False,RECOVERY_REMINDER,5311.95,1.0,ALTERNATIVE_PAYMENT,5311.95,0.0,False
