event_id,action,score,chosen_action
EVT_00006346,ALTERNATIVE_PAYMENT,0.28,ALTERNATIVE_PAYMENT
EVT_00006346,RECOVERY_REMINDER,0.0,ALTERNATIVE_PAYMENT
EVT_00006346,RETRY_LATER,-999999.0,ALTERNATIVE_PAYMENT
EVT_00006346,HUMAN_ESCALATION,0.1,ALTERNATIVE_PAYMENT
EVT_00004698,ALTERNATIVE_PAYMENT,0.2,RETRY_LATER
EVT_00004698,RECOVERY_REMINDER,0.0,RETRY_LATER
EVT_00004698,RETRY_LATER,0.25,RETRY_LATER
EVT_00004698,HUMAN_ESCALATION,-999999.0,RETRY_LATER
EVT_00000380,ALTERNATIVE_PAYMENT,0.28,ALTERNATIVE_PAYMENT
EVT_00000380,RECOVERY_REMINDER,0.0,ALTERNATIVE_PAYMENT
EVT_00000380,RETRY_LATER,0.15,ALTERNATIVE_PAYMENT
EVT_00000380,HUMAN_ESCALATION,0.0,ALTERNATIVE_PAYMENT
EVT_00006176,ALTERNATIVE_PAYMENT,0.2,RETRY_LATER
EVT_00006176,RECOVERY_REMINDER,0.04,RETRY_LATER
EVT_00006176,RETRY_LATER,0.25,RETRY_LATER
EVT_00006176,HUMAN_ESCALATION,0.12,RETRY_LATER
EVT_00007595,ALTERNATIVE_PAYMENT,0.2,RETRY_LATER
EVT_00007595,RECOVERY_REMINDER,0.0,RETRY_LATER
EVT_00007595,RETRY_LATER,0.25,RETRY_LATER
EVT_00007595,HUMAN_ESCALATION,0.0,RETRY_LATER
EVT_00003138,ALTERNATIVE_PAYMENT,0.2,RECOVERY_REMINDER
EVT_00003138,RECOVERY_REMINDER,0.25,RECOVERY_REMINDER
EVT_00003138,RETRY_LATER,-0.1,RECOVERY_REMINDER
EVT_00003138,HUMAN_ESCALATION,0.0,RECOVERY_REMINDER
EVT_00009275,ALTERNATIVE_PAYMENT,0.2,RETRY_LATER
EVT_00009275,RECOVERY_REMINDER,0.0,RETRY_LATER
EVT_00009275,RETRY_LATER,0.25,RETRY_LATER
EVT_00009275,HUMAN_ESCALATION,0.0,RETRY_LATER
EVT_00002270,ALTERNATIVE_PAYMENT,0.0,RECOVERY_REMINDER
EVT_00002270,RECOVERY_REMINDER,0.65,RECOVERY_REMINDER
EVT_00002270,RETRY_LATER,-0.2,RECOVERY_REMINDER
EVT_00002270,HUMAN_ESCALATION,0.0,RECOVERY_REMINDER
EVT_00007510,ALTERNATIVE_PAYMENT,0.5,ALTERNATIVE_PAYMENT
EVT_00007510,RECOVERY_REMINDER,0.04,ALTERNATIVE_PAYMENT
EVT_00007510,RETRY_LATER,0.0,ALTERNATIVE_PAYMENT
EVT_00007510,HUMAN_ESCALATION,0.12,ALTERNATIVE_PAYMENT
EVT_00001915,ALTERNATIVE_PAYMENT,0.2,RETRY_LATER
EVT_00001915,RECOVERY_REMINDER,0.0,RETRY_LATER
EVT_00001915,RETRY_LATER,0.25,RETRY_LATER
EVT_00001915,HUMAN_ESCALATION,-0.2,RETRY_LATER
EVT_00003773,ALTERNATIVE_PAYMENT,0.58,ALTERNATIVE_PAYMENT
EVT_00003773,RECOVERY_REMINDER,0.0,ALTERNATIVE_PAYMENT
EVT_00003773,RETRY_LATER,-999999.0,ALTERNATIVE_PAYMENT
EVT_00003773,HUMAN_ESCALATION,0.0,ALTERNATIVE_PAYMENT
EVT_00005116,ALTERNATIVE_PAYMENT,0.0,RECOVERY_REMINDER
EVT_00005116,RECOVERY_REMINDER,0.75,RECOVERY_REMINDER
EVT_00005116,RETRY_LATER,-0.2,RECOVERY_REMINDER
EVT_00005116,HUMAN_ESCALATION,0.0,RECOVERY_REMINDER
EVT_00000385,ALTERNATIVE_PAYMENT,0.0,RECOVERY_REMINDER
EVT_00000385,RECOVERY_REMINDER,0.6900000000000001,RECOVERY_REMINDER
EVT_00000385,RETRY_LATER,-0.2,RECOVERY_REMINDER
EVT_00000385,HUMAN_ESCALATION,0.12,RECOVERY_REMINDER
EVT_00007250,ALTERNATIVE_PAYMENT,0.2,RETRY_LATER
EVT_00007250,RECOVERY_REMINDER,0.0,RETRY_LATER
EVT_00007250,RETRY_LATER,0.25,RETRY_LATER
EVT_00007250,HUMAN_ESCALATION,0.0,RETRY_LATER
EVT_00005982,ALTERNATIVE_PAYMENT,0.2,RETRY_LATER
EVT_00005982,RECOVERY_REMINDER,0.0,RETRY_LATER
EVT_00005982,RETRY_LATER,0.25,RETRY_LATER
EVT_00005982,HUMAN_ESCALATION,0.0,RETRY_LATER
EVT_00001167,ALTERNATIVE_PAYMENT,0.2,RECOVERY_REMINDER
EVT_00001167,RECOVERY_REMINDER,0.25,RECOVERY_REMINDER
EVT_00001167,RETRY_LATER,-0.1,RECOVERY_REMINDER
EVT_00001167,HUMAN_ESCALATION,0.0,RECOVERY_REMINDER
EVT_00005319,ALTERNATIVE_PAYMENT,0.0,RECOVERY_REMINDER
EVT_00005319,RECOVERY_REMINDER,0.6900000000000001,RECOVERY_REMINDER
EVT_00005319,RETRY_LATER,-0.2,RECOVERY_REMINDER
EVT_00005319,HUMAN_ESCALATION,0.12,RECOVERY_REMINDER
EVT_00007100,ALTERNATIVE_PAYMENT,0.2,RETRY_LATER
EVT_00007100,RECOVERY_REMINDER,0.0,RETRY_LATER
EVT_00007100,RETRY_LATER,0.25,RETRY_LATER
EVT_00007100,HUMAN_ESCALATION,0.0,RETRY_LATER
EVT_00005354,ALTERNATIVE_PAYMENT,0.2,ALTERNATIVE_PAYMENT
EVT_00005354,RECOVERY_REMINDER,0.0,ALTERNATIVE_PAYMENT
EVT_00005354,RETRY_LATER,0.0,ALTERNATIVE_PAYMENT
EVT_00005354,HUMAN_ESCALATION,0.1,ALTERNATIVE_PAYMENT
EVT_00008028,ALTERNATIVE_PAYMENT,0.0,RECOVERY_REMINDER
EVT_00008028,RECOVERY_REMINDER,0.75,RECOVERY_REMINDER
EVT_00008028,RETRY_LATER,-0.2,RECOVERY_REMINDER
EVT_00008028,HUMAN_ESCALATION,0.0,RECOVERY_REMINDER
EVT_00003239,ALTERNATIVE_PAYMENT,0.2,RECOVERY_REMINDER
EVT_00003239,RECOVERY_REMINDER,0.25,RECOVERY_REMINDER
EVT_00003239,RETRY_LATER,-0.1,RECOVERY_REMINDER
EVT_00003239,HUMAN_ESCALATION,0.0,RECOVERY_REMINDER
EVT_00003408,ALTERNATIVE_PAYMENT,0.28,ALTERNATIVE_PAYMENT
EVT_00003408,RECOVERY_REMINDER,0.0,ALTERNATIVE_PAYMENT
EVT_00003408,RETRY_LATER,0.15,ALTERNATIVE_PAYMENT
EVT_00003408,HUMAN_ESCALATION,-0.2,ALTERNATIVE_PAYMENT
EVT_00008617,ALTERNATIVE_PAYMENT,0.2,RETRY_LATER
EVT_00008617,RECOVERY_REMINDER,0.0,RETRY_LATER
EVT_00008617,RETRY_LATER,0.25,RETRY_LATER
EVT_00008617,HUMAN_ESCALATION,0.0,RETRY_LATER
EVT_00002612,ALTERNATIVE_PAYMENT,0.5,ALTERNATIVE_PAYMENT
EVT_00002612,RECOVERY_REMINDER,0.0,ALTERNATIVE_PAYMENT
EVT_00002612,RETRY_LATER,0.0,ALTERNATIVE_PAYMENT
EVT_00002612,HUMAN_ESCALATION,0.0,ALTERNATIVE_PAYMENT
EVT_00006736,ALTERNATIVE_PAYMENT,0.58,ALTERNATIVE_PAYMENT
EVT_00006736,RECOVERY_REMINDER,0.0,ALTERNATIVE_PAYMENT
EVT_00006736,RETRY_LATER,-0.1,ALTERNATIVE_PAYMENT
EVT_00006736,HUMAN_ESCALATION,0.0,ALTERNATIVE_PAYMENT
EVT_00005764,ALTERNATIVE_PAYMENT,0.5,ALTERNATIVE_PAYMENT
EVT_00005764,RECOVERY_REMINDER,0.0,ALTERNATIVE_PAYMENT
EVT_00005764,RETRY_LATER,0.0,ALTERNATIVE_PAYMENT
EVT_00005764,HUMAN_ESCALATION,0.0,ALTERNATIVE_PAYMENT
EVT_00009452,ALTERNATIVE_PAYMENT,0.28,ALTERNATIVE_PAYMENT
EVT_00009452,RECOVERY_REMINDER,0.0,ALTERNATIVE_PAYMENT
EVT_00009452,RETRY_LATER,-999999.0,ALTERNATIVE_PAYMENT
EVT_00009452,HUMAN_ESCALATION,0.1,ALTERNATIVE_PAYMENT
EVT_00007164,ALTERNATIVE_PAYMENT,0.2,ALTERNATIVE_PAYMENT
EVT_00007164,RECOVERY_REMINDER,0.0,ALTERNATIVE_PAYMENT
EVT_00007164,RETRY_LATER,0.0,ALTERNATIVE_PAYMENT
EVT_00007164,HUMAN_ESCALATION,-999999.0,ALTERNATIVE_PAYMENT
EVT_00000677,ALTERNATIVE_PAYMENT,0.0,RECOVERY_REMINDER
EVT_00000677,RECOVERY_REMINDER,0.65,RECOVERY_REMINDER
EVT_00000677,RETRY_LATER,-0.2,RECOVERY_REMINDER
EVT_00000677,HUMAN_ESCALATION,0.0,RECOVERY_REMINDER
EVT_00007690,ALTERNATIVE_PAYMENT,0.28,ALTERNATIVE_PAYMENT
EVT_00007690,RECOVERY_REMINDER,0.0,ALTERNATIVE_PAYMENT
EVT_00007690,RETRY_LATER,-999999.0,ALTERNATIVE_PAYMENT
EVT_00007690,HUMAN_ESCALATION,0.0,ALTERNATIVE_PAYMENT
EVT_00005706,ALTERNATIVE_PAYMENT,0.5,ALTERNATIVE_PAYMENT
EVT_00005706,RECOVERY_REMINDER,0.0,ALTERNATIVE_PAYMENT
EVT_00005706,RETRY_LATER,0.0,ALTERNATIVE_PAYMENT
EVT_00005706,HUMAN_ESCALATION,0.0,ALTERNATIVE_PAYMENT
EVT_00008836,ALTERNATIVE_PAYMENT,0.58,ALTERNATIVE_PAYMENT
EVT_00008836,RECOVERY_REMINDER,0.0,ALTERNATIVE_PAYMENT
EVT_00008836,RETRY_LATER,-999999.0,ALTERNATIVE_PAYMENT
EVT_00008836,HUMAN_ESCALATION,0.0,ALTERNATIVE_PAYMENT
EVT_00002728,ALTERNATIVE_PAYMENT,0.0,RECOVERY_REMINDER
EVT_00002728,RECOVERY_REMINDER,0.75,RECOVERY_REMINDER
EVT_00002728,RETRY_LATER,-0.2,RECOVERY_REMINDER
EVT_00002728,HUMAN_ESCALATION,0.0,RECOVERY_REMINDER
EVT_00005302,ALTERNATIVE_PAYMENT,0.28,ALTERNATIVE_PAYMENT
EVT_00005302,RECOVERY_REMINDER,0.0,ALTERNATIVE_PAYMENT
EVT_00005302,RETRY_LATER,0.15,ALTERNATIVE_PAYMENT
EVT_00005302,HUMAN_ESCALATION,0.0,ALTERNATIVE_PAYMENT
EVT_00006349,ALTERNATIVE_PAYMENT,0.2,RETRY_LATER
EVT_00006349,RECOVERY_REMINDER,0.0,RETRY_LATER
EVT_00006349,RETRY_LATER,0.25,RETRY_LATER
EVT_00006349,HUMAN_ESCALATION,0.0,RETRY_LATER
EVT_00009780,ALTERNATIVE_PAYMENT,0.2,RECOVERY_REMINDER
EVT_00009780,RECOVERY_REMINDER,0.25,RECOVERY_REMINDER
EVT_00009780,RETRY_LATER,-0.1,RECOVERY_REMINDER
EVT_00009780,HUMAN_ESCALATION,0.0,RECOVERY_REMINDER
EVT_00008008,ALTERNATIVE_PAYMENT,0.0,RECOVERY_REMINDER
EVT_00008008,RECOVERY_REMINDER,0.6900000000000001,RECOVERY_REMINDER
EVT_00008008,RETRY_LATER,-0.2,RECOVERY_REMINDER
EVT_00008008,HUMAN_ESCALATION,0.12,RECOVERY_REMINDER
EVT_00001005,ALTERNATIVE_PAYMENT,0.0,RECOVERY_REMINDER
EVT_00001005,RECOVERY_REMINDER,0.55,RECOVERY_REMINDER
EVT_00001005,RETRY_LATER,-0.2,RECOVERY_REMINDER
EVT_00001005,HUMAN_ESCALATION,0.0,RECOVERY_REMINDER
EVT_00007118,ALTERNATIVE_PAYMENT,0.28,ALTERNATIVE_PAYMENT
EVT_00007118,RECOVERY_REMINDER,0.0,ALTERNATIVE_PAYMENT
EVT_00007118,RETRY_LATER,-0.1,ALTERNATIVE_PAYMENT
EVT_00007118,HUMAN_ESCALATION,0.1,ALTERNATIVE_PAYMENT
EVT_00003469,ALTERNATIVE_PAYMENT,0.58,ALTERNATIVE_PAYMENT
EVT_00003469,RECOVERY_REMINDER,0.0,ALTERNATIVE_PAYMENT
EVT_00003469,RETRY_LATER,-999999.0,ALTERNATIVE_PAYMENT
EVT_00003469,HUMAN_ESCALATION,0.0,ALTERNATIVE_PAYMENT
EVT_00003218,ALTERNATIVE_PAYMENT,0.28,ALTERNATIVE_PAYMENT
EVT_00003218,RECOVERY_REMINDER,0.0,ALTERNATIVE_PAYMENT
EVT_00003218,RETRY_LATER,0.15,ALTERNATIVE_PAYMENT
EVT_00003218,HUMAN_ESCALATION,0.0,ALTERNATIVE_PAYMENT
EVT_00006180,ALTERNATIVE_PAYMENT,0.58,ALTERNATIVE_PAYMENT
EVT_00006180,RECOVERY_REMINDER,0.0,ALTERNATIVE_PAYMENT
EVT_00006180,RETRY_LATER,-0.1,ALTERNATIVE_PAYMENT
EVT_00006180,HUMAN_ESCALATION,0.0,ALTERNATIVE_PAYMENT
EVT_00004050,ALTERNATIVE_PAYMENT,0.2,RECOVERY_REMINDER
EVT_00004050,RECOVERY_REMINDER,0.29,RECOVERY_REMINDER
EVT_00004050,RETRY_LATER,-0.1,RECOVERY_REMINDER
EVT_00004050,HUMAN_ESCALATION,0.12,RECOVERY_REMINDER
EVT_00007684,ALTERNATIVE_PAYMENT,0.5,ALTERNATIVE_PAYMENT
EVT_00007684,RECOVERY_REMINDER,0.0,ALTERNATIVE_PAYMENT
EVT_00007684,RETRY_LATER,0.0,ALTERNATIVE_PAYMENT
EVT_00007684,HUMAN_ESCALATION,0.0,ALTERNATIVE_PAYMENT
EVT_00008653,ALTERNATIVE_PAYMENT,0.28,ALTERNATIVE_PAYMENT
EVT_00008653,RECOVERY_REMINDER,0.0,ALTERNATIVE_PAYMENT
EVT_00008653,RETRY_LATER,0.15,ALTERNATIVE_PAYMENT
EVT_00008653,HUMAN_ESCALATION,-0.2,ALTERNATIVE_PAYMENT
EVT_00008119,ALTERNATIVE_PAYMENT,0.2,RECOVERY_REMINDER
EVT_00008119,RECOVERY_REMINDER,0.25,RECOVERY_REMINDER
EVT_00008119,RETRY_LATER,-0.1,RECOVERY_REMINDER
EVT_00008119,HUMAN_ESCALATION,0.0,RECOVERY_REMINDER
EVT_00007090,ALTERNATIVE_PAYMENT,0.0,RECOVERY_REMINDER
EVT_00007090,RECOVERY_REMINDER,0.75,RECOVERY_REMINDER
EVT_00007090,RETRY_LATER,-0.2,RECOVERY_REMINDER
EVT_00007090,HUMAN_ESCALATION,0.0,RECOVERY_REMINDER
EVT_00004081,ALTERNATIVE_PAYMENT,0.2,RECOVERY_REMINDER
EVT_00004081,RECOVERY_REMINDER,0.25,RECOVERY_REMINDER
EVT_00004081,RETRY_LATER,-0.1,RECOVERY_REMINDER
EVT_00004081,HUMAN_ESCALATION,-0.2,RECOVERY_REMINDER
EVT_00004666,ALTERNATIVE_PAYMENT,0.2,RECOVERY_REMINDER
EVT_00004666,RECOVERY_REMINDER,0.25,RECOVERY_REMINDER
EVT_00004666,RETRY_LATER,-0.1,RECOVERY_REMINDER
EVT_00004666,HUMAN_ESCALATION,0.0,RECOVERY_REMINDER
EVT_00002396,ALTERNATIVE_PAYMENT,0.2,RECOVERY_REMINDER
EVT_00002396,RECOVERY_REMINDER,0.25,RECOVERY_REMINDER
EVT_00002396,RETRY_LATER,-0.1,RECOVERY_REMINDER
EVT_00002396,HUMAN_ESCALATION,0.0,RECOVERY_REMINDER
EVT_00009261,ALTERNATIVE_PAYMENT,0.2,ALTERNATIVE_PAYMENT
EVT_00009261,RECOVERY_REMINDER,0.0,ALTERNATIVE_PAYMENT
EVT_00009261,RETRY_LATER,0.0,ALTERNATIVE_PAYMENT
EVT_00009261,HUMAN_ESCALATION,0.1,ALTERNATIVE_PAYMENT
EVT_00000780,ALTERNATIVE_PAYMENT,0.2,RECOVERY_REMINDER
EVT_00000780,RECOVERY_REMINDER,0.25,RECOVERY_REMINDER
EVT_00000780,RETRY_LATER,-0.1,RECOVERY_REMINDER
EVT_00000780,HUMAN_ESCALATION,0.0,RECOVERY_REMINDER
EVT_00005348,ALTERNATIVE_PAYMENT,0.28,ALTERNATIVE_PAYMENT
EVT_00005348,RECOVERY_REMINDER,0.04,ALTERNATIVE_PAYMENT
EVT_00005348,RETRY_LATER,-0.1,ALTERNATIVE_PAYMENT
EVT_00005348,HUMAN_ESCALATION,0.22,ALTERNATIVE_PAYMENT
EVT_00000611,ALTERNATIVE_PAYMENT,0.58,ALTERNATIVE_PAYMENT
EVT_00000611,RECOVERY_REMINDER,0.0,ALTERNATIVE_PAYMENT
EVT_00000611,RETRY_LATER,-0.1,ALTERNATIVE_PAYMENT
EVT_00000611,HUMAN_ESCALATION,0.0,ALTERNATIVE_PAYMENT
EVT_00009728,ALTERNATIVE_PAYMENT,0.2,RETRY_LATER
EVT_00009728,RECOVERY_REMINDER,0.0,RETRY_LATER
EVT_00009728,RETRY_LATER,0.25,RETRY_LATER
EVT_00009728,HUMAN_ESCALATION,0.0,RETRY_LATER
EVT_00009734,ALTERNATIVE_PAYMENT,0.58,ALTERNATIVE_PAYMENT
EVT_00009734,RECOVERY_REMINDER,0.0,ALTERNATIVE_PAYMENT
EVT_00009734,RETRY_LATER,-999999.0,ALTERNATIVE_PAYMENT
EVT_00009734,HUMAN_ESCALATION,0.0,ALTERNATIVE_PAYMENT
EVT_00003112,ALTERNATIVE_PAYMENT,0.58,ALTERNATIVE_PAYMENT
EVT_00003112,RECOVERY_REMINDER,0.04,ALTERNATIVE_PAYMENT
EVT_00003112,RETRY_LATER,-999999.0,ALTERNATIVE_PAYMENT
EVT_00003112,HUMAN_ESCALATION,0.12,ALTERNATIVE_PAYMENT
EVT_00006564,ALTERNATIVE_PAYMENT,0.0,RECOVERY_REMINDER
EVT_00006564,RECOVERY_REMINDER,0.75,RECOVERY_REMINDER
EVT_00006564,RETRY_LATER,-0.2,RECOVERY_REMINDER
EVT_00006564,HUMAN_ESCALATION,0.0,RECOVERY_REMINDER
EVT_00009492,ALTERNATIVE_PAYMENT,0.5,ALTERNATIVE_PAYMENT
EVT_00009492,RECOVERY_REMINDER,0.0,ALTERNATIVE_PAYMENT
EVT_00009492,RETRY_LATER,0.0,ALTERNATIVE_PAYMENT
EVT_00009492,HUMAN_ESCALATION,0.0,ALTERNATIVE_PAYMENT
EVT_00007334,ALTERNATIVE_PAYMENT,0.0,RECOVERY_REMINDER
EVT_00007334,RECOVERY_REMINDER,0.75,RECOVERY_REMINDER
EVT_00007334,RETRY_LATER,-0.2,RECOVERY_REMINDER
EVT_00007334,HUMAN_ESCALATION,0.0,RECOVERY_REMINDER
EVT_00009273,ALTERNATIVE_PAYMENT,0.2,RECOVERY_REMINDER
EVT_00009273,RECOVERY_REMINDER,0.25,RECOVERY_REMINDER
EVT_00009273,RETRY_LATER,-0.1,RECOVERY_REMINDER
EVT_00009273,HUMAN_ESCALATION,0.0,RECOVERY_REMINDER
EVT_00008221,ALTERNATIVE_PAYMENT,0.5,ALTERNATIVE_PAYMENT
EVT_00008221,RECOVERY_REMINDER,0.0,ALTERNATIVE_PAYMENT
EVT_00008221,RETRY_LATER,0.0,ALTERNATIVE_PAYMENT
EVT_00008221,HUMAN_ESCALATION,0.0,ALTERNATIVE_PAYMENT
EVT_00003815,ALTERNATIVE_PAYMENT,0.0,RECOVERY_REMINDER
EVT_00003815,RECOVERY_REMINDER,0.55,RECOVERY_REMINDER
EVT_00003815,RETRY_LATER,-0.2,RECOVERY_REMINDER
EVT_00003815,HUMAN_ESCALATION,-0.2,RECOVERY_REMINDER
EVT_00009258,ALTERNATIVE_PAYMENT,0.2,RETRY_LATER
EVT_00009258,RECOVERY_REMINDER,0.0,RETRY_LATER
EVT_00009258,RETRY_LATER,0.25,RETRY_LATER
EVT_00009258,HUMAN_ESCALATION,0.0,RETRY_LATER
EVT_00006760,ALTERNATIVE_PAYMENT,0.2,RETRY_LATER
EVT_00006760,RECOVERY_REMINDER,0.0,RETRY_LATER
EVT_00006760,RETRY_LATER,0.25,RETRY_LATER
EVT_00006760,HUMAN_ESCALATION,0.0,RETRY_LATER
EVT_00003124,ALTERNATIVE_PAYMENT,0.28,ALTERNATIVE_PAYMENT
EVT_00003124,RECOVERY_REMINDER,0.0,ALTERNATIVE_PAYMENT
EVT_00003124,RETRY_LATER,-0.1,ALTERNATIVE_PAYMENT
EVT_00003124,HUMAN_ESCALATION,0.1,ALTERNATIVE_PAYMENT
EVT_00007126,ALTERNATIVE_PAYMENT,0.5,ALTERNATIVE_PAYMENT
EVT_00007126,RECOVERY_REMINDER,0.0,ALTERNATIVE_PAYMENT
EVT_00007126,RETRY_LATER,0.0,ALTERNATIVE_PAYMENT
EVT_00007126,HUMAN_ESCALATION,0.0,ALTERNATIVE_PAYMENT
EVT_00002826,ALTERNATIVE_PAYMENT,0.28,ALTERNATIVE_PAYMENT
EVT_00002826,RECOVERY_REMINDER,0.0,ALTERNATIVE_PAYMENT
EVT_00002826,RETRY_LATER,-999999.0,ALTERNATIVE_PAYMENT
EVT_00002826,HUMAN_ESCALATION,0.0,ALTERNATIVE_PAYMENT
EVT_00001187,ALTERNATIVE_PAYMENT,0.5,ALTERNATIVE_PAYMENT
EVT_00001187,RECOVERY_REMINDER,0.0,ALTERNATIVE_PAYMENT
EVT_00001187,RETRY_LATER,0.0,ALTERNATIVE_PAYMENT
EVT_00001187,HUMAN_ESCALATION,0.0,ALTERNATIVE_PAYMENT
EVT_00009849,ALTERNATIVE_PAYMENT,0.5,ALTERNATIVE_PAYMENT
EVT_00009849,RECOVERY_REMINDER,0.0,ALTERNATIVE_PAYMENT
EVT_00009849,RETRY_LATER,0.0,ALTERNATIVE_PAYMENT
EVT_00009849,HUMAN_ESCALATION,0.0,ALTERNATIVE_PAYMENT
EVT_00005251,ALTERNATIVE_PAYMENT,0.2,RETRY_LATER
EVT_00005251,RECOVERY_REMINDER,0.0,RETRY_LATER
EVT_00005251,RETRY_LATER,0.25,RETRY_LATER
EVT_00005251,HUMAN_ESCALATION,0.0,RETRY_LATER
EVT_00007081,ALTERNATIVE_PAYMENT,0.0,RECOVERY_REMINDER
EVT_00007081,RECOVERY_REMINDER,0.55,RECOVERY_REMINDER
EVT_00007081,RETRY_LATER,-0.2,RECOVERY_REMINDER
EVT_00007081,HUMAN_ESCALATION,0.0,RECOVERY_REMINDER
EVT_00002916,ALTERNATIVE_PAYMENT,0.2,RETRY_LATER
EVT_00002916,RECOVERY_REMINDER,0.0,RETRY_LATER
EVT_00002916,RETRY_LATER,0.25,RETRY_LATER
EVT_00002916,HUMAN_ESCALATION,0.0,RETRY_LATER
EVT_00001434,ALTERNATIVE_PAYMENT,0.58,ALTERNATIVE_PAYMENT
EVT_00001434,RECOVERY_REMINDER,0.0,ALTERNATIVE_PAYMENT
EVT_00001434,RETRY_LATER,-999999.0,ALTERNATIVE_PAYMENT
EVT_00001434,HUMAN_ESCALATION,-999999.0,ALTERNATIVE_PAYMENT
EVT_00001807,ALTERNATIVE_PAYMENT,0.58,ALTERNATIVE_PAYMENT
EVT_00001807,RECOVERY_REMINDER,0.0,ALTERNATIVE_PAYMENT
EVT_00001807,RETRY_LATER,-999999.0,ALTERNATIVE_PAYMENT
EVT_00001807,HUMAN_ESCALATION,0.0,ALTERNATIVE_PAYMENT
EVT_00000395,ALTERNATIVE_PAYMENT,0.28,ALTERNATIVE_PAYMENT
EVT_00000395,RECOVERY_REMINDER,0.0,ALTERNATIVE_PAYMENT
EVT_00000395,RETRY_LATER,-999999.0,ALTERNATIVE_PAYMENT
EVT_00000395,HUMAN_ESCALATION,0.1,ALTERNATIVE_PAYMENT
EVT_00002869,ALTERNATIVE_PAYMENT,0.2,ALTERNATIVE_PAYMENT
EVT_00002869,RECOVERY_REMINDER,0.0,ALTERNATIVE_PAYMENT
EVT_00002869,RETRY_LATER,0.0,ALTERNATIVE_PAYMENT
EVT_00002869,HUMAN_ESCALATION,-0.1,ALTERNATIVE_PAYMENT
EVT_00000957,ALTERNATIVE_PAYMENT,0.5,ALTERNATIVE_PAYMENT
EVT_00000957,RECOVERY_REMINDER,0.0,ALTERNATIVE_PAYMENT
EVT_00000957,RETRY_LATER,0.0,ALTERNATIVE_PAYMENT
EVT_00000957,HUMAN_ESCALATION,0.0,ALTERNATIVE_PAYMENT
EVT_00002413,ALTERNATIVE_PAYMENT,0.5,ALTERNATIVE_PAYMENT
EVT_00002413,RECOVERY_REMINDER,0.0,ALTERNATIVE_PAYMENT
EVT_00002413,RETRY_LATER,0.0,ALTERNATIVE_PAYMENT
EVT_00002413,HUMAN_ESCALATION,0.0,ALTERNATIVE_PAYMENT
EVT_00006552,ALTERNATIVE_PAYMENT,0.2,RECOVERY_REMINDER
EVT_00006552,RECOVERY_REMINDER,0.29,RECOVERY_REMINDER
EVT_00006552,RETRY_LATER,-0.1,RECOVERY_REMINDER
EVT_00006552,HUMAN_ESCALATION,0.12,RECOVERY_REMINDER
EVT_00003326,ALTERNATIVE_PAYMENT,0.0,RECOVERY_REMINDER
EVT_00003326,RECOVERY_REMINDER,0.75,RECOVERY_REMINDER
EVT_00003326,RETRY_LATER,-0.2,RECOVERY_REMINDER
EVT_00003326,HUMAN_ESCALATION,0.0,RECOVERY_REMINDER
EVT_00000139,ALTERNATIVE_PAYMENT,0.2,RECOVERY_REMINDER
EVT_00000139,RECOVERY_REMINDER,0.25,RECOVERY_REMINDER
EVT_00000139,RETRY_LATER,-0.1,RECOVERY_REMINDER
EVT_00000139,HUMAN_ESCALATION,0.0,RECOVERY_REMINDER
EVT_00007137,ALTERNATIVE_PAYMENT,0.28,ALTERNATIVE_PAYMENT
EVT_00007137,RECOVERY_REMINDER,0.0,ALTERNATIVE_PAYMENT
EVT_00007137,RETRY_LATER,-999999.0,ALTERNATIVE_PAYMENT
EVT_00007137,HUMAN_ESCALATION,0.1,ALTERNATIVE_PAYMENT
EVT_00000735,ALTERNATIVE_PAYMENT,0.28,ALTERNATIVE_PAYMENT
EVT_00000735,RECOVERY_REMINDER,0.0,ALTERNATIVE_PAYMENT
EVT_00000735,RETRY_LATER,-999999.0,ALTERNATIVE_PAYMENT
EVT_00000735,HUMAN_ESCALATION,0.0,ALTERNATIVE_PAYMENT
EVT_00002421,ALTERNATIVE_PAYMENT,0.2,RECOVERY_REMINDER
EVT_00002421,RECOVERY_REMINDER,0.25,RECOVERY_REMINDER
EVT_00002421,RETRY_LATER,-0.1,RECOVERY_REMINDER
EVT_00002421,HUMAN_ESCALATION,0.0,RECOVERY_REMINDER
EVT_00000628,ALTERNATIVE_PAYMENT,0.0,RECOVERY_REMINDER
EVT_00000628,RECOVERY_REMINDER,0.79,RECOVERY_REMINDER
EVT_00000628,RETRY_LATER,-0.2,RECOVERY_REMINDER
EVT_00000628,HUMAN_ESCALATION,0.12,RECOVERY_REMINDER
EVT_00001562,ALTERNATIVE_PAYMENT,0.0,RECOVERY_REMINDER
EVT_00001562,RECOVERY_REMINDER,0.75,RECOVERY_REMINDER
EVT_00001562,RETRY_LATER,-0.2,RECOVERY_REMINDER
EVT_00001562,HUMAN_ESCALATION,0.0,RECOVERY_REMINDER
EVT_00002657,ALTERNATIVE_PAYMENT,0.5,ALTERNATIVE_PAYMENT
EVT_00002657,RECOVERY_REMINDER,0.0,ALTERNATIVE_PAYMENT
EVT_00002657,RETRY_LATER,0.0,ALTERNATIVE_PAYMENT
EVT_00002657,HUMAN_ESCALATION,0.0,ALTERNATIVE_PAYMENT
EVT_00001276,ALTERNATIVE_PAYMENT,0.2,RETRY_LATER
EVT_00001276,RECOVERY_REMINDER,0.0,RETRY_LATER
EVT_00001276,RETRY_LATER,0.25,RETRY_LATER
EVT_00001276,HUMAN_ESCALATION,0.0,RETRY_LATER
EVT_00001104,ALTERNATIVE_PAYMENT,0.2,RETRY_LATER
EVT_00001104,RECOVERY_REMINDER,0.0,RETRY_LATER
EVT_00001104,RETRY_LATER,0.25,RETRY_LATER
EVT_00001104,HUMAN_ESCALATION,0.0,RETRY_LATER
EVT_00007622,ALTERNATIVE_PAYMENT,0.28,ALTERNATIVE_PAYMENT
EVT_00007622,RECOVERY_REMINDER,0.0,ALTERNATIVE_PAYMENT
EVT_00007622,RETRY_LATER,-999999.0,ALTERNATIVE_PAYMENT
EVT_00007622,HUMAN_ESCALATION,0.0,ALTERNATIVE_PAYMENT
EVT_00008513,ALTERNATIVE_PAYMENT,0.2,RECOVERY_REMINDER
EVT_00008513,RECOVERY_REMINDER,0.25,RECOVERY_REMINDER
EVT_00008513,RETRY_LATER,-0.1,RECOVERY_REMINDER
EVT_00008513,HUMAN_ESCALATION,0.0,RECOVERY_REMINDER
EVT_00000231,ALTERNATIVE_PAYMENT,0.2,RECOVERY_REMINDER
EVT_00000231,RECOVERY_REMINDER,0.25,RECOVERY_REMINDER
EVT_00000231,RETRY_LATER,-0.1,RECOVERY_REMINDER
EVT_00000231,HUMAN_ESCALATION,0.0,RECOVERY_REMINDER
EVT_00004021,ALTERNATIVE_PAYMENT,0.5,ALTERNATIVE_PAYMENT
EVT_00004021,RECOVERY_REMINDER,0.0,ALTERNATIVE_PAYMENT
EVT_00004021,RETRY_LATER,0.0,ALTERNATIVE_PAYMENT
EVT_00004021,HUMAN_ESCALATION,0.0,ALTERNATIVE_PAYMENT
EVT_00006433,ALTERNATIVE_PAYMENT,0.2,ALTERNATIVE_PAYMENT
EVT_00006433,RECOVERY_REMINDER,0.0,ALTERNATIVE_PAYMENT
EVT_00006433,RETRY_LATER,0.0,ALTERNATIVE_PAYMENT
EVT_00006433,HUMAN_ESCALATION,0.1,ALTERNATIVE_PAYMENT
EVT_00008419,ALTERNATIVE_PAYMENT,0.0,RECOVERY_REMINDER
EVT_00008419,RECOVERY_REMINDER,0.75,RECOVERY_REMINDER
EVT_00008419,RETRY_LATER,-0.2,RECOVERY_REMINDER
EVT_00008419,HUMAN_ESCALATION,0.0,RECOVERY_REMINDER
EVT_00009684,ALTERNATIVE_PAYMENT,0.0,RECOVERY_REMINDER
EVT_00009684,RECOVERY_REMINDER,0.65,RECOVERY_REMINDER
EVT_00009684,RETRY_LATER,-0.2,RECOVERY_REMINDER
EVT_00009684,HUMAN_ESCALATION,0.0,RECOVERY_REMINDER
EVT_00008336,ALTERNATIVE_PAYMENT,0.0,RECOVERY_REMINDER
EVT_00008336,RECOVERY_REMINDER,0.75,RECOVERY_REMINDER
EVT_00008336,RETRY_LATER,-0.2,RECOVERY_REMINDER
EVT_00008336,HUMAN_ESCALATION,0.0,RECOVERY_REMINDER
EVT_00001657,ALTERNATIVE_PAYMENT,0.58,ALTERNATIVE_PAYMENT
EVT_00001657,RECOVERY_REMINDER,0.0,ALTERNATIVE_PAYMENT
EVT_00001657,RETRY_LATER,-0.1,ALTERNATIVE_PAYMENT
EVT_00001657,HUMAN_ESCALATION,0.0,ALTERNATIVE_PAYMENT
EVT_00003348,ALTERNATIVE_PAYMENT,0.28,ALTERNATIVE_PAYMENT
EVT_00003348,RECOVERY_REMINDER,0.0,ALTERNATIVE_PAYMENT
EVT_00003348,RETRY_LATER,0.15,ALTERNATIVE_PAYMENT
EVT_00003348,HUMAN_ESCALATION,0.0,ALTERNATIVE_PAYMENT
EVT_00009312,ALTERNATIVE_PAYMENT,0.58,ALTERNATIVE_PAYMENT
EVT_00009312,RECOVERY_REMINDER,0.0,ALTERNATIVE_PAYMENT
EVT_00009312,RETRY_LATER,-999999.0,ALTERNATIVE_PAYMENT
EVT_00009312,HUMAN_ESCALATION,0.0,ALTERNATIVE_PAYMENT
EVT_00003816,ALTERNATIVE_PAYMENT,0.2,RETRY_LATER
EVT_00003816,RECOVERY_REMINDER,0.0,RETRY_LATER
EVT_00003816,RETRY_LATER,0.25,RETRY_LATER
EVT_00003816,HUMAN_ESCALATION,0.0,RETRY_LATER
EVT_00008943,ALTERNATIVE_PAYMENT,0.2,RETRY_LATER
EVT_00008943,RECOVERY_REMINDER,0.04,RETRY_LATER
EVT_00008943,RETRY_LATER,0.25,RETRY_LATER
EVT_00008943,HUMAN_ESCALATION,0.12,RETRY_LATER
EVT_00002204,ALTERNATIVE_PAYMENT,0.0,RECOVERY_REMINDER
EVT_00002204,RECOVERY_REMINDER,0.79,RECOVERY_REMINDER
EVT_00002204,RETRY_LATER,-0.2,RECOVERY_REMINDER
EVT_00002204,HUMAN_ESCALATION,0.12,RECOVERY_REMINDER
EVT_00001745,ALTERNATIVE_PAYMENT,0.2,RECOVERY_REMINDER
EVT_00001745,RECOVERY_REMINDER,0.25,RECOVERY_REMINDER
EVT_00001745,RETRY_LATER,-0.1,RECOVERY_REMINDER
EVT_00001745,HUMAN_ESCALATION,0.0,RECOVERY_REMINDER
EVT_00008725,ALTERNATIVE_PAYMENT,0.28,ALTERNATIVE_PAYMENT
EVT_00008725,RECOVERY_REMINDER,0.0,ALTERNATIVE_PAYMENT
EVT_00008725,RETRY_LATER,-999999.0,ALTERNATIVE_PAYMENT
EVT_00008725,HUMAN_ESCALATION,0.0,ALTERNATIVE_PAYMENT
EVT_00006827,ALTERNATIVE_PAYMENT,0.0,RECOVERY_REMINDER
EVT_00006827,RECOVERY_REMINDER,0.75,RECOVERY_REMINDER
EVT_00006827,RETRY_LATER,-0.2,RECOVERY_REMINDER
EVT_00006827,HUMAN_ESCALATION,0.0,RECOVERY_REMINDER
EVT_00002436,ALTERNATIVE_PAYMENT,0.28,ALTERNATIVE_PAYMENT
EVT_00002436,RECOVERY_REMINDER,0.0,ALTERNATIVE_PAYMENT
EVT_00002436,RETRY_LATER,0.15,ALTERNATIVE_PAYMENT
EVT_00002436,HUMAN_ESCALATION,0.0,ALTERNATIVE_PAYMENT
EVT_00001246,ALTERNATIVE_PAYMENT,0.5,ALTERNATIVE_PAYMENT
EVT_00001246,RECOVERY_REMINDER,0.04,ALTERNATIVE_PAYMENT
EVT_00001246,RETRY_LATER,0.0,ALTERNATIVE_PAYMENT
EVT_00001246,HUMAN_ESCALATION,0.12,ALTERNATIVE_PAYMENT
EVT_00005193,ALTERNATIVE_PAYMENT,0.5,ALTERNATIVE_PAYMENT
EVT_00005193,RECOVERY_REMINDER,0.0,ALTERNATIVE_PAYMENT
EVT_00005193,RETRY_LATER,0.0,ALTERNATIVE_PAYMENT
EVT_00005193,HUMAN_ESCALATION,0.0,ALTERNATIVE_PAYMENT
EVT_00009368,ALTERNATIVE_PAYMENT,0.2,RECOVERY_REMINDER
EVT_00009368,RECOVERY_REMINDER,0.25,RECOVERY_REMINDER
EVT_00009368,RETRY_LATER,-0.1,RECOVERY_REMINDER
EVT_00009368,HUMAN_ESCALATION,0.0,RECOVERY_REMINDER
EVT_00005566,ALTERNATIVE_PAYMENT,0.2,RECOVERY_REMINDER
EVT_00005566,RECOVERY_REMINDER,0.25,RECOVERY_REMINDER
EVT_00005566,RETRY_LATER,-0.1,RECOVERY_REMINDER
EVT_00005566,HUMAN_ESCALATION,0.0,RECOVERY_REMINDER
EVT_00004273,ALTERNATIVE_PAYMENT,0.0,RECOVERY_REMINDER
EVT_00004273,RECOVERY_REMINDER,0.75,RECOVERY_REMINDER
EVT_00004273,RETRY_LATER,-0.2,RECOVERY_REMINDER
EVT_00004273,HUMAN_ESCALATION,0.0,RECOVERY_REMINDER
EVT_00003942,ALTERNATIVE_PAYMENT,0.58,ALTERNATIVE_PAYMENT
EVT_00003942,RECOVERY_REMINDER,0.0,ALTERNATIVE_PAYMENT
EVT_00003942,RETRY_LATER,-999999.0,ALTERNATIVE_PAYMENT
EVT_00003942,HUMAN_ESCALATION,0.0,ALTERNATIVE_PAYMENT
EVT_00004169,ALTERNATIVE_PAYMENT,0.2,RECOVERY_REMINDER
EVT_00004169,RECOVERY_REMINDER,0.25,RECOVERY_REMINDER
EVT_00004169,RETRY_LATER,-0.1,RECOVERY_REMINDER
EVT_00004169,HUMAN_ESCALATION,0.0,RECOVERY_REMINDER
EVT_00001301,ALTERNATIVE_PAYMENT,0.2,RECOVERY_REMINDER
EVT_00001301,RECOVERY_REMINDER,0.25,RECOVERY_REMINDER
EVT_00001301,RETRY_LATER,-0.1,RECOVERY_REMINDER
EVT_00001301,HUMAN_ESCALATION,0.0,RECOVERY_REMINDER
EVT_00007608,ALTERNATIVE_PAYMENT,0.2,ALTERNATIVE_PAYMENT
EVT_00007608,RECOVERY_REMINDER,0.0,ALTERNATIVE_PAYMENT
EVT_00007608,RETRY_LATER,0.0,ALTERNATIVE_PAYMENT
EVT_00007608,HUMAN_ESCALATION,0.1,ALTERNATIVE_PAYMENT
EVT_00001224,ALTERNATIVE_PAYMENT,0.5,ALTERNATIVE_PAYMENT
EVT_00001224,RECOVERY_REMINDER,0.0,ALTERNATIVE_PAYMENT
EVT_00001224,RETRY_LATER,0.0,ALTERNATIVE_PAYMENT
EVT_00001224,HUMAN_ESCALATION,0.0,ALTERNATIVE_PAYMENT
EVT_00002949,ALTERNATIVE_PAYMENT,0.0,RECOVERY_REMINDER
EVT_00002949,RECOVERY_REMINDER,0.65,RECOVERY_REMINDER
EVT_00002949,RETRY_LATER,-0.2,RECOVERY_REMINDER
EVT_00002949,HUMAN_ESCALATION,0.0,RECOVERY_REMINDER
EVT_00004513,ALTERNATIVE_PAYMENT,0.28,ALTERNATIVE_PAYMENT
EVT_00004513,RECOVERY_REMINDER,0.0,ALTERNATIVE_PAYMENT
EVT_00004513,RETRY_LATER,0.15,ALTERNATIVE_PAYMENT
EVT_00004513,HUMAN_ESCALATION,0.0,ALTERNATIVE_PAYMENT
EVT_00009203,ALTERNATIVE_PAYMENT,0.2,RETRY_LATER
EVT_00009203,RECOVERY_REMINDER,0.04,RETRY_LATER
EVT_00009203,RETRY_LATER,0.25,RETRY_LATER
EVT_00009203,HUMAN_ESCALATION,0.12,RETRY_LATER
EVT_00006683,ALTERNATIVE_PAYMENT,0.2,RECOVERY_REMINDER
EVT_00006683,RECOVERY_REMINDER,0.25,RECOVERY_REMINDER
EVT_00006683,RETRY_LATER,-0.1,RECOVERY_REMINDER
EVT_00006683,HUMAN_ESCALATION,0.0,RECOVERY_REMINDER
EVT_00009975,ALTERNATIVE_PAYMENT,0.2,RETRY_LATER
EVT_00009975,RECOVERY_REMINDER,0.0,RETRY_LATER
EVT_00009975,RETRY_LATER,0.25,RETRY_LATER
EVT_00009975,HUMAN_ESCALATION,-0.2,RETRY_LATER
EVT_00009545,ALTERNATIVE_PAYMENT,0.2,RETRY_LATER
EVT_00009545,RECOVERY_REMINDER,0.0,RETRY_LATER
EVT_00009545,RETRY_LATER,0.25,RETRY_LATER
EVT_00009545,HUMAN_ESCALATION,0.0,RETRY_LATER
EVT_00003866,ALTERNATIVE_PAYMENT,0.0,RECOVERY_REMINDER
EVT_00003866,RECOVERY_REMINDER,0.65,RECOVERY_REMINDER
EVT_00003866,RETRY_LATER,-0.2,RECOVERY_REMINDER
EVT_00003866,HUMAN_ESCALATION,0.0,RECOVERY_REMINDER
EVT_00002687,ALTERNATIVE_PAYMENT,0.0,RECOVERY_REMINDER
EVT_00002687,RECOVERY_REMINDER,0.79,RECOVERY_REMINDER
EVT_00002687,RETRY_LATER,-0.2,RECOVERY_REMINDER
EVT_00002687,HUMAN_ESCALATION,0.12,RECOVERY_REMINDER
EVT_00007606,ALTERNATIVE_PAYMENT,0.2,RETRY_LATER
EVT_00007606,RECOVERY_REMINDER,0.0,RETRY_LATER
EVT_00007606,RETRY_LATER,0.25,RETRY_LATER
EVT_00007606,HUMAN_ESCALATION,0.0,RETRY_LATER
EVT_00002483,ALTERNATIVE_PAYMENT,0.28,ALTERNATIVE_PAYMENT
EVT_00002483,RECOVERY_REMINDER,0.04,ALTERNATIVE_PAYMENT
EVT_00002483,RETRY_LATER,0.15,ALTERNATIVE_PAYMENT
EVT_00002483,HUMAN_ESCALATION,0.12,ALTERNATIVE_PAYMENT
EVT_00003455,ALTERNATIVE_PAYMENT,0.28,ALTERNATIVE_PAYMENT
EVT_00003455,RECOVERY_REMINDER,0.0,ALTERNATIVE_PAYMENT
EVT_00003455,RETRY_LATER,0.15,ALTERNATIVE_PAYMENT
EVT_00003455,HUMAN_ESCALATION,0.0,ALTERNATIVE_PAYMENT
EVT_00007741,ALTERNATIVE_PAYMENT,0.28,ALTERNATIVE_PAYMENT
EVT_00007741,RECOVERY_REMINDER,0.0,ALTERNATIVE_PAYMENT
EVT_00007741,RETRY_LATER,0.15,ALTERNATIVE_PAYMENT
EVT_00007741,HUMAN_ESCALATION,-0.2,ALTERNATIVE_PAYMENT
EVT_00008814,ALTERNATIVE_PAYMENT,0.58,ALTERNATIVE_PAYMENT
EVT_00008814,RECOVERY_REMINDER,0.0,ALTERNATIVE_PAYMENT
EVT_00008814,RETRY_LATER,-0.1,ALTERNATIVE_PAYMENT
EVT_00008814,HUMAN_ESCALATION,0.0,ALTERNATIVE_PAYMENT
EVT_00001660,ALTERNATIVE_PAYMENT,0.0,RECOVERY_REMINDER
EVT_00001660,RECOVERY_REMINDER,0.75,RECOVERY_REMINDER
EVT_00001660,RETRY_LATER,-0.2,RECOVERY_REMINDER
EVT_00001660,HUMAN_ESCALATION,0.0,RECOVERY_REMINDER
EVT_00001204,ALTERNATIVE_PAYMENT,0.28,ALTERNATIVE_PAYMENT
EVT_00001204,RECOVERY_REMINDER,0.04,ALTERNATIVE_PAYMENT
EVT_00001204,RETRY_LATER,-999999.0,ALTERNATIVE_PAYMENT
EVT_00001204,HUMAN_ESCALATION,0.12,ALTERNATIVE_PAYMENT
EVT_00009710,ALTERNATIVE_PAYMENT,0.28,ALTERNATIVE_PAYMENT
EVT_00009710,RECOVERY_REMINDER,0.0,ALTERNATIVE_PAYMENT
EVT_00009710,RETRY_LATER,-999999.0,ALTERNATIVE_PAYMENT
EVT_00009710,HUMAN_ESCALATION,0.0,ALTERNATIVE_PAYMENT
EVT_00004491,ALTERNATIVE_PAYMENT,0.0,RECOVERY_REMINDER
EVT_00004491,RECOVERY_REMINDER,0.65,RECOVERY_REMINDER
EVT_00004491,RETRY_LATER,-0.2,RECOVERY_REMINDER
EVT_00004491,HUMAN_ESCALATION,0.0,RECOVERY_REMINDER
EVT_00008478,ALTERNATIVE_PAYMENT,0.0,RECOVERY_REMINDER
EVT_00008478,RECOVERY_REMINDER,0.75,RECOVERY_REMINDER
EVT_00008478,RETRY_LATER,-0.2,RECOVERY_REMINDER
EVT_00008478,HUMAN_ESCALATION,0.0,RECOVERY_REMINDER
EVT_00002685,ALTERNATIVE_PAYMENT,0.0,RECOVERY_REMINDER
EVT_00002685,RECOVERY_REMINDER,0.75,RECOVERY_REMINDER
EVT_00002685,RETRY_LATER,-0.2,RECOVERY_REMINDER
EVT_00002685,HUMAN_ESCALATION,0.0,RECOVERY_REMINDER
EVT_00007501,ALTERNATIVE_PAYMENT,0.5,ALTERNATIVE_PAYMENT
EVT_00007501,RECOVERY_REMINDER,0.0,ALTERNATIVE_PAYMENT
EVT_00007501,RETRY_LATER,0.0,ALTERNATIVE_PAYMENT
EVT_00007501,HUMAN_ESCALATION,0.0,ALTERNATIVE_PAYMENT
EVT_00005458,ALTERNATIVE_PAYMENT,0.0,RECOVERY_REMINDER
EVT_00005458,RECOVERY_REMINDER,0.65,RECOVERY_REMINDER
EVT_00005458,RETRY_LATER,-0.2,RECOVERY_REMINDER
EVT_00005458,HUMAN_ESCALATION,0.0,RECOVERY_REMINDER
EVT_00008818,ALTERNATIVE_PAYMENT,0.2,ALTERNATIVE_PAYMENT
EVT_00008818,RECOVERY_REMINDER,0.0,ALTERNATIVE_PAYMENT
EVT_00008818,RETRY_LATER,0.0,ALTERNATIVE_PAYMENT
EVT_00008818,HUMAN_ESCALATION,0.1,ALTERNATIVE_PAYMENT
EVT_00008932,ALTERNATIVE_PAYMENT,0.2,RECOVERY_REMINDER
EVT_00008932,RECOVERY_REMINDER,0.29,RECOVERY_REMINDER
EVT_00008932,RETRY_LATER,-0.1,RECOVERY_REMINDER
EVT_00008932,HUMAN_ESCALATION,0.12,RECOVERY_REMINDER
EVT_00004132,ALTERNATIVE_PAYMENT,0.2,ALTERNATIVE_PAYMENT
EVT_00004132,RECOVERY_REMINDER,0.0,ALTERNATIVE_PAYMENT
EVT_00004132,RETRY_LATER,0.0,ALTERNATIVE_PAYMENT
EVT_00004132,HUMAN_ESCALATION,0.1,ALTERNATIVE_PAYMENT
EVT_00001349,ALTERNATIVE_PAYMENT,0.0,RECOVERY_REMINDER
EVT_00001349,RECOVERY_REMINDER,0.45,RECOVERY_REMINDER
EVT_00001349,RETRY_LATER,-0.2,RECOVERY_REMINDER
EVT_00001349,HUMAN_ESCALATION,0.0,RECOVERY_REMINDER
EVT_00008727,ALTERNATIVE_PAYMENT,0.2,RETRY_LATER
EVT_00008727,RECOVERY_REMINDER,0.0,RETRY_LATER
EVT_00008727,RETRY_LATER,0.25,RETRY_LATER
EVT_00008727,HUMAN_ESCALATION,-0.2,RETRY_LATER
EVT_00008557,ALTERNATIVE_PAYMENT,0.28,ALTERNATIVE_PAYMENT
EVT_00008557,RECOVERY_REMINDER,0.0,ALTERNATIVE_PAYMENT
EVT_00008557,RETRY_LATER,-999999.0,ALTERNATIVE_PAYMENT
EVT_00008557,HUMAN_ESCALATION,0.0,ALTERNATIVE_PAYMENT
EVT_00009105,ALTERNATIVE_PAYMENT,0.2,RETRY_LATER
EVT_00009105,RECOVERY_REMINDER,0.0,RETRY_LATER
EVT_00009105,RETRY_LATER,0.25,RETRY_LATER
EVT_00009105,HUMAN_ESCALATION,-0.2,RETRY_LATER
EVT_00000547,ALTERNATIVE_PAYMENT,0.58,ALTERNATIVE_PAYMENT
EVT_00000547,RECOVERY_REMINDER,0.0,ALTERNATIVE_PAYMENT
EVT_00000547,RETRY_LATER,-999999.0,ALTERNATIVE_PAYMENT
EVT_00000547,HUMAN_ESCALATION,0.0,ALTERNATIVE_PAYMENT
EVT_00001078,ALTERNATIVE_PAYMENT,0.0,RECOVERY_REMINDER
EVT_00001078,RECOVERY_REMINDER,0.65,RECOVERY_REMINDER
EVT_00001078,RETRY_LATER,-0.2,RECOVERY_REMINDER
EVT_00001078,HUMAN_ESCALATION,0.0,RECOVERY_REMINDER
EVT_00004694,ALTERNATIVE_PAYMENT,0.0,RECOVERY_REMINDER
EVT_00004694,RECOVERY_REMINDER,0.65,RECOVERY_REMINDER
EVT_00004694,RETRY_LATER,-0.2,RECOVERY_REMINDER
EVT_00004694,HUMAN_ESCALATION,0.0,RECOVERY_REMINDER
EVT_00000278,ALTERNATIVE_PAYMENT,0.2,RETRY_LATER
EVT_00000278,RECOVERY_REMINDER,0.0,RETRY_LATER
EVT_00000278,RETRY_LATER,0.25,RETRY_LATER
EVT_00000278,HUMAN_ESCALATION,0.0,RETRY_LATER
EVT_00006732,ALTERNATIVE_PAYMENT,0.0,RECOVERY_REMINDER
EVT_00006732,RECOVERY_REMINDER,0.75,RECOVERY_REMINDER
EVT_00006732,RETRY_LATER,-0.2,RECOVERY_REMINDER
EVT_00006732,HUMAN_ESCALATION,0.0,RECOVERY_REMINDER
EVT_00006991,ALTERNATIVE_PAYMENT,0.2,RETRY_LATER
EVT_00006991,RECOVERY_REMINDER,0.0,RETRY_LATER
EVT_00006991,RETRY_LATER,0.25,RETRY_LATER
EVT_00006991,HUMAN_ESCALATION,0.0,RETRY_LATER
EVT_00004574,ALTERNATIVE_PAYMENT,0.28,ALTERNATIVE_PAYMENT
EVT_00004574,RECOVERY_REMINDER,0.0,ALTERNATIVE_PAYMENT
EVT_00004574,RETRY_LATER,-999999.0,ALTERNATIVE_PAYMENT
EVT_00004574,HUMAN_ESCALATION,0.0,ALTERNATIVE_PAYMENT
EVT_00002634,ALTERNATIVE_PAYMENT,0.28,ALTERNATIVE_PAYMENT
EVT_00002634,RECOVERY_REMINDER,0.0,ALTERNATIVE_PAYMENT
EVT_00002634,RETRY_LATER,-999999.0,ALTERNATIVE_PAYMENT
EVT_00002634,HUMAN_ESCALATION,0.0,ALTERNATIVE_PAYMENT
EVT_00002632,ALTERNATIVE_PAYMENT,0.2,RECOVERY_REMINDER
EVT_00002632,RECOVERY_REMINDER,0.25,RECOVERY_REMINDER
EVT_00002632,RETRY_LATER,-0.1,RECOVERY_REMINDER
EVT_00002632,HUMAN_ESCALATION,0.0,RECOVERY_REMINDER
EVT_00002211,ALTERNATIVE_PAYMENT,0.28,ALTERNATIVE_PAYMENT
EVT_00002211,RECOVERY_REMINDER,0.0,ALTERNATIVE_PAYMENT
EVT_00002211,RETRY_LATER,-999999.0,ALTERNATIVE_PAYMENT
EVT_00002211,HUMAN_ESCALATION,0.0,ALTERNATIVE_PAYMENT
EVT_00008427,ALTERNATIVE_PAYMENT,0.2,RETRY_LATER
EVT_00008427,RECOVERY_REMINDER,0.04,RETRY_LATER
EVT_00008427,RETRY_LATER,0.25,RETRY_LATER
EVT_00008427,HUMAN_ESCALATION,0.12,RETRY_LATER
EVT_00001418,ALTERNATIVE_PAYMENT,0.2,ALTERNATIVE_PAYMENT
EVT_00001418,RECOVERY_REMINDER,0.0,ALTERNATIVE_PAYMENT
EVT_00001418,RETRY_LATER,0.0,ALTERNATIVE_PAYMENT
EVT_00001418,HUMAN_ESCALATION,0.1,ALTERNATIVE_PAYMENT
EVT_00004878,ALTERNATIVE_PAYMENT,0.58,ALTERNATIVE_PAYMENT
EVT_00004878,RECOVERY_REMINDER,0.0,ALTERNATIVE_PAYMENT
EVT_00004878,RETRY_LATER,-0.1,ALTERNATIVE_PAYMENT
EVT_00004878,HUMAN_ESCALATION,0.0,ALTERNATIVE_PAYMENT
EVT_00002784,ALTERNATIVE_PAYMENT,0.0,RECOVERY_REMINDER
EVT_00002784,RECOVERY_REMINDER,0.75,RECOVERY_REMINDER
EVT_00002784,RETRY_LATER,-0.2,RECOVERY_REMINDER
EVT_00002784,HUMAN_ESCALATION,0.0,RECOVERY_REMINDER
EVT_00004758,ALTERNATIVE_PAYMENT,0.0,RECOVERY_REMINDER
EVT_00004758,RECOVERY_REMINDER,0.75,RECOVERY_REMINDER
EVT_00004758,RETRY_LATER,-0.2,RECOVERY_REMINDER
EVT_00004758,HUMAN_ESCALATION,0.0,RECOVERY_REMINDER
EVT_00003628,ALTERNATIVE_PAYMENT,0.28,ALTERNATIVE_PAYMENT
EVT_00003628,RECOVERY_REMINDER,0.0,ALTERNATIVE_PAYMENT
EVT_00003628,RETRY_LATER,-999999.0,ALTERNATIVE_PAYMENT
EVT_00003628,HUMAN_ESCALATION,0.1,ALTERNATIVE_PAYMENT
EVT_00005972,ALTERNATIVE_PAYMENT,0.2,RETRY_LATER
EVT_00005972,RECOVERY_REMINDER,0.0,RETRY_LATER
EVT_00005972,RETRY_LATER,0.25,RETRY_LATER
EVT_00005972,HUMAN_ESCALATION,0.0,RETRY_LATER
EVT_00009424,ALTERNATIVE_PAYMENT,0.28,ALTERNATIVE_PAYMENT
EVT_00009424,RECOVERY_REMINDER,0.0,ALTERNATIVE_PAYMENT
EVT_00009424,RETRY_LATER,-999999.0,ALTERNATIVE_PAYMENT
EVT_00009424,HUMAN_ESCALATION,0.0,ALTERNATIVE_PAYMENT
EVT_00004074,ALTERNATIVE_PAYMENT,0.2,RECOVERY_REMINDER
EVT_00004074,RECOVERY_REMINDER,0.25,RECOVERY_REMINDER
EVT_00004074,RETRY_LATER,-0.1,RECOVERY_REMINDER
EVT_00004074,HUMAN_ESCALATION,-0.2,RECOVERY_REMINDER
EVT_00002114,ALTERNATIVE_PAYMENT,0.28,ALTERNATIVE_PAYMENT
EVT_00002114,RECOVERY_REMINDER,0.0,ALTERNATIVE_PAYMENT
EVT_00002114,RETRY_LATER,-999999.0,ALTERNATIVE_PAYMENT
EVT_00002114,HUMAN_ESCALATION,0.1,ALTERNATIVE_PAYMENT
EVT_00009387,ALTERNATIVE_PAYMENT,0.0,RECOVERY_REMINDER
EVT_00009387,RECOVERY_REMINDER,0.75,RECOVERY_REMINDER
EVT_00009387,RETRY_LATER,-0.2,RECOVERY_REMINDER
EVT_00009387,HUMAN_ESCALATION,0.0,RECOVERY_REMINDER
EVT_00006393,ALTERNATIVE_PAYMENT,0.0,RECOVERY_REMINDER
EVT_00006393,RECOVERY_REMINDER,0.6900000000000001,RECOVERY_REMINDER
EVT_00006393,RETRY_LATER,-0.2,RECOVERY_REMINDER
EVT_00006393,HUMAN_ESCALATION,0.12,RECOVERY_REMINDER
EVT_00005947,ALTERNATIVE_PAYMENT,0.2,RECOVERY_REMINDER
EVT_00005947,RECOVERY_REMINDER,0.25,RECOVERY_REMINDER
EVT_00005947,RETRY_LATER,-0.1,RECOVERY_REMINDER
EVT_00005947,HUMAN_ESCALATION,0.0,RECOVERY_REMINDER
EVT_00006744,ALTERNATIVE_PAYMENT,0.2,ALTERNATIVE_PAYMENT
EVT_00006744,RECOVERY_REMINDER,0.0,ALTERNATIVE_PAYMENT
EVT_00006744,RETRY_LATER,0.0,ALTERNATIVE_PAYMENT
EVT_00006744,HUMAN_ESCALATION,0.1,ALTERNATIVE_PAYMENT
EVT_00000370,ALTERNATIVE_PAYMENT,0.2,ALTERNATIVE_PAYMENT
EVT_00000370,RECOVERY_REMINDER,0.0,ALTERNATIVE_PAYMENT
EVT_00000370,RETRY_LATER,0.0,ALTERNATIVE_PAYMENT
EVT_00000370,HUMAN_ESCALATION,0.1,ALTERNATIVE_PAYMENT
EVT_00007340,ALTERNATIVE_PAYMENT,0.28,ALTERNATIVE_PAYMENT
EVT_00007340,RECOVERY_REMINDER,0.0,ALTERNATIVE_PAYMENT
EVT_00007340,RETRY_LATER,0.15,ALTERNATIVE_PAYMENT
EVT_00007340,HUMAN_ESCALATION,0.0,ALTERNATIVE_PAYMENT
EVT_00004661,ALTERNATIVE_PAYMENT,0.2,ALTERNATIVE_PAYMENT
EVT_00004661,RECOVERY_REMINDER,0.0,ALTERNATIVE_PAYMENT
EVT_00004661,RETRY_LATER,0.0,ALTERNATIVE_PAYMENT
EVT_00004661,HUMAN_ESCALATION,0.1,ALTERNATIVE_PAYMENT
EVT_00000815,ALTERNATIVE_PAYMENT,0.28,ALTERNATIVE_PAYMENT
EVT_00000815,RECOVERY_REMINDER,0.0,ALTERNATIVE_PAYMENT
EVT_00000815,RETRY_LATER,-0.1,ALTERNATIVE_PAYMENT
EVT_00000815,HUMAN_ESCALATION,0.1,ALTERNATIVE_PAYMENT
EVT_00004986,ALTERNATIVE_PAYMENT,0.2,RECOVERY_REMINDER
EVT_00004986,RECOVERY_REMINDER,0.25,RECOVERY_REMINDER
EVT_00004986,RETRY_LATER,-0.1,RECOVERY_REMINDER
EVT_00004986,HUMAN_ESCALATION,0.0,RECOVERY_REMINDER
EVT_00002775,ALTERNATIVE_PAYMENT,0.28,ALTERNATIVE_PAYMENT
EVT_00002775,RECOVERY_REMINDER,0.0,ALTERNATIVE_PAYMENT
EVT_00002775,RETRY_LATER,-0.1,ALTERNATIVE_PAYMENT
EVT_00002775,HUMAN_ESCALATION,0.1,ALTERNATIVE_PAYMENT
EVT_00005481,ALTERNATIVE_PAYMENT,0.2,RETRY_LATER
EVT_00005481,RECOVERY_REMINDER,0.0,RETRY_LATER
EVT_00005481,RETRY_LATER,0.25,RETRY_LATER
EVT_00005481,HUMAN_ESCALATION,0.0,RETRY_LATER
EVT_00002979,ALTERNATIVE_PAYMENT,0.28,ALTERNATIVE_PAYMENT
EVT_00002979,RECOVERY_REMINDER,0.0,ALTERNATIVE_PAYMENT
EVT_00002979,RETRY_LATER,-999999.0,ALTERNATIVE_PAYMENT
EVT_00002979,HUMAN_ESCALATION,-0.2,ALTERNATIVE_PAYMENT
EVT_00000886,ALTERNATIVE_PAYMENT,0.2,RECOVERY_REMINDER
EVT_00000886,RECOVERY_REMINDER,0.25,RECOVERY_REMINDER
EVT_00000886,RETRY_LATER,-0.1,RECOVERY_REMINDER
EVT_00000886,HUMAN_ESCALATION,0.0,RECOVERY_REMINDER
EVT_00008417,ALTERNATIVE_PAYMENT,0.58,ALTERNATIVE_PAYMENT
EVT_00008417,RECOVERY_REMINDER,0.0,ALTERNATIVE_PAYMENT
EVT_00008417,RETRY_LATER,-0.1,ALTERNATIVE_PAYMENT
EVT_00008417,HUMAN_ESCALATION,0.0,ALTERNATIVE_PAYMENT
EVT_00009597,ALTERNATIVE_PAYMENT,0.58,ALTERNATIVE_PAYMENT
EVT_00009597,RECOVERY_REMINDER,0.0,ALTERNATIVE_PAYMENT
EVT_00009597,RETRY_LATER,-0.1,ALTERNATIVE_PAYMENT
EVT_00009597,HUMAN_ESCALATION,0.0,ALTERNATIVE_PAYMENT
EVT_00006165,ALTERNATIVE_PAYMENT,0.2,RETRY_LATER
EVT_00006165,RECOVERY_REMINDER,0.0,RETRY_LATER
EVT_00006165,RETRY_LATER,0.25,RETRY_LATER
EVT_00006165,HUMAN_ESCALATION,0.0,RETRY_LATER
EVT_00001970,ALTERNATIVE_PAYMENT,0.0,RECOVERY_REMINDER
EVT_00001970,RECOVERY_REMINDER,0.65,RECOVERY_REMINDER
EVT_00001970,RETRY_LATER,-0.2,RECOVERY_REMINDER
EVT_00001970,HUMAN_ESCALATION,0.0,RECOVERY_REMINDER
EVT_00008634,ALTERNATIVE_PAYMENT,0.0,RECOVERY_REMINDER
EVT_00008634,RECOVERY_REMINDER,0.75,RECOVERY_REMINDER
EVT_00008634,RETRY_LATER,-0.2,RECOVERY_REMINDER
EVT_00008634,HUMAN_ESCALATION,0.0,RECOVERY_REMINDER
EVT_00009730,ALTERNATIVE_PAYMENT,0.5,ALTERNATIVE_PAYMENT
EVT_00009730,RECOVERY_REMINDER,0.0,ALTERNATIVE_PAYMENT
EVT_00009730,RETRY_LATER,0.0,ALTERNATIVE_PAYMENT
EVT_00009730,HUMAN_ESCALATION,0.0,ALTERNATIVE_PAYMENT
EVT_00000094,ALTERNATIVE_PAYMENT,0.58,ALTERNATIVE_PAYMENT
EVT_00000094,RECOVERY_REMINDER,0.0,ALTERNATIVE_PAYMENT
EVT_00000094,RETRY_LATER,-0.1,ALTERNATIVE_PAYMENT
EVT_00000094,HUMAN_ESCALATION,0.0,ALTERNATIVE_PAYMENT
EVT_00009876,ALTERNATIVE_PAYMENT,0.5,ALTERNATIVE_PAYMENT
EVT_00009876,RECOVERY_REMINDER,0.0,ALTERNATIVE_PAYMENT
EVT_00009876,RETRY_LATER,0.0,ALTERNATIVE_PAYMENT
EVT_00009876,HUMAN_ESCALATION,0.0,ALTERNATIVE_PAYMENT
EVT_00006945,ALTERNATIVE_PAYMENT,0.58,ALTERNATIVE_PAYMENT
EVT_00006945,RECOVERY_REMINDER,0.0,ALTERNATIVE_PAYMENT
EVT_00006945,RETRY_LATER,-0.1,ALTERNATIVE_PAYMENT
EVT_00006945,HUMAN_ESCALATION,0.0,ALTERNATIVE_PAYMENT
EVT_00005321,ALTERNATIVE_PAYMENT,0.28,ALTERNATIVE_PAYMENT
EVT_00005321,RECOVERY_REMINDER,0.04,ALTERNATIVE_PAYMENT
EVT_00005321,RETRY_LATER,0.15,ALTERNATIVE_PAYMENT
EVT_00005321,HUMAN_ESCALATION,0.12,ALTERNATIVE_PAYMENT
EVT_00002746,ALTERNATIVE_PAYMENT,0.58,ALTERNATIVE_PAYMENT
EVT_00002746,RECOVERY_REMINDER,0.0,ALTERNATIVE_PAYMENT
EVT_00002746,RETRY_LATER,-0.1,ALTERNATIVE_PAYMENT
EVT_00002746,HUMAN_ESCALATION,0.0,ALTERNATIVE_PAYMENT
EVT_00009871,ALTERNATIVE_PAYMENT,0.0,RECOVERY_REMINDER
EVT_00009871,RECOVERY_REMINDER,0.75,RECOVERY_REMINDER
EVT_00009871,RETRY_LATER,-0.2,RECOVERY_REMINDER
EVT_00009871,HUMAN_ESCALATION,0.0,RECOVERY_REMINDER
EVT_00002519,ALTERNATIVE_PAYMENT,0.28,ALTERNATIVE_PAYMENT
EVT_00002519,RECOVERY_REMINDER,0.0,ALTERNATIVE_PAYMENT
EVT_00002519,RETRY_LATER,-999999.0,ALTERNATIVE_PAYMENT
EVT_00002519,HUMAN_ESCALATION,0.1,ALTERNATIVE_PAYMENT
EVT_00008363,ALTERNATIVE_PAYMENT,0.58,ALTERNATIVE_PAYMENT
EVT_00008363,RECOVERY_REMINDER,0.0,ALTERNATIVE_PAYMENT
EVT_00008363,RETRY_LATER,-999999.0,ALTERNATIVE_PAYMENT
EVT_00008363,HUMAN_ESCALATION,0.0,ALTERNATIVE_PAYMENT
EVT_00004038,ALTERNATIVE_PAYMENT,0.28,ALTERNATIVE_PAYMENT
EVT_00004038,RECOVERY_REMINDER,0.0,ALTERNATIVE_PAYMENT
EVT_00004038,RETRY_LATER,-999999.0,ALTERNATIVE_PAYMENT
EVT_00004038,HUMAN_ESCALATION,0.0,ALTERNATIVE_PAYMENT
EVT_00002309,ALTERNATIVE_PAYMENT,0.2,RETRY_LATER
EVT_00002309,RECOVERY_REMINDER,0.0,RETRY_LATER
EVT_00002309,RETRY_LATER,0.25,RETRY_LATER
EVT_00002309,HUMAN_ESCALATION,0.0,RETRY_LATER
EVT_00002901,ALTERNATIVE_PAYMENT,0.28,ALTERNATIVE_PAYMENT
EVT_00002901,RECOVERY_REMINDER,0.0,ALTERNATIVE_PAYMENT
EVT_00002901,RETRY_LATER,-999999.0,ALTERNATIVE_PAYMENT
EVT_00002901,HUMAN_ESCALATION,0.0,ALTERNATIVE_PAYMENT
EVT_00003646,ALTERNATIVE_PAYMENT,0.2,RETRY_LATER
EVT_00003646,RECOVERY_REMINDER,0.04,RETRY_LATER
EVT_00003646,RETRY_LATER,0.25,RETRY_LATER
EVT_00003646,HUMAN_ESCALATION,0.12,RETRY_LATER
EVT_00006802,ALTERNATIVE_PAYMENT,0.28,ALTERNATIVE_PAYMENT
EVT_00006802,RECOVERY_REMINDER,0.0,ALTERNATIVE_PAYMENT
EVT_00006802,RETRY_LATER,0.15,ALTERNATIVE_PAYMENT
EVT_00006802,HUMAN_ESCALATION,0.0,ALTERNATIVE_PAYMENT
EVT_00005389,ALTERNATIVE_PAYMENT,0.28,ALTERNATIVE_PAYMENT
EVT_00005389,RECOVERY_REMINDER,0.0,ALTERNATIVE_PAYMENT
EVT_00005389,RETRY_LATER,-999999.0,ALTERNATIVE_PAYMENT
EVT_00005389,HUMAN_ESCALATION,0.0,ALTERNATIVE_PAYMENT
EVT_00002534,ALTERNATIVE_PAYMENT,0.28,ALTERNATIVE_PAYMENT
EVT_00002534,RECOVERY_REMINDER,0.0,ALTERNATIVE_PAYMENT
EVT_00002534,RETRY_LATER,-999999.0,ALTERNATIVE_PAYMENT
EVT_00002534,HUMAN_ESCALATION,0.1,ALTERNATIVE_PAYMENT
EVT_00001059,ALTERNATIVE_PAYMENT,0.28,ALTERNATIVE_PAYMENT
EVT_00001059,RECOVERY_REMINDER,0.0,ALTERNATIVE_PAYMENT
EVT_00001059,RETRY_LATER,-999999.0,ALTERNATIVE_PAYMENT
EVT_00001059,HUMAN_ESCALATION,0.1,ALTERNATIVE_PAYMENT
EVT_00000627,ALTERNATIVE_PAYMENT,0.0,RECOVERY_REMINDER
EVT_00000627,RECOVERY_REMINDER,0.75,RECOVERY_REMINDER
EVT_00000627,RETRY_LATER,-0.2,RECOVERY_REMINDER
EVT_00000627,HUMAN_ESCALATION,-0.2,RECOVERY_REMINDER
EVT_00009296,ALTERNATIVE_PAYMENT,0.2,RECOVERY_REMINDER
EVT_00009296,RECOVERY_REMINDER,0.25,RECOVERY_REMINDER
EVT_00009296,RETRY_LATER,-0.1,RECOVERY_REMINDER
EVT_00009296,HUMAN_ESCALATION,0.0,RECOVERY_REMINDER
EVT_00003453,ALTERNATIVE_PAYMENT,0.2,RECOVERY_REMINDER
EVT_00003453,RECOVERY_REMINDER,0.25,RECOVERY_REMINDER
EVT_00003453,RETRY_LATER,-0.1,RECOVERY_REMINDER
EVT_00003453,HUMAN_ESCALATION,0.0,RECOVERY_REMINDER
EVT_00003243,ALTERNATIVE_PAYMENT,0.2,RECOVERY_REMINDER
EVT_00003243,RECOVERY_REMINDER,0.25,RECOVERY_REMINDER
EVT_00003243,RETRY_LATER,-0.1,RECOVERY_REMINDER
EVT_00003243,HUMAN_ESCALATION,0.0,RECOVERY_REMINDER
EVT_00006131,ALTERNATIVE_PAYMENT,0.2,ALTERNATIVE_PAYMENT
EVT_00006131,RECOVERY_REMINDER,0.0,ALTERNATIVE_PAYMENT
EVT_00006131,RETRY_LATER,0.0,ALTERNATIVE_PAYMENT
EVT_00006131,HUMAN_ESCALATION,0.1,ALTERNATIVE_PAYMENT
EVT_00003296,ALTERNATIVE_PAYMENT,0.2,RECOVERY_REMINDER
EVT_00003296,RECOVERY_REMINDER,0.25,RECOVERY_REMINDER
EVT_00003296,RETRY_LATER,-0.1,RECOVERY_REMINDER
EVT_00003296,HUMAN_ESCALATION,0.0,RECOVERY_REMINDER
EVT_00001572,ALTERNATIVE_PAYMENT,0.2,RECOVERY_REMINDER
EVT_00001572,RECOVERY_REMINDER,0.25,RECOVERY_REMINDER
EVT_00001572,RETRY_LATER,-0.1,RECOVERY_REMINDER
EVT_00001572,HUMAN_ESCALATION,0.0,RECOVERY_REMINDER
EVT_00002538,ALTERNATIVE_PAYMENT,0.28,ALTERNATIVE_PAYMENT
EVT_00002538,RECOVERY_REMINDER,0.0,ALTERNATIVE_PAYMENT
EVT_00002538,RETRY_LATER,-999999.0,ALTERNATIVE_PAYMENT
EVT_00002538,HUMAN_ESCALATION,0.0,ALTERNATIVE_PAYMENT
EVT_00003799,ALTERNATIVE_PAYMENT,0.2,RECOVERY_REMINDER
EVT_00003799,RECOVERY_REMINDER,0.25,RECOVERY_REMINDER
EVT_00003799,RETRY_LATER,-0.1,RECOVERY_REMINDER
EVT_00003799,HUMAN_ESCALATION,0.0,RECOVERY_REMINDER
EVT_00004515,ALTERNATIVE_PAYMENT,0.28,ALTERNATIVE_PAYMENT
EVT_00004515,RECOVERY_REMINDER,0.0,ALTERNATIVE_PAYMENT
EVT_00004515,RETRY_LATER,-999999.0,ALTERNATIVE_PAYMENT
EVT_00004515,HUMAN_ESCALATION,0.1,ALTERNATIVE_PAYMENT
EVT_00007240,ALTERNATIVE_PAYMENT,0.58,ALTERNATIVE_PAYMENT
EVT_00007240,RECOVERY_REMINDER,0.0,ALTERNATIVE_PAYMENT
EVT_00007240,RETRY_LATER,-999999.0,ALTERNATIVE_PAYMENT
EVT_00007240,HUMAN_ESCALATION,0.0,ALTERNATIVE_PAYMENT
EVT_00005733,ALTERNATIVE_PAYMENT,0.2,RECOVERY_REMINDER
EVT_00005733,RECOVERY_REMINDER,0.29,RECOVERY_REMINDER
EVT_00005733,RETRY_LATER,-0.1,RECOVERY_REMINDER
EVT_00005733,HUMAN_ESCALATION,0.12,RECOVERY_REMINDER
EVT_00000497,ALTERNATIVE_PAYMENT,0.2,RECOVERY_REMINDER
EVT_00000497,RECOVERY_REMINDER,0.25,RECOVERY_REMINDER
EVT_00000497,RETRY_LATER,-0.1,RECOVERY_REMINDER
EVT_00000497,HUMAN_ESCALATION,0.0,RECOVERY_REMINDER
EVT_00006434,ALTERNATIVE_PAYMENT,0.2,RECOVERY_REMINDER
EVT_00006434,RECOVERY_REMINDER,0.25,RECOVERY_REMINDER
EVT_00006434,RETRY_LATER,-0.1,RECOVERY_REMINDER
EVT_00006434,HUMAN_ESCALATION,0.0,RECOVERY_REMINDER
EVT_00008538,ALTERNATIVE_PAYMENT,0.2,RETRY_LATER
EVT_00008538,RECOVERY_REMINDER,0.0,RETRY_LATER
EVT_00008538,RETRY_LATER,0.25,RETRY_LATER
EVT_00008538,HUMAN_ESCALATION,0.0,RETRY_LATER
EVT_00003914,ALTERNATIVE_PAYMENT,0.0,RECOVERY_REMINDER
EVT_00003914,RECOVERY_REMINDER,0.75,RECOVERY_REMINDER
EVT_00003914,RETRY_LATER,-0.2,RECOVERY_REMINDER
EVT_00003914,HUMAN_ESCALATION,0.0,RECOVERY_REMINDER
EVT_00001343,ALTERNATIVE_PAYMENT,0.0,RECOVERY_REMINDER
EVT_00001343,RECOVERY_REMINDER,0.45,RECOVERY_REMINDER
EVT_00001343,RETRY_LATER,-0.2,RECOVERY_REMINDER
EVT_00001343,HUMAN_ESCALATION,0.0,RECOVERY_REMINDER
EVT_00005199,ALTERNATIVE_PAYMENT,0.2,RETRY_LATER
EVT_00005199,RECOVERY_REMINDER,0.0,RETRY_LATER
EVT_00005199,RETRY_LATER,0.25,RETRY_LATER
EVT_00005199,HUMAN_ESCALATION,0.0,RETRY_LATER
EVT_00003018,ALTERNATIVE_PAYMENT,0.2,RECOVERY_REMINDER
EVT_00003018,RECOVERY_REMINDER,0.25,RECOVERY_REMINDER
EVT_00003018,RETRY_LATER,-0.1,RECOVERY_REMINDER
EVT_00003018,HUMAN_ESCALATION,0.0,RECOVERY_REMINDER
EVT_00008919,ALTERNATIVE_PAYMENT,0.0,RECOVERY_REMINDER
EVT_00008919,RECOVERY_REMINDER,0.45,RECOVERY_REMINDER
EVT_00008919,RETRY_LATER,-0.2,RECOVERY_REMINDER
EVT_00008919,HUMAN_ESCALATION,0.0,RECOVERY_REMINDER
EVT_00009097,ALTERNATIVE_PAYMENT,0.0,RECOVERY_REMINDER
EVT_00009097,RECOVERY_REMINDER,0.75,RECOVERY_REMINDER
EVT_00009097,RETRY_LATER,-0.2,RECOVERY_REMINDER
EVT_00009097,HUMAN_ESCALATION,0.0,RECOVERY_REMINDER
EVT_00006478,ALTERNATIVE_PAYMENT,0.5,ALTERNATIVE_PAYMENT
EVT_00006478,RECOVERY_REMINDER,0.0,ALTERNATIVE_PAYMENT
EVT_00006478,RETRY_LATER,0.0,ALTERNATIVE_PAYMENT
EVT_00006478,HUMAN_ESCALATION,-0.2,ALTERNATIVE_PAYMENT
EVT_00007647,ALTERNATIVE_PAYMENT,0.28,ALTERNATIVE_PAYMENT
EVT_00007647,RECOVERY_REMINDER,0.0,ALTERNATIVE_PAYMENT
EVT_00007647,RETRY_LATER,-999999.0,ALTERNATIVE_PAYMENT
EVT_00007647,HUMAN_ESCALATION,0.0,ALTERNATIVE_PAYMENT
EVT_00002315,ALTERNATIVE_PAYMENT,0.58,ALTERNATIVE_PAYMENT
EVT_00002315,RECOVERY_REMINDER,0.0,ALTERNATIVE_PAYMENT
EVT_00002315,RETRY_LATER,-999999.0,ALTERNATIVE_PAYMENT
EVT_00002315,HUMAN_ESCALATION,0.0,ALTERNATIVE_PAYMENT
EVT_00001262,ALTERNATIVE_PAYMENT,0.5,ALTERNATIVE_PAYMENT
EVT_00001262,RECOVERY_REMINDER,0.0,ALTERNATIVE_PAYMENT
EVT_00001262,RETRY_LATER,0.0,ALTERNATIVE_PAYMENT
EVT_00001262,HUMAN_ESCALATION,0.0,ALTERNATIVE_PAYMENT
EVT_00009179,ALTERNATIVE_PAYMENT,0.0,RECOVERY_REMINDER
EVT_00009179,RECOVERY_REMINDER,0.65,RECOVERY_REMINDER
EVT_00009179,RETRY_LATER,-0.2,RECOVERY_REMINDER
EVT_00009179,HUMAN_ESCALATION,0.0,RECOVERY_REMINDER
EVT_00008987,ALTERNATIVE_PAYMENT,0.2,RETRY_LATER
EVT_00008987,RECOVERY_REMINDER,0.0,RETRY_LATER
EVT_00008987,RETRY_LATER,0.25,RETRY_LATER
EVT_00008987,HUMAN_ESCALATION,0.0,RETRY_LATER
EVT_00000299,ALTERNATIVE_PAYMENT,0.2,RETRY_LATER
EVT_00000299,RECOVERY_REMINDER,0.0,RETRY_LATER
EVT_00000299,RETRY_LATER,0.25,RETRY_LATER
EVT_00000299,HUMAN_ESCALATION,0.0,RETRY_LATER
EVT_00001222,ALTERNATIVE_PAYMENT,0.28,ALTERNATIVE_PAYMENT
EVT_00001222,RECOVERY_REMINDER,0.0,ALTERNATIVE_PAYMENT
EVT_00001222,RETRY_LATER,-999999.0,ALTERNATIVE_PAYMENT
EVT_00001222,HUMAN_ESCALATION,0.0,ALTERNATIVE_PAYMENT
EVT_00006759,ALTERNATIVE_PAYMENT,0.28,ALTERNATIVE_PAYMENT
EVT_00006759,RECOVERY_REMINDER,0.0,ALTERNATIVE_PAYMENT
EVT_00006759,RETRY_LATER,0.15,ALTERNATIVE_PAYMENT
EVT_00006759,HUMAN_ESCALATION,0.0,ALTERNATIVE_PAYMENT
EVT_00007004,ALTERNATIVE_PAYMENT,0.2,RECOVERY_REMINDER
EVT_00007004,RECOVERY_REMINDER,0.25,RECOVERY_REMINDER
EVT_00007004,RETRY_LATER,-0.1,RECOVERY_REMINDER
EVT_00007004,HUMAN_ESCALATION,0.0,RECOVERY_REMINDER
EVT_00002844,ALTERNATIVE_PAYMENT,0.0,RECOVERY_REMINDER
EVT_00002844,RECOVERY_REMINDER,0.75,RECOVERY_REMINDER
EVT_00002844,RETRY_LATER,-0.2,RECOVERY_REMINDER
EVT_00002844,HUMAN_ESCALATION,0.0,RECOVERY_REMINDER
EVT_00007467,ALTERNATIVE_PAYMENT,0.2,RECOVERY_REMINDER
EVT_00007467,RECOVERY_REMINDER,0.29,RECOVERY_REMINDER
EVT_00007467,RETRY_LATER,-0.1,RECOVERY_REMINDER
EVT_00007467,HUMAN_ESCALATION,0.12,RECOVERY_REMINDER
EVT_00009853,ALTERNATIVE_PAYMENT,0.58,ALTERNATIVE_PAYMENT
EVT_00009853,RECOVERY_REMINDER,0.0,ALTERNATIVE_PAYMENT
EVT_00009853,RETRY_LATER,-999999.0,ALTERNATIVE_PAYMENT
EVT_00009853,HUMAN_ESCALATION,0.0,ALTERNATIVE_PAYMENT
EVT_00000527,ALTERNATIVE_PAYMENT,0.2,RETRY_LATER
EVT_00000527,RECOVERY_REMINDER,0.0,RETRY_LATER
EVT_00000527,RETRY_LATER,0.25,RETRY_LATER
EVT_00000527,HUMAN_ESCALATION,0.0,RETRY_LATER
EVT_00008150,ALTERNATIVE_PAYMENT,0.0,RECOVERY_REMINDER
EVT_00008150,RECOVERY_REMINDER,0.75,RECOVERY_REMINDER
EVT_00008150,RETRY_LATER,-0.2,RECOVERY_REMINDER
EVT_00008150,HUMAN_ESCALATION,0.0,RECOVERY_REMINDER
EVT_00006804,ALTERNATIVE_PAYMENT,0.5,ALTERNATIVE_PAYMENT
EVT_00006804,RECOVERY_REMINDER,0.0,ALTERNATIVE_PAYMENT
EVT_00006804,RETRY_LATER,0.0,ALTERNATIVE_PAYMENT
EVT_00006804,HUMAN_ESCALATION,0.0,ALTERNATIVE_PAYMENT
EVT_00003149,ALTERNATIVE_PAYMENT,0.2,RETRY_LATER
EVT_00003149,RECOVERY_REMINDER,0.0,RETRY_LATER
EVT_00003149,RETRY_LATER,0.25,RETRY_LATER
EVT_00003149,HUMAN_ESCALATION,0.0,RETRY_LATER
EVT_00002434,ALTERNATIVE_PAYMENT,0.0,RECOVERY_REMINDER
EVT_00002434,RECOVERY_REMINDER,0.55,RECOVERY_REMINDER
EVT_00002434,RETRY_LATER,-0.2,RECOVERY_REMINDER
EVT_00002434,HUMAN_ESCALATION,0.0,RECOVERY_REMINDER
EVT_00003219,ALTERNATIVE_PAYMENT,0.5,ALTERNATIVE_PAYMENT
EVT_00003219,RECOVERY_REMINDER,0.0,ALTERNATIVE_PAYMENT
EVT_00003219,RETRY_LATER,0.0,ALTERNATIVE_PAYMENT
EVT_00003219,HUMAN_ESCALATION,0.0,ALTERNATIVE_PAYMENT
EVT_00003414,ALTERNATIVE_PAYMENT,0.58,ALTERNATIVE_PAYMENT
EVT_00003414,RECOVERY_REMINDER,0.0,ALTERNATIVE_PAYMENT
EVT_00003414,RETRY_LATER,-0.1,ALTERNATIVE_PAYMENT
EVT_00003414,HUMAN_ESCALATION,0.0,ALTERNATIVE_PAYMENT
EVT_00009769,ALTERNATIVE_PAYMENT,0.28,ALTERNATIVE_PAYMENT
EVT_00009769,RECOVERY_REMINDER,0.0,ALTERNATIVE_PAYMENT
EVT_00009769,RETRY_LATER,-999999.0,ALTERNATIVE_PAYMENT
EVT_00009769,HUMAN_ESCALATION,0.0,ALTERNATIVE_PAYMENT
EVT_00002875,ALTERNATIVE_PAYMENT,0.5,ALTERNATIVE_PAYMENT
EVT_00002875,RECOVERY_REMINDER,0.0,ALTERNATIVE_PAYMENT
EVT_00002875,RETRY_LATER,0.0,ALTERNATIVE_PAYMENT
EVT_00002875,HUMAN_ESCALATION,0.0,ALTERNATIVE_PAYMENT
EVT_00000036,ALTERNATIVE_PAYMENT,0.28,ALTERNATIVE_PAYMENT
EVT_00000036,RECOVERY_REMINDER,0.0,ALTERNATIVE_PAYMENT
EVT_00000036,RETRY_LATER,-999999.0,ALTERNATIVE_PAYMENT
EVT_00000036,HUMAN_ESCALATION,0.0,ALTERNATIVE_PAYMENT
EVT_00004471,ALTERNATIVE_PAYMENT,0.2,RECOVERY_REMINDER
EVT_00004471,RECOVERY_REMINDER,0.25,RECOVERY_REMINDER
EVT_00004471,RETRY_LATER,-0.1,RECOVERY_REMINDER
EVT_00004471,HUMAN_ESCALATION,0.0,RECOVERY_REMINDER
EVT_00008769,ALTERNATIVE_PAYMENT,0.5,ALTERNATIVE_PAYMENT
EVT_00008769,RECOVERY_REMINDER,0.0,ALTERNATIVE_PAYMENT
EVT_00008769,RETRY_LATER,0.0,ALTERNATIVE_PAYMENT
EVT_00008769,HUMAN_ESCALATION,0.0,ALTERNATIVE_PAYMENT
EVT_00005170,ALTERNATIVE_PAYMENT,0.58,ALTERNATIVE_PAYMENT
EVT_00005170,RECOVERY_REMINDER,0.0,ALTERNATIVE_PAYMENT
EVT_00005170,RETRY_LATER,-0.1,ALTERNATIVE_PAYMENT
EVT_00005170,HUMAN_ESCALATION,0.0,ALTERNATIVE_PAYMENT
EVT_00005329,ALTERNATIVE_PAYMENT,0.28,ALTERNATIVE_PAYMENT
EVT_00005329,RECOVERY_REMINDER,0.0,ALTERNATIVE_PAYMENT
EVT_00005329,RETRY_LATER,-999999.0,ALTERNATIVE_PAYMENT
EVT_00005329,HUMAN_ESCALATION,0.1,ALTERNATIVE_PAYMENT
EVT_00003381,ALTERNATIVE_PAYMENT,0.2,RETRY_LATER
EVT_00003381,RECOVERY_REMINDER,0.0,RETRY_LATER
EVT_00003381,RETRY_LATER,0.25,RETRY_LATER
EVT_00003381,HUMAN_ESCALATION,0.0,RETRY_LATER
EVT_00002052,ALTERNATIVE_PAYMENT,0.2,RETRY_LATER
EVT_00002052,RECOVERY_REMINDER,0.0,RETRY_LATER
EVT_00002052,RETRY_LATER,0.25,RETRY_LATER
EVT_00002052,HUMAN_ESCALATION,0.0,RETRY_LATER
EVT_00007064,ALTERNATIVE_PAYMENT,0.2,RETRY_LATER
EVT_00007064,RECOVERY_REMINDER,0.0,RETRY_LATER
EVT_00007064,RETRY_LATER,0.25,RETRY_LATER
EVT_00007064,HUMAN_ESCALATION,0.0,RETRY_LATER
EVT_00002071,ALTERNATIVE_PAYMENT,0.28,ALTERNATIVE_PAYMENT
EVT_00002071,RECOVERY_REMINDER,0.0,ALTERNATIVE_PAYMENT
EVT_00002071,RETRY_LATER,-0.1,ALTERNATIVE_PAYMENT
EVT_00002071,HUMAN_ESCALATION,0.1,ALTERNATIVE_PAYMENT
EVT_00004053,ALTERNATIVE_PAYMENT,0.2,RETRY_LATER
EVT_00004053,RECOVERY_REMINDER,0.0,RETRY_LATER
EVT_00004053,RETRY_LATER,0.25,RETRY_LATER
EVT_00004053,HUMAN_ESCALATION,0.0,RETRY_LATER
EVT_00002313,ALTERNATIVE_PAYMENT,0.58,ALTERNATIVE_PAYMENT
EVT_00002313,RECOVERY_REMINDER,0.0,ALTERNATIVE_PAYMENT
EVT_00002313,RETRY_LATER,-0.1,ALTERNATIVE_PAYMENT
EVT_00002313,HUMAN_ESCALATION,0.0,ALTERNATIVE_PAYMENT
EVT_00003278,ALTERNATIVE_PAYMENT,0.58,ALTERNATIVE_PAYMENT
EVT_00003278,RECOVERY_REMINDER,0.0,ALTERNATIVE_PAYMENT
EVT_00003278,RETRY_LATER,-0.1,ALTERNATIVE_PAYMENT
EVT_00003278,HUMAN_ESCALATION,0.0,ALTERNATIVE_PAYMENT
EVT_00002507,ALTERNATIVE_PAYMENT,0.2,RECOVERY_REMINDER
EVT_00002507,RECOVERY_REMINDER,0.25,RECOVERY_REMINDER
EVT_00002507,RETRY_LATER,-0.1,RECOVERY_REMINDER
EVT_00002507,HUMAN_ESCALATION,0.0,RECOVERY_REMINDER
EVT_00009701,ALTERNATIVE_PAYMENT,0.0,RECOVERY_REMINDER
EVT_00009701,RECOVERY_REMINDER,0.75,RECOVERY_REMINDER
EVT_00009701,RETRY_LATER,-0.2,RECOVERY_REMINDER
EVT_00009701,HUMAN_ESCALATION,0.0,RECOVERY_REMINDER
EVT_00000928,ALTERNATIVE_PAYMENT,0.2,RETRY_LATER
EVT_00000928,RECOVERY_REMINDER,0.0,RETRY_LATER
EVT_00000928,RETRY_LATER,0.25,RETRY_LATER
EVT_00000928,HUMAN_ESCALATION,0.0,RETRY_LATER
EVT_00005780,ALTERNATIVE_PAYMENT,0.0,RECOVERY_REMINDER
EVT_00005780,RECOVERY_REMINDER,0.65,RECOVERY_REMINDER
EVT_00005780,RETRY_LATER,-0.2,RECOVERY_REMINDER
EVT_00005780,HUMAN_ESCALATION,0.0,RECOVERY_REMINDER
EVT_00002102,ALTERNATIVE_PAYMENT,0.28,ALTERNATIVE_PAYMENT
EVT_00002102,RECOVERY_REMINDER,0.0,ALTERNATIVE_PAYMENT
EVT_00002102,RETRY_LATER,-999999.0,ALTERNATIVE_PAYMENT
EVT_00002102,HUMAN_ESCALATION,0.0,ALTERNATIVE_PAYMENT
EVT_00000935,ALTERNATIVE_PAYMENT,0.2,RECOVERY_REMINDER
EVT_00000935,RECOVERY_REMINDER,0.25,RECOVERY_REMINDER
EVT_00000935,RETRY_LATER,-0.1,RECOVERY_REMINDER
EVT_00000935,HUMAN_ESCALATION,0.0,RECOVERY_REMINDER
EVT_00008912,ALTERNATIVE_PAYMENT,0.2,RETRY_LATER
EVT_00008912,RECOVERY_REMINDER,0.0,RETRY_LATER
EVT_00008912,RETRY_LATER,0.25,RETRY_LATER
EVT_00008912,HUMAN_ESCALATION,0.0,RETRY_LATER
EVT_00000091,ALTERNATIVE_PAYMENT,0.5,ALTERNATIVE_PAYMENT
EVT_00000091,RECOVERY_REMINDER,0.0,ALTERNATIVE_PAYMENT
EVT_00000091,RETRY_LATER,0.0,ALTERNATIVE_PAYMENT
EVT_00000091,HUMAN_ESCALATION,0.0,ALTERNATIVE_PAYMENT
EVT_00006747,ALTERNATIVE_PAYMENT,0.28,ALTERNATIVE_PAYMENT
EVT_00006747,RECOVERY_REMINDER,0.0,ALTERNATIVE_PAYMENT
EVT_00006747,RETRY_LATER,0.15,ALTERNATIVE_PAYMENT
EVT_00006747,HUMAN_ESCALATION,0.0,ALTERNATIVE_PAYMENT
EVT_00003210,ALTERNATIVE_PAYMENT,0.2,RETRY_LATER
EVT_00003210,RECOVERY_REMINDER,0.04,RETRY_LATER
EVT_00003210,RETRY_LATER,0.25,RETRY_LATER
EVT_00003210,HUMAN_ESCALATION,0.12,RETRY_LATER
EVT_00008110,ALTERNATIVE_PAYMENT,0.28,ALTERNATIVE_PAYMENT
EVT_00008110,RECOVERY_REMINDER,0.0,ALTERNATIVE_PAYMENT
EVT_00008110,RETRY_LATER,-999999.0,ALTERNATIVE_PAYMENT
EVT_00008110,HUMAN_ESCALATION,0.0,ALTERNATIVE_PAYMENT
EVT_00002710,ALTERNATIVE_PAYMENT,0.0,RECOVERY_REMINDER
EVT_00002710,RECOVERY_REMINDER,0.75,RECOVERY_REMINDER
EVT_00002710,RETRY_LATER,-0.2,RECOVERY_REMINDER
EVT_00002710,HUMAN_ESCALATION,0.0,RECOVERY_REMINDER
EVT_00005228,ALTERNATIVE_PAYMENT,0.28,ALTERNATIVE_PAYMENT
EVT_00005228,RECOVERY_REMINDER,0.0,ALTERNATIVE_PAYMENT
EVT_00005228,RETRY_LATER,-999999.0,ALTERNATIVE_PAYMENT
EVT_00005228,HUMAN_ESCALATION,0.0,ALTERNATIVE_PAYMENT
EVT_00000192,ALTERNATIVE_PAYMENT,0.58,ALTERNATIVE_PAYMENT
EVT_00000192,RECOVERY_REMINDER,0.0,ALTERNATIVE_PAYMENT
EVT_00000192,RETRY_LATER,-0.1,ALTERNATIVE_PAYMENT
EVT_00000192,HUMAN_ESCALATION,0.0,ALTERNATIVE_PAYMENT
EVT_00007616,ALTERNATIVE_PAYMENT,0.0,RECOVERY_REMINDER
EVT_00007616,RECOVERY_REMINDER,0.55,RECOVERY_REMINDER
EVT_00007616,RETRY_LATER,-0.2,RECOVERY_REMINDER
EVT_00007616,HUMAN_ESCALATION,0.0,RECOVERY_REMINDER
EVT_00001482,ALTERNATIVE_PAYMENT,0.5,ALTERNATIVE_PAYMENT
EVT_00001482,RECOVERY_REMINDER,0.0,ALTERNATIVE_PAYMENT
EVT_00001482,RETRY_LATER,0.0,ALTERNATIVE_PAYMENT
EVT_00001482,HUMAN_ESCALATION,0.0,ALTERNATIVE_PAYMENT
EVT_00002772,ALTERNATIVE_PAYMENT,0.28,ALTERNATIVE_PAYMENT
EVT_00002772,RECOVERY_REMINDER,0.04,ALTERNATIVE_PAYMENT
EVT_00002772,RETRY_LATER,-999999.0,ALTERNATIVE_PAYMENT
EVT_00002772,HUMAN_ESCALATION,0.12,ALTERNATIVE_PAYMENT
EVT_00005429,ALTERNATIVE_PAYMENT,0.2,RECOVERY_REMINDER
EVT_00005429,RECOVERY_REMINDER,0.25,RECOVERY_REMINDER
EVT_00005429,RETRY_LATER,-0.1,RECOVERY_REMINDER
EVT_00005429,HUMAN_ESCALATION,0.0,RECOVERY_REMINDER
EVT_00006783,ALTERNATIVE_PAYMENT,0.28,ALTERNATIVE_PAYMENT
EVT_00006783,RECOVERY_REMINDER,0.0,ALTERNATIVE_PAYMENT
EVT_00006783,RETRY_LATER,-999999.0,ALTERNATIVE_PAYMENT
EVT_00006783,HUMAN_ESCALATION,0.0,ALTERNATIVE_PAYMENT
EVT_00004808,ALTERNATIVE_PAYMENT,0.0,RECOVERY_REMINDER
EVT_00004808,RECOVERY_REMINDER,0.75,RECOVERY_REMINDER
EVT_00004808,RETRY_LATER,-0.2,RECOVERY_REMINDER
EVT_00004808,HUMAN_ESCALATION,0.0,RECOVERY_REMINDER
EVT_00004294,ALTERNATIVE_PAYMENT,0.58,ALTERNATIVE_PAYMENT
EVT_00004294,RECOVERY_REMINDER,0.0,ALTERNATIVE_PAYMENT
EVT_00004294,RETRY_LATER,-0.1,ALTERNATIVE_PAYMENT
EVT_00004294,HUMAN_ESCALATION,0.0,ALTERNATIVE_PAYMENT
EVT_00008541,ALTERNATIVE_PAYMENT,0.0,RECOVERY_REMINDER
EVT_00008541,RECOVERY_REMINDER,0.45,RECOVERY_REMINDER
EVT_00008541,RETRY_LATER,-0.2,RECOVERY_REMINDER
EVT_00008541,HUMAN_ESCALATION,-0.2,RECOVERY_REMINDER
EVT_00000975,ALTERNATIVE_PAYMENT,0.28,ALTERNATIVE_PAYMENT
EVT_00000975,RECOVERY_REMINDER,0.0,ALTERNATIVE_PAYMENT
EVT_00000975,RETRY_LATER,-0.1,ALTERNATIVE_PAYMENT
EVT_00000975,HUMAN_ESCALATION,0.1,ALTERNATIVE_PAYMENT
EVT_00004133,ALTERNATIVE_PAYMENT,0.2,RETRY_LATER
EVT_00004133,RECOVERY_REMINDER,0.0,RETRY_LATER
EVT_00004133,RETRY_LATER,0.25,RETRY_LATER
EVT_00004133,HUMAN_ESCALATION,0.0,RETRY_LATER
EVT_00008166,ALTERNATIVE_PAYMENT,0.28,ALTERNATIVE_PAYMENT
EVT_00008166,RECOVERY_REMINDER,0.0,ALTERNATIVE_PAYMENT
EVT_00008166,RETRY_LATER,-999999.0,ALTERNATIVE_PAYMENT
EVT_00008166,HUMAN_ESCALATION,0.0,ALTERNATIVE_PAYMENT
EVT_00002766,ALTERNATIVE_PAYMENT,0.2,RETRY_LATER
EVT_00002766,RECOVERY_REMINDER,0.0,RETRY_LATER
EVT_00002766,RETRY_LATER,0.25,RETRY_LATER
EVT_00002766,HUMAN_ESCALATION,0.0,RETRY_LATER
EVT_00001264,ALTERNATIVE_PAYMENT,0.2,RECOVERY_REMINDER
EVT_00001264,RECOVERY_REMINDER,0.25,RECOVERY_REMINDER
EVT_00001264,RETRY_LATER,-0.1,RECOVERY_REMINDER
EVT_00001264,HUMAN_ESCALATION,0.0,RECOVERY_REMINDER
EVT_00003633,ALTERNATIVE_PAYMENT,0.58,ALTERNATIVE_PAYMENT
EVT_00003633,RECOVERY_REMINDER,0.0,ALTERNATIVE_PAYMENT
EVT_00003633,RETRY_LATER,-999999.0,ALTERNATIVE_PAYMENT
EVT_00003633,HUMAN_ESCALATION,0.0,ALTERNATIVE_PAYMENT
EVT_00000869,ALTERNATIVE_PAYMENT,0.0,RECOVERY_REMINDER
EVT_00000869,RECOVERY_REMINDER,0.55,RECOVERY_REMINDER
EVT_00000869,RETRY_LATER,-0.2,RECOVERY_REMINDER
EVT_00000869,HUMAN_ESCALATION,0.0,RECOVERY_REMINDER
EVT_00003957,ALTERNATIVE_PAYMENT,0.2,ALTERNATIVE_PAYMENT
EVT_00003957,RECOVERY_REMINDER,0.0,ALTERNATIVE_PAYMENT
EVT_00003957,RETRY_LATER,0.0,ALTERNATIVE_PAYMENT
EVT_00003957,HUMAN_ESCALATION,0.1,ALTERNATIVE_PAYMENT
EVT_00003133,ALTERNATIVE_PAYMENT,0.28,ALTERNATIVE_PAYMENT
EVT_00003133,RECOVERY_REMINDER,0.0,ALTERNATIVE_PAYMENT
EVT_00003133,RETRY_LATER,0.15,ALTERNATIVE_PAYMENT
EVT_00003133,HUMAN_ESCALATION,0.0,ALTERNATIVE_PAYMENT
EVT_00005020,ALTERNATIVE_PAYMENT,0.28,ALTERNATIVE_PAYMENT
EVT_00005020,RECOVERY_REMINDER,0.04,ALTERNATIVE_PAYMENT
EVT_00005020,RETRY_LATER,0.15,ALTERNATIVE_PAYMENT
EVT_00005020,HUMAN_ESCALATION,0.12,ALTERNATIVE_PAYMENT
EVT_00006709,ALTERNATIVE_PAYMENT,0.0,RECOVERY_REMINDER
EVT_00006709,RECOVERY_REMINDER,0.75,RECOVERY_REMINDER
EVT_00006709,RETRY_LATER,-0.2,RECOVERY_REMINDER
EVT_00006709,HUMAN_ESCALATION,0.0,RECOVERY_REMINDER
EVT_00007820,ALTERNATIVE_PAYMENT,0.5,ALTERNATIVE_PAYMENT
EVT_00007820,RECOVERY_REMINDER,0.0,ALTERNATIVE_PAYMENT
EVT_00007820,RETRY_LATER,0.0,ALTERNATIVE_PAYMENT
EVT_00007820,HUMAN_ESCALATION,0.0,ALTERNATIVE_PAYMENT
EVT_00006779,ALTERNATIVE_PAYMENT,0.2,HUMAN_ESCALATION
EVT_00006779,RECOVERY_REMINDER,0.04,HUMAN_ESCALATION
EVT_00006779,RETRY_LATER,0.0,HUMAN_ESCALATION
EVT_00006779,HUMAN_ESCALATION,0.22,HUMAN_ESCALATION
EVT_00000088,ALTERNATIVE_PAYMENT,0.2,RETRY_LATER
EVT_00000088,RECOVERY_REMINDER,0.0,RETRY_LATER
EVT_00000088,RETRY_LATER,0.25,RETRY_LATER
EVT_00000088,HUMAN_ESCALATION,0.0,RETRY_LATER
EVT_00008413,ALTERNATIVE_PAYMENT,0.58,ALTERNATIVE_PAYMENT
EVT_00008413,RECOVERY_REMINDER,0.0,ALTERNATIVE_PAYMENT
EVT_00008413,RETRY_LATER,-0.1,ALTERNATIVE_PAYMENT
EVT_00008413,HUMAN_ESCALATION,0.0,ALTERNATIVE_PAYMENT
EVT_00004498,ALTERNATIVE_PAYMENT,0.2,RETRY_LATER
EVT_00004498,RECOVERY_REMINDER,0.0,RETRY_LATER
EVT_00004498,RETRY_LATER,0.25,RETRY_LATER
EVT_00004498,HUMAN_ESCALATION,0.0,RETRY_LATER
EVT_00002849,ALTERNATIVE_PAYMENT,0.5,ALTERNATIVE_PAYMENT
EVT_00002849,RECOVERY_REMINDER,0.0,ALTERNATIVE_PAYMENT
EVT_00002849,RETRY_LATER,0.0,ALTERNATIVE_PAYMENT
EVT_00002849,HUMAN_ESCALATION,0.0,ALTERNATIVE_PAYMENT
EVT_00001300,ALTERNATIVE_PAYMENT,0.5,ALTERNATIVE_PAYMENT
EVT_00001300,RECOVERY_REMINDER,0.0,ALTERNATIVE_PAYMENT
EVT_00001300,RETRY_LATER,0.0,ALTERNATIVE_PAYMENT
EVT_00001300,HUMAN_ESCALATION,0.0,ALTERNATIVE_PAYMENT
EVT_00004902,ALTERNATIVE_PAYMENT,0.58,ALTERNATIVE_PAYMENT
EVT_00004902,RECOVERY_REMINDER,0.0,ALTERNATIVE_PAYMENT
EVT_00004902,RETRY_LATER,-0.1,ALTERNATIVE_PAYMENT
EVT_00004902,HUMAN_ESCALATION,0.0,ALTERNATIVE_PAYMENT
EVT_00002456,ALTERNATIVE_PAYMENT,0.2,RETRY_LATER
EVT_00002456,RECOVERY_REMINDER,0.0,RETRY_LATER
EVT_00002456,RETRY_LATER,0.25,RETRY_LATER
EVT_00002456,HUMAN_ESCALATION,0.0,RETRY_LATER
EVT_00000854,ALTERNATIVE_PAYMENT,0.0,RECOVERY_REMINDER
EVT_00000854,RECOVERY_REMINDER,0.75,RECOVERY_REMINDER
EVT_00000854,RETRY_LATER,-0.2,RECOVERY_REMINDER
EVT_00000854,HUMAN_ESCALATION,0.0,RECOVERY_REMINDER
EVT_00001464,ALTERNATIVE_PAYMENT,0.0,RECOVERY_REMINDER
EVT_00001464,RECOVERY_REMINDER,0.75,RECOVERY_REMINDER
EVT_00001464,RETRY_LATER,-0.2,RECOVERY_REMINDER
EVT_00001464,HUMAN_ESCALATION,0.0,RECOVERY_REMINDER
EVT_00006035,ALTERNATIVE_PAYMENT,0.5,ALTERNATIVE_PAYMENT
EVT_00006035,RECOVERY_REMINDER,0.0,ALTERNATIVE_PAYMENT
EVT_00006035,RETRY_LATER,0.0,ALTERNATIVE_PAYMENT
EVT_00006035,HUMAN_ESCALATION,0.0,ALTERNATIVE_PAYMENT
EVT_00007372,ALTERNATIVE_PAYMENT,0.58,ALTERNATIVE_PAYMENT
EVT_00007372,RECOVERY_REMINDER,0.0,ALTERNATIVE_PAYMENT
EVT_00007372,RETRY_LATER,-999999.0,ALTERNATIVE_PAYMENT
EVT_00007372,HUMAN_ESCALATION,0.0,ALTERNATIVE_PAYMENT
EVT_00001035,ALTERNATIVE_PAYMENT,0.0,RECOVERY_REMINDER
EVT_00001035,RECOVERY_REMINDER,0.75,RECOVERY_REMINDER
EVT_00001035,RETRY_LATER,-0.2,RECOVERY_REMINDER
EVT_00001035,HUMAN_ESCALATION,-0.2,RECOVERY_REMINDER
EVT_00009429,ALTERNATIVE_PAYMENT,0.28,ALTERNATIVE_PAYMENT
EVT_00009429,RECOVERY_REMINDER,0.0,ALTERNATIVE_PAYMENT
EVT_00009429,RETRY_LATER,-0.1,ALTERNATIVE_PAYMENT
EVT_00009429,HUMAN_ESCALATION,0.1,ALTERNATIVE_PAYMENT
EVT_00007845,ALTERNATIVE_PAYMENT,0.0,RECOVERY_REMINDER
EVT_00007845,RECOVERY_REMINDER,0.75,RECOVERY_REMINDER
EVT_00007845,RETRY_LATER,-0.2,RECOVERY_REMINDER
EVT_00007845,HUMAN_ESCALATION,0.0,RECOVERY_REMINDER
EVT_00005267,ALTERNATIVE_PAYMENT,0.0,RECOVERY_REMINDER
EVT_00005267,RECOVERY_REMINDER,0.75,RECOVERY_REMINDER
EVT_00005267,RETRY_LATER,-0.2,RECOVERY_REMINDER
EVT_00005267,HUMAN_ESCALATION,0.0,RECOVERY_REMINDER
EVT_00000399,ALTERNATIVE_PAYMENT,0.0,RECOVERY_REMINDER
EVT_00000399,RECOVERY_REMINDER,0.75,RECOVERY_REMINDER
EVT_00000399,RETRY_LATER,-0.2,RECOVERY_REMINDER
EVT_00000399,HUMAN_ESCALATION,0.0,RECOVERY_REMINDER
EVT_00009928,ALTERNATIVE_PAYMENT,0.5,ALTERNATIVE_PAYMENT
EVT_00009928,RECOVERY_REMINDER,0.0,ALTERNATIVE_PAYMENT
EVT_00009928,RETRY_LATER,0.0,ALTERNATIVE_PAYMENT
EVT_00009928,HUMAN_ESCALATION,0.0,ALTERNATIVE_PAYMENT
EVT_00009962,ALTERNATIVE_PAYMENT,0.2,RECOVERY_REMINDER
EVT_00009962,RECOVERY_REMINDER,0.25,RECOVERY_REMINDER
EVT_00009962,RETRY_LATER,-0.1,RECOVERY_REMINDER
EVT_00009962,HUMAN_ESCALATION,0.0,RECOVERY_REMINDER
EVT_00003388,ALTERNATIVE_PAYMENT,0.0,RECOVERY_REMINDER
EVT_00003388,RECOVERY_REMINDER,0.75,RECOVERY_REMINDER
EVT_00003388,RETRY_LATER,-0.2,RECOVERY_REMINDER
EVT_00003388,HUMAN_ESCALATION,0.0,RECOVERY_REMINDER
EVT_00003136,ALTERNATIVE_PAYMENT,0.2,RETRY_LATER
EVT_00003136,RECOVERY_REMINDER,0.0,RETRY_LATER
EVT_00003136,RETRY_LATER,0.25,RETRY_LATER
EVT_00003136,HUMAN_ESCALATION,0.0,RETRY_LATER
EVT_00005412,ALTERNATIVE_PAYMENT,0.0,RECOVERY_REMINDER
EVT_00005412,RECOVERY_REMINDER,0.75,RECOVERY_REMINDER
EVT_00005412,RETRY_LATER,-0.2,RECOVERY_REMINDER
EVT_00005412,HUMAN_ESCALATION,0.0,RECOVERY_REMINDER
EVT_00007473,ALTERNATIVE_PAYMENT,0.0,RECOVERY_REMINDER
EVT_00007473,RECOVERY_REMINDER,0.55,RECOVERY_REMINDER
EVT_00007473,RETRY_LATER,-0.2,RECOVERY_REMINDER
EVT_00007473,HUMAN_ESCALATION,0.0,RECOVERY_REMINDER
EVT_00005391,ALTERNATIVE_PAYMENT,0.2,RECOVERY_REMINDER
EVT_00005391,RECOVERY_REMINDER,0.25,RECOVERY_REMINDER
EVT_00005391,RETRY_LATER,-0.1,RECOVERY_REMINDER
EVT_00005391,HUMAN_ESCALATION,-0.2,RECOVERY_REMINDER
EVT_00000254,ALTERNATIVE_PAYMENT,0.28,ALTERNATIVE_PAYMENT
EVT_00000254,RECOVERY_REMINDER,0.0,ALTERNATIVE_PAYMENT
EVT_00000254,RETRY_LATER,-999999.0,ALTERNATIVE_PAYMENT
EVT_00000254,HUMAN_ESCALATION,0.1,ALTERNATIVE_PAYMENT
EVT_00009450,ALTERNATIVE_PAYMENT,0.2,RETRY_LATER
EVT_00009450,RECOVERY_REMINDER,0.0,RETRY_LATER
EVT_00009450,RETRY_LATER,0.25,RETRY_LATER
EVT_00009450,HUMAN_ESCALATION,0.0,RETRY_LATER
EVT_00004539,ALTERNATIVE_PAYMENT,0.0,RECOVERY_REMINDER
EVT_00004539,RECOVERY_REMINDER,0.75,RECOVERY_REMINDER
EVT_00004539,RETRY_LATER,-0.2,RECOVERY_REMINDER
EVT_00004539,HUMAN_ESCALATION,0.0,RECOVERY_REMINDER
EVT_00004634,ALTERNATIVE_PAYMENT,0.2,RECOVERY_REMINDER
EVT_00004634,RECOVERY_REMINDER,0.25,RECOVERY_REMINDER
EVT_00004634,RETRY_LATER,-0.1,RECOVERY_REMINDER
EVT_00004634,HUMAN_ESCALATION,0.0,RECOVERY_REMINDER
EVT_00001910,ALTERNATIVE_PAYMENT,0.0,RECOVERY_REMINDER
EVT_00001910,RECOVERY_REMINDER,0.79,RECOVERY_REMINDER
EVT_00001910,RETRY_LATER,-0.2,RECOVERY_REMINDER
EVT_00001910,HUMAN_ESCALATION,0.12,RECOVERY_REMINDER
EVT_00001529,ALTERNATIVE_PAYMENT,0.0,RECOVERY_REMINDER
EVT_00001529,RECOVERY_REMINDER,0.75,RECOVERY_REMINDER
EVT_00001529,RETRY_LATER,-0.2,RECOVERY_REMINDER
EVT_00001529,HUMAN_ESCALATION,0.0,RECOVERY_REMINDER
EVT_00007752,ALTERNATIVE_PAYMENT,0.2,HUMAN_ESCALATION
EVT_00007752,RECOVERY_REMINDER,0.04,HUMAN_ESCALATION
EVT_00007752,RETRY_LATER,0.0,HUMAN_ESCALATION
EVT_00007752,HUMAN_ESCALATION,0.22,HUMAN_ESCALATION
EVT_00002150,ALTERNATIVE_PAYMENT,0.28,ALTERNATIVE_PAYMENT
EVT_00002150,RECOVERY_REMINDER,0.04,ALTERNATIVE_PAYMENT
EVT_00002150,RETRY_LATER,0.15,ALTERNATIVE_PAYMENT
EVT_00002150,HUMAN_ESCALATION,0.12,ALTERNATIVE_PAYMENT
EVT_00000698,ALTERNATIVE_PAYMENT,0.5,ALTERNATIVE_PAYMENT
EVT_00000698,RECOVERY_REMINDER,0.04,ALTERNATIVE_PAYMENT
EVT_00000698,RETRY_LATER,0.0,ALTERNATIVE_PAYMENT
EVT_00000698,HUMAN_ESCALATION,0.12,ALTERNATIVE_PAYMENT
EVT_00008498,ALTERNATIVE_PAYMENT,0.2,HUMAN_ESCALATION
EVT_00008498,RECOVERY_REMINDER,0.04,HUMAN_ESCALATION
EVT_00008498,RETRY_LATER,0.0,HUMAN_ESCALATION
EVT_00008498,HUMAN_ESCALATION,0.22,HUMAN_ESCALATION
EVT_00002450,ALTERNATIVE_PAYMENT,0.0,RECOVERY_REMINDER
EVT_00002450,RECOVERY_REMINDER,0.75,RECOVERY_REMINDER
EVT_00002450,RETRY_LATER,-0.2,RECOVERY_REMINDER
EVT_00002450,HUMAN_ESCALATION,0.0,RECOVERY_REMINDER
EVT_00006886,ALTERNATIVE_PAYMENT,0.2,RECOVERY_REMINDER
EVT_00006886,RECOVERY_REMINDER,0.25,RECOVERY_REMINDER
EVT_00006886,RETRY_LATER,-0.1,RECOVERY_REMINDER
EVT_00006886,HUMAN_ESCALATION,0.0,RECOVERY_REMINDER
EVT_00003004,ALTERNATIVE_PAYMENT,0.2,RETRY_LATER
EVT_00003004,RECOVERY_REMINDER,0.0,RETRY_LATER
EVT_00003004,RETRY_LATER,0.25,RETRY_LATER
EVT_00003004,HUMAN_ESCALATION,-0.2,RETRY_LATER
EVT_00001100,ALTERNATIVE_PAYMENT,0.28,ALTERNATIVE_PAYMENT
EVT_00001100,RECOVERY_REMINDER,0.0,ALTERNATIVE_PAYMENT
EVT_00001100,RETRY_LATER,-999999.0,ALTERNATIVE_PAYMENT
EVT_00001100,HUMAN_ESCALATION,0.1,ALTERNATIVE_PAYMENT
EVT_00008462,ALTERNATIVE_PAYMENT,0.28,ALTERNATIVE_PAYMENT
EVT_00008462,RECOVERY_REMINDER,0.0,ALTERNATIVE_PAYMENT
EVT_00008462,RETRY_LATER,-999999.0,ALTERNATIVE_PAYMENT
EVT_00008462,HUMAN_ESCALATION,0.1,ALTERNATIVE_PAYMENT
EVT_00005604,ALTERNATIVE_PAYMENT,0.0,RECOVERY_REMINDER
EVT_00005604,RECOVERY_REMINDER,0.65,RECOVERY_REMINDER
EVT_00005604,RETRY_LATER,-0.2,RECOVERY_REMINDER
EVT_00005604,HUMAN_ESCALATION,0.0,RECOVERY_REMINDER
EVT_00003869,ALTERNATIVE_PAYMENT,0.28,ALTERNATIVE_PAYMENT
EVT_00003869,RECOVERY_REMINDER,0.04,ALTERNATIVE_PAYMENT
EVT_00003869,RETRY_LATER,-0.1,ALTERNATIVE_PAYMENT
EVT_00003869,HUMAN_ESCALATION,0.22,ALTERNATIVE_PAYMENT
EVT_00003602,ALTERNATIVE_PAYMENT,0.2,RETRY_LATER
EVT_00003602,RECOVERY_REMINDER,0.0,RETRY_LATER
EVT_00003602,RETRY_LATER,0.25,RETRY_LATER
EVT_00003602,HUMAN_ESCALATION,0.0,RETRY_LATER
EVT_00002499,ALTERNATIVE_PAYMENT,0.0,RECOVERY_REMINDER
EVT_00002499,RECOVERY_REMINDER,0.75,RECOVERY_REMINDER
EVT_00002499,RETRY_LATER,-0.2,RECOVERY_REMINDER
EVT_00002499,HUMAN_ESCALATION,0.0,RECOVERY_REMINDER
EVT_00003109,ALTERNATIVE_PAYMENT,0.2,RECOVERY_REMINDER
EVT_00003109,RECOVERY_REMINDER,0.25,RECOVERY_REMINDER
EVT_00003109,RETRY_LATER,-0.1,RECOVERY_REMINDER
EVT_00003109,HUMAN_ESCALATION,0.0,RECOVERY_REMINDER
EVT_00006314,ALTERNATIVE_PAYMENT,0.28,ALTERNATIVE_PAYMENT
EVT_00006314,RECOVERY_REMINDER,0.0,ALTERNATIVE_PAYMENT
EVT_00006314,RETRY_LATER,-999999.0,ALTERNATIVE_PAYMENT
EVT_00006314,HUMAN_ESCALATION,0.1,ALTERNATIVE_PAYMENT
EVT_00004235,ALTERNATIVE_PAYMENT,0.0,RECOVERY_REMINDER
EVT_00004235,RECOVERY_REMINDER,0.55,RECOVERY_REMINDER
EVT_00004235,RETRY_LATER,-0.2,RECOVERY_REMINDER
EVT_00004235,HUMAN_ESCALATION,0.0,RECOVERY_REMINDER
EVT_00004659,ALTERNATIVE_PAYMENT,0.5,ALTERNATIVE_PAYMENT
EVT_00004659,RECOVERY_REMINDER,0.0,ALTERNATIVE_PAYMENT
EVT_00004659,RETRY_LATER,0.0,ALTERNATIVE_PAYMENT
EVT_00004659,HUMAN_ESCALATION,0.0,ALTERNATIVE_PAYMENT
EVT_00001798,ALTERNATIVE_PAYMENT,0.2,RECOVERY_REMINDER
EVT_00001798,RECOVERY_REMINDER,0.25,RECOVERY_REMINDER
EVT_00001798,RETRY_LATER,-0.1,RECOVERY_REMINDER
EVT_00001798,HUMAN_ESCALATION,0.0,RECOVERY_REMINDER
EVT_00001542,ALTERNATIVE_PAYMENT,0.0,RECOVERY_REMINDER
EVT_00001542,RECOVERY_REMINDER,0.6900000000000001,RECOVERY_REMINDER
EVT_00001542,RETRY_LATER,-0.2,RECOVERY_REMINDER
EVT_00001542,HUMAN_ESCALATION,0.12,RECOVERY_REMINDER
EVT_00007312,ALTERNATIVE_PAYMENT,0.2,RECOVERY_REMINDER
EVT_00007312,RECOVERY_REMINDER,0.25,RECOVERY_REMINDER
EVT_00007312,RETRY_LATER,-0.1,RECOVERY_REMINDER
EVT_00007312,HUMAN_ESCALATION,0.0,RECOVERY_REMINDER
EVT_00005695,ALTERNATIVE_PAYMENT,0.0,RECOVERY_REMINDER
EVT_00005695,RECOVERY_REMINDER,0.65,RECOVERY_REMINDER
EVT_00005695,RETRY_LATER,-0.2,RECOVERY_REMINDER
EVT_00005695,HUMAN_ESCALATION,0.0,RECOVERY_REMINDER
EVT_00009863,ALTERNATIVE_PAYMENT,0.58,ALTERNATIVE_PAYMENT
EVT_00009863,RECOVERY_REMINDER,0.0,ALTERNATIVE_PAYMENT
EVT_00009863,RETRY_LATER,-999999.0,ALTERNATIVE_PAYMENT
EVT_00009863,HUMAN_ESCALATION,0.0,ALTERNATIVE_PAYMENT
EVT_00000739,ALTERNATIVE_PAYMENT,0.58,ALTERNATIVE_PAYMENT
EVT_00000739,RECOVERY_REMINDER,0.0,ALTERNATIVE_PAYMENT
EVT_00000739,RETRY_LATER,-0.1,ALTERNATIVE_PAYMENT
EVT_00000739,HUMAN_ESCALATION,0.0,ALTERNATIVE_PAYMENT
EVT_00007760,ALTERNATIVE_PAYMENT,0.58,ALTERNATIVE_PAYMENT
EVT_00007760,RECOVERY_REMINDER,0.0,ALTERNATIVE_PAYMENT
EVT_00007760,RETRY_LATER,-999999.0,ALTERNATIVE_PAYMENT
EVT_00007760,HUMAN_ESCALATION,0.0,ALTERNATIVE_PAYMENT
EVT_00001165,ALTERNATIVE_PAYMENT,0.2,RECOVERY_REMINDER
EVT_00001165,RECOVERY_REMINDER,0.25,RECOVERY_REMINDER
EVT_00001165,RETRY_LATER,-0.1,RECOVERY_REMINDER
EVT_00001165,HUMAN_ESCALATION,0.0,RECOVERY_REMINDER
EVT_00003690,ALTERNATIVE_PAYMENT,0.0,RECOVERY_REMINDER
EVT_00003690,RECOVERY_REMINDER,0.75,RECOVERY_REMINDER
EVT_00003690,RETRY_LATER,-0.2,RECOVERY_REMINDER
EVT_00003690,HUMAN_ESCALATION,0.0,RECOVERY_REMINDER
EVT_00009254,ALTERNATIVE_PAYMENT,0.5,ALTERNATIVE_PAYMENT
EVT_00009254,RECOVERY_REMINDER,0.0,ALTERNATIVE_PAYMENT
EVT_00009254,RETRY_LATER,0.0,ALTERNATIVE_PAYMENT
EVT_00009254,HUMAN_ESCALATION,0.0,ALTERNATIVE_PAYMENT
EVT_00004155,ALTERNATIVE_PAYMENT,0.2,RETRY_LATER
EVT_00004155,RECOVERY_REMINDER,0.0,RETRY_LATER
EVT_00004155,RETRY_LATER,0.25,RETRY_LATER
EVT_00004155,HUMAN_ESCALATION,0.0,RETRY_LATER
EVT_00006630,ALTERNATIVE_PAYMENT,0.5,ALTERNATIVE_PAYMENT
EVT_00006630,RECOVERY_REMINDER,0.0,ALTERNATIVE_PAYMENT
EVT_00006630,RETRY_LATER,0.0,ALTERNATIVE_PAYMENT
EVT_00006630,HUMAN_ESCALATION,0.0,ALTERNATIVE_PAYMENT
EVT_00006692,ALTERNATIVE_PAYMENT,0.28,ALTERNATIVE_PAYMENT
EVT_00006692,RECOVERY_REMINDER,0.0,ALTERNATIVE_PAYMENT
EVT_00006692,RETRY_LATER,-0.1,ALTERNATIVE_PAYMENT
EVT_00006692,HUMAN_ESCALATION,0.1,ALTERNATIVE_PAYMENT
EVT_00008886,ALTERNATIVE_PAYMENT,0.2,RETRY_LATER
EVT_00008886,RECOVERY_REMINDER,0.0,RETRY_LATER
EVT_00008886,RETRY_LATER,0.25,RETRY_LATER
EVT_00008886,HUMAN_ESCALATION,0.0,RETRY_LATER
EVT_00001652,ALTERNATIVE_PAYMENT,0.5,ALTERNATIVE_PAYMENT
EVT_00001652,RECOVERY_REMINDER,0.0,ALTERNATIVE_PAYMENT
EVT_00001652,RETRY_LATER,0.0,ALTERNATIVE_PAYMENT
EVT_00001652,HUMAN_ESCALATION,0.0,ALTERNATIVE_PAYMENT
EVT_00000215,ALTERNATIVE_PAYMENT,0.58,ALTERNATIVE_PAYMENT
EVT_00000215,RECOVERY_REMINDER,0.0,ALTERNATIVE_PAYMENT
EVT_00000215,RETRY_LATER,-999999.0,ALTERNATIVE_PAYMENT
EVT_00000215,HUMAN_ESCALATION,0.0,ALTERNATIVE_PAYMENT
EVT_00003936,ALTERNATIVE_PAYMENT,0.0,RECOVERY_REMINDER
EVT_00003936,RECOVERY_REMINDER,0.75,RECOVERY_REMINDER
EVT_00003936,RETRY_LATER,-0.2,RECOVERY_REMINDER
EVT_00003936,HUMAN_ESCALATION,0.0,RECOVERY_REMINDER
EVT_00008594,ALTERNATIVE_PAYMENT,0.58,ALTERNATIVE_PAYMENT
EVT_00008594,RECOVERY_REMINDER,0.0,ALTERNATIVE_PAYMENT
EVT_00008594,RETRY_LATER,-0.1,ALTERNATIVE_PAYMENT
EVT_00008594,HUMAN_ESCALATION,-0.2,ALTERNATIVE_PAYMENT
EVT_00004125,ALTERNATIVE_PAYMENT,0.2,RECOVERY_REMINDER
EVT_00004125,RECOVERY_REMINDER,0.25,RECOVERY_REMINDER
EVT_00004125,RETRY_LATER,-0.1,RECOVERY_REMINDER
EVT_00004125,HUMAN_ESCALATION,0.0,RECOVERY_REMINDER
EVT_00000983,ALTERNATIVE_PAYMENT,0.2,RETRY_LATER
EVT_00000983,RECOVERY_REMINDER,0.0,RETRY_LATER
EVT_00000983,RETRY_LATER,0.25,RETRY_LATER
EVT_00000983,HUMAN_ESCALATION,0.0,RETRY_LATER
EVT_00005897,ALTERNATIVE_PAYMENT,0.58,ALTERNATIVE_PAYMENT
EVT_00005897,RECOVERY_REMINDER,0.0,ALTERNATIVE_PAYMENT
EVT_00005897,RETRY_LATER,-0.1,ALTERNATIVE_PAYMENT
EVT_00005897,HUMAN_ESCALATION,0.0,ALTERNATIVE_PAYMENT
EVT_00006351,ALTERNATIVE_PAYMENT,0.2,ALTERNATIVE_PAYMENT
EVT_00006351,RECOVERY_REMINDER,0.0,ALTERNATIVE_PAYMENT
EVT_00006351,RETRY_LATER,0.0,ALTERNATIVE_PAYMENT
EVT_00006351,HUMAN_ESCALATION,0.1,ALTERNATIVE_PAYMENT
EVT_00005896,ALTERNATIVE_PAYMENT,0.0,RECOVERY_REMINDER
EVT_00005896,RECOVERY_REMINDER,0.65,RECOVERY_REMINDER
EVT_00005896,RETRY_LATER,-0.2,RECOVERY_REMINDER
EVT_00005896,HUMAN_ESCALATION,0.0,RECOVERY_REMINDER
EVT_00002398,ALTERNATIVE_PAYMENT,0.2,RETRY_LATER
EVT_00002398,RECOVERY_REMINDER,0.0,RETRY_LATER
EVT_00002398,RETRY_LATER,0.25,RETRY_LATER
EVT_00002398,HUMAN_ESCALATION,0.0,RETRY_LATER
EVT_00005264,ALTERNATIVE_PAYMENT,0.0,RECOVERY_REMINDER
EVT_00005264,RECOVERY_REMINDER,0.65,RECOVERY_REMINDER
EVT_00005264,RETRY_LATER,-0.2,RECOVERY_REMINDER
EVT_00005264,HUMAN_ESCALATION,0.0,RECOVERY_REMINDER
EVT_00008095,ALTERNATIVE_PAYMENT,0.28,ALTERNATIVE_PAYMENT
EVT_00008095,RECOVERY_REMINDER,0.0,ALTERNATIVE_PAYMENT
EVT_00008095,RETRY_LATER,0.15,ALTERNATIVE_PAYMENT
EVT_00008095,HUMAN_ESCALATION,0.0,ALTERNATIVE_PAYMENT
EVT_00005823,ALTERNATIVE_PAYMENT,0.2,RETRY_LATER
EVT_00005823,RECOVERY_REMINDER,0.0,RETRY_LATER
EVT_00005823,RETRY_LATER,0.25,RETRY_LATER
EVT_00005823,HUMAN_ESCALATION,0.0,RETRY_LATER
EVT_00006915,ALTERNATIVE_PAYMENT,0.58,ALTERNATIVE_PAYMENT
EVT_00006915,RECOVERY_REMINDER,0.0,ALTERNATIVE_PAYMENT
EVT_00006915,RETRY_LATER,-999999.0,ALTERNATIVE_PAYMENT
EVT_00006915,HUMAN_ESCALATION,0.0,ALTERNATIVE_PAYMENT
EVT_00004707,ALTERNATIVE_PAYMENT,0.5,ALTERNATIVE_PAYMENT
EVT_00004707,RECOVERY_REMINDER,0.0,ALTERNATIVE_PAYMENT
EVT_00004707,RETRY_LATER,0.0,ALTERNATIVE_PAYMENT
EVT_00004707,HUMAN_ESCALATION,0.0,ALTERNATIVE_PAYMENT
EVT_00008355,ALTERNATIVE_PAYMENT,0.28,ALTERNATIVE_PAYMENT
EVT_00008355,RECOVERY_REMINDER,0.0,ALTERNATIVE_PAYMENT
EVT_00008355,RETRY_LATER,0.15,ALTERNATIVE_PAYMENT
EVT_00008355,HUMAN_ESCALATION,0.0,ALTERNATIVE_PAYMENT
EVT_00002871,ALTERNATIVE_PAYMENT,0.5,ALTERNATIVE_PAYMENT
EVT_00002871,RECOVERY_REMINDER,0.0,ALTERNATIVE_PAYMENT
EVT_00002871,RETRY_LATER,0.0,ALTERNATIVE_PAYMENT
EVT_00002871,HUMAN_ESCALATION,0.0,ALTERNATIVE_PAYMENT
EVT_00007204,ALTERNATIVE_PAYMENT,0.58,ALTERNATIVE_PAYMENT
EVT_00007204,RECOVERY_REMINDER,0.0,ALTERNATIVE_PAYMENT
EVT_00007204,RETRY_LATER,-0.1,ALTERNATIVE_PAYMENT
EVT_00007204,HUMAN_ESCALATION,0.0,ALTERNATIVE_PAYMENT
EVT_00006659,ALTERNATIVE_PAYMENT,0.28,ALTERNATIVE_PAYMENT
EVT_00006659,RECOVERY_REMINDER,0.0,ALTERNATIVE_PAYMENT
EVT_00006659,RETRY_LATER,-0.1,ALTERNATIVE_PAYMENT
EVT_00006659,HUMAN_ESCALATION,0.1,ALTERNATIVE_PAYMENT
EVT_00000847,ALTERNATIVE_PAYMENT,0.0,RECOVERY_REMINDER
EVT_00000847,RECOVERY_REMINDER,0.79,RECOVERY_REMINDER
EVT_00000847,RETRY_LATER,-0.2,RECOVERY_REMINDER
EVT_00000847,HUMAN_ESCALATION,0.12,RECOVERY_REMINDER
EVT_00001456,ALTERNATIVE_PAYMENT,0.58,ALTERNATIVE_PAYMENT
EVT_00001456,RECOVERY_REMINDER,0.0,ALTERNATIVE_PAYMENT
EVT_00001456,RETRY_LATER,-999999.0,ALTERNATIVE_PAYMENT
EVT_00001456,HUMAN_ESCALATION,0.0,ALTERNATIVE_PAYMENT
EVT_00002744,ALTERNATIVE_PAYMENT,0.0,RECOVERY_REMINDER
EVT_00002744,RECOVERY_REMINDER,0.75,RECOVERY_REMINDER
EVT_00002744,RETRY_LATER,-0.2,RECOVERY_REMINDER
EVT_00002744,HUMAN_ESCALATION,0.0,RECOVERY_REMINDER
EVT_00005698,ALTERNATIVE_PAYMENT,0.58,ALTERNATIVE_PAYMENT
EVT_00005698,RECOVERY_REMINDER,0.04,ALTERNATIVE_PAYMENT
EVT_00005698,RETRY_LATER,-999999.0,ALTERNATIVE_PAYMENT
EVT_00005698,HUMAN_ESCALATION,0.12,ALTERNATIVE_PAYMENT
EVT_00003638,ALTERNATIVE_PAYMENT,0.58,ALTERNATIVE_PAYMENT
EVT_00003638,RECOVERY_REMINDER,0.0,ALTERNATIVE_PAYMENT
EVT_00003638,RETRY_LATER,-999999.0,ALTERNATIVE_PAYMENT
EVT_00003638,HUMAN_ESCALATION,0.0,ALTERNATIVE_PAYMENT
EVT_00006650,ALTERNATIVE_PAYMENT,0.58,ALTERNATIVE_PAYMENT
EVT_00006650,RECOVERY_REMINDER,0.0,ALTERNATIVE_PAYMENT
EVT_00006650,RETRY_LATER,-0.1,ALTERNATIVE_PAYMENT
EVT_00006650,HUMAN_ESCALATION,0.0,ALTERNATIVE_PAYMENT
EVT_00002798,ALTERNATIVE_PAYMENT,0.0,RECOVERY_REMINDER
EVT_00002798,RECOVERY_REMINDER,0.65,RECOVERY_REMINDER
EVT_00002798,RETRY_LATER,-0.2,RECOVERY_REMINDER
EVT_00002798,HUMAN_ESCALATION,0.0,RECOVERY_REMINDER
EVT_00002537,ALTERNATIVE_PAYMENT,0.2,RECOVERY_REMINDER
EVT_00002537,RECOVERY_REMINDER,0.25,RECOVERY_REMINDER
EVT_00002537,RETRY_LATER,-0.1,RECOVERY_REMINDER
EVT_00002537,HUMAN_ESCALATION,-999999.0,RECOVERY_REMINDER
EVT_00008370,ALTERNATIVE_PAYMENT,0.58,ALTERNATIVE_PAYMENT
EVT_00008370,RECOVERY_REMINDER,0.0,ALTERNATIVE_PAYMENT
EVT_00008370,RETRY_LATER,-999999.0,ALTERNATIVE_PAYMENT
EVT_00008370,HUMAN_ESCALATION,0.0,ALTERNATIVE_PAYMENT
EVT_00000082,ALTERNATIVE_PAYMENT,0.58,ALTERNATIVE_PAYMENT
EVT_00000082,RECOVERY_REMINDER,0.04,ALTERNATIVE_PAYMENT
EVT_00000082,RETRY_LATER,-999999.0,ALTERNATIVE_PAYMENT
EVT_00000082,HUMAN_ESCALATION,0.12,ALTERNATIVE_PAYMENT
EVT_00009921,ALTERNATIVE_PAYMENT,0.0,RECOVERY_REMINDER
EVT_00009921,RECOVERY_REMINDER,0.75,RECOVERY_REMINDER
EVT_00009921,RETRY_LATER,-0.2,RECOVERY_REMINDER
EVT_00009921,HUMAN_ESCALATION,0.0,RECOVERY_REMINDER
EVT_00000830,ALTERNATIVE_PAYMENT,0.2,RETRY_LATER
EVT_00000830,RECOVERY_REMINDER,0.0,RETRY_LATER
EVT_00000830,RETRY_LATER,0.25,RETRY_LATER
EVT_00000830,HUMAN_ESCALATION,0.0,RETRY_LATER
EVT_00009739,ALTERNATIVE_PAYMENT,0.0,RECOVERY_REMINDER
EVT_00009739,RECOVERY_REMINDER,0.75,RECOVERY_REMINDER
EVT_00009739,RETRY_LATER,-0.2,RECOVERY_REMINDER
EVT_00009739,HUMAN_ESCALATION,0.0,RECOVERY_REMINDER
EVT_00008286,ALTERNATIVE_PAYMENT,0.28,ALTERNATIVE_PAYMENT
EVT_00008286,RECOVERY_REMINDER,0.0,ALTERNATIVE_PAYMENT
EVT_00008286,RETRY_LATER,0.15,ALTERNATIVE_PAYMENT
EVT_00008286,HUMAN_ESCALATION,0.0,ALTERNATIVE_PAYMENT
EVT_00006698,ALTERNATIVE_PAYMENT,0.28,ALTERNATIVE_PAYMENT
EVT_00006698,RECOVERY_REMINDER,0.0,ALTERNATIVE_PAYMENT
EVT_00006698,RETRY_LATER,0.15,ALTERNATIVE_PAYMENT
EVT_00006698,HUMAN_ESCALATION,0.0,ALTERNATIVE_PAYMENT
EVT_00004142,ALTERNATIVE_PAYMENT,0.2,RECOVERY_REMINDER
EVT_00004142,RECOVERY_REMINDER,0.25,RECOVERY_REMINDER
EVT_00004142,RETRY_LATER,-0.1,RECOVERY_REMINDER
EVT_00004142,HUMAN_ESCALATION,0.0,RECOVERY_REMINDER
EVT_00003462,ALTERNATIVE_PAYMENT,0.2,RECOVERY_REMINDER
EVT_00003462,RECOVERY_REMINDER,0.25,RECOVERY_REMINDER
EVT_00003462,RETRY_LATER,-0.1,RECOVERY_REMINDER
EVT_00003462,HUMAN_ESCALATION,0.0,RECOVERY_REMINDER
EVT_00005077,ALTERNATIVE_PAYMENT,0.28,ALTERNATIVE_PAYMENT
EVT_00005077,RECOVERY_REMINDER,0.0,ALTERNATIVE_PAYMENT
EVT_00005077,RETRY_LATER,-999999.0,ALTERNATIVE_PAYMENT
EVT_00005077,HUMAN_ESCALATION,0.1,ALTERNATIVE_PAYMENT
EVT_00009073,ALTERNATIVE_PAYMENT,0.2,RETRY_LATER
EVT_00009073,RECOVERY_REMINDER,0.0,RETRY_LATER
EVT_00009073,RETRY_LATER,0.25,RETRY_LATER
EVT_00009073,HUMAN_ESCALATION,0.0,RETRY_LATER
EVT_00004747,ALTERNATIVE_PAYMENT,0.0,RECOVERY_REMINDER
EVT_00004747,RECOVERY_REMINDER,0.75,RECOVERY_REMINDER
EVT_00004747,RETRY_LATER,-0.2,RECOVERY_REMINDER
EVT_00004747,HUMAN_ESCALATION,0.0,RECOVERY_REMINDER
EVT_00006525,ALTERNATIVE_PAYMENT,0.5,ALTERNATIVE_PAYMENT
EVT_00006525,RECOVERY_REMINDER,0.0,ALTERNATIVE_PAYMENT
EVT_00006525,RETRY_LATER,0.0,ALTERNATIVE_PAYMENT
EVT_00006525,HUMAN_ESCALATION,0.0,ALTERNATIVE_PAYMENT
EVT_00007085,ALTERNATIVE_PAYMENT,0.5,ALTERNATIVE_PAYMENT
EVT_00007085,RECOVERY_REMINDER,0.0,ALTERNATIVE_PAYMENT
EVT_00007085,RETRY_LATER,0.0,ALTERNATIVE_PAYMENT
EVT_00007085,HUMAN_ESCALATION,0.0,ALTERNATIVE_PAYMENT
EVT_00003285,ALTERNATIVE_PAYMENT,0.2,RECOVERY_REMINDER
EVT_00003285,RECOVERY_REMINDER,0.25,RECOVERY_REMINDER
EVT_00003285,RETRY_LATER,-0.1,RECOVERY_REMINDER
EVT_00003285,HUMAN_ESCALATION,0.0,RECOVERY_REMINDER
EVT_00006551,ALTERNATIVE_PAYMENT,0.2,RETRY_LATER
EVT_00006551,RECOVERY_REMINDER,0.0,RETRY_LATER
EVT_00006551,RETRY_LATER,0.25,RETRY_LATER
EVT_00006551,HUMAN_ESCALATION,0.0,RETRY_LATER
EVT_00009797,ALTERNATIVE_PAYMENT,0.2,RETRY_LATER
EVT_00009797,RECOVERY_REMINDER,0.0,RETRY_LATER
EVT_00009797,RETRY_LATER,0.25,RETRY_LATER
EVT_00009797,HUMAN_ESCALATION,0.0,RETRY_LATER
EVT_00002530,ALTERNATIVE_PAYMENT,0.28,ALTERNATIVE_PAYMENT
EVT_00002530,RECOVERY_REMINDER,0.0,ALTERNATIVE_PAYMENT
EVT_00002530,RETRY_LATER,0.15,ALTERNATIVE_PAYMENT
EVT_00002530,HUMAN_ESCALATION,0.0,ALTERNATIVE_PAYMENT
EVT_00002760,ALTERNATIVE_PAYMENT,0.28,ALTERNATIVE_PAYMENT
EVT_00002760,RECOVERY_REMINDER,0.0,ALTERNATIVE_PAYMENT
EVT_00002760,RETRY_LATER,0.15,ALTERNATIVE_PAYMENT
EVT_00002760,HUMAN_ESCALATION,0.0,ALTERNATIVE_PAYMENT
EVT_00001861,ALTERNATIVE_PAYMENT,0.28,ALTERNATIVE_PAYMENT
EVT_00001861,RECOVERY_REMINDER,0.0,ALTERNATIVE_PAYMENT
EVT_00001861,RETRY_LATER,-999999.0,ALTERNATIVE_PAYMENT
EVT_00001861,HUMAN_ESCALATION,0.1,ALTERNATIVE_PAYMENT
EVT_00005528,ALTERNATIVE_PAYMENT,0.0,RECOVERY_REMINDER
EVT_00005528,RECOVERY_REMINDER,0.65,RECOVERY_REMINDER
EVT_00005528,RETRY_LATER,-0.2,RECOVERY_REMINDER
EVT_00005528,HUMAN_ESCALATION,0.0,RECOVERY_REMINDER
EVT_00000353,ALTERNATIVE_PAYMENT,0.0,RECOVERY_REMINDER
EVT_00000353,RECOVERY_REMINDER,0.75,RECOVERY_REMINDER
EVT_00000353,RETRY_LATER,-0.2,RECOVERY_REMINDER
EVT_00000353,HUMAN_ESCALATION,0.0,RECOVERY_REMINDER
EVT_00005167,ALTERNATIVE_PAYMENT,0.2,RECOVERY_REMINDER
EVT_00005167,RECOVERY_REMINDER,0.25,RECOVERY_REMINDER
EVT_00005167,RETRY_LATER,-0.1,RECOVERY_REMINDER
EVT_00005167,HUMAN_ESCALATION,0.0,RECOVERY_REMINDER
EVT_00002254,ALTERNATIVE_PAYMENT,0.5,ALTERNATIVE_PAYMENT
EVT_00002254,RECOVERY_REMINDER,0.0,ALTERNATIVE_PAYMENT
EVT_00002254,RETRY_LATER,0.0,ALTERNATIVE_PAYMENT
EVT_00002254,HUMAN_ESCALATION,0.0,ALTERNATIVE_PAYMENT
EVT_00007858,ALTERNATIVE_PAYMENT,0.2,RETRY_LATER
EVT_00007858,RECOVERY_REMINDER,0.0,RETRY_LATER
EVT_00007858,RETRY_LATER,0.25,RETRY_LATER
EVT_00007858,HUMAN_ESCALATION,0.0,RETRY_LATER
EVT_00007676,ALTERNATIVE_PAYMENT,0.0,RECOVERY_REMINDER
EVT_00007676,RECOVERY_REMINDER,0.75,RECOVERY_REMINDER
EVT_00007676,RETRY_LATER,-0.2,RECOVERY_REMINDER
EVT_00007676,HUMAN_ESCALATION,0.0,RECOVERY_REMINDER
EVT_00009900,ALTERNATIVE_PAYMENT,0.58,ALTERNATIVE_PAYMENT
EVT_00009900,RECOVERY_REMINDER,0.0,ALTERNATIVE_PAYMENT
EVT_00009900,RETRY_LATER,-0.1,ALTERNATIVE_PAYMENT
EVT_00009900,HUMAN_ESCALATION,0.0,ALTERNATIVE_PAYMENT
EVT_00006896,ALTERNATIVE_PAYMENT,0.0,RECOVERY_REMINDER
EVT_00006896,RECOVERY_REMINDER,0.79,RECOVERY_REMINDER
EVT_00006896,RETRY_LATER,-0.2,RECOVERY_REMINDER
EVT_00006896,HUMAN_ESCALATION,0.12,RECOVERY_REMINDER
EVT_00008456,ALTERNATIVE_PAYMENT,0.28,ALTERNATIVE_PAYMENT
EVT_00008456,RECOVERY_REMINDER,0.0,ALTERNATIVE_PAYMENT
EVT_00008456,RETRY_LATER,-999999.0,ALTERNATIVE_PAYMENT
EVT_00008456,HUMAN_ESCALATION,0.0,ALTERNATIVE_PAYMENT
EVT_00005038,ALTERNATIVE_PAYMENT,0.28,ALTERNATIVE_PAYMENT
EVT_00005038,RECOVERY_REMINDER,0.0,ALTERNATIVE_PAYMENT
EVT_00005038,RETRY_LATER,-999999.0,ALTERNATIVE_PAYMENT
EVT_00005038,HUMAN_ESCALATION,0.1,ALTERNATIVE_PAYMENT
EVT_00008167,ALTERNATIVE_PAYMENT,0.2,RETRY_LATER
EVT_00008167,RECOVERY_REMINDER,0.0,RETRY_LATER
EVT_00008167,RETRY_LATER,0.25,RETRY_LATER
EVT_00008167,HUMAN_ESCALATION,0.0,RETRY_LATER
EVT_00007635,ALTERNATIVE_PAYMENT,0.28,ALTERNATIVE_PAYMENT
EVT_00007635,RECOVERY_REMINDER,0.0,ALTERNATIVE_PAYMENT
EVT_00007635,RETRY_LATER,-999999.0,ALTERNATIVE_PAYMENT
EVT_00007635,HUMAN_ESCALATION,0.1,ALTERNATIVE_PAYMENT
EVT_00005436,ALTERNATIVE_PAYMENT,0.5,ALTERNATIVE_PAYMENT
EVT_00005436,RECOVERY_REMINDER,0.0,ALTERNATIVE_PAYMENT
EVT_00005436,RETRY_LATER,0.0,ALTERNATIVE_PAYMENT
EVT_00005436,HUMAN_ESCALATION,0.0,ALTERNATIVE_PAYMENT
EVT_00002756,ALTERNATIVE_PAYMENT,0.2,RECOVERY_REMINDER
EVT_00002756,RECOVERY_REMINDER,0.25,RECOVERY_REMINDER
EVT_00002756,RETRY_LATER,-0.1,RECOVERY_REMINDER
EVT_00002756,HUMAN_ESCALATION,0.0,RECOVERY_REMINDER
EVT_00004594,ALTERNATIVE_PAYMENT,0.28,ALTERNATIVE_PAYMENT
EVT_00004594,RECOVERY_REMINDER,0.0,ALTERNATIVE_PAYMENT
EVT_00004594,RETRY_LATER,-0.1,ALTERNATIVE_PAYMENT
EVT_00004594,HUMAN_ESCALATION,0.1,ALTERNATIVE_PAYMENT
EVT_00008396,ALTERNATIVE_PAYMENT,0.2,ALTERNATIVE_PAYMENT
EVT_00008396,RECOVERY_REMINDER,0.0,ALTERNATIVE_PAYMENT
EVT_00008396,RETRY_LATER,0.0,ALTERNATIVE_PAYMENT
EVT_00008396,HUMAN_ESCALATION,0.1,ALTERNATIVE_PAYMENT
EVT_00001730,ALTERNATIVE_PAYMENT,0.0,RECOVERY_REMINDER
EVT_00001730,RECOVERY_REMINDER,0.75,RECOVERY_REMINDER
EVT_00001730,RETRY_LATER,-0.2,RECOVERY_REMINDER
EVT_00001730,HUMAN_ESCALATION,-0.2,RECOVERY_REMINDER
EVT_00007000,ALTERNATIVE_PAYMENT,0.0,RECOVERY_REMINDER
EVT_00007000,RECOVERY_REMINDER,0.75,RECOVERY_REMINDER
EVT_00007000,RETRY_LATER,-0.2,RECOVERY_REMINDER
EVT_00007000,HUMAN_ESCALATION,0.0,RECOVERY_REMINDER
EVT_00006141,ALTERNATIVE_PAYMENT,0.28,ALTERNATIVE_PAYMENT
EVT_00006141,RECOVERY_REMINDER,0.0,ALTERNATIVE_PAYMENT
EVT_00006141,RETRY_LATER,-999999.0,ALTERNATIVE_PAYMENT
EVT_00006141,HUMAN_ESCALATION,0.1,ALTERNATIVE_PAYMENT
EVT_00009154,ALTERNATIVE_PAYMENT,0.2,RETRY_LATER
EVT_00009154,RECOVERY_REMINDER,0.04,RETRY_LATER
EVT_00009154,RETRY_LATER,0.25,RETRY_LATER
EVT_00009154,HUMAN_ESCALATION,0.12,RETRY_LATER
EVT_00005712,ALTERNATIVE_PAYMENT,0.2,RETRY_LATER
EVT_00005712,RECOVERY_REMINDER,0.0,RETRY_LATER
EVT_00005712,RETRY_LATER,0.25,RETRY_LATER
EVT_00005712,HUMAN_ESCALATION,0.0,RETRY_LATER
EVT_00007176,ALTERNATIVE_PAYMENT,0.28,ALTERNATIVE_PAYMENT
EVT_00007176,RECOVERY_REMINDER,0.0,ALTERNATIVE_PAYMENT
EVT_00007176,RETRY_LATER,-999999.0,ALTERNATIVE_PAYMENT
EVT_00007176,HUMAN_ESCALATION,0.0,ALTERNATIVE_PAYMENT
EVT_00002930,ALTERNATIVE_PAYMENT,0.28,ALTERNATIVE_PAYMENT
EVT_00002930,RECOVERY_REMINDER,0.0,ALTERNATIVE_PAYMENT
EVT_00002930,RETRY_LATER,-0.1,ALTERNATIVE_PAYMENT
EVT_00002930,HUMAN_ESCALATION,0.1,ALTERNATIVE_PAYMENT
EVT_00009520,ALTERNATIVE_PAYMENT,0.28,ALTERNATIVE_PAYMENT
EVT_00009520,RECOVERY_REMINDER,0.0,ALTERNATIVE_PAYMENT
EVT_00009520,RETRY_LATER,-999999.0,ALTERNATIVE_PAYMENT
EVT_00009520,HUMAN_ESCALATION,0.0,ALTERNATIVE_PAYMENT
EVT_00000455,ALTERNATIVE_PAYMENT,0.2,RECOVERY_REMINDER
EVT_00000455,RECOVERY_REMINDER,0.25,RECOVERY_REMINDER
EVT_00000455,RETRY_LATER,-0.1,RECOVERY_REMINDER
EVT_00000455,HUMAN_ESCALATION,0.0,RECOVERY_REMINDER
EVT_00005610,ALTERNATIVE_PAYMENT,0.2,RECOVERY_REMINDER
EVT_00005610,RECOVERY_REMINDER,0.25,RECOVERY_REMINDER
EVT_00005610,RETRY_LATER,-0.1,RECOVERY_REMINDER
EVT_00005610,HUMAN_ESCALATION,0.0,RECOVERY_REMINDER
EVT_00008806,ALTERNATIVE_PAYMENT,0.58,ALTERNATIVE_PAYMENT
EVT_00008806,RECOVERY_REMINDER,0.0,ALTERNATIVE_PAYMENT
EVT_00008806,RETRY_LATER,-0.1,ALTERNATIVE_PAYMENT
EVT_00008806,HUMAN_ESCALATION,0.0,ALTERNATIVE_PAYMENT
EVT_00006465,ALTERNATIVE_PAYMENT,0.28,ALTERNATIVE_PAYMENT
EVT_00006465,RECOVERY_REMINDER,0.04,ALTERNATIVE_PAYMENT
EVT_00006465,RETRY_LATER,-999999.0,ALTERNATIVE_PAYMENT
EVT_00006465,HUMAN_ESCALATION,0.12,ALTERNATIVE_PAYMENT
EVT_00002526,ALTERNATIVE_PAYMENT,0.28,ALTERNATIVE_PAYMENT
EVT_00002526,RECOVERY_REMINDER,0.0,ALTERNATIVE_PAYMENT
EVT_00002526,RETRY_LATER,-999999.0,ALTERNATIVE_PAYMENT
EVT_00002526,HUMAN_ESCALATION,0.0,ALTERNATIVE_PAYMENT
EVT_00000408,ALTERNATIVE_PAYMENT,0.2,RECOVERY_REMINDER
EVT_00000408,RECOVERY_REMINDER,0.25,RECOVERY_REMINDER
EVT_00000408,RETRY_LATER,-0.1,RECOVERY_REMINDER
EVT_00000408,HUMAN_ESCALATION,0.0,RECOVERY_REMINDER
EVT_00005540,ALTERNATIVE_PAYMENT,0.2,RETRY_LATER
EVT_00005540,RECOVERY_REMINDER,0.0,RETRY_LATER
EVT_00005540,RETRY_LATER,0.25,RETRY_LATER
EVT_00005540,HUMAN_ESCALATION,-999999.0,RETRY_LATER
EVT_00002333,ALTERNATIVE_PAYMENT,0.28,ALTERNATIVE_PAYMENT
EVT_00002333,RECOVERY_REMINDER,0.0,ALTERNATIVE_PAYMENT
EVT_00002333,RETRY_LATER,-999999.0,ALTERNATIVE_PAYMENT
EVT_00002333,HUMAN_ESCALATION,0.0,ALTERNATIVE_PAYMENT
EVT_00004131,ALTERNATIVE_PAYMENT,0.2,RECOVERY_REMINDER
EVT_00004131,RECOVERY_REMINDER,0.25,RECOVERY_REMINDER
EVT_00004131,RETRY_LATER,-0.1,RECOVERY_REMINDER
EVT_00004131,HUMAN_ESCALATION,0.0,RECOVERY_REMINDER
EVT_00006962,ALTERNATIVE_PAYMENT,0.5,ALTERNATIVE_PAYMENT
EVT_00006962,RECOVERY_REMINDER,0.0,ALTERNATIVE_PAYMENT
EVT_00006962,RETRY_LATER,0.0,ALTERNATIVE_PAYMENT
EVT_00006962,HUMAN_ESCALATION,0.0,ALTERNATIVE_PAYMENT
EVT_00009483,ALTERNATIVE_PAYMENT,0.5,ALTERNATIVE_PAYMENT
EVT_00009483,RECOVERY_REMINDER,0.0,ALTERNATIVE_PAYMENT
EVT_00009483,RETRY_LATER,0.0,ALTERNATIVE_PAYMENT
EVT_00009483,HUMAN_ESCALATION,-0.2,ALTERNATIVE_PAYMENT
EVT_00009563,ALTERNATIVE_PAYMENT,0.0,RECOVERY_REMINDER
EVT_00009563,RECOVERY_REMINDER,0.6900000000000001,RECOVERY_REMINDER
EVT_00009563,RETRY_LATER,-0.2,RECOVERY_REMINDER
EVT_00009563,HUMAN_ESCALATION,0.12,RECOVERY_REMINDER
EVT_00001451,ALTERNATIVE_PAYMENT,0.2,RETRY_LATER
EVT_00001451,RECOVERY_REMINDER,0.0,RETRY_LATER
EVT_00001451,RETRY_LATER,0.25,RETRY_LATER
EVT_00001451,HUMAN_ESCALATION,0.0,RETRY_LATER
EVT_00002023,ALTERNATIVE_PAYMENT,0.0,RECOVERY_REMINDER
EVT_00002023,RECOVERY_REMINDER,0.75,RECOVERY_REMINDER
EVT_00002023,RETRY_LATER,-0.2,RECOVERY_REMINDER
EVT_00002023,HUMAN_ESCALATION,0.0,RECOVERY_REMINDER
EVT_00004153,ALTERNATIVE_PAYMENT,0.0,RECOVERY_REMINDER
EVT_00004153,RECOVERY_REMINDER,0.55,RECOVERY_REMINDER
EVT_00004153,RETRY_LATER,-0.2,RECOVERY_REMINDER
EVT_00004153,HUMAN_ESCALATION,0.0,RECOVERY_REMINDER
EVT_00007133,ALTERNATIVE_PAYMENT,0.2,RETRY_LATER
EVT_00007133,RECOVERY_REMINDER,0.0,RETRY_LATER
EVT_00007133,RETRY_LATER,0.25,RETRY_LATER
EVT_00007133,HUMAN_ESCALATION,-0.2,RETRY_LATER
EVT_00005799,ALTERNATIVE_PAYMENT,0.2,ALTERNATIVE_PAYMENT
EVT_00005799,RECOVERY_REMINDER,0.0,ALTERNATIVE_PAYMENT
EVT_00005799,RETRY_LATER,0.0,ALTERNATIVE_PAYMENT
EVT_00005799,HUMAN_ESCALATION,0.1,ALTERNATIVE_PAYMENT
EVT_00006714,ALTERNATIVE_PAYMENT,0.2,RECOVERY_REMINDER
EVT_00006714,RECOVERY_REMINDER,0.25,RECOVERY_REMINDER
EVT_00006714,RETRY_LATER,-0.1,RECOVERY_REMINDER
EVT_00006714,HUMAN_ESCALATION,0.0,RECOVERY_REMINDER
EVT_00008676,ALTERNATIVE_PAYMENT,0.0,RECOVERY_REMINDER
EVT_00008676,RECOVERY_REMINDER,0.65,RECOVERY_REMINDER
EVT_00008676,RETRY_LATER,-0.2,RECOVERY_REMINDER
EVT_00008676,HUMAN_ESCALATION,0.0,RECOVERY_REMINDER
EVT_00006134,ALTERNATIVE_PAYMENT,0.0,RECOVERY_REMINDER
EVT_00006134,RECOVERY_REMINDER,0.75,RECOVERY_REMINDER
EVT_00006134,RETRY_LATER,-0.2,RECOVERY_REMINDER
EVT_00006134,HUMAN_ESCALATION,0.0,RECOVERY_REMINDER
EVT_00006249,ALTERNATIVE_PAYMENT,0.58,ALTERNATIVE_PAYMENT
EVT_00006249,RECOVERY_REMINDER,0.0,ALTERNATIVE_PAYMENT
EVT_00006249,RETRY_LATER,-0.1,ALTERNATIVE_PAYMENT
EVT_00006249,HUMAN_ESCALATION,0.0,ALTERNATIVE_PAYMENT
EVT_00006230,ALTERNATIVE_PAYMENT,0.2,RETRY_LATER
EVT_00006230,RECOVERY_REMINDER,0.04,RETRY_LATER
EVT_00006230,RETRY_LATER,0.25,RETRY_LATER
EVT_00006230,HUMAN_ESCALATION,0.12,RETRY_LATER
EVT_00000885,ALTERNATIVE_PAYMENT,0.2,RECOVERY_REMINDER
EVT_00000885,RECOVERY_REMINDER,0.25,RECOVERY_REMINDER
EVT_00000885,RETRY_LATER,-0.1,RECOVERY_REMINDER
EVT_00000885,HUMAN_ESCALATION,0.0,RECOVERY_REMINDER
EVT_00007405,ALTERNATIVE_PAYMENT,0.2,RECOVERY_REMINDER
EVT_00007405,RECOVERY_REMINDER,0.25,RECOVERY_REMINDER
EVT_00007405,RETRY_LATER,-0.1,RECOVERY_REMINDER
EVT_00007405,HUMAN_ESCALATION,0.0,RECOVERY_REMINDER
EVT_00009218,ALTERNATIVE_PAYMENT,0.5,ALTERNATIVE_PAYMENT
EVT_00009218,RECOVERY_REMINDER,0.0,ALTERNATIVE_PAYMENT
EVT_00009218,RETRY_LATER,0.0,ALTERNATIVE_PAYMENT
EVT_00009218,HUMAN_ESCALATION,0.0,ALTERNATIVE_PAYMENT
EVT_00007855,ALTERNATIVE_PAYMENT,0.28,ALTERNATIVE_PAYMENT
EVT_00007855,RECOVERY_REMINDER,0.04,ALTERNATIVE_PAYMENT
EVT_00007855,RETRY_LATER,-999999.0,ALTERNATIVE_PAYMENT
EVT_00007855,HUMAN_ESCALATION,0.22,ALTERNATIVE_PAYMENT
EVT_00006769,ALTERNATIVE_PAYMENT,0.5,ALTERNATIVE_PAYMENT
EVT_00006769,RECOVERY_REMINDER,0.0,ALTERNATIVE_PAYMENT
EVT_00006769,RETRY_LATER,0.0,ALTERNATIVE_PAYMENT
EVT_00006769,HUMAN_ESCALATION,0.0,ALTERNATIVE_PAYMENT
EVT_00003594,ALTERNATIVE_PAYMENT,0.2,RETRY_LATER
EVT_00003594,RECOVERY_REMINDER,0.0,RETRY_LATER
EVT_00003594,RETRY_LATER,0.25,RETRY_LATER
EVT_00003594,HUMAN_ESCALATION,0.0,RETRY_LATER
EVT_00006671,ALTERNATIVE_PAYMENT,0.2,RETRY_LATER
EVT_00006671,RECOVERY_REMINDER,0.0,RETRY_LATER
EVT_00006671,RETRY_LATER,0.25,RETRY_LATER
EVT_00006671,HUMAN_ESCALATION,-0.2,RETRY_LATER
EVT_00002194,ALTERNATIVE_PAYMENT,0.5,ALTERNATIVE_PAYMENT
EVT_00002194,RECOVERY_REMINDER,0.0,ALTERNATIVE_PAYMENT
EVT_00002194,RETRY_LATER,0.0,ALTERNATIVE_PAYMENT
EVT_00002194,HUMAN_ESCALATION,0.0,ALTERNATIVE_PAYMENT
EVT_00006361,ALTERNATIVE_PAYMENT,0.58,ALTERNATIVE_PAYMENT
EVT_00006361,RECOVERY_REMINDER,0.0,ALTERNATIVE_PAYMENT
EVT_00006361,RETRY_LATER,-999999.0,ALTERNATIVE_PAYMENT
EVT_00006361,HUMAN_ESCALATION,0.0,ALTERNATIVE_PAYMENT
EVT_00003931,ALTERNATIVE_PAYMENT,0.2,RETRY_LATER
EVT_00003931,RECOVERY_REMINDER,0.0,RETRY_LATER
EVT_00003931,RETRY_LATER,0.25,RETRY_LATER
EVT_00003931,HUMAN_ESCALATION,0.0,RETRY_LATER
EVT_00001449,ALTERNATIVE_PAYMENT,0.2,RETRY_LATER
EVT_00001449,RECOVERY_REMINDER,0.0,RETRY_LATER
EVT_00001449,RETRY_LATER,0.25,RETRY_LATER
EVT_00001449,HUMAN_ESCALATION,0.0,RETRY_LATER
EVT_00003261,ALTERNATIVE_PAYMENT,0.2,RECOVERY_REMINDER
EVT_00003261,RECOVERY_REMINDER,0.25,RECOVERY_REMINDER
EVT_00003261,RETRY_LATER,-0.1,RECOVERY_REMINDER
EVT_00003261,HUMAN_ESCALATION,0.0,RECOVERY_REMINDER
EVT_00008508,ALTERNATIVE_PAYMENT,0.2,RECOVERY_REMINDER
EVT_00008508,RECOVERY_REMINDER,0.25,RECOVERY_REMINDER
EVT_00008508,RETRY_LATER,-0.1,RECOVERY_REMINDER
EVT_00008508,HUMAN_ESCALATION,0.0,RECOVERY_REMINDER
EVT_00000260,ALTERNATIVE_PAYMENT,0.2,RETRY_LATER
EVT_00000260,RECOVERY_REMINDER,0.0,RETRY_LATER
EVT_00000260,RETRY_LATER,0.25,RETRY_LATER
EVT_00000260,HUMAN_ESCALATION,0.0,RETRY_LATER
EVT_00003801,ALTERNATIVE_PAYMENT,0.2,RETRY_LATER
EVT_00003801,RECOVERY_REMINDER,0.0,RETRY_LATER
EVT_00003801,RETRY_LATER,0.25,RETRY_LATER
EVT_00003801,HUMAN_ESCALATION,0.0,RETRY_LATER
EVT_00001512,ALTERNATIVE_PAYMENT,0.0,RECOVERY_REMINDER
EVT_00001512,RECOVERY_REMINDER,0.45,RECOVERY_REMINDER
EVT_00001512,RETRY_LATER,-0.2,RECOVERY_REMINDER
EVT_00001512,HUMAN_ESCALATION,-0.2,RECOVERY_REMINDER
EVT_00002477,ALTERNATIVE_PAYMENT,0.2,RETRY_LATER
EVT_00002477,RECOVERY_REMINDER,0.0,RETRY_LATER
EVT_00002477,RETRY_LATER,0.25,RETRY_LATER
EVT_00002477,HUMAN_ESCALATION,0.0,RETRY_LATER
EVT_00009704,ALTERNATIVE_PAYMENT,0.28,ALTERNATIVE_PAYMENT
EVT_00009704,RECOVERY_REMINDER,0.0,ALTERNATIVE_PAYMENT
EVT_00009704,RETRY_LATER,0.15,ALTERNATIVE_PAYMENT
EVT_00009704,HUMAN_ESCALATION,0.0,ALTERNATIVE_PAYMENT
EVT_00002650,ALTERNATIVE_PAYMENT,0.2,RECOVERY_REMINDER
EVT_00002650,RECOVERY_REMINDER,0.25,RECOVERY_REMINDER
EVT_00002650,RETRY_LATER,-0.1,RECOVERY_REMINDER
EVT_00002650,HUMAN_ESCALATION,0.0,RECOVERY_REMINDER
EVT_00004287,ALTERNATIVE_PAYMENT,0.0,RECOVERY_REMINDER
EVT_00004287,RECOVERY_REMINDER,0.75,RECOVERY_REMINDER
EVT_00004287,RETRY_LATER,-0.2,RECOVERY_REMINDER
EVT_00004287,HUMAN_ESCALATION,0.0,RECOVERY_REMINDER
EVT_00007361,ALTERNATIVE_PAYMENT,0.2,RECOVERY_REMINDER
EVT_00007361,RECOVERY_REMINDER,0.25,RECOVERY_REMINDER
EVT_00007361,RETRY_LATER,-0.1,RECOVERY_REMINDER
EVT_00007361,HUMAN_ESCALATION,0.0,RECOVERY_REMINDER
EVT_00008641,ALTERNATIVE_PAYMENT,0.2,RECOVERY_REMINDER
EVT_00008641,RECOVERY_REMINDER,0.25,RECOVERY_REMINDER
EVT_00008641,RETRY_LATER,-0.1,RECOVERY_REMINDER
EVT_00008641,HUMAN_ESCALATION,0.0,RECOVERY_REMINDER
EVT_00000687,ALTERNATIVE_PAYMENT,0.0,RECOVERY_REMINDER
EVT_00000687,RECOVERY_REMINDER,0.75,RECOVERY_REMINDER
EVT_00000687,RETRY_LATER,-0.2,RECOVERY_REMINDER
EVT_00000687,HUMAN_ESCALATION,0.0,RECOVERY_REMINDER
EVT_00007780,ALTERNATIVE_PAYMENT,0.2,RETRY_LATER
EVT_00007780,RECOVERY_REMINDER,0.0,RETRY_LATER
EVT_00007780,RETRY_LATER,0.25,RETRY_LATER
EVT_00007780,HUMAN_ESCALATION,0.0,RETRY_LATER
EVT_00003089,ALTERNATIVE_PAYMENT,0.0,RECOVERY_REMINDER
EVT_00003089,RECOVERY_REMINDER,0.79,RECOVERY_REMINDER
EVT_00003089,RETRY_LATER,-0.2,RECOVERY_REMINDER
EVT_00003089,HUMAN_ESCALATION,0.12,RECOVERY_REMINDER
EVT_00001041,ALTERNATIVE_PAYMENT,0.0,RECOVERY_REMINDER
EVT_00001041,RECOVERY_REMINDER,0.75,RECOVERY_REMINDER
EVT_00001041,RETRY_LATER,-0.2,RECOVERY_REMINDER
EVT_00001041,HUMAN_ESCALATION,0.0,RECOVERY_REMINDER
EVT_00006313,ALTERNATIVE_PAYMENT,0.2,ALTERNATIVE_PAYMENT
EVT_00006313,RECOVERY_REMINDER,0.0,ALTERNATIVE_PAYMENT
EVT_00006313,RETRY_LATER,0.0,ALTERNATIVE_PAYMENT
EVT_00006313,HUMAN_ESCALATION,0.1,ALTERNATIVE_PAYMENT
EVT_00009516,ALTERNATIVE_PAYMENT,0.2,RETRY_LATER
EVT_00009516,RECOVERY_REMINDER,0.04,RETRY_LATER
EVT_00009516,RETRY_LATER,0.25,RETRY_LATER
EVT_00009516,HUMAN_ESCALATION,0.12,RETRY_LATER
EVT_00002982,ALTERNATIVE_PAYMENT,0.2,RETRY_LATER
EVT_00002982,RECOVERY_REMINDER,0.0,RETRY_LATER
EVT_00002982,RETRY_LATER,0.25,RETRY_LATER
EVT_00002982,HUMAN_ESCALATION,0.0,RETRY_LATER
EVT_00004546,ALTERNATIVE_PAYMENT,0.28,ALTERNATIVE_PAYMENT
EVT_00004546,RECOVERY_REMINDER,0.0,ALTERNATIVE_PAYMENT
EVT_00004546,RETRY_LATER,-999999.0,ALTERNATIVE_PAYMENT
EVT_00004546,HUMAN_ESCALATION,0.0,ALTERNATIVE_PAYMENT
EVT_00002717,ALTERNATIVE_PAYMENT,0.28,ALTERNATIVE_PAYMENT
EVT_00002717,RECOVERY_REMINDER,0.0,ALTERNATIVE_PAYMENT
EVT_00002717,RETRY_LATER,-0.1,ALTERNATIVE_PAYMENT
EVT_00002717,HUMAN_ESCALATION,0.1,ALTERNATIVE_PAYMENT
EVT_00004265,ALTERNATIVE_PAYMENT,0.28,ALTERNATIVE_PAYMENT
EVT_00004265,RECOVERY_REMINDER,0.0,ALTERNATIVE_PAYMENT
EVT_00004265,RETRY_LATER,-0.1,ALTERNATIVE_PAYMENT
EVT_00004265,HUMAN_ESCALATION,0.1,ALTERNATIVE_PAYMENT
EVT_00001056,ALTERNATIVE_PAYMENT,0.28,ALTERNATIVE_PAYMENT
EVT_00001056,RECOVERY_REMINDER,0.0,ALTERNATIVE_PAYMENT
EVT_00001056,RETRY_LATER,-0.1,ALTERNATIVE_PAYMENT
EVT_00001056,HUMAN_ESCALATION,0.1,ALTERNATIVE_PAYMENT
EVT_00009433,ALTERNATIVE_PAYMENT,0.2,ALTERNATIVE_PAYMENT
EVT_00009433,RECOVERY_REMINDER,0.0,ALTERNATIVE_PAYMENT
EVT_00009433,RETRY_LATER,0.0,ALTERNATIVE_PAYMENT
EVT_00009433,HUMAN_ESCALATION,0.1,ALTERNATIVE_PAYMENT
EVT_00000233,ALTERNATIVE_PAYMENT,0.5,ALTERNATIVE_PAYMENT
EVT_00000233,RECOVERY_REMINDER,0.0,ALTERNATIVE_PAYMENT
EVT_00000233,RETRY_LATER,0.0,ALTERNATIVE_PAYMENT
EVT_00000233,HUMAN_ESCALATION,0.0,ALTERNATIVE_PAYMENT
EVT_00005927,ALTERNATIVE_PAYMENT,0.0,RECOVERY_REMINDER
EVT_00005927,RECOVERY_REMINDER,0.55,RECOVERY_REMINDER
EVT_00005927,RETRY_LATER,-0.2,RECOVERY_REMINDER
EVT_00005927,HUMAN_ESCALATION,0.0,RECOVERY_REMINDER
EVT_00001308,ALTERNATIVE_PAYMENT,0.28,ALTERNATIVE_PAYMENT
EVT_00001308,RECOVERY_REMINDER,0.0,ALTERNATIVE_PAYMENT
EVT_00001308,RETRY_LATER,0.15,ALTERNATIVE_PAYMENT
EVT_00001308,HUMAN_ESCALATION,0.0,ALTERNATIVE_PAYMENT
EVT_00006675,ALTERNATIVE_PAYMENT,0.0,RECOVERY_REMINDER
EVT_00006675,RECOVERY_REMINDER,0.65,RECOVERY_REMINDER
EVT_00006675,RETRY_LATER,-0.2,RECOVERY_REMINDER
EVT_00006675,HUMAN_ESCALATION,0.0,RECOVERY_REMINDER
EVT_00004907,ALTERNATIVE_PAYMENT,0.28,ALTERNATIVE_PAYMENT
EVT_00004907,RECOVERY_REMINDER,0.0,ALTERNATIVE_PAYMENT
EVT_00004907,RETRY_LATER,-0.1,ALTERNATIVE_PAYMENT
EVT_00004907,HUMAN_ESCALATION,0.1,ALTERNATIVE_PAYMENT
EVT_00009466,ALTERNATIVE_PAYMENT,0.0,RECOVERY_REMINDER
EVT_00009466,RECOVERY_REMINDER,0.75,RECOVERY_REMINDER
EVT_00009466,RETRY_LATER,-0.2,RECOVERY_REMINDER
EVT_00009466,HUMAN_ESCALATION,0.0,RECOVERY_REMINDER
EVT_00000794,ALTERNATIVE_PAYMENT,0.28,ALTERNATIVE_PAYMENT
EVT_00000794,RECOVERY_REMINDER,0.0,ALTERNATIVE_PAYMENT
EVT_00000794,RETRY_LATER,-999999.0,ALTERNATIVE_PAYMENT
EVT_00000794,HUMAN_ESCALATION,-0.2,ALTERNATIVE_PAYMENT
EVT_00007735,ALTERNATIVE_PAYMENT,0.0,RECOVERY_REMINDER
EVT_00007735,RECOVERY_REMINDER,0.65,RECOVERY_REMINDER
EVT_00007735,RETRY_LATER,-0.2,RECOVERY_REMINDER
EVT_00007735,HUMAN_ESCALATION,0.0,RECOVERY_REMINDER
EVT_00004005,ALTERNATIVE_PAYMENT,0.58,ALTERNATIVE_PAYMENT
EVT_00004005,RECOVERY_REMINDER,0.0,ALTERNATIVE_PAYMENT
EVT_00004005,RETRY_LATER,-0.1,ALTERNATIVE_PAYMENT
EVT_00004005,HUMAN_ESCALATION,0.0,ALTERNATIVE_PAYMENT
EVT_00000531,ALTERNATIVE_PAYMENT,0.2,HUMAN_ESCALATION
EVT_00000531,RECOVERY_REMINDER,0.04,HUMAN_ESCALATION
EVT_00000531,RETRY_LATER,0.0,HUMAN_ESCALATION
EVT_00000531,HUMAN_ESCALATION,0.22,HUMAN_ESCALATION
EVT_00006117,ALTERNATIVE_PAYMENT,0.5,ALTERNATIVE_PAYMENT
EVT_00006117,RECOVERY_REMINDER,0.0,ALTERNATIVE_PAYMENT
EVT_00006117,RETRY_LATER,0.0,ALTERNATIVE_PAYMENT
EVT_00006117,HUMAN_ESCALATION,0.0,ALTERNATIVE_PAYMENT
EVT_00001072,ALTERNATIVE_PAYMENT,0.2,RECOVERY_REMINDER
EVT_00001072,RECOVERY_REMINDER,0.25,RECOVERY_REMINDER
EVT_00001072,RETRY_LATER,-0.1,RECOVERY_REMINDER
EVT_00001072,HUMAN_ESCALATION,0.0,RECOVERY_REMINDER
EVT_00002618,ALTERNATIVE_PAYMENT,0.2,RECOVERY_REMINDER
EVT_00002618,RECOVERY_REMINDER,0.25,RECOVERY_REMINDER
EVT_00002618,RETRY_LATER,-0.1,RECOVERY_REMINDER
EVT_00002618,HUMAN_ESCALATION,0.0,RECOVERY_REMINDER
EVT_00005295,ALTERNATIVE_PAYMENT,0.2,RECOVERY_REMINDER
EVT_00005295,RECOVERY_REMINDER,0.25,RECOVERY_REMINDER
EVT_00005295,RETRY_LATER,-0.1,RECOVERY_REMINDER
EVT_00005295,HUMAN_ESCALATION,0.0,RECOVERY_REMINDER
EVT_00009115,ALTERNATIVE_PAYMENT,0.28,ALTERNATIVE_PAYMENT
EVT_00009115,RECOVERY_REMINDER,0.0,ALTERNATIVE_PAYMENT
EVT_00009115,RETRY_LATER,0.15,ALTERNATIVE_PAYMENT
EVT_00009115,HUMAN_ESCALATION,0.0,ALTERNATIVE_PAYMENT
EVT_00008713,ALTERNATIVE_PAYMENT,0.2,RETRY_LATER
EVT_00008713,RECOVERY_REMINDER,0.0,RETRY_LATER
EVT_00008713,RETRY_LATER,0.25,RETRY_LATER
EVT_00008713,HUMAN_ESCALATION,0.0,RETRY_LATER
EVT_00001826,ALTERNATIVE_PAYMENT,0.2,ALTERNATIVE_PAYMENT
EVT_00001826,RECOVERY_REMINDER,0.0,ALTERNATIVE_PAYMENT
EVT_00001826,RETRY_LATER,0.0,ALTERNATIVE_PAYMENT
EVT_00001826,HUMAN_ESCALATION,0.1,ALTERNATIVE_PAYMENT
EVT_00001487,ALTERNATIVE_PAYMENT,0.2,ALTERNATIVE_PAYMENT
EVT_00001487,RECOVERY_REMINDER,0.0,ALTERNATIVE_PAYMENT
EVT_00001487,RETRY_LATER,0.0,ALTERNATIVE_PAYMENT
EVT_00001487,HUMAN_ESCALATION,0.1,ALTERNATIVE_PAYMENT
EVT_00008582,ALTERNATIVE_PAYMENT,0.5,ALTERNATIVE_PAYMENT
EVT_00008582,RECOVERY_REMINDER,0.0,ALTERNATIVE_PAYMENT
EVT_00008582,RETRY_LATER,0.0,ALTERNATIVE_PAYMENT
EVT_00008582,HUMAN_ESCALATION,0.0,ALTERNATIVE_PAYMENT
EVT_00009301,ALTERNATIVE_PAYMENT,0.5,ALTERNATIVE_PAYMENT
EVT_00009301,RECOVERY_REMINDER,0.0,ALTERNATIVE_PAYMENT
EVT_00009301,RETRY_LATER,0.0,ALTERNATIVE_PAYMENT
EVT_00009301,HUMAN_ESCALATION,0.0,ALTERNATIVE_PAYMENT
EVT_00005358,ALTERNATIVE_PAYMENT,0.2,ALTERNATIVE_PAYMENT
EVT_00005358,RECOVERY_REMINDER,0.0,ALTERNATIVE_PAYMENT
EVT_00005358,RETRY_LATER,0.0,ALTERNATIVE_PAYMENT
EVT_00005358,HUMAN_ESCALATION,0.1,ALTERNATIVE_PAYMENT
EVT_00005289,ALTERNATIVE_PAYMENT,0.28,ALTERNATIVE_PAYMENT
EVT_00005289,RECOVERY_REMINDER,0.0,ALTERNATIVE_PAYMENT
EVT_00005289,RETRY_LATER,-999999.0,ALTERNATIVE_PAYMENT
EVT_00005289,HUMAN_ESCALATION,0.0,ALTERNATIVE_PAYMENT
EVT_00000457,ALTERNATIVE_PAYMENT,0.58,ALTERNATIVE_PAYMENT
EVT_00000457,RECOVERY_REMINDER,0.0,ALTERNATIVE_PAYMENT
EVT_00000457,RETRY_LATER,-0.1,ALTERNATIVE_PAYMENT
EVT_00000457,HUMAN_ESCALATION,0.0,ALTERNATIVE_PAYMENT
EVT_00007003,ALTERNATIVE_PAYMENT,0.0,RECOVERY_REMINDER
EVT_00007003,RECOVERY_REMINDER,0.75,RECOVERY_REMINDER
EVT_00007003,RETRY_LATER,-0.2,RECOVERY_REMINDER
EVT_00007003,HUMAN_ESCALATION,0.0,RECOVERY_REMINDER
EVT_00008182,ALTERNATIVE_PAYMENT,0.0,RECOVERY_REMINDER
EVT_00008182,RECOVERY_REMINDER,0.55,RECOVERY_REMINDER
EVT_00008182,RETRY_LATER,-0.2,RECOVERY_REMINDER
EVT_00008182,HUMAN_ESCALATION,0.0,RECOVERY_REMINDER
EVT_00009933,ALTERNATIVE_PAYMENT,0.58,ALTERNATIVE_PAYMENT
EVT_00009933,RECOVERY_REMINDER,0.0,ALTERNATIVE_PAYMENT
EVT_00009933,RETRY_LATER,-0.1,ALTERNATIVE_PAYMENT
EVT_00009933,HUMAN_ESCALATION,0.0,ALTERNATIVE_PAYMENT
EVT_00007466,ALTERNATIVE_PAYMENT,0.2,RECOVERY_REMINDER
EVT_00007466,RECOVERY_REMINDER,0.25,RECOVERY_REMINDER
EVT_00007466,RETRY_LATER,-0.1,RECOVERY_REMINDER
EVT_00007466,HUMAN_ESCALATION,-0.2,RECOVERY_REMINDER
EVT_00008863,ALTERNATIVE_PAYMENT,0.5,ALTERNATIVE_PAYMENT
EVT_00008863,RECOVERY_REMINDER,0.04,ALTERNATIVE_PAYMENT
EVT_00008863,RETRY_LATER,0.0,ALTERNATIVE_PAYMENT
EVT_00008863,HUMAN_ESCALATION,0.12,ALTERNATIVE_PAYMENT
EVT_00006018,ALTERNATIVE_PAYMENT,0.5,ALTERNATIVE_PAYMENT
EVT_00006018,RECOVERY_REMINDER,0.0,ALTERNATIVE_PAYMENT
EVT_00006018,RETRY_LATER,0.0,ALTERNATIVE_PAYMENT
EVT_00006018,HUMAN_ESCALATION,0.0,ALTERNATIVE_PAYMENT
EVT_00004146,ALTERNATIVE_PAYMENT,0.58,ALTERNATIVE_PAYMENT
EVT_00004146,RECOVERY_REMINDER,0.0,ALTERNATIVE_PAYMENT
EVT_00004146,RETRY_LATER,-999999.0,ALTERNATIVE_PAYMENT
EVT_00004146,HUMAN_ESCALATION,0.0,ALTERNATIVE_PAYMENT
EVT_00003836,ALTERNATIVE_PAYMENT,0.2,RECOVERY_REMINDER
EVT_00003836,RECOVERY_REMINDER,0.29,RECOVERY_REMINDER
EVT_00003836,RETRY_LATER,-0.1,RECOVERY_REMINDER
EVT_00003836,HUMAN_ESCALATION,0.12,RECOVERY_REMINDER
EVT_00009025,ALTERNATIVE_PAYMENT,0.5,ALTERNATIVE_PAYMENT
EVT_00009025,RECOVERY_REMINDER,0.0,ALTERNATIVE_PAYMENT
EVT_00009025,RETRY_LATER,0.0,ALTERNATIVE_PAYMENT
EVT_00009025,HUMAN_ESCALATION,0.0,ALTERNATIVE_PAYMENT
EVT_00003481,ALTERNATIVE_PAYMENT,0.28,ALTERNATIVE_PAYMENT
EVT_00003481,RECOVERY_REMINDER,0.0,ALTERNATIVE_PAYMENT
EVT_00003481,RETRY_LATER,-999999.0,ALTERNATIVE_PAYMENT
EVT_00003481,HUMAN_ESCALATION,0.1,ALTERNATIVE_PAYMENT
EVT_00001384,ALTERNATIVE_PAYMENT,0.0,RECOVERY_REMINDER
EVT_00001384,RECOVERY_REMINDER,0.65,RECOVERY_REMINDER
EVT_00001384,RETRY_LATER,-0.2,RECOVERY_REMINDER
EVT_00001384,HUMAN_ESCALATION,0.0,RECOVERY_REMINDER
EVT_00009555,ALTERNATIVE_PAYMENT,0.28,ALTERNATIVE_PAYMENT
EVT_00009555,RECOVERY_REMINDER,0.0,ALTERNATIVE_PAYMENT
EVT_00009555,RETRY_LATER,-999999.0,ALTERNATIVE_PAYMENT
EVT_00009555,HUMAN_ESCALATION,0.0,ALTERNATIVE_PAYMENT
EVT_00000137,ALTERNATIVE_PAYMENT,0.58,ALTERNATIVE_PAYMENT
EVT_00000137,RECOVERY_REMINDER,0.0,ALTERNATIVE_PAYMENT
EVT_00000137,RETRY_LATER,-0.1,ALTERNATIVE_PAYMENT
EVT_00000137,HUMAN_ESCALATION,0.0,ALTERNATIVE_PAYMENT
EVT_00005457,ALTERNATIVE_PAYMENT,0.58,ALTERNATIVE_PAYMENT
EVT_00005457,RECOVERY_REMINDER,0.0,ALTERNATIVE_PAYMENT
EVT_00005457,RETRY_LATER,-999999.0,ALTERNATIVE_PAYMENT
EVT_00005457,HUMAN_ESCALATION,0.0,ALTERNATIVE_PAYMENT
EVT_00002701,ALTERNATIVE_PAYMENT,0.2,RECOVERY_REMINDER
EVT_00002701,RECOVERY_REMINDER,0.25,RECOVERY_REMINDER
EVT_00002701,RETRY_LATER,-0.1,RECOVERY_REMINDER
EVT_00002701,HUMAN_ESCALATION,0.0,RECOVERY_REMINDER
EVT_00001957,ALTERNATIVE_PAYMENT,0.2,RECOVERY_REMINDER
EVT_00001957,RECOVERY_REMINDER,0.25,RECOVERY_REMINDER
EVT_00001957,RETRY_LATER,-0.1,RECOVERY_REMINDER
EVT_00001957,HUMAN_ESCALATION,0.0,RECOVERY_REMINDER
EVT_00006471,ALTERNATIVE_PAYMENT,0.2,RETRY_LATER
EVT_00006471,RECOVERY_REMINDER,0.0,RETRY_LATER
EVT_00006471,RETRY_LATER,0.25,RETRY_LATER
EVT_00006471,HUMAN_ESCALATION,0.0,RETRY_LATER
EVT_00003069,ALTERNATIVE_PAYMENT,0.2,RETRY_LATER
EVT_00003069,RECOVERY_REMINDER,0.0,RETRY_LATER
EVT_00003069,RETRY_LATER,0.25,RETRY_LATER
EVT_00003069,HUMAN_ESCALATION,0.0,RETRY_LATER
EVT_00006312,ALTERNATIVE_PAYMENT,0.58,ALTERNATIVE_PAYMENT
EVT_00006312,RECOVERY_REMINDER,0.0,ALTERNATIVE_PAYMENT
EVT_00006312,RETRY_LATER,-999999.0,ALTERNATIVE_PAYMENT
EVT_00006312,HUMAN_ESCALATION,0.0,ALTERNATIVE_PAYMENT
EVT_00006437,ALTERNATIVE_PAYMENT,0.2,RECOVERY_REMINDER
EVT_00006437,RECOVERY_REMINDER,0.25,RECOVERY_REMINDER
EVT_00006437,RETRY_LATER,-0.1,RECOVERY_REMINDER
EVT_00006437,HUMAN_ESCALATION,0.0,RECOVERY_REMINDER
EVT_00004358,ALTERNATIVE_PAYMENT,0.58,ALTERNATIVE_PAYMENT
EVT_00004358,RECOVERY_REMINDER,0.04,ALTERNATIVE_PAYMENT
EVT_00004358,RETRY_LATER,-0.1,ALTERNATIVE_PAYMENT
EVT_00004358,HUMAN_ESCALATION,0.12,ALTERNATIVE_PAYMENT
EVT_00002808,ALTERNATIVE_PAYMENT,0.2,RECOVERY_REMINDER
EVT_00002808,RECOVERY_REMINDER,0.25,RECOVERY_REMINDER
EVT_00002808,RETRY_LATER,-0.1,RECOVERY_REMINDER
EVT_00002808,HUMAN_ESCALATION,0.0,RECOVERY_REMINDER
EVT_00007274,ALTERNATIVE_PAYMENT,0.28,ALTERNATIVE_PAYMENT
EVT_00007274,RECOVERY_REMINDER,0.0,ALTERNATIVE_PAYMENT
EVT_00007274,RETRY_LATER,-999999.0,ALTERNATIVE_PAYMENT
EVT_00007274,HUMAN_ESCALATION,-0.1,ALTERNATIVE_PAYMENT
EVT_00004349,ALTERNATIVE_PAYMENT,0.2,RECOVERY_REMINDER
EVT_00004349,RECOVERY_REMINDER,0.25,RECOVERY_REMINDER
EVT_00004349,RETRY_LATER,-0.1,RECOVERY_REMINDER
EVT_00004349,HUMAN_ESCALATION,0.0,RECOVERY_REMINDER
EVT_00007548,ALTERNATIVE_PAYMENT,0.0,RECOVERY_REMINDER
EVT_00007548,RECOVERY_REMINDER,0.65,RECOVERY_REMINDER
EVT_00007548,RETRY_LATER,-0.2,RECOVERY_REMINDER
EVT_00007548,HUMAN_ESCALATION,0.0,RECOVERY_REMINDER
EVT_00008968,ALTERNATIVE_PAYMENT,0.5,ALTERNATIVE_PAYMENT
EVT_00008968,RECOVERY_REMINDER,0.0,ALTERNATIVE_PAYMENT
EVT_00008968,RETRY_LATER,0.0,ALTERNATIVE_PAYMENT
EVT_00008968,HUMAN_ESCALATION,-0.2,ALTERNATIVE_PAYMENT
EVT_00004181,ALTERNATIVE_PAYMENT,0.5,ALTERNATIVE_PAYMENT
EVT_00004181,RECOVERY_REMINDER,0.0,ALTERNATIVE_PAYMENT
EVT_00004181,RETRY_LATER,0.0,ALTERNATIVE_PAYMENT
EVT_00004181,HUMAN_ESCALATION,0.0,ALTERNATIVE_PAYMENT
EVT_00005565,ALTERNATIVE_PAYMENT,0.58,ALTERNATIVE_PAYMENT
EVT_00005565,RECOVERY_REMINDER,0.0,ALTERNATIVE_PAYMENT
EVT_00005565,RETRY_LATER,-999999.0,ALTERNATIVE_PAYMENT
EVT_00005565,HUMAN_ESCALATION,0.0,ALTERNATIVE_PAYMENT
EVT_00001097,ALTERNATIVE_PAYMENT,0.0,RECOVERY_REMINDER
EVT_00001097,RECOVERY_REMINDER,0.75,RECOVERY_REMINDER
EVT_00001097,RETRY_LATER,-0.2,RECOVERY_REMINDER
EVT_00001097,HUMAN_ESCALATION,0.0,RECOVERY_REMINDER
EVT_00003728,ALTERNATIVE_PAYMENT,0.2,ALTERNATIVE_PAYMENT
EVT_00003728,RECOVERY_REMINDER,0.0,ALTERNATIVE_PAYMENT
EVT_00003728,RETRY_LATER,0.0,ALTERNATIVE_PAYMENT
EVT_00003728,HUMAN_ESCALATION,0.1,ALTERNATIVE_PAYMENT
EVT_00000785,ALTERNATIVE_PAYMENT,0.0,RECOVERY_REMINDER
EVT_00000785,RECOVERY_REMINDER,0.55,RECOVERY_REMINDER
EVT_00000785,RETRY_LATER,-0.2,RECOVERY_REMINDER
EVT_00000785,HUMAN_ESCALATION,0.0,RECOVERY_REMINDER
EVT_00004630,ALTERNATIVE_PAYMENT,0.5,ALTERNATIVE_PAYMENT
EVT_00004630,RECOVERY_REMINDER,0.0,ALTERNATIVE_PAYMENT
EVT_00004630,RETRY_LATER,0.0,ALTERNATIVE_PAYMENT
EVT_00004630,HUMAN_ESCALATION,0.0,ALTERNATIVE_PAYMENT
EVT_00005488,ALTERNATIVE_PAYMENT,0.2,RETRY_LATER
EVT_00005488,RECOVERY_REMINDER,0.0,RETRY_LATER
EVT_00005488,RETRY_LATER,0.25,RETRY_LATER
EVT_00005488,HUMAN_ESCALATION,0.0,RETRY_LATER
EVT_00007576,ALTERNATIVE_PAYMENT,0.2,RETRY_LATER
EVT_00007576,RECOVERY_REMINDER,0.0,RETRY_LATER
EVT_00007576,RETRY_LATER,0.25,RETRY_LATER
EVT_00007576,HUMAN_ESCALATION,0.0,RETRY_LATER
EVT_00001433,ALTERNATIVE_PAYMENT,0.28,ALTERNATIVE_PAYMENT
EVT_00001433,RECOVERY_REMINDER,0.04,ALTERNATIVE_PAYMENT
EVT_00001433,RETRY_LATER,0.15,ALTERNATIVE_PAYMENT
EVT_00001433,HUMAN_ESCALATION,0.12,ALTERNATIVE_PAYMENT
EVT_00004716,ALTERNATIVE_PAYMENT,0.0,RECOVERY_REMINDER
EVT_00004716,RECOVERY_REMINDER,0.75,RECOVERY_REMINDER
EVT_00004716,RETRY_LATER,-0.2,RECOVERY_REMINDER
EVT_00004716,HUMAN_ESCALATION,0.0,RECOVERY_REMINDER
EVT_00009087,ALTERNATIVE_PAYMENT,0.5,ALTERNATIVE_PAYMENT
EVT_00009087,RECOVERY_REMINDER,0.0,ALTERNATIVE_PAYMENT
EVT_00009087,RETRY_LATER,0.0,ALTERNATIVE_PAYMENT
EVT_00009087,HUMAN_ESCALATION,-0.2,ALTERNATIVE_PAYMENT
EVT_00007807,ALTERNATIVE_PAYMENT,0.0,RECOVERY_REMINDER
EVT_00007807,RECOVERY_REMINDER,0.55,RECOVERY_REMINDER
EVT_00007807,RETRY_LATER,-0.2,RECOVERY_REMINDER
EVT_00007807,HUMAN_ESCALATION,0.0,RECOVERY_REMINDER
EVT_00008730,ALTERNATIVE_PAYMENT,0.58,ALTERNATIVE_PAYMENT
EVT_00008730,RECOVERY_REMINDER,0.0,ALTERNATIVE_PAYMENT
EVT_00008730,RETRY_LATER,-999999.0,ALTERNATIVE_PAYMENT
EVT_00008730,HUMAN_ESCALATION,0.0,ALTERNATIVE_PAYMENT
EVT_00002304,ALTERNATIVE_PAYMENT,0.28,ALTERNATIVE_PAYMENT
EVT_00002304,RECOVERY_REMINDER,0.0,ALTERNATIVE_PAYMENT
EVT_00002304,RETRY_LATER,0.15,ALTERNATIVE_PAYMENT
EVT_00002304,HUMAN_ESCALATION,-0.2,ALTERNATIVE_PAYMENT
EVT_00000028,ALTERNATIVE_PAYMENT,0.5,ALTERNATIVE_PAYMENT
EVT_00000028,RECOVERY_REMINDER,0.0,ALTERNATIVE_PAYMENT
EVT_00000028,RETRY_LATER,0.0,ALTERNATIVE_PAYMENT
EVT_00000028,HUMAN_ESCALATION,0.0,ALTERNATIVE_PAYMENT
EVT_00000617,ALTERNATIVE_PAYMENT,0.0,RECOVERY_REMINDER
EVT_00000617,RECOVERY_REMINDER,0.75,RECOVERY_REMINDER
EVT_00000617,RETRY_LATER,-0.2,RECOVERY_REMINDER
EVT_00000617,HUMAN_ESCALATION,0.0,RECOVERY_REMINDER
EVT_00001123,ALTERNATIVE_PAYMENT,0.28,ALTERNATIVE_PAYMENT
EVT_00001123,RECOVERY_REMINDER,0.0,ALTERNATIVE_PAYMENT
EVT_00001123,RETRY_LATER,-0.1,ALTERNATIVE_PAYMENT
EVT_00001123,HUMAN_ESCALATION,0.1,ALTERNATIVE_PAYMENT
EVT_00000804,ALTERNATIVE_PAYMENT,0.0,RECOVERY_REMINDER
EVT_00000804,RECOVERY_REMINDER,0.55,RECOVERY_REMINDER
EVT_00000804,RETRY_LATER,-0.2,RECOVERY_REMINDER
EVT_00000804,HUMAN_ESCALATION,0.0,RECOVERY_REMINDER
EVT_00001869,ALTERNATIVE_PAYMENT,0.58,ALTERNATIVE_PAYMENT
EVT_00001869,RECOVERY_REMINDER,0.04,ALTERNATIVE_PAYMENT
EVT_00001869,RETRY_LATER,-999999.0,ALTERNATIVE_PAYMENT
EVT_00001869,HUMAN_ESCALATION,0.12,ALTERNATIVE_PAYMENT
EVT_00004303,ALTERNATIVE_PAYMENT,0.2,RETRY_LATER
EVT_00004303,RECOVERY_REMINDER,0.0,RETRY_LATER
EVT_00004303,RETRY_LATER,0.25,RETRY_LATER
EVT_00004303,HUMAN_ESCALATION,0.0,RETRY_LATER
EVT_00001759,ALTERNATIVE_PAYMENT,0.5,ALTERNATIVE_PAYMENT
EVT_00001759,RECOVERY_REMINDER,0.0,ALTERNATIVE_PAYMENT
EVT_00001759,RETRY_LATER,0.0,ALTERNATIVE_PAYMENT
EVT_00001759,HUMAN_ESCALATION,0.0,ALTERNATIVE_PAYMENT
EVT_00000855,ALTERNATIVE_PAYMENT,0.2,RECOVERY_REMINDER
EVT_00000855,RECOVERY_REMINDER,0.25,RECOVERY_REMINDER
EVT_00000855,RETRY_LATER,-0.1,RECOVERY_REMINDER
EVT_00000855,HUMAN_ESCALATION,-0.2,RECOVERY_REMINDER
EVT_00003165,ALTERNATIVE_PAYMENT,0.2,RETRY_LATER
EVT_00003165,RECOVERY_REMINDER,0.04,RETRY_LATER
EVT_00003165,RETRY_LATER,0.25,RETRY_LATER
EVT_00003165,HUMAN_ESCALATION,0.12,RETRY_LATER
EVT_00004359,ALTERNATIVE_PAYMENT,0.28,ALTERNATIVE_PAYMENT
EVT_00004359,RECOVERY_REMINDER,0.0,ALTERNATIVE_PAYMENT
EVT_00004359,RETRY_LATER,-999999.0,ALTERNATIVE_PAYMENT
EVT_00004359,HUMAN_ESCALATION,0.0,ALTERNATIVE_PAYMENT
EVT_00006187,ALTERNATIVE_PAYMENT,0.28,ALTERNATIVE_PAYMENT
EVT_00006187,RECOVERY_REMINDER,0.0,ALTERNATIVE_PAYMENT
EVT_00006187,RETRY_LATER,0.15,ALTERNATIVE_PAYMENT
EVT_00006187,HUMAN_ESCALATION,0.0,ALTERNATIVE_PAYMENT
EVT_00005241,ALTERNATIVE_PAYMENT,0.5,ALTERNATIVE_PAYMENT
EVT_00005241,RECOVERY_REMINDER,0.0,ALTERNATIVE_PAYMENT
EVT_00005241,RETRY_LATER,0.0,ALTERNATIVE_PAYMENT
EVT_00005241,HUMAN_ESCALATION,0.0,ALTERNATIVE_PAYMENT
EVT_00006505,ALTERNATIVE_PAYMENT,0.2,RECOVERY_REMINDER
EVT_00006505,RECOVERY_REMINDER,0.25,RECOVERY_REMINDER
EVT_00006505,RETRY_LATER,-0.1,RECOVERY_REMINDER
EVT_00006505,HUMAN_ESCALATION,0.0,RECOVERY_REMINDER
EVT_00002838,ALTERNATIVE_PAYMENT,0.2,RECOVERY_REMINDER
EVT_00002838,RECOVERY_REMINDER,0.25,RECOVERY_REMINDER
EVT_00002838,RETRY_LATER,-0.1,RECOVERY_REMINDER
EVT_00002838,HUMAN_ESCALATION,0.0,RECOVERY_REMINDER
EVT_00009743,ALTERNATIVE_PAYMENT,0.58,ALTERNATIVE_PAYMENT
EVT_00009743,RECOVERY_REMINDER,0.0,ALTERNATIVE_PAYMENT
EVT_00009743,RETRY_LATER,-0.1,ALTERNATIVE_PAYMENT
EVT_00009743,HUMAN_ESCALATION,0.0,ALTERNATIVE_PAYMENT
EVT_00004187,ALTERNATIVE_PAYMENT,0.2,RECOVERY_REMINDER
EVT_00004187,RECOVERY_REMINDER,0.25,RECOVERY_REMINDER
EVT_00004187,RETRY_LATER,-0.1,RECOVERY_REMINDER
EVT_00004187,HUMAN_ESCALATION,0.0,RECOVERY_REMINDER
EVT_00009993,ALTERNATIVE_PAYMENT,0.2,RETRY_LATER
EVT_00009993,RECOVERY_REMINDER,0.0,RETRY_LATER
EVT_00009993,RETRY_LATER,0.25,RETRY_LATER
EVT_00009993,HUMAN_ESCALATION,0.0,RETRY_LATER
EVT_00004250,ALTERNATIVE_PAYMENT,0.58,ALTERNATIVE_PAYMENT
EVT_00004250,RECOVERY_REMINDER,0.0,ALTERNATIVE_PAYMENT
EVT_00004250,RETRY_LATER,-0.1,ALTERNATIVE_PAYMENT
EVT_00004250,HUMAN_ESCALATION,0.0,ALTERNATIVE_PAYMENT
EVT_00008316,ALTERNATIVE_PAYMENT,0.0,RECOVERY_REMINDER
EVT_00008316,RECOVERY_REMINDER,0.75,RECOVERY_REMINDER
EVT_00008316,RETRY_LATER,-0.2,RECOVERY_REMINDER
EVT_00008316,HUMAN_ESCALATION,0.0,RECOVERY_REMINDER
EVT_00008012,ALTERNATIVE_PAYMENT,0.28,ALTERNATIVE_PAYMENT
EVT_00008012,RECOVERY_REMINDER,0.0,ALTERNATIVE_PAYMENT
EVT_00008012,RETRY_LATER,-999999.0,ALTERNATIVE_PAYMENT
EVT_00008012,HUMAN_ESCALATION,0.0,ALTERNATIVE_PAYMENT
EVT_00008070,ALTERNATIVE_PAYMENT,0.0,RECOVERY_REMINDER
EVT_00008070,RECOVERY_REMINDER,0.75,RECOVERY_REMINDER
EVT_00008070,RETRY_LATER,-0.2,RECOVERY_REMINDER
EVT_00008070,HUMAN_ESCALATION,0.0,RECOVERY_REMINDER
EVT_00005459,ALTERNATIVE_PAYMENT,0.2,ALTERNATIVE_PAYMENT
EVT_00005459,RECOVERY_REMINDER,0.0,ALTERNATIVE_PAYMENT
EVT_00005459,RETRY_LATER,0.0,ALTERNATIVE_PAYMENT
EVT_00005459,HUMAN_ESCALATION,0.1,ALTERNATIVE_PAYMENT
EVT_00007116,ALTERNATIVE_PAYMENT,0.5,ALTERNATIVE_PAYMENT
EVT_00007116,RECOVERY_REMINDER,0.0,ALTERNATIVE_PAYMENT
EVT_00007116,RETRY_LATER,0.0,ALTERNATIVE_PAYMENT
EVT_00007116,HUMAN_ESCALATION,0.0,ALTERNATIVE_PAYMENT
EVT_00007660,ALTERNATIVE_PAYMENT,0.2,RECOVERY_REMINDER
EVT_00007660,RECOVERY_REMINDER,0.25,RECOVERY_REMINDER
EVT_00007660,RETRY_LATER,-0.1,RECOVERY_REMINDER
EVT_00007660,HUMAN_ESCALATION,0.0,RECOVERY_REMINDER
EVT_00002290,ALTERNATIVE_PAYMENT,0.28,ALTERNATIVE_PAYMENT
EVT_00002290,RECOVERY_REMINDER,0.0,ALTERNATIVE_PAYMENT
EVT_00002290,RETRY_LATER,0.15,ALTERNATIVE_PAYMENT
EVT_00002290,HUMAN_ESCALATION,0.0,ALTERNATIVE_PAYMENT
EVT_00009985,ALTERNATIVE_PAYMENT,0.28,ALTERNATIVE_PAYMENT
EVT_00009985,RECOVERY_REMINDER,0.0,ALTERNATIVE_PAYMENT
EVT_00009985,RETRY_LATER,0.15,ALTERNATIVE_PAYMENT
EVT_00009985,HUMAN_ESCALATION,0.0,ALTERNATIVE_PAYMENT
EVT_00004833,ALTERNATIVE_PAYMENT,0.0,RECOVERY_REMINDER
EVT_00004833,RECOVERY_REMINDER,0.75,RECOVERY_REMINDER
EVT_00004833,RETRY_LATER,-0.2,RECOVERY_REMINDER
EVT_00004833,HUMAN_ESCALATION,0.0,RECOVERY_REMINDER
EVT_00008759,ALTERNATIVE_PAYMENT,0.0,RECOVERY_REMINDER
EVT_00008759,RECOVERY_REMINDER,0.45,RECOVERY_REMINDER
EVT_00008759,RETRY_LATER,-0.2,RECOVERY_REMINDER
EVT_00008759,HUMAN_ESCALATION,0.0,RECOVERY_REMINDER
EVT_00008457,ALTERNATIVE_PAYMENT,0.2,RETRY_LATER
EVT_00008457,RECOVERY_REMINDER,0.0,RETRY_LATER
EVT_00008457,RETRY_LATER,0.25,RETRY_LATER
EVT_00008457,HUMAN_ESCALATION,0.0,RETRY_LATER
EVT_00002900,ALTERNATIVE_PAYMENT,0.5,ALTERNATIVE_PAYMENT
EVT_00002900,RECOVERY_REMINDER,0.04,ALTERNATIVE_PAYMENT
EVT_00002900,RETRY_LATER,0.0,ALTERNATIVE_PAYMENT
EVT_00002900,HUMAN_ESCALATION,0.12,ALTERNATIVE_PAYMENT
EVT_00006094,ALTERNATIVE_PAYMENT,0.5,ALTERNATIVE_PAYMENT
EVT_00006094,RECOVERY_REMINDER,0.0,ALTERNATIVE_PAYMENT
EVT_00006094,RETRY_LATER,0.0,ALTERNATIVE_PAYMENT
EVT_00006094,HUMAN_ESCALATION,0.0,ALTERNATIVE_PAYMENT
EVT_00001218,ALTERNATIVE_PAYMENT,0.2,RETRY_LATER
EVT_00001218,RECOVERY_REMINDER,0.0,RETRY_LATER
EVT_00001218,RETRY_LATER,0.25,RETRY_LATER
EVT_00001218,HUMAN_ESCALATION,0.0,RETRY_LATER
EVT_00004266,ALTERNATIVE_PAYMENT,0.2,RECOVERY_REMINDER
EVT_00004266,RECOVERY_REMINDER,0.25,RECOVERY_REMINDER
EVT_00004266,RETRY_LATER,-0.1,RECOVERY_REMINDER
EVT_00004266,HUMAN_ESCALATION,0.0,RECOVERY_REMINDER
EVT_00009225,ALTERNATIVE_PAYMENT,0.2,ALTERNATIVE_PAYMENT
EVT_00009225,RECOVERY_REMINDER,0.0,ALTERNATIVE_PAYMENT
EVT_00009225,RETRY_LATER,0.0,ALTERNATIVE_PAYMENT
EVT_00009225,HUMAN_ESCALATION,0.1,ALTERNATIVE_PAYMENT
EVT_00008723,ALTERNATIVE_PAYMENT,0.0,RECOVERY_REMINDER
EVT_00008723,RECOVERY_REMINDER,0.55,RECOVERY_REMINDER
EVT_00008723,RETRY_LATER,-0.2,RECOVERY_REMINDER
EVT_00008723,HUMAN_ESCALATION,0.0,RECOVERY_REMINDER
EVT_00001315,ALTERNATIVE_PAYMENT,0.2,ALTERNATIVE_PAYMENT
EVT_00001315,RECOVERY_REMINDER,0.0,ALTERNATIVE_PAYMENT
EVT_00001315,RETRY_LATER,0.0,ALTERNATIVE_PAYMENT
EVT_00001315,HUMAN_ESCALATION,-0.1,ALTERNATIVE_PAYMENT
EVT_00006298,ALTERNATIVE_PAYMENT,0.2,RECOVERY_REMINDER
EVT_00006298,RECOVERY_REMINDER,0.25,RECOVERY_REMINDER
EVT_00006298,RETRY_LATER,-0.1,RECOVERY_REMINDER
EVT_00006298,HUMAN_ESCALATION,0.0,RECOVERY_REMINDER
EVT_00004972,ALTERNATIVE_PAYMENT,0.28,ALTERNATIVE_PAYMENT
EVT_00004972,RECOVERY_REMINDER,0.0,ALTERNATIVE_PAYMENT
EVT_00004972,RETRY_LATER,-0.1,ALTERNATIVE_PAYMENT
EVT_00004972,HUMAN_ESCALATION,0.1,ALTERNATIVE_PAYMENT
EVT_00006451,ALTERNATIVE_PAYMENT,0.58,ALTERNATIVE_PAYMENT
EVT_00006451,RECOVERY_REMINDER,0.0,ALTERNATIVE_PAYMENT
EVT_00006451,RETRY_LATER,-999999.0,ALTERNATIVE_PAYMENT
EVT_00006451,HUMAN_ESCALATION,0.0,ALTERNATIVE_PAYMENT
EVT_00000962,ALTERNATIVE_PAYMENT,0.0,RECOVERY_REMINDER
EVT_00000962,RECOVERY_REMINDER,0.75,RECOVERY_REMINDER
EVT_00000962,RETRY_LATER,-0.2,RECOVERY_REMINDER
EVT_00000962,HUMAN_ESCALATION,0.0,RECOVERY_REMINDER
EVT_00006823,ALTERNATIVE_PAYMENT,0.28,ALTERNATIVE_PAYMENT
EVT_00006823,RECOVERY_REMINDER,0.04,ALTERNATIVE_PAYMENT
EVT_00006823,RETRY_LATER,0.15,ALTERNATIVE_PAYMENT
EVT_00006823,HUMAN_ESCALATION,0.12,ALTERNATIVE_PAYMENT
EVT_00002970,ALTERNATIVE_PAYMENT,0.2,ALTERNATIVE_PAYMENT
EVT_00002970,RECOVERY_REMINDER,0.0,ALTERNATIVE_PAYMENT
EVT_00002970,RETRY_LATER,0.0,ALTERNATIVE_PAYMENT
EVT_00002970,HUMAN_ESCALATION,0.1,ALTERNATIVE_PAYMENT
EVT_00003313,ALTERNATIVE_PAYMENT,0.28,ALTERNATIVE_PAYMENT
EVT_00003313,RECOVERY_REMINDER,0.0,ALTERNATIVE_PAYMENT
EVT_00003313,RETRY_LATER,0.15,ALTERNATIVE_PAYMENT
EVT_00003313,HUMAN_ESCALATION,0.0,ALTERNATIVE_PAYMENT
EVT_00002621,ALTERNATIVE_PAYMENT,0.2,RECOVERY_REMINDER
EVT_00002621,RECOVERY_REMINDER,0.25,RECOVERY_REMINDER
EVT_00002621,RETRY_LATER,-0.1,RECOVERY_REMINDER
EVT_00002621,HUMAN_ESCALATION,0.0,RECOVERY_REMINDER
EVT_00002557,ALTERNATIVE_PAYMENT,0.5,ALTERNATIVE_PAYMENT
EVT_00002557,RECOVERY_REMINDER,0.0,ALTERNATIVE_PAYMENT
EVT_00002557,RETRY_LATER,0.0,ALTERNATIVE_PAYMENT
EVT_00002557,HUMAN_ESCALATION,0.0,ALTERNATIVE_PAYMENT
EVT_00003976,ALTERNATIVE_PAYMENT,0.58,ALTERNATIVE_PAYMENT
EVT_00003976,RECOVERY_REMINDER,0.0,ALTERNATIVE_PAYMENT
EVT_00003976,RETRY_LATER,-999999.0,ALTERNATIVE_PAYMENT
EVT_00003976,HUMAN_ESCALATION,-0.2,ALTERNATIVE_PAYMENT
EVT_00005217,ALTERNATIVE_PAYMENT,0.2,RETRY_LATER
EVT_00005217,RECOVERY_REMINDER,0.0,RETRY_LATER
EVT_00005217,RETRY_LATER,0.25,RETRY_LATER
EVT_00005217,HUMAN_ESCALATION,0.0,RETRY_LATER
EVT_00004460,ALTERNATIVE_PAYMENT,0.5,ALTERNATIVE_PAYMENT
EVT_00004460,RECOVERY_REMINDER,0.0,ALTERNATIVE_PAYMENT
EVT_00004460,RETRY_LATER,0.0,ALTERNATIVE_PAYMENT
EVT_00004460,HUMAN_ESCALATION,0.0,ALTERNATIVE_PAYMENT
EVT_00007193,ALTERNATIVE_PAYMENT,0.58,ALTERNATIVE_PAYMENT
EVT_00007193,RECOVERY_REMINDER,0.0,ALTERNATIVE_PAYMENT
EVT_00007193,RETRY_LATER,-0.1,ALTERNATIVE_PAYMENT
EVT_00007193,HUMAN_ESCALATION,0.0,ALTERNATIVE_PAYMENT
EVT_00005589,ALTERNATIVE_PAYMENT,0.2,RETRY_LATER
EVT_00005589,RECOVERY_REMINDER,0.04,RETRY_LATER
EVT_00005589,RETRY_LATER,0.25,RETRY_LATER
EVT_00005589,HUMAN_ESCALATION,0.12,RETRY_LATER
EVT_00009448,ALTERNATIVE_PAYMENT,0.2,RECOVERY_REMINDER
EVT_00009448,RECOVERY_REMINDER,0.25,RECOVERY_REMINDER
EVT_00009448,RETRY_LATER,-0.1,RECOVERY_REMINDER
EVT_00009448,HUMAN_ESCALATION,-0.2,RECOVERY_REMINDER
EVT_00001943,ALTERNATIVE_PAYMENT,0.5,ALTERNATIVE_PAYMENT
EVT_00001943,RECOVERY_REMINDER,0.0,ALTERNATIVE_PAYMENT
EVT_00001943,RETRY_LATER,0.0,ALTERNATIVE_PAYMENT
EVT_00001943,HUMAN_ESCALATION,0.0,ALTERNATIVE_PAYMENT
EVT_00001021,ALTERNATIVE_PAYMENT,0.28,ALTERNATIVE_PAYMENT
EVT_00001021,RECOVERY_REMINDER,0.0,ALTERNATIVE_PAYMENT
EVT_00001021,RETRY_LATER,-999999.0,ALTERNATIVE_PAYMENT
EVT_00001021,HUMAN_ESCALATION,0.0,ALTERNATIVE_PAYMENT
EVT_00005958,ALTERNATIVE_PAYMENT,0.2,RETRY_LATER
EVT_00005958,RECOVERY_REMINDER,0.0,RETRY_LATER
EVT_00005958,RETRY_LATER,0.25,RETRY_LATER
EVT_00005958,HUMAN_ESCALATION,0.0,RETRY_LATER
EVT_00007179,ALTERNATIVE_PAYMENT,0.2,RECOVERY_REMINDER
EVT_00007179,RECOVERY_REMINDER,0.29,RECOVERY_REMINDER
EVT_00007179,RETRY_LATER,-0.1,RECOVERY_REMINDER
EVT_00007179,HUMAN_ESCALATION,0.12,RECOVERY_REMINDER
EVT_00003423,ALTERNATIVE_PAYMENT,0.58,ALTERNATIVE_PAYMENT
EVT_00003423,RECOVERY_REMINDER,0.0,ALTERNATIVE_PAYMENT
EVT_00003423,RETRY_LATER,-999999.0,ALTERNATIVE_PAYMENT
EVT_00003423,HUMAN_ESCALATION,-0.2,ALTERNATIVE_PAYMENT
EVT_00006355,ALTERNATIVE_PAYMENT,0.28,ALTERNATIVE_PAYMENT
EVT_00006355,RECOVERY_REMINDER,0.0,ALTERNATIVE_PAYMENT
EVT_00006355,RETRY_LATER,-999999.0,ALTERNATIVE_PAYMENT
EVT_00006355,HUMAN_ESCALATION,0.0,ALTERNATIVE_PAYMENT
EVT_00001867,ALTERNATIVE_PAYMENT,0.5,ALTERNATIVE_PAYMENT
EVT_00001867,RECOVERY_REMINDER,0.0,ALTERNATIVE_PAYMENT
EVT_00001867,RETRY_LATER,0.0,ALTERNATIVE_PAYMENT
EVT_00001867,HUMAN_ESCALATION,0.0,ALTERNATIVE_PAYMENT
EVT_00006121,ALTERNATIVE_PAYMENT,0.28,ALTERNATIVE_PAYMENT
EVT_00006121,RECOVERY_REMINDER,0.0,ALTERNATIVE_PAYMENT
EVT_00006121,RETRY_LATER,-999999.0,ALTERNATIVE_PAYMENT
EVT_00006121,HUMAN_ESCALATION,0.0,ALTERNATIVE_PAYMENT
EVT_00000581,ALTERNATIVE_PAYMENT,0.2,RETRY_LATER
EVT_00000581,RECOVERY_REMINDER,0.0,RETRY_LATER
EVT_00000581,RETRY_LATER,0.25,RETRY_LATER
EVT_00000581,HUMAN_ESCALATION,0.0,RETRY_LATER
EVT_00004379,ALTERNATIVE_PAYMENT,0.2,RECOVERY_REMINDER
EVT_00004379,RECOVERY_REMINDER,0.29,RECOVERY_REMINDER
EVT_00004379,RETRY_LATER,-0.1,RECOVERY_REMINDER
EVT_00004379,HUMAN_ESCALATION,0.12,RECOVERY_REMINDER
EVT_00003923,ALTERNATIVE_PAYMENT,0.2,ALTERNATIVE_PAYMENT
EVT_00003923,RECOVERY_REMINDER,0.0,ALTERNATIVE_PAYMENT
EVT_00003923,RETRY_LATER,0.0,ALTERNATIVE_PAYMENT
EVT_00003923,HUMAN_ESCALATION,0.1,ALTERNATIVE_PAYMENT
EVT_00006578,ALTERNATIVE_PAYMENT,0.0,RECOVERY_REMINDER
EVT_00006578,RECOVERY_REMINDER,0.65,RECOVERY_REMINDER
EVT_00006578,RETRY_LATER,-0.2,RECOVERY_REMINDER
EVT_00006578,HUMAN_ESCALATION,-0.2,RECOVERY_REMINDER
EVT_00000871,ALTERNATIVE_PAYMENT,0.2,RECOVERY_REMINDER
EVT_00000871,RECOVERY_REMINDER,0.25,RECOVERY_REMINDER
EVT_00000871,RETRY_LATER,-0.1,RECOVERY_REMINDER
EVT_00000871,HUMAN_ESCALATION,0.0,RECOVERY_REMINDER
EVT_00002320,ALTERNATIVE_PAYMENT,0.5,ALTERNATIVE_PAYMENT
EVT_00002320,RECOVERY_REMINDER,0.0,ALTERNATIVE_PAYMENT
EVT_00002320,RETRY_LATER,0.0,ALTERNATIVE_PAYMENT
EVT_00002320,HUMAN_ESCALATION,0.0,ALTERNATIVE_PAYMENT
EVT_00003678,ALTERNATIVE_PAYMENT,0.0,RECOVERY_REMINDER
EVT_00003678,RECOVERY_REMINDER,0.75,RECOVERY_REMINDER
EVT_00003678,RETRY_LATER,-0.2,RECOVERY_REMINDER
EVT_00003678,HUMAN_ESCALATION,0.0,RECOVERY_REMINDER
EVT_00005497,ALTERNATIVE_PAYMENT,0.5,ALTERNATIVE_PAYMENT
EVT_00005497,RECOVERY_REMINDER,0.0,ALTERNATIVE_PAYMENT
EVT_00005497,RETRY_LATER,0.0,ALTERNATIVE_PAYMENT
EVT_00005497,HUMAN_ESCALATION,0.0,ALTERNATIVE_PAYMENT
EVT_00003510,ALTERNATIVE_PAYMENT,0.0,RECOVERY_REMINDER
EVT_00003510,RECOVERY_REMINDER,0.75,RECOVERY_REMINDER
EVT_00003510,RETRY_LATER,-0.2,RECOVERY_REMINDER
EVT_00003510,HUMAN_ESCALATION,0.0,RECOVERY_REMINDER
EVT_00001763,ALTERNATIVE_PAYMENT,0.28,ALTERNATIVE_PAYMENT
EVT_00001763,RECOVERY_REMINDER,0.0,ALTERNATIVE_PAYMENT
EVT_00001763,RETRY_LATER,-0.1,ALTERNATIVE_PAYMENT
EVT_00001763,HUMAN_ESCALATION,0.1,ALTERNATIVE_PAYMENT
EVT_00006816,ALTERNATIVE_PAYMENT,0.5,ALTERNATIVE_PAYMENT
EVT_00006816,RECOVERY_REMINDER,0.04,ALTERNATIVE_PAYMENT
EVT_00006816,RETRY_LATER,0.0,ALTERNATIVE_PAYMENT
EVT_00006816,HUMAN_ESCALATION,0.12,ALTERNATIVE_PAYMENT
EVT_00005401,ALTERNATIVE_PAYMENT,0.28,ALTERNATIVE_PAYMENT
EVT_00005401,RECOVERY_REMINDER,0.0,ALTERNATIVE_PAYMENT
EVT_00005401,RETRY_LATER,-999999.0,ALTERNATIVE_PAYMENT
EVT_00005401,HUMAN_ESCALATION,0.0,ALTERNATIVE_PAYMENT
EVT_00008820,ALTERNATIVE_PAYMENT,0.28,ALTERNATIVE_PAYMENT
EVT_00008820,RECOVERY_REMINDER,0.0,ALTERNATIVE_PAYMENT
EVT_00008820,RETRY_LATER,-0.1,ALTERNATIVE_PAYMENT
EVT_00008820,HUMAN_ESCALATION,0.1,ALTERNATIVE_PAYMENT
EVT_00007898,ALTERNATIVE_PAYMENT,0.0,RECOVERY_REMINDER
EVT_00007898,RECOVERY_REMINDER,0.75,RECOVERY_REMINDER
EVT_00007898,RETRY_LATER,-0.2,RECOVERY_REMINDER
EVT_00007898,HUMAN_ESCALATION,0.0,RECOVERY_REMINDER
EVT_00005220,ALTERNATIVE_PAYMENT,0.28,ALTERNATIVE_PAYMENT
EVT_00005220,RECOVERY_REMINDER,0.0,ALTERNATIVE_PAYMENT
EVT_00005220,RETRY_LATER,-999999.0,ALTERNATIVE_PAYMENT
EVT_00005220,HUMAN_ESCALATION,0.0,ALTERNATIVE_PAYMENT
EVT_00001211,ALTERNATIVE_PAYMENT,0.2,ALTERNATIVE_PAYMENT
EVT_00001211,RECOVERY_REMINDER,0.0,ALTERNATIVE_PAYMENT
EVT_00001211,RETRY_LATER,0.0,ALTERNATIVE_PAYMENT
EVT_00001211,HUMAN_ESCALATION,0.1,ALTERNATIVE_PAYMENT
EVT_00009856,ALTERNATIVE_PAYMENT,0.2,RECOVERY_REMINDER
EVT_00009856,RECOVERY_REMINDER,0.25,RECOVERY_REMINDER
EVT_00009856,RETRY_LATER,-0.1,RECOVERY_REMINDER
EVT_00009856,HUMAN_ESCALATION,0.0,RECOVERY_REMINDER
EVT_00001219,ALTERNATIVE_PAYMENT,0.2,ALTERNATIVE_PAYMENT
EVT_00001219,RECOVERY_REMINDER,0.0,ALTERNATIVE_PAYMENT
EVT_00001219,RETRY_LATER,0.0,ALTERNATIVE_PAYMENT
EVT_00001219,HUMAN_ESCALATION,0.1,ALTERNATIVE_PAYMENT
EVT_00002958,ALTERNATIVE_PAYMENT,0.0,RECOVERY_REMINDER
EVT_00002958,RECOVERY_REMINDER,0.75,RECOVERY_REMINDER
EVT_00002958,RETRY_LATER,-0.2,RECOVERY_REMINDER
EVT_00002958,HUMAN_ESCALATION,0.0,RECOVERY_REMINDER
EVT_00009673,ALTERNATIVE_PAYMENT,0.2,RETRY_LATER
EVT_00009673,RECOVERY_REMINDER,0.0,RETRY_LATER
EVT_00009673,RETRY_LATER,0.25,RETRY_LATER
EVT_00009673,HUMAN_ESCALATION,0.0,RETRY_LATER
EVT_00005932,ALTERNATIVE_PAYMENT,0.5,ALTERNATIVE_PAYMENT
EVT_00005932,RECOVERY_REMINDER,0.0,ALTERNATIVE_PAYMENT
EVT_00005932,RETRY_LATER,0.0,ALTERNATIVE_PAYMENT
EVT_00005932,HUMAN_ESCALATION,0.0,ALTERNATIVE_PAYMENT
EVT_00001641,ALTERNATIVE_PAYMENT,0.5,ALTERNATIVE_PAYMENT
EVT_00001641,RECOVERY_REMINDER,0.0,ALTERNATIVE_PAYMENT
EVT_00001641,RETRY_LATER,0.0,ALTERNATIVE_PAYMENT
EVT_00001641,HUMAN_ESCALATION,0.0,ALTERNATIVE_PAYMENT
EVT_00005683,ALTERNATIVE_PAYMENT,0.2,ALTERNATIVE_PAYMENT
EVT_00005683,RECOVERY_REMINDER,0.0,ALTERNATIVE_PAYMENT
EVT_00005683,RETRY_LATER,0.0,ALTERNATIVE_PAYMENT
EVT_00005683,HUMAN_ESCALATION,0.1,ALTERNATIVE_PAYMENT
EVT_00008575,ALTERNATIVE_PAYMENT,0.5,ALTERNATIVE_PAYMENT
EVT_00008575,RECOVERY_REMINDER,0.04,ALTERNATIVE_PAYMENT
EVT_00008575,RETRY_LATER,0.0,ALTERNATIVE_PAYMENT
EVT_00008575,HUMAN_ESCALATION,0.12,ALTERNATIVE_PAYMENT
EVT_00006719,ALTERNATIVE_PAYMENT,0.0,RECOVERY_REMINDER
EVT_00006719,RECOVERY_REMINDER,0.75,RECOVERY_REMINDER
EVT_00006719,RETRY_LATER,-0.2,RECOVERY_REMINDER
EVT_00006719,HUMAN_ESCALATION,-999999.0,RECOVERY_REMINDER
EVT_00007196,ALTERNATIVE_PAYMENT,0.28,ALTERNATIVE_PAYMENT
EVT_00007196,RECOVERY_REMINDER,0.0,ALTERNATIVE_PAYMENT
EVT_00007196,RETRY_LATER,-999999.0,ALTERNATIVE_PAYMENT
EVT_00007196,HUMAN_ESCALATION,0.0,ALTERNATIVE_PAYMENT
EVT_00008767,ALTERNATIVE_PAYMENT,0.0,RECOVERY_REMINDER
EVT_00008767,RECOVERY_REMINDER,0.75,RECOVERY_REMINDER
EVT_00008767,RETRY_LATER,-0.2,RECOVERY_REMINDER
EVT_00008767,HUMAN_ESCALATION,0.0,RECOVERY_REMINDER
EVT_00002780,ALTERNATIVE_PAYMENT,0.28,ALTERNATIVE_PAYMENT
EVT_00002780,RECOVERY_REMINDER,0.0,ALTERNATIVE_PAYMENT
EVT_00002780,RETRY_LATER,0.15,ALTERNATIVE_PAYMENT
EVT_00002780,HUMAN_ESCALATION,0.0,ALTERNATIVE_PAYMENT
EVT_00001683,ALTERNATIVE_PAYMENT,0.2,ALTERNATIVE_PAYMENT
EVT_00001683,RECOVERY_REMINDER,0.0,ALTERNATIVE_PAYMENT
EVT_00001683,RETRY_LATER,0.0,ALTERNATIVE_PAYMENT
EVT_00001683,HUMAN_ESCALATION,0.1,ALTERNATIVE_PAYMENT
EVT_00006775,ALTERNATIVE_PAYMENT,0.2,RECOVERY_REMINDER
EVT_00006775,RECOVERY_REMINDER,0.25,RECOVERY_REMINDER
EVT_00006775,RETRY_LATER,-0.1,RECOVERY_REMINDER
EVT_00006775,HUMAN_ESCALATION,0.0,RECOVERY_REMINDER
EVT_00005882,ALTERNATIVE_PAYMENT,0.28,ALTERNATIVE_PAYMENT
EVT_00005882,RECOVERY_REMINDER,0.0,ALTERNATIVE_PAYMENT
EVT_00005882,RETRY_LATER,0.15,ALTERNATIVE_PAYMENT
EVT_00005882,HUMAN_ESCALATION,0.0,ALTERNATIVE_PAYMENT
EVT_00008765,ALTERNATIVE_PAYMENT,0.0,RECOVERY_REMINDER
EVT_00008765,RECOVERY_REMINDER,0.79,RECOVERY_REMINDER
EVT_00008765,RETRY_LATER,-0.2,RECOVERY_REMINDER
EVT_00008765,HUMAN_ESCALATION,0.12,RECOVERY_REMINDER
EVT_00005415,ALTERNATIVE_PAYMENT,0.28,ALTERNATIVE_PAYMENT
EVT_00005415,RECOVERY_REMINDER,0.0,ALTERNATIVE_PAYMENT
EVT_00005415,RETRY_LATER,0.15,ALTERNATIVE_PAYMENT
EVT_00005415,HUMAN_ESCALATION,0.0,ALTERNATIVE_PAYMENT
EVT_00007504,ALTERNATIVE_PAYMENT,0.2,ALTERNATIVE_PAYMENT
EVT_00007504,RECOVERY_REMINDER,0.0,ALTERNATIVE_PAYMENT
EVT_00007504,RETRY_LATER,0.0,ALTERNATIVE_PAYMENT
EVT_00007504,HUMAN_ESCALATION,0.1,ALTERNATIVE_PAYMENT
EVT_00003933,ALTERNATIVE_PAYMENT,0.2,RETRY_LATER
EVT_00003933,RECOVERY_REMINDER,0.0,RETRY_LATER
EVT_00003933,RETRY_LATER,0.25,RETRY_LATER
EVT_00003933,HUMAN_ESCALATION,0.0,RETRY_LATER
EVT_00007688,ALTERNATIVE_PAYMENT,0.58,ALTERNATIVE_PAYMENT
EVT_00007688,RECOVERY_REMINDER,0.0,ALTERNATIVE_PAYMENT
EVT_00007688,RETRY_LATER,-0.1,ALTERNATIVE_PAYMENT
EVT_00007688,HUMAN_ESCALATION,-0.2,ALTERNATIVE_PAYMENT
EVT_00007152,ALTERNATIVE_PAYMENT,0.58,ALTERNATIVE_PAYMENT
EVT_00007152,RECOVERY_REMINDER,0.0,ALTERNATIVE_PAYMENT
EVT_00007152,RETRY_LATER,-999999.0,ALTERNATIVE_PAYMENT
EVT_00007152,HUMAN_ESCALATION,0.0,ALTERNATIVE_PAYMENT
EVT_00000288,ALTERNATIVE_PAYMENT,0.28,ALTERNATIVE_PAYMENT
EVT_00000288,RECOVERY_REMINDER,0.0,ALTERNATIVE_PAYMENT
EVT_00000288,RETRY_LATER,0.15,ALTERNATIVE_PAYMENT
EVT_00000288,HUMAN_ESCALATION,0.0,ALTERNATIVE_PAYMENT
EVT_00002292,ALTERNATIVE_PAYMENT,0.58,ALTERNATIVE_PAYMENT
EVT_00002292,RECOVERY_REMINDER,0.0,ALTERNATIVE_PAYMENT
EVT_00002292,RETRY_LATER,-0.1,ALTERNATIVE_PAYMENT
EVT_00002292,HUMAN_ESCALATION,0.0,ALTERNATIVE_PAYMENT
EVT_00007856,ALTERNATIVE_PAYMENT,0.28,ALTERNATIVE_PAYMENT
EVT_00007856,RECOVERY_REMINDER,0.0,ALTERNATIVE_PAYMENT
EVT_00007856,RETRY_LATER,0.15,ALTERNATIVE_PAYMENT
EVT_00007856,HUMAN_ESCALATION,0.0,ALTERNATIVE_PAYMENT
EVT_00009564,ALTERNATIVE_PAYMENT,0.0,RECOVERY_REMINDER
EVT_00009564,RECOVERY_REMINDER,0.79,RECOVERY_REMINDER
EVT_00009564,RETRY_LATER,-0.2,RECOVERY_REMINDER
EVT_00009564,HUMAN_ESCALATION,0.12,RECOVERY_REMINDER
EVT_00000774,ALTERNATIVE_PAYMENT,0.2,RECOVERY_REMINDER
EVT_00000774,RECOVERY_REMINDER,0.25,RECOVERY_REMINDER
EVT_00000774,RETRY_LATER,-0.1,RECOVERY_REMINDER
EVT_00000774,HUMAN_ESCALATION,0.0,RECOVERY_REMINDER
EVT_00003845,ALTERNATIVE_PAYMENT,0.0,RECOVERY_REMINDER
EVT_00003845,RECOVERY_REMINDER,0.75,RECOVERY_REMINDER
EVT_00003845,RETRY_LATER,-0.2,RECOVERY_REMINDER
EVT_00003845,HUMAN_ESCALATION,0.0,RECOVERY_REMINDER
EVT_00009948,ALTERNATIVE_PAYMENT,0.0,RECOVERY_REMINDER
EVT_00009948,RECOVERY_REMINDER,0.75,RECOVERY_REMINDER
EVT_00009948,RETRY_LATER,-0.2,RECOVERY_REMINDER
EVT_00009948,HUMAN_ESCALATION,0.0,RECOVERY_REMINDER
EVT_00008779,ALTERNATIVE_PAYMENT,0.58,ALTERNATIVE_PAYMENT
EVT_00008779,RECOVERY_REMINDER,0.0,ALTERNATIVE_PAYMENT
EVT_00008779,RETRY_LATER,-0.1,ALTERNATIVE_PAYMENT
EVT_00008779,HUMAN_ESCALATION,0.0,ALTERNATIVE_PAYMENT
EVT_00009553,ALTERNATIVE_PAYMENT,0.2,ALTERNATIVE_PAYMENT
EVT_00009553,RECOVERY_REMINDER,0.0,ALTERNATIVE_PAYMENT
EVT_00009553,RETRY_LATER,0.0,ALTERNATIVE_PAYMENT
EVT_00009553,HUMAN_ESCALATION,0.1,ALTERNATIVE_PAYMENT
EVT_00007834,ALTERNATIVE_PAYMENT,0.2,HUMAN_ESCALATION
EVT_00007834,RECOVERY_REMINDER,0.04,HUMAN_ESCALATION
EVT_00007834,RETRY_LATER,0.0,HUMAN_ESCALATION
EVT_00007834,HUMAN_ESCALATION,0.22,HUMAN_ESCALATION
EVT_00007291,ALTERNATIVE_PAYMENT,0.5,ALTERNATIVE_PAYMENT
EVT_00007291,RECOVERY_REMINDER,0.0,ALTERNATIVE_PAYMENT
EVT_00007291,RETRY_LATER,0.0,ALTERNATIVE_PAYMENT
EVT_00007291,HUMAN_ESCALATION,0.0,ALTERNATIVE_PAYMENT
EVT_00006493,ALTERNATIVE_PAYMENT,0.0,RECOVERY_REMINDER
EVT_00006493,RECOVERY_REMINDER,0.75,RECOVERY_REMINDER
EVT_00006493,RETRY_LATER,-0.2,RECOVERY_REMINDER
EVT_00006493,HUMAN_ESCALATION,0.0,RECOVERY_REMINDER
EVT_00006009,ALTERNATIVE_PAYMENT,0.0,RECOVERY_REMINDER
EVT_00006009,RECOVERY_REMINDER,0.75,RECOVERY_REMINDER
EVT_00006009,RETRY_LATER,-0.2,RECOVERY_REMINDER
EVT_00006009,HUMAN_ESCALATION,0.0,RECOVERY_REMINDER
EVT_00007849,ALTERNATIVE_PAYMENT,0.2,RECOVERY_REMINDER
EVT_00007849,RECOVERY_REMINDER,0.25,RECOVERY_REMINDER
EVT_00007849,RETRY_LATER,-0.1,RECOVERY_REMINDER
EVT_00007849,HUMAN_ESCALATION,0.0,RECOVERY_REMINDER
EVT_00006139,ALTERNATIVE_PAYMENT,0.2,RETRY_LATER
EVT_00006139,RECOVERY_REMINDER,0.0,RETRY_LATER
EVT_00006139,RETRY_LATER,0.25,RETRY_LATER
EVT_00006139,HUMAN_ESCALATION,0.0,RETRY_LATER
EVT_00004333,ALTERNATIVE_PAYMENT,0.0,RECOVERY_REMINDER
EVT_00004333,RECOVERY_REMINDER,0.75,RECOVERY_REMINDER
EVT_00004333,RETRY_LATER,-0.2,RECOVERY_REMINDER
EVT_00004333,HUMAN_ESCALATION,0.0,RECOVERY_REMINDER
EVT_00004667,ALTERNATIVE_PAYMENT,0.0,RECOVERY_REMINDER
EVT_00004667,RECOVERY_REMINDER,0.65,RECOVERY_REMINDER
EVT_00004667,RETRY_LATER,-0.2,RECOVERY_REMINDER
EVT_00004667,HUMAN_ESCALATION,0.0,RECOVERY_REMINDER
EVT_00000026,ALTERNATIVE_PAYMENT,0.0,RECOVERY_REMINDER
EVT_00000026,RECOVERY_REMINDER,0.65,RECOVERY_REMINDER
EVT_00000026,RETRY_LATER,-0.2,RECOVERY_REMINDER
EVT_00000026,HUMAN_ESCALATION,0.0,RECOVERY_REMINDER
EVT_00009066,ALTERNATIVE_PAYMENT,0.2,RETRY_LATER
EVT_00009066,RECOVERY_REMINDER,0.0,RETRY_LATER
EVT_00009066,RETRY_LATER,0.25,RETRY_LATER
EVT_00009066,HUMAN_ESCALATION,0.0,RETRY_LATER
EVT_00004205,ALTERNATIVE_PAYMENT,0.28,ALTERNATIVE_PAYMENT
EVT_00004205,RECOVERY_REMINDER,0.0,ALTERNATIVE_PAYMENT
EVT_00004205,RETRY_LATER,0.15,ALTERNATIVE_PAYMENT
EVT_00004205,HUMAN_ESCALATION,0.0,ALTERNATIVE_PAYMENT
EVT_00000816,ALTERNATIVE_PAYMENT,0.5,ALTERNATIVE_PAYMENT
EVT_00000816,RECOVERY_REMINDER,0.0,ALTERNATIVE_PAYMENT
EVT_00000816,RETRY_LATER,0.0,ALTERNATIVE_PAYMENT
EVT_00000816,HUMAN_ESCALATION,0.0,ALTERNATIVE_PAYMENT
EVT_00001779,ALTERNATIVE_PAYMENT,0.2,RECOVERY_REMINDER
EVT_00001779,RECOVERY_REMINDER,0.29,RECOVERY_REMINDER
EVT_00001779,RETRY_LATER,-0.1,RECOVERY_REMINDER
EVT_00001779,HUMAN_ESCALATION,0.12,RECOVERY_REMINDER
EVT_00007508,ALTERNATIVE_PAYMENT,0.2,RETRY_LATER
EVT_00007508,RECOVERY_REMINDER,0.0,RETRY_LATER
EVT_00007508,RETRY_LATER,0.25,RETRY_LATER
EVT_00007508,HUMAN_ESCALATION,0.0,RETRY_LATER
EVT_00000304,ALTERNATIVE_PAYMENT,0.58,ALTERNATIVE_PAYMENT
EVT_00000304,RECOVERY_REMINDER,0.0,ALTERNATIVE_PAYMENT
EVT_00000304,RETRY_LATER,-999999.0,ALTERNATIVE_PAYMENT
EVT_00000304,HUMAN_ESCALATION,0.0,ALTERNATIVE_PAYMENT
EVT_00006787,ALTERNATIVE_PAYMENT,0.5,ALTERNATIVE_PAYMENT
EVT_00006787,RECOVERY_REMINDER,0.0,ALTERNATIVE_PAYMENT
EVT_00006787,RETRY_LATER,0.0,ALTERNATIVE_PAYMENT
EVT_00006787,HUMAN_ESCALATION,0.0,ALTERNATIVE_PAYMENT
EVT_00001012,ALTERNATIVE_PAYMENT,0.58,ALTERNATIVE_PAYMENT
EVT_00001012,RECOVERY_REMINDER,0.0,ALTERNATIVE_PAYMENT
EVT_00001012,RETRY_LATER,-0.1,ALTERNATIVE_PAYMENT
EVT_00001012,HUMAN_ESCALATION,0.0,ALTERNATIVE_PAYMENT
EVT_00005198,ALTERNATIVE_PAYMENT,0.28,ALTERNATIVE_PAYMENT
EVT_00005198,RECOVERY_REMINDER,0.0,ALTERNATIVE_PAYMENT
EVT_00005198,RETRY_LATER,0.15,ALTERNATIVE_PAYMENT
EVT_00005198,HUMAN_ESCALATION,0.0,ALTERNATIVE_PAYMENT
EVT_00001403,ALTERNATIVE_PAYMENT,0.5,ALTERNATIVE_PAYMENT
EVT_00001403,RECOVERY_REMINDER,0.04,ALTERNATIVE_PAYMENT
EVT_00001403,RETRY_LATER,0.0,ALTERNATIVE_PAYMENT
EVT_00001403,HUMAN_ESCALATION,0.12,ALTERNATIVE_PAYMENT
EVT_00005680,ALTERNATIVE_PAYMENT,0.0,RECOVERY_REMINDER
EVT_00005680,RECOVERY_REMINDER,0.45,RECOVERY_REMINDER
EVT_00005680,RETRY_LATER,-0.2,RECOVERY_REMINDER
EVT_00005680,HUMAN_ESCALATION,0.0,RECOVERY_REMINDER
EVT_00004580,ALTERNATIVE_PAYMENT,0.0,RECOVERY_REMINDER
EVT_00004580,RECOVERY_REMINDER,0.65,RECOVERY_REMINDER
EVT_00004580,RETRY_LATER,-0.2,RECOVERY_REMINDER
EVT_00004580,HUMAN_ESCALATION,0.0,RECOVERY_REMINDER
EVT_00002948,ALTERNATIVE_PAYMENT,0.5,ALTERNATIVE_PAYMENT
EVT_00002948,RECOVERY_REMINDER,0.0,ALTERNATIVE_PAYMENT
EVT_00002948,RETRY_LATER,0.0,ALTERNATIVE_PAYMENT
EVT_00002948,HUMAN_ESCALATION,0.0,ALTERNATIVE_PAYMENT
EVT_00001800,ALTERNATIVE_PAYMENT,0.0,RECOVERY_REMINDER
EVT_00001800,RECOVERY_REMINDER,0.65,RECOVERY_REMINDER
EVT_00001800,RETRY_LATER,-0.2,RECOVERY_REMINDER
EVT_00001800,HUMAN_ESCALATION,0.0,RECOVERY_REMINDER
EVT_00002057,ALTERNATIVE_PAYMENT,0.28,ALTERNATIVE_PAYMENT
EVT_00002057,RECOVERY_REMINDER,0.0,ALTERNATIVE_PAYMENT
EVT_00002057,RETRY_LATER,-999999.0,ALTERNATIVE_PAYMENT
EVT_00002057,HUMAN_ESCALATION,0.0,ALTERNATIVE_PAYMENT
EVT_00004472,ALTERNATIVE_PAYMENT,0.5,ALTERNATIVE_PAYMENT
EVT_00004472,RECOVERY_REMINDER,0.0,ALTERNATIVE_PAYMENT
EVT_00004472,RETRY_LATER,0.0,ALTERNATIVE_PAYMENT
EVT_00004472,HUMAN_ESCALATION,0.0,ALTERNATIVE_PAYMENT
EVT_00007368,ALTERNATIVE_PAYMENT,0.0,RECOVERY_REMINDER
EVT_00007368,RECOVERY_REMINDER,0.75,RECOVERY_REMINDER
EVT_00007368,RETRY_LATER,-0.2,RECOVERY_REMINDER
EVT_00007368,HUMAN_ESCALATION,0.0,RECOVERY_REMINDER
EVT_00004441,ALTERNATIVE_PAYMENT,0.28,ALTERNATIVE_PAYMENT
EVT_00004441,RECOVERY_REMINDER,0.0,ALTERNATIVE_PAYMENT
EVT_00004441,RETRY_LATER,-999999.0,ALTERNATIVE_PAYMENT
EVT_00004441,HUMAN_ESCALATION,0.1,ALTERNATIVE_PAYMENT
EVT_00007804,ALTERNATIVE_PAYMENT,0.2,RECOVERY_REMINDER
EVT_00007804,RECOVERY_REMINDER,0.25,RECOVERY_REMINDER
EVT_00007804,RETRY_LATER,-0.1,RECOVERY_REMINDER
EVT_00007804,HUMAN_ESCALATION,0.0,RECOVERY_REMINDER
EVT_00009338,ALTERNATIVE_PAYMENT,0.2,RECOVERY_REMINDER
EVT_00009338,RECOVERY_REMINDER,0.25,RECOVERY_REMINDER
EVT_00009338,RETRY_LATER,-0.1,RECOVERY_REMINDER
EVT_00009338,HUMAN_ESCALATION,0.0,RECOVERY_REMINDER
EVT_00002769,ALTERNATIVE_PAYMENT,0.0,RECOVERY_REMINDER
EVT_00002769,RECOVERY_REMINDER,0.75,RECOVERY_REMINDER
EVT_00002769,RETRY_LATER,-0.2,RECOVERY_REMINDER
EVT_00002769,HUMAN_ESCALATION,0.0,RECOVERY_REMINDER
EVT_00005127,ALTERNATIVE_PAYMENT,0.2,ALTERNATIVE_PAYMENT
EVT_00005127,RECOVERY_REMINDER,0.0,ALTERNATIVE_PAYMENT
EVT_00005127,RETRY_LATER,0.0,ALTERNATIVE_PAYMENT
EVT_00005127,HUMAN_ESCALATION,0.1,ALTERNATIVE_PAYMENT
EVT_00000653,ALTERNATIVE_PAYMENT,0.58,ALTERNATIVE_PAYMENT
EVT_00000653,RECOVERY_REMINDER,0.0,ALTERNATIVE_PAYMENT
EVT_00000653,RETRY_LATER,-0.1,ALTERNATIVE_PAYMENT
EVT_00000653,HUMAN_ESCALATION,0.0,ALTERNATIVE_PAYMENT
EVT_00004456,ALTERNATIVE_PAYMENT,0.2,RETRY_LATER
EVT_00004456,RECOVERY_REMINDER,0.0,RETRY_LATER
EVT_00004456,RETRY_LATER,0.25,RETRY_LATER
EVT_00004456,HUMAN_ESCALATION,0.0,RETRY_LATER
EVT_00006984,ALTERNATIVE_PAYMENT,0.2,ALTERNATIVE_PAYMENT
EVT_00006984,RECOVERY_REMINDER,0.0,ALTERNATIVE_PAYMENT
EVT_00006984,RETRY_LATER,0.0,ALTERNATIVE_PAYMENT
EVT_00006984,HUMAN_ESCALATION,0.1,ALTERNATIVE_PAYMENT
EVT_00007691,ALTERNATIVE_PAYMENT,0.5,ALTERNATIVE_PAYMENT
EVT_00007691,RECOVERY_REMINDER,0.0,ALTERNATIVE_PAYMENT
EVT_00007691,RETRY_LATER,0.0,ALTERNATIVE_PAYMENT
EVT_00007691,HUMAN_ESCALATION,0.0,ALTERNATIVE_PAYMENT
EVT_00003719,ALTERNATIVE_PAYMENT,0.2,RETRY_LATER
EVT_00003719,RECOVERY_REMINDER,0.0,RETRY_LATER
EVT_00003719,RETRY_LATER,0.25,RETRY_LATER
EVT_00003719,HUMAN_ESCALATION,-0.2,RETRY_LATER
EVT_00002992,ALTERNATIVE_PAYMENT,0.58,ALTERNATIVE_PAYMENT
EVT_00002992,RECOVERY_REMINDER,0.0,ALTERNATIVE_PAYMENT
EVT_00002992,RETRY_LATER,-999999.0,ALTERNATIVE_PAYMENT
EVT_00002992,HUMAN_ESCALATION,0.0,ALTERNATIVE_PAYMENT
EVT_00003660,ALTERNATIVE_PAYMENT,0.0,RECOVERY_REMINDER
EVT_00003660,RECOVERY_REMINDER,0.75,RECOVERY_REMINDER
EVT_00003660,RETRY_LATER,-0.2,RECOVERY_REMINDER
EVT_00003660,HUMAN_ESCALATION,0.0,RECOVERY_REMINDER
EVT_00000621,ALTERNATIVE_PAYMENT,0.2,RECOVERY_REMINDER
EVT_00000621,RECOVERY_REMINDER,0.25,RECOVERY_REMINDER
EVT_00000621,RETRY_LATER,-0.1,RECOVERY_REMINDER
EVT_00000621,HUMAN_ESCALATION,0.0,RECOVERY_REMINDER
EVT_00009396,ALTERNATIVE_PAYMENT,0.5,ALTERNATIVE_PAYMENT
EVT_00009396,RECOVERY_REMINDER,0.0,ALTERNATIVE_PAYMENT
EVT_00009396,RETRY_LATER,0.0,ALTERNATIVE_PAYMENT
EVT_00009396,HUMAN_ESCALATION,0.0,ALTERNATIVE_PAYMENT
EVT_00005283,ALTERNATIVE_PAYMENT,0.2,ALTERNATIVE_PAYMENT
EVT_00005283,RECOVERY_REMINDER,0.0,ALTERNATIVE_PAYMENT
EVT_00005283,RETRY_LATER,0.0,ALTERNATIVE_PAYMENT
EVT_00005283,HUMAN_ESCALATION,0.1,ALTERNATIVE_PAYMENT
EVT_00006482,ALTERNATIVE_PAYMENT,0.2,RETRY_LATER
EVT_00006482,RECOVERY_REMINDER,0.0,RETRY_LATER
EVT_00006482,RETRY_LATER,0.25,RETRY_LATER
EVT_00006482,HUMAN_ESCALATION,0.0,RETRY_LATER
EVT_00004138,ALTERNATIVE_PAYMENT,0.0,RECOVERY_REMINDER
EVT_00004138,RECOVERY_REMINDER,0.75,RECOVERY_REMINDER
EVT_00004138,RETRY_LATER,-0.2,RECOVERY_REMINDER
EVT_00004138,HUMAN_ESCALATION,0.0,RECOVERY_REMINDER
EVT_00003177,ALTERNATIVE_PAYMENT,0.0,RECOVERY_REMINDER
EVT_00003177,RECOVERY_REMINDER,0.65,RECOVERY_REMINDER
EVT_00003177,RETRY_LATER,-0.2,RECOVERY_REMINDER
EVT_00003177,HUMAN_ESCALATION,0.0,RECOVERY_REMINDER
EVT_00002075,ALTERNATIVE_PAYMENT,0.0,RECOVERY_REMINDER
EVT_00002075,RECOVERY_REMINDER,0.75,RECOVERY_REMINDER
EVT_00002075,RETRY_LATER,-0.2,RECOVERY_REMINDER
EVT_00002075,HUMAN_ESCALATION,0.0,RECOVERY_REMINDER
EVT_00004024,ALTERNATIVE_PAYMENT,0.28,ALTERNATIVE_PAYMENT
EVT_00004024,RECOVERY_REMINDER,0.0,ALTERNATIVE_PAYMENT
EVT_00004024,RETRY_LATER,0.15,ALTERNATIVE_PAYMENT
EVT_00004024,HUMAN_ESCALATION,0.0,ALTERNATIVE_PAYMENT
EVT_00006755,ALTERNATIVE_PAYMENT,0.0,RECOVERY_REMINDER
EVT_00006755,RECOVERY_REMINDER,0.65,RECOVERY_REMINDER
EVT_00006755,RETRY_LATER,-0.2,RECOVERY_REMINDER
EVT_00006755,HUMAN_ESCALATION,0.0,RECOVERY_REMINDER
EVT_00003067,ALTERNATIVE_PAYMENT,0.5,ALTERNATIVE_PAYMENT
EVT_00003067,RECOVERY_REMINDER,0.0,ALTERNATIVE_PAYMENT
EVT_00003067,RETRY_LATER,0.0,ALTERNATIVE_PAYMENT
EVT_00003067,HUMAN_ESCALATION,0.0,ALTERNATIVE_PAYMENT
EVT_00004306,ALTERNATIVE_PAYMENT,0.0,RECOVERY_REMINDER
EVT_00004306,RECOVERY_REMINDER,0.75,RECOVERY_REMINDER
EVT_00004306,RETRY_LATER,-0.2,RECOVERY_REMINDER
EVT_00004306,HUMAN_ESCALATION,0.0,RECOVERY_REMINDER
EVT_00009318,ALTERNATIVE_PAYMENT,0.2,RECOVERY_REMINDER
EVT_00009318,RECOVERY_REMINDER,0.25,RECOVERY_REMINDER
EVT_00009318,RETRY_LATER,-0.1,RECOVERY_REMINDER
EVT_00009318,HUMAN_ESCALATION,0.0,RECOVERY_REMINDER
EVT_00003465,ALTERNATIVE_PAYMENT,0.0,RECOVERY_REMINDER
EVT_00003465,RECOVERY_REMINDER,0.75,RECOVERY_REMINDER
EVT_00003465,RETRY_LATER,-0.2,RECOVERY_REMINDER
EVT_00003465,HUMAN_ESCALATION,0.0,RECOVERY_REMINDER
EVT_00009510,ALTERNATIVE_PAYMENT,0.0,RECOVERY_REMINDER
EVT_00009510,RECOVERY_REMINDER,0.75,RECOVERY_REMINDER
EVT_00009510,RETRY_LATER,-0.2,RECOVERY_REMINDER
EVT_00009510,HUMAN_ESCALATION,0.0,RECOVERY_REMINDER
EVT_00005748,ALTERNATIVE_PAYMENT,0.0,RECOVERY_REMINDER
EVT_00005748,RECOVERY_REMINDER,0.75,RECOVERY_REMINDER
EVT_00005748,RETRY_LATER,-0.2,RECOVERY_REMINDER
EVT_00005748,HUMAN_ESCALATION,0.0,RECOVERY_REMINDER
EVT_00004769,ALTERNATIVE_PAYMENT,0.2,RETRY_LATER
EVT_00004769,RECOVERY_REMINDER,0.0,RETRY_LATER
EVT_00004769,RETRY_LATER,0.25,RETRY_LATER
EVT_00004769,HUMAN_ESCALATION,0.0,RETRY_LATER
EVT_00005952,ALTERNATIVE_PAYMENT,0.0,RECOVERY_REMINDER
EVT_00005952,RECOVERY_REMINDER,0.75,RECOVERY_REMINDER
EVT_00005952,RETRY_LATER,-0.2,RECOVERY_REMINDER
EVT_00005952,HUMAN_ESCALATION,0.0,RECOVERY_REMINDER
EVT_00003426,ALTERNATIVE_PAYMENT,0.5,ALTERNATIVE_PAYMENT
EVT_00003426,RECOVERY_REMINDER,0.0,ALTERNATIVE_PAYMENT
EVT_00003426,RETRY_LATER,0.0,ALTERNATIVE_PAYMENT
EVT_00003426,HUMAN_ESCALATION,0.0,ALTERNATIVE_PAYMENT
EVT_00000708,ALTERNATIVE_PAYMENT,0.0,RECOVERY_REMINDER
EVT_00000708,RECOVERY_REMINDER,0.65,RECOVERY_REMINDER
EVT_00000708,RETRY_LATER,-0.2,RECOVERY_REMINDER
EVT_00000708,HUMAN_ESCALATION,0.0,RECOVERY_REMINDER
EVT_00007262,ALTERNATIVE_PAYMENT,0.2,RECOVERY_REMINDER
EVT_00007262,RECOVERY_REMINDER,0.25,RECOVERY_REMINDER
EVT_00007262,RETRY_LATER,-0.1,RECOVERY_REMINDER
EVT_00007262,HUMAN_ESCALATION,0.0,RECOVERY_REMINDER
EVT_00008567,ALTERNATIVE_PAYMENT,0.2,RETRY_LATER
EVT_00008567,RECOVERY_REMINDER,0.0,RETRY_LATER
EVT_00008567,RETRY_LATER,0.25,RETRY_LATER
EVT_00008567,HUMAN_ESCALATION,0.0,RETRY_LATER
EVT_00003945,ALTERNATIVE_PAYMENT,0.0,RECOVERY_REMINDER
EVT_00003945,RECOVERY_REMINDER,0.75,RECOVERY_REMINDER
EVT_00003945,RETRY_LATER,-0.2,RECOVERY_REMINDER
EVT_00003945,HUMAN_ESCALATION,0.0,RECOVERY_REMINDER
EVT_00007763,ALTERNATIVE_PAYMENT,0.5,ALTERNATIVE_PAYMENT
EVT_00007763,RECOVERY_REMINDER,0.0,ALTERNATIVE_PAYMENT
EVT_00007763,RETRY_LATER,0.0,ALTERNATIVE_PAYMENT
EVT_00007763,HUMAN_ESCALATION,0.0,ALTERNATIVE_PAYMENT
EVT_00007482,ALTERNATIVE_PAYMENT,0.2,RECOVERY_REMINDER
EVT_00007482,RECOVERY_REMINDER,0.29,RECOVERY_REMINDER
EVT_00007482,RETRY_LATER,-0.1,RECOVERY_REMINDER
EVT_00007482,HUMAN_ESCALATION,0.12,RECOVERY_REMINDER
EVT_00005955,ALTERNATIVE_PAYMENT,0.5,ALTERNATIVE_PAYMENT
EVT_00005955,RECOVERY_REMINDER,0.0,ALTERNATIVE_PAYMENT
EVT_00005955,RETRY_LATER,0.0,ALTERNATIVE_PAYMENT
EVT_00005955,HUMAN_ESCALATION,0.0,ALTERNATIVE_PAYMENT
EVT_00009713,ALTERNATIVE_PAYMENT,0.28,ALTERNATIVE_PAYMENT
EVT_00009713,RECOVERY_REMINDER,0.0,ALTERNATIVE_PAYMENT
EVT_00009713,RETRY_LATER,0.15,ALTERNATIVE_PAYMENT
EVT_00009713,HUMAN_ESCALATION,0.0,ALTERNATIVE_PAYMENT
EVT_00002339,ALTERNATIVE_PAYMENT,0.2,RETRY_LATER
EVT_00002339,RECOVERY_REMINDER,0.0,RETRY_LATER
EVT_00002339,RETRY_LATER,0.25,RETRY_LATER
EVT_00002339,HUMAN_ESCALATION,-0.2,RETRY_LATER
EVT_00009601,ALTERNATIVE_PAYMENT,0.2,RETRY_LATER
EVT_00009601,RECOVERY_REMINDER,0.0,RETRY_LATER
EVT_00009601,RETRY_LATER,0.25,RETRY_LATER
EVT_00009601,HUMAN_ESCALATION,0.0,RETRY_LATER
EVT_00001751,ALTERNATIVE_PAYMENT,0.28,ALTERNATIVE_PAYMENT
EVT_00001751,RECOVERY_REMINDER,0.0,ALTERNATIVE_PAYMENT
EVT_00001751,RETRY_LATER,0.15,ALTERNATIVE_PAYMENT
EVT_00001751,HUMAN_ESCALATION,0.0,ALTERNATIVE_PAYMENT
EVT_00004696,ALTERNATIVE_PAYMENT,0.28,ALTERNATIVE_PAYMENT
EVT_00004696,RECOVERY_REMINDER,0.0,ALTERNATIVE_PAYMENT
EVT_00004696,RETRY_LATER,0.15,ALTERNATIVE_PAYMENT
EVT_00004696,HUMAN_ESCALATION,0.0,ALTERNATIVE_PAYMENT
EVT_00009430,ALTERNATIVE_PAYMENT,0.2,RECOVERY_REMINDER
EVT_00009430,RECOVERY_REMINDER,0.25,RECOVERY_REMINDER
EVT_00009430,RETRY_LATER,-0.1,RECOVERY_REMINDER
EVT_00009430,HUMAN_ESCALATION,0.0,RECOVERY_REMINDER
EVT_00007349,ALTERNATIVE_PAYMENT,0.28,ALTERNATIVE_PAYMENT
EVT_00007349,RECOVERY_REMINDER,0.0,ALTERNATIVE_PAYMENT
EVT_00007349,RETRY_LATER,0.15,ALTERNATIVE_PAYMENT
EVT_00007349,HUMAN_ESCALATION,0.0,ALTERNATIVE_PAYMENT
EVT_00000867,ALTERNATIVE_PAYMENT,0.2,RECOVERY_REMINDER
EVT_00000867,RECOVERY_REMINDER,0.25,RECOVERY_REMINDER
EVT_00000867,RETRY_LATER,-0.1,RECOVERY_REMINDER
EVT_00000867,HUMAN_ESCALATION,0.0,RECOVERY_REMINDER
EVT_00006007,ALTERNATIVE_PAYMENT,0.0,RECOVERY_REMINDER
EVT_00006007,RECOVERY_REMINDER,0.55,RECOVERY_REMINDER
EVT_00006007,RETRY_LATER,-0.2,RECOVERY_REMINDER
EVT_00006007,HUMAN_ESCALATION,0.0,RECOVERY_REMINDER
EVT_00009650,ALTERNATIVE_PAYMENT,0.0,RECOVERY_REMINDER
EVT_00009650,RECOVERY_REMINDER,0.75,RECOVERY_REMINDER
EVT_00009650,RETRY_LATER,-0.2,RECOVERY_REMINDER
EVT_00009650,HUMAN_ESCALATION,0.0,RECOVERY_REMINDER
EVT_00006715,ALTERNATIVE_PAYMENT,0.2,RETRY_LATER
EVT_00006715,RECOVERY_REMINDER,0.0,RETRY_LATER
EVT_00006715,RETRY_LATER,0.25,RETRY_LATER
EVT_00006715,HUMAN_ESCALATION,0.0,RETRY_LATER
EVT_00006441,ALTERNATIVE_PAYMENT,0.2,RETRY_LATER
EVT_00006441,RECOVERY_REMINDER,0.0,RETRY_LATER
EVT_00006441,RETRY_LATER,0.25,RETRY_LATER
EVT_00006441,HUMAN_ESCALATION,0.0,RETRY_LATER
EVT_00000805,ALTERNATIVE_PAYMENT,0.2,RECOVERY_REMINDER
EVT_00000805,RECOVERY_REMINDER,0.29,RECOVERY_REMINDER
EVT_00000805,RETRY_LATER,-0.1,RECOVERY_REMINDER
EVT_00000805,HUMAN_ESCALATION,0.12,RECOVERY_REMINDER
EVT_00001842,ALTERNATIVE_PAYMENT,0.28,ALTERNATIVE_PAYMENT
EVT_00001842,RECOVERY_REMINDER,0.0,ALTERNATIVE_PAYMENT
EVT_00001842,RETRY_LATER,-999999.0,ALTERNATIVE_PAYMENT
EVT_00001842,HUMAN_ESCALATION,0.0,ALTERNATIVE_PAYMENT
EVT_00003188,ALTERNATIVE_PAYMENT,0.0,RECOVERY_REMINDER
EVT_00003188,RECOVERY_REMINDER,0.75,RECOVERY_REMINDER
EVT_00003188,RETRY_LATER,-0.2,RECOVERY_REMINDER
EVT_00003188,HUMAN_ESCALATION,0.0,RECOVERY_REMINDER
EVT_00003636,ALTERNATIVE_PAYMENT,0.2,HUMAN_ESCALATION
EVT_00003636,RECOVERY_REMINDER,0.04,HUMAN_ESCALATION
EVT_00003636,RETRY_LATER,0.0,HUMAN_ESCALATION
EVT_00003636,HUMAN_ESCALATION,0.22,HUMAN_ESCALATION
EVT_00006497,ALTERNATIVE_PAYMENT,0.0,RECOVERY_REMINDER
EVT_00006497,RECOVERY_REMINDER,0.65,RECOVERY_REMINDER
EVT_00006497,RETRY_LATER,-0.2,RECOVERY_REMINDER
EVT_00006497,HUMAN_ESCALATION,0.0,RECOVERY_REMINDER
EVT_00001157,ALTERNATIVE_PAYMENT,0.5,ALTERNATIVE_PAYMENT
EVT_00001157,RECOVERY_REMINDER,0.0,ALTERNATIVE_PAYMENT
EVT_00001157,RETRY_LATER,0.0,ALTERNATIVE_PAYMENT
EVT_00001157,HUMAN_ESCALATION,0.0,ALTERNATIVE_PAYMENT
EVT_00002237,ALTERNATIVE_PAYMENT,0.2,RETRY_LATER
EVT_00002237,RECOVERY_REMINDER,0.0,RETRY_LATER
EVT_00002237,RETRY_LATER,0.25,RETRY_LATER
EVT_00002237,HUMAN_ESCALATION,0.0,RETRY_LATER
EVT_00005379,ALTERNATIVE_PAYMENT,0.0,RECOVERY_REMINDER
EVT_00005379,RECOVERY_REMINDER,0.79,RECOVERY_REMINDER
EVT_00005379,RETRY_LATER,-0.2,RECOVERY_REMINDER
EVT_00005379,HUMAN_ESCALATION,0.12,RECOVERY_REMINDER
EVT_00009284,ALTERNATIVE_PAYMENT,0.2,RECOVERY_REMINDER
EVT_00009284,RECOVERY_REMINDER,0.25,RECOVERY_REMINDER
EVT_00009284,RETRY_LATER,-0.1,RECOVERY_REMINDER
EVT_00009284,HUMAN_ESCALATION,0.0,RECOVERY_REMINDER
EVT_00007015,ALTERNATIVE_PAYMENT,0.0,RECOVERY_REMINDER
EVT_00007015,RECOVERY_REMINDER,0.79,RECOVERY_REMINDER
EVT_00007015,RETRY_LATER,-0.2,RECOVERY_REMINDER
EVT_00007015,HUMAN_ESCALATION,0.12,RECOVERY_REMINDER
EVT_00006649,ALTERNATIVE_PAYMENT,0.0,RECOVERY_REMINDER
EVT_00006649,RECOVERY_REMINDER,0.75,RECOVERY_REMINDER
EVT_00006649,RETRY_LATER,-0.2,RECOVERY_REMINDER
EVT_00006649,HUMAN_ESCALATION,0.0,RECOVERY_REMINDER
EVT_00008698,ALTERNATIVE_PAYMENT,0.28,ALTERNATIVE_PAYMENT
EVT_00008698,RECOVERY_REMINDER,0.0,ALTERNATIVE_PAYMENT
EVT_00008698,RETRY_LATER,-999999.0,ALTERNATIVE_PAYMENT
EVT_00008698,HUMAN_ESCALATION,0.0,ALTERNATIVE_PAYMENT
EVT_00005750,ALTERNATIVE_PAYMENT,0.2,RECOVERY_REMINDER
EVT_00005750,RECOVERY_REMINDER,0.25,RECOVERY_REMINDER
EVT_00005750,RETRY_LATER,-0.1,RECOVERY_REMINDER
EVT_00005750,HUMAN_ESCALATION,0.0,RECOVERY_REMINDER
EVT_00008237,ALTERNATIVE_PAYMENT,0.58,ALTERNATIVE_PAYMENT
EVT_00008237,RECOVERY_REMINDER,0.0,ALTERNATIVE_PAYMENT
EVT_00008237,RETRY_LATER,-999999.0,ALTERNATIVE_PAYMENT
EVT_00008237,HUMAN_ESCALATION,0.0,ALTERNATIVE_PAYMENT
EVT_00009030,ALTERNATIVE_PAYMENT,0.2,RETRY_LATER
EVT_00009030,RECOVERY_REMINDER,0.0,RETRY_LATER
EVT_00009030,RETRY_LATER,0.25,RETRY_LATER
EVT_00009030,HUMAN_ESCALATION,0.0,RETRY_LATER
EVT_00002295,ALTERNATIVE_PAYMENT,0.28,ALTERNATIVE_PAYMENT
EVT_00002295,RECOVERY_REMINDER,0.0,ALTERNATIVE_PAYMENT
EVT_00002295,RETRY_LATER,-999999.0,ALTERNATIVE_PAYMENT
EVT_00002295,HUMAN_ESCALATION,0.0,ALTERNATIVE_PAYMENT
EVT_00008741,ALTERNATIVE_PAYMENT,0.2,RECOVERY_REMINDER
EVT_00008741,RECOVERY_REMINDER,0.25,RECOVERY_REMINDER
EVT_00008741,RETRY_LATER,-0.1,RECOVERY_REMINDER
EVT_00008741,HUMAN_ESCALATION,0.0,RECOVERY_REMINDER
EVT_00009500,ALTERNATIVE_PAYMENT,0.58,ALTERNATIVE_PAYMENT
EVT_00009500,RECOVERY_REMINDER,0.04,ALTERNATIVE_PAYMENT
EVT_00009500,RETRY_LATER,-0.1,ALTERNATIVE_PAYMENT
EVT_00009500,HUMAN_ESCALATION,0.12,ALTERNATIVE_PAYMENT
EVT_00007806,ALTERNATIVE_PAYMENT,0.28,ALTERNATIVE_PAYMENT
EVT_00007806,RECOVERY_REMINDER,0.0,ALTERNATIVE_PAYMENT
EVT_00007806,RETRY_LATER,0.15,ALTERNATIVE_PAYMENT
EVT_00007806,HUMAN_ESCALATION,0.0,ALTERNATIVE_PAYMENT
EVT_00006655,ALTERNATIVE_PAYMENT,0.2,RECOVERY_REMINDER
EVT_00006655,RECOVERY_REMINDER,0.25,RECOVERY_REMINDER
EVT_00006655,RETRY_LATER,-0.1,RECOVERY_REMINDER
EVT_00006655,HUMAN_ESCALATION,0.0,RECOVERY_REMINDER
EVT_00003005,ALTERNATIVE_PAYMENT,0.28,ALTERNATIVE_PAYMENT
EVT_00003005,RECOVERY_REMINDER,0.0,ALTERNATIVE_PAYMENT
EVT_00003005,RETRY_LATER,-999999.0,ALTERNATIVE_PAYMENT
EVT_00003005,HUMAN_ESCALATION,0.1,ALTERNATIVE_PAYMENT
EVT_00002755,ALTERNATIVE_PAYMENT,0.2,RECOVERY_REMINDER
EVT_00002755,RECOVERY_REMINDER,0.29,RECOVERY_REMINDER
EVT_00002755,RETRY_LATER,-0.1,RECOVERY_REMINDER
EVT_00002755,HUMAN_ESCALATION,0.12,RECOVERY_REMINDER
EVT_00000275,ALTERNATIVE_PAYMENT,0.0,RECOVERY_REMINDER
EVT_00000275,RECOVERY_REMINDER,0.65,RECOVERY_REMINDER
EVT_00000275,RETRY_LATER,-0.2,RECOVERY_REMINDER
EVT_00000275,HUMAN_ESCALATION,0.0,RECOVERY_REMINDER
EVT_00006506,ALTERNATIVE_PAYMENT,0.2,ALTERNATIVE_PAYMENT
EVT_00006506,RECOVERY_REMINDER,0.0,ALTERNATIVE_PAYMENT
EVT_00006506,RETRY_LATER,0.0,ALTERNATIVE_PAYMENT
EVT_00006506,HUMAN_ESCALATION,0.1,ALTERNATIVE_PAYMENT
EVT_00009735,ALTERNATIVE_PAYMENT,0.58,ALTERNATIVE_PAYMENT
EVT_00009735,RECOVERY_REMINDER,0.0,ALTERNATIVE_PAYMENT
EVT_00009735,RETRY_LATER,-0.1,ALTERNATIVE_PAYMENT
EVT_00009735,HUMAN_ESCALATION,0.0,ALTERNATIVE_PAYMENT
EVT_00003342,ALTERNATIVE_PAYMENT,0.0,RECOVERY_REMINDER
EVT_00003342,RECOVERY_REMINDER,0.75,RECOVERY_REMINDER
EVT_00003342,RETRY_LATER,-0.2,RECOVERY_REMINDER
EVT_00003342,HUMAN_ESCALATION,0.0,RECOVERY_REMINDER
EVT_00001338,ALTERNATIVE_PAYMENT,0.0,RECOVERY_REMINDER
EVT_00001338,RECOVERY_REMINDER,0.75,RECOVERY_REMINDER
EVT_00001338,RETRY_LATER,-0.2,RECOVERY_REMINDER
EVT_00001338,HUMAN_ESCALATION,0.0,RECOVERY_REMINDER
EVT_00001969,ALTERNATIVE_PAYMENT,0.58,ALTERNATIVE_PAYMENT
EVT_00001969,RECOVERY_REMINDER,0.0,ALTERNATIVE_PAYMENT
EVT_00001969,RETRY_LATER,-999999.0,ALTERNATIVE_PAYMENT
EVT_00001969,HUMAN_ESCALATION,0.0,ALTERNATIVE_PAYMENT
EVT_00006868,ALTERNATIVE_PAYMENT,0.2,RETRY_LATER
EVT_00006868,RECOVERY_REMINDER,0.04,RETRY_LATER
EVT_00006868,RETRY_LATER,0.25,RETRY_LATER
EVT_00006868,HUMAN_ESCALATION,0.12,RETRY_LATER
EVT_00003451,ALTERNATIVE_PAYMENT,0.0,RECOVERY_REMINDER
EVT_00003451,RECOVERY_REMINDER,0.75,RECOVERY_REMINDER
EVT_00003451,RETRY_LATER,-0.2,RECOVERY_REMINDER
EVT_00003451,HUMAN_ESCALATION,0.0,RECOVERY_REMINDER
EVT_00003764,ALTERNATIVE_PAYMENT,0.0,RECOVERY_REMINDER
EVT_00003764,RECOVERY_REMINDER,0.75,RECOVERY_REMINDER
EVT_00003764,RETRY_LATER,-0.2,RECOVERY_REMINDER
EVT_00003764,HUMAN_ESCALATION,0.0,RECOVERY_REMINDER
EVT_00006720,ALTERNATIVE_PAYMENT,0.2,RECOVERY_REMINDER
EVT_00006720,RECOVERY_REMINDER,0.25,RECOVERY_REMINDER
EVT_00006720,RETRY_LATER,-0.1,RECOVERY_REMINDER
EVT_00006720,HUMAN_ESCALATION,0.0,RECOVERY_REMINDER
EVT_00005830,ALTERNATIVE_PAYMENT,0.2,ALTERNATIVE_PAYMENT
EVT_00005830,RECOVERY_REMINDER,0.0,ALTERNATIVE_PAYMENT
EVT_00005830,RETRY_LATER,0.0,ALTERNATIVE_PAYMENT
EVT_00005830,HUMAN_ESCALATION,0.1,ALTERNATIVE_PAYMENT
EVT_00003146,ALTERNATIVE_PAYMENT,0.58,ALTERNATIVE_PAYMENT
EVT_00003146,RECOVERY_REMINDER,0.0,ALTERNATIVE_PAYMENT
EVT_00003146,RETRY_LATER,-0.1,ALTERNATIVE_PAYMENT
EVT_00003146,HUMAN_ESCALATION,-0.2,ALTERNATIVE_PAYMENT
EVT_00004700,ALTERNATIVE_PAYMENT,0.28,ALTERNATIVE_PAYMENT
EVT_00004700,RECOVERY_REMINDER,0.0,ALTERNATIVE_PAYMENT
EVT_00004700,RETRY_LATER,-0.1,ALTERNATIVE_PAYMENT
EVT_00004700,HUMAN_ESCALATION,0.1,ALTERNATIVE_PAYMENT
EVT_00005016,ALTERNATIVE_PAYMENT,0.5,ALTERNATIVE_PAYMENT
EVT_00005016,RECOVERY_REMINDER,0.0,ALTERNATIVE_PAYMENT
EVT_00005016,RETRY_LATER,0.0,ALTERNATIVE_PAYMENT
EVT_00005016,HUMAN_ESCALATION,0.0,ALTERNATIVE_PAYMENT
EVT_00007061,ALTERNATIVE_PAYMENT,0.28,ALTERNATIVE_PAYMENT
EVT_00007061,RECOVERY_REMINDER,0.0,ALTERNATIVE_PAYMENT
EVT_00007061,RETRY_LATER,-999999.0,ALTERNATIVE_PAYMENT
EVT_00007061,HUMAN_ESCALATION,0.0,ALTERNATIVE_PAYMENT
EVT_00003126,ALTERNATIVE_PAYMENT,0.0,RECOVERY_REMINDER
EVT_00003126,RECOVERY_REMINDER,0.75,RECOVERY_REMINDER
EVT_00003126,RETRY_LATER,-0.2,RECOVERY_REMINDER
EVT_00003126,HUMAN_ESCALATION,-0.2,RECOVERY_REMINDER
EVT_00008017,ALTERNATIVE_PAYMENT,0.28,ALTERNATIVE_PAYMENT
EVT_00008017,RECOVERY_REMINDER,0.0,ALTERNATIVE_PAYMENT
EVT_00008017,RETRY_LATER,-999999.0,ALTERNATIVE_PAYMENT
EVT_00008017,HUMAN_ESCALATION,0.0,ALTERNATIVE_PAYMENT
EVT_00002214,ALTERNATIVE_PAYMENT,0.5,ALTERNATIVE_PAYMENT
EVT_00002214,RECOVERY_REMINDER,0.0,ALTERNATIVE_PAYMENT
EVT_00002214,RETRY_LATER,0.0,ALTERNATIVE_PAYMENT
EVT_00002214,HUMAN_ESCALATION,0.0,ALTERNATIVE_PAYMENT
EVT_00005873,ALTERNATIVE_PAYMENT,0.2,RECOVERY_REMINDER
EVT_00005873,RECOVERY_REMINDER,0.25,RECOVERY_REMINDER
EVT_00005873,RETRY_LATER,-0.1,RECOVERY_REMINDER
EVT_00005873,HUMAN_ESCALATION,0.0,RECOVERY_REMINDER
EVT_00001639,ALTERNATIVE_PAYMENT,0.2,ALTERNATIVE_PAYMENT
EVT_00001639,RECOVERY_REMINDER,0.0,ALTERNATIVE_PAYMENT
EVT_00001639,RETRY_LATER,0.0,ALTERNATIVE_PAYMENT
EVT_00001639,HUMAN_ESCALATION,0.1,ALTERNATIVE_PAYMENT
EVT_00001098,ALTERNATIVE_PAYMENT,0.2,RETRY_LATER
EVT_00001098,RECOVERY_REMINDER,0.0,RETRY_LATER
EVT_00001098,RETRY_LATER,0.25,RETRY_LATER
EVT_00001098,HUMAN_ESCALATION,0.0,RETRY_LATER
EVT_00006098,ALTERNATIVE_PAYMENT,0.2,RECOVERY_REMINDER
EVT_00006098,RECOVERY_REMINDER,0.25,RECOVERY_REMINDER
EVT_00006098,RETRY_LATER,-0.1,RECOVERY_REMINDER
EVT_00006098,HUMAN_ESCALATION,0.0,RECOVERY_REMINDER
EVT_00003569,ALTERNATIVE_PAYMENT,0.28,ALTERNATIVE_PAYMENT
EVT_00003569,RECOVERY_REMINDER,0.0,ALTERNATIVE_PAYMENT
EVT_00003569,RETRY_LATER,-999999.0,ALTERNATIVE_PAYMENT
EVT_00003569,HUMAN_ESCALATION,0.0,ALTERNATIVE_PAYMENT
EVT_00003360,ALTERNATIVE_PAYMENT,0.5,ALTERNATIVE_PAYMENT
EVT_00003360,RECOVERY_REMINDER,0.0,ALTERNATIVE_PAYMENT
EVT_00003360,RETRY_LATER,0.0,ALTERNATIVE_PAYMENT
EVT_00003360,HUMAN_ESCALATION,0.0,ALTERNATIVE_PAYMENT
EVT_00000967,ALTERNATIVE_PAYMENT,0.0,RECOVERY_REMINDER
EVT_00000967,RECOVERY_REMINDER,0.65,RECOVERY_REMINDER
EVT_00000967,RETRY_LATER,-0.2,RECOVERY_REMINDER
EVT_00000967,HUMAN_ESCALATION,0.0,RECOVERY_REMINDER
EVT_00008460,ALTERNATIVE_PAYMENT,0.0,RECOVERY_REMINDER
EVT_00008460,RECOVERY_REMINDER,0.75,RECOVERY_REMINDER
EVT_00008460,RETRY_LATER,-0.2,RECOVERY_REMINDER
EVT_00008460,HUMAN_ESCALATION,0.0,RECOVERY_REMINDER
EVT_00004815,ALTERNATIVE_PAYMENT,0.0,RECOVERY_REMINDER
EVT_00004815,RECOVERY_REMINDER,0.55,RECOVERY_REMINDER
EVT_00004815,RETRY_LATER,-0.2,RECOVERY_REMINDER
EVT_00004815,HUMAN_ESCALATION,0.0,RECOVERY_REMINDER
EVT_00008187,ALTERNATIVE_PAYMENT,0.0,RECOVERY_REMINDER
EVT_00008187,RECOVERY_REMINDER,0.75,RECOVERY_REMINDER
EVT_00008187,RETRY_LATER,-0.2,RECOVERY_REMINDER
EVT_00008187,HUMAN_ESCALATION,0.0,RECOVERY_REMINDER
EVT_00008077,ALTERNATIVE_PAYMENT,0.5,ALTERNATIVE_PAYMENT
EVT_00008077,RECOVERY_REMINDER,0.0,ALTERNATIVE_PAYMENT
EVT_00008077,RETRY_LATER,0.0,ALTERNATIVE_PAYMENT
EVT_00008077,HUMAN_ESCALATION,0.0,ALTERNATIVE_PAYMENT
EVT_00004249,ALTERNATIVE_PAYMENT,0.5,ALTERNATIVE_PAYMENT
EVT_00004249,RECOVERY_REMINDER,0.0,ALTERNATIVE_PAYMENT
EVT_00004249,RETRY_LATER,0.0,ALTERNATIVE_PAYMENT
EVT_00004249,HUMAN_ESCALATION,0.0,ALTERNATIVE_PAYMENT
EVT_00001463,ALTERNATIVE_PAYMENT,0.5,ALTERNATIVE_PAYMENT
EVT_00001463,RECOVERY_REMINDER,0.0,ALTERNATIVE_PAYMENT
EVT_00001463,RETRY_LATER,0.0,ALTERNATIVE_PAYMENT
EVT_00001463,HUMAN_ESCALATION,0.0,ALTERNATIVE_PAYMENT
EVT_00001926,ALTERNATIVE_PAYMENT,0.58,ALTERNATIVE_PAYMENT
EVT_00001926,RECOVERY_REMINDER,0.0,ALTERNATIVE_PAYMENT
EVT_00001926,RETRY_LATER,-0.1,ALTERNATIVE_PAYMENT
EVT_00001926,HUMAN_ESCALATION,0.0,ALTERNATIVE_PAYMENT
EVT_00000394,ALTERNATIVE_PAYMENT,0.0,RECOVERY_REMINDER
EVT_00000394,RECOVERY_REMINDER,0.45,RECOVERY_REMINDER
EVT_00000394,RETRY_LATER,-0.2,RECOVERY_REMINDER
EVT_00000394,HUMAN_ESCALATION,-0.2,RECOVERY_REMINDER
EVT_00003127,ALTERNATIVE_PAYMENT,0.58,ALTERNATIVE_PAYMENT
EVT_00003127,RECOVERY_REMINDER,0.0,ALTERNATIVE_PAYMENT
EVT_00003127,RETRY_LATER,-999999.0,ALTERNATIVE_PAYMENT
EVT_00003127,HUMAN_ESCALATION,0.0,ALTERNATIVE_PAYMENT
EVT_00001792,ALTERNATIVE_PAYMENT,0.28,ALTERNATIVE_PAYMENT
EVT_00001792,RECOVERY_REMINDER,0.04,ALTERNATIVE_PAYMENT
EVT_00001792,RETRY_LATER,0.15,ALTERNATIVE_PAYMENT
EVT_00001792,HUMAN_ESCALATION,0.12,ALTERNATIVE_PAYMENT
EVT_00000633,ALTERNATIVE_PAYMENT,0.5,ALTERNATIVE_PAYMENT
EVT_00000633,RECOVERY_REMINDER,0.0,ALTERNATIVE_PAYMENT
EVT_00000633,RETRY_LATER,0.0,ALTERNATIVE_PAYMENT
EVT_00000633,HUMAN_ESCALATION,0.0,ALTERNATIVE_PAYMENT
EVT_00007113,ALTERNATIVE_PAYMENT,0.0,RECOVERY_REMINDER
EVT_00007113,RECOVERY_REMINDER,0.75,RECOVERY_REMINDER
EVT_00007113,RETRY_LATER,-0.2,RECOVERY_REMINDER
EVT_00007113,HUMAN_ESCALATION,0.0,RECOVERY_REMINDER
EVT_00008844,ALTERNATIVE_PAYMENT,0.28,ALTERNATIVE_PAYMENT
EVT_00008844,RECOVERY_REMINDER,0.04,ALTERNATIVE_PAYMENT
EVT_00008844,RETRY_LATER,-999999.0,ALTERNATIVE_PAYMENT
EVT_00008844,HUMAN_ESCALATION,0.12,ALTERNATIVE_PAYMENT
EVT_00001697,ALTERNATIVE_PAYMENT,0.58,ALTERNATIVE_PAYMENT
EVT_00001697,RECOVERY_REMINDER,0.0,ALTERNATIVE_PAYMENT
EVT_00001697,RETRY_LATER,-0.1,ALTERNATIVE_PAYMENT
EVT_00001697,HUMAN_ESCALATION,0.0,ALTERNATIVE_PAYMENT
EVT_00002249,ALTERNATIVE_PAYMENT,0.58,ALTERNATIVE_PAYMENT
EVT_00002249,RECOVERY_REMINDER,0.0,ALTERNATIVE_PAYMENT
EVT_00002249,RETRY_LATER,-0.1,ALTERNATIVE_PAYMENT
EVT_00002249,HUMAN_ESCALATION,0.0,ALTERNATIVE_PAYMENT
EVT_00006191,ALTERNATIVE_PAYMENT,0.0,RECOVERY_REMINDER
EVT_00006191,RECOVERY_REMINDER,0.75,RECOVERY_REMINDER
EVT_00006191,RETRY_LATER,-0.2,RECOVERY_REMINDER
EVT_00006191,HUMAN_ESCALATION,0.0,RECOVERY_REMINDER
EVT_00003729,ALTERNATIVE_PAYMENT,0.0,RECOVERY_REMINDER
EVT_00003729,RECOVERY_REMINDER,0.79,RECOVERY_REMINDER
EVT_00003729,RETRY_LATER,-0.2,RECOVERY_REMINDER
EVT_00003729,HUMAN_ESCALATION,0.12,RECOVERY_REMINDER
EVT_00007200,ALTERNATIVE_PAYMENT,0.0,RECOVERY_REMINDER
EVT_00007200,RECOVERY_REMINDER,0.75,RECOVERY_REMINDER
EVT_00007200,RETRY_LATER,-0.2,RECOVERY_REMINDER
EVT_00007200,HUMAN_ESCALATION,0.0,RECOVERY_REMINDER
EVT_00006874,ALTERNATIVE_PAYMENT,0.0,RECOVERY_REMINDER
EVT_00006874,RECOVERY_REMINDER,0.75,RECOVERY_REMINDER
EVT_00006874,RETRY_LATER,-0.2,RECOVERY_REMINDER
EVT_00006874,HUMAN_ESCALATION,0.0,RECOVERY_REMINDER
EVT_00004464,ALTERNATIVE_PAYMENT,0.5,ALTERNATIVE_PAYMENT
EVT_00004464,RECOVERY_REMINDER,0.0,ALTERNATIVE_PAYMENT
EVT_00004464,RETRY_LATER,0.0,ALTERNATIVE_PAYMENT
EVT_00004464,HUMAN_ESCALATION,0.0,ALTERNATIVE_PAYMENT
EVT_00000982,ALTERNATIVE_PAYMENT,0.2,ALTERNATIVE_PAYMENT
EVT_00000982,RECOVERY_REMINDER,0.0,ALTERNATIVE_PAYMENT
EVT_00000982,RETRY_LATER,0.0,ALTERNATIVE_PAYMENT
EVT_00000982,HUMAN_ESCALATION,0.1,ALTERNATIVE_PAYMENT
EVT_00006017,ALTERNATIVE_PAYMENT,0.2,RECOVERY_REMINDER
EVT_00006017,RECOVERY_REMINDER,0.25,RECOVERY_REMINDER
EVT_00006017,RETRY_LATER,-0.1,RECOVERY_REMINDER
EVT_00006017,HUMAN_ESCALATION,0.0,RECOVERY_REMINDER
EVT_00003478,ALTERNATIVE_PAYMENT,0.0,RECOVERY_REMINDER
EVT_00003478,RECOVERY_REMINDER,0.65,RECOVERY_REMINDER
EVT_00003478,RETRY_LATER,-0.2,RECOVERY_REMINDER
EVT_00003478,HUMAN_ESCALATION,-0.2,RECOVERY_REMINDER
EVT_00001329,ALTERNATIVE_PAYMENT,0.58,ALTERNATIVE_PAYMENT
EVT_00001329,RECOVERY_REMINDER,0.0,ALTERNATIVE_PAYMENT
EVT_00001329,RETRY_LATER,-999999.0,ALTERNATIVE_PAYMENT
EVT_00001329,HUMAN_ESCALATION,0.0,ALTERNATIVE_PAYMENT
EVT_00007566,ALTERNATIVE_PAYMENT,0.58,ALTERNATIVE_PAYMENT
EVT_00007566,RECOVERY_REMINDER,0.0,ALTERNATIVE_PAYMENT
EVT_00007566,RETRY_LATER,-0.1,ALTERNATIVE_PAYMENT
EVT_00007566,HUMAN_ESCALATION,0.0,ALTERNATIVE_PAYMENT
EVT_00005404,ALTERNATIVE_PAYMENT,0.2,RETRY_LATER
EVT_00005404,RECOVERY_REMINDER,0.0,RETRY_LATER
EVT_00005404,RETRY_LATER,0.25,RETRY_LATER
EVT_00005404,HUMAN_ESCALATION,0.0,RETRY_LATER
EVT_00006225,ALTERNATIVE_PAYMENT,0.2,RETRY_LATER
EVT_00006225,RECOVERY_REMINDER,0.0,RETRY_LATER
EVT_00006225,RETRY_LATER,0.25,RETRY_LATER
EVT_00006225,HUMAN_ESCALATION,0.0,RETRY_LATER
EVT_00005965,ALTERNATIVE_PAYMENT,0.0,RECOVERY_REMINDER
EVT_00005965,RECOVERY_REMINDER,0.75,RECOVERY_REMINDER
EVT_00005965,RETRY_LATER,-0.2,RECOVERY_REMINDER
EVT_00005965,HUMAN_ESCALATION,0.0,RECOVERY_REMINDER
EVT_00007812,ALTERNATIVE_PAYMENT,0.2,RECOVERY_REMINDER
EVT_00007812,RECOVERY_REMINDER,0.25,RECOVERY_REMINDER
EVT_00007812,RETRY_LATER,-0.1,RECOVERY_REMINDER
EVT_00007812,HUMAN_ESCALATION,0.0,RECOVERY_REMINDER
EVT_00002096,ALTERNATIVE_PAYMENT,0.2,ALTERNATIVE_PAYMENT
EVT_00002096,RECOVERY_REMINDER,0.0,ALTERNATIVE_PAYMENT
EVT_00002096,RETRY_LATER,0.0,ALTERNATIVE_PAYMENT
EVT_00002096,HUMAN_ESCALATION,0.1,ALTERNATIVE_PAYMENT
EVT_00007049,ALTERNATIVE_PAYMENT,0.0,RECOVERY_REMINDER
EVT_00007049,RECOVERY_REMINDER,0.65,RECOVERY_REMINDER
EVT_00007049,RETRY_LATER,-0.2,RECOVERY_REMINDER
EVT_00007049,HUMAN_ESCALATION,0.0,RECOVERY_REMINDER
EVT_00006350,ALTERNATIVE_PAYMENT,0.5,ALTERNATIVE_PAYMENT
EVT_00006350,RECOVERY_REMINDER,0.0,ALTERNATIVE_PAYMENT
EVT_00006350,RETRY_LATER,0.0,ALTERNATIVE_PAYMENT
EVT_00006350,HUMAN_ESCALATION,0.0,ALTERNATIVE_PAYMENT
EVT_00007694,ALTERNATIVE_PAYMENT,0.5,ALTERNATIVE_PAYMENT
EVT_00007694,RECOVERY_REMINDER,0.0,ALTERNATIVE_PAYMENT
EVT_00007694,RETRY_LATER,0.0,ALTERNATIVE_PAYMENT
EVT_00007694,HUMAN_ESCALATION,0.0,ALTERNATIVE_PAYMENT
EVT_00003711,ALTERNATIVE_PAYMENT,0.28,ALTERNATIVE_PAYMENT
EVT_00003711,RECOVERY_REMINDER,0.0,ALTERNATIVE_PAYMENT
EVT_00003711,RETRY_LATER,-999999.0,ALTERNATIVE_PAYMENT
EVT_00003711,HUMAN_ESCALATION,0.0,ALTERNATIVE_PAYMENT
EVT_00000022,ALTERNATIVE_PAYMENT,0.2,RETRY_LATER
EVT_00000022,RECOVERY_REMINDER,0.0,RETRY_LATER
EVT_00000022,RETRY_LATER,0.25,RETRY_LATER
EVT_00000022,HUMAN_ESCALATION,0.0,RETRY_LATER
EVT_00004046,ALTERNATIVE_PAYMENT,0.58,ALTERNATIVE_PAYMENT
EVT_00004046,RECOVERY_REMINDER,0.0,ALTERNATIVE_PAYMENT
EVT_00004046,RETRY_LATER,-999999.0,ALTERNATIVE_PAYMENT
EVT_00004046,HUMAN_ESCALATION,0.0,ALTERNATIVE_PAYMENT
EVT_00006127,ALTERNATIVE_PAYMENT,0.2,RECOVERY_REMINDER
EVT_00006127,RECOVERY_REMINDER,0.25,RECOVERY_REMINDER
EVT_00006127,RETRY_LATER,-0.1,RECOVERY_REMINDER
EVT_00006127,HUMAN_ESCALATION,0.0,RECOVERY_REMINDER
EVT_00002857,ALTERNATIVE_PAYMENT,0.0,RECOVERY_REMINDER
EVT_00002857,RECOVERY_REMINDER,0.55,RECOVERY_REMINDER
EVT_00002857,RETRY_LATER,-0.2,RECOVERY_REMINDER
EVT_00002857,HUMAN_ESCALATION,0.0,RECOVERY_REMINDER
EVT_00005509,ALTERNATIVE_PAYMENT,0.2,RETRY_LATER
EVT_00005509,RECOVERY_REMINDER,0.0,RETRY_LATER
EVT_00005509,RETRY_LATER,0.25,RETRY_LATER
EVT_00005509,HUMAN_ESCALATION,0.0,RETRY_LATER
EVT_00006048,ALTERNATIVE_PAYMENT,0.28,ALTERNATIVE_PAYMENT
EVT_00006048,RECOVERY_REMINDER,0.0,ALTERNATIVE_PAYMENT
EVT_00006048,RETRY_LATER,0.15,ALTERNATIVE_PAYMENT
EVT_00006048,HUMAN_ESCALATION,0.0,ALTERNATIVE_PAYMENT
EVT_00002874,ALTERNATIVE_PAYMENT,0.28,ALTERNATIVE_PAYMENT
EVT_00002874,RECOVERY_REMINDER,0.0,ALTERNATIVE_PAYMENT
EVT_00002874,RETRY_LATER,-999999.0,ALTERNATIVE_PAYMENT
EVT_00002874,HUMAN_ESCALATION,0.0,ALTERNATIVE_PAYMENT
EVT_00001533,ALTERNATIVE_PAYMENT,0.2,ALTERNATIVE_PAYMENT
EVT_00001533,RECOVERY_REMINDER,0.0,ALTERNATIVE_PAYMENT
EVT_00001533,RETRY_LATER,0.0,ALTERNATIVE_PAYMENT
EVT_00001533,HUMAN_ESCALATION,0.1,ALTERNATIVE_PAYMENT
EVT_00005428,ALTERNATIVE_PAYMENT,0.28,ALTERNATIVE_PAYMENT
EVT_00005428,RECOVERY_REMINDER,0.0,ALTERNATIVE_PAYMENT
EVT_00005428,RETRY_LATER,-0.1,ALTERNATIVE_PAYMENT
EVT_00005428,HUMAN_ESCALATION,0.1,ALTERNATIVE_PAYMENT
EVT_00006884,ALTERNATIVE_PAYMENT,0.58,ALTERNATIVE_PAYMENT
EVT_00006884,RECOVERY_REMINDER,0.0,ALTERNATIVE_PAYMENT
EVT_00006884,RETRY_LATER,-0.1,ALTERNATIVE_PAYMENT
EVT_00006884,HUMAN_ESCALATION,0.0,ALTERNATIVE_PAYMENT
EVT_00008861,ALTERNATIVE_PAYMENT,0.28,ALTERNATIVE_PAYMENT
EVT_00008861,RECOVERY_REMINDER,0.0,ALTERNATIVE_PAYMENT
EVT_00008861,RETRY_LATER,0.15,ALTERNATIVE_PAYMENT
EVT_00008861,HUMAN_ESCALATION,0.0,ALTERNATIVE_PAYMENT
EVT_00003685,ALTERNATIVE_PAYMENT,0.0,RECOVERY_REMINDER
EVT_00003685,RECOVERY_REMINDER,0.75,RECOVERY_REMINDER
EVT_00003685,RETRY_LATER,-0.2,RECOVERY_REMINDER
EVT_00003685,HUMAN_ESCALATION,0.0,RECOVERY_REMINDER
EVT_00005800,ALTERNATIVE_PAYMENT,0.0,RECOVERY_REMINDER
EVT_00005800,RECOVERY_REMINDER,0.45,RECOVERY_REMINDER
EVT_00005800,RETRY_LATER,-0.2,RECOVERY_REMINDER
EVT_00005800,HUMAN_ESCALATION,0.0,RECOVERY_REMINDER
EVT_00007255,ALTERNATIVE_PAYMENT,0.2,RECOVERY_REMINDER
EVT_00007255,RECOVERY_REMINDER,0.25,RECOVERY_REMINDER
EVT_00007255,RETRY_LATER,-0.1,RECOVERY_REMINDER
EVT_00007255,HUMAN_ESCALATION,0.0,RECOVERY_REMINDER
EVT_00006414,ALTERNATIVE_PAYMENT,0.2,RETRY_LATER
EVT_00006414,RECOVERY_REMINDER,0.0,RETRY_LATER
EVT_00006414,RETRY_LATER,0.25,RETRY_LATER
EVT_00006414,HUMAN_ESCALATION,0.0,RETRY_LATER
EVT_00001341,ALTERNATIVE_PAYMENT,0.28,ALTERNATIVE_PAYMENT
EVT_00001341,RECOVERY_REMINDER,0.0,ALTERNATIVE_PAYMENT
EVT_00001341,RETRY_LATER,-999999.0,ALTERNATIVE_PAYMENT
EVT_00001341,HUMAN_ESCALATION,0.0,ALTERNATIVE_PAYMENT
EVT_00008312,ALTERNATIVE_PAYMENT,0.2,RECOVERY_REMINDER
EVT_00008312,RECOVERY_REMINDER,0.25,RECOVERY_REMINDER
EVT_00008312,RETRY_LATER,-0.1,RECOVERY_REMINDER
EVT_00008312,HUMAN_ESCALATION,0.0,RECOVERY_REMINDER
EVT_00005544,ALTERNATIVE_PAYMENT,0.2,RECOVERY_REMINDER
EVT_00005544,RECOVERY_REMINDER,0.29,RECOVERY_REMINDER
EVT_00005544,RETRY_LATER,-0.1,RECOVERY_REMINDER
EVT_00005544,HUMAN_ESCALATION,0.12,RECOVERY_REMINDER
EVT_00007579,ALTERNATIVE_PAYMENT,0.5,ALTERNATIVE_PAYMENT
EVT_00007579,RECOVERY_REMINDER,0.0,ALTERNATIVE_PAYMENT
EVT_00007579,RETRY_LATER,0.0,ALTERNATIVE_PAYMENT
EVT_00007579,HUMAN_ESCALATION,0.0,ALTERNATIVE_PAYMENT
EVT_00003271,ALTERNATIVE_PAYMENT,0.2,RECOVERY_REMINDER
EVT_00003271,RECOVERY_REMINDER,0.25,RECOVERY_REMINDER
EVT_00003271,RETRY_LATER,-0.1,RECOVERY_REMINDER
EVT_00003271,HUMAN_ESCALATION,0.0,RECOVERY_REMINDER
EVT_00005553,ALTERNATIVE_PAYMENT,0.2,RECOVERY_REMINDER
EVT_00005553,RECOVERY_REMINDER,0.25,RECOVERY_REMINDER
EVT_00005553,RETRY_LATER,-0.1,RECOVERY_REMINDER
EVT_00005553,HUMAN_ESCALATION,0.0,RECOVERY_REMINDER
EVT_00009779,ALTERNATIVE_PAYMENT,0.0,RECOVERY_REMINDER
EVT_00009779,RECOVERY_REMINDER,0.65,RECOVERY_REMINDER
EVT_00009779,RETRY_LATER,-0.2,RECOVERY_REMINDER
EVT_00009779,HUMAN_ESCALATION,0.0,RECOVERY_REMINDER
EVT_00003849,ALTERNATIVE_PAYMENT,0.0,RECOVERY_REMINDER
EVT_00003849,RECOVERY_REMINDER,0.75,RECOVERY_REMINDER
EVT_00003849,RETRY_LATER,-0.2,RECOVERY_REMINDER
EVT_00003849,HUMAN_ESCALATION,0.0,RECOVERY_REMINDER
EVT_00008755,ALTERNATIVE_PAYMENT,0.5,ALTERNATIVE_PAYMENT
EVT_00008755,RECOVERY_REMINDER,0.0,ALTERNATIVE_PAYMENT
EVT_00008755,RETRY_LATER,0.0,ALTERNATIVE_PAYMENT
EVT_00008755,HUMAN_ESCALATION,0.0,ALTERNATIVE_PAYMENT
EVT_00001643,ALTERNATIVE_PAYMENT,0.2,RECOVERY_REMINDER
EVT_00001643,RECOVERY_REMINDER,0.29,RECOVERY_REMINDER
EVT_00001643,RETRY_LATER,-0.1,RECOVERY_REMINDER
EVT_00001643,HUMAN_ESCALATION,0.12,RECOVERY_REMINDER
EVT_00003452,ALTERNATIVE_PAYMENT,0.2,RETRY_LATER
EVT_00003452,RECOVERY_REMINDER,0.0,RETRY_LATER
EVT_00003452,RETRY_LATER,0.25,RETRY_LATER
EVT_00003452,HUMAN_ESCALATION,0.0,RETRY_LATER
EVT_00006404,ALTERNATIVE_PAYMENT,0.2,RETRY_LATER
EVT_00006404,RECOVERY_REMINDER,0.0,RETRY_LATER
EVT_00006404,RETRY_LATER,0.25,RETRY_LATER
EVT_00006404,HUMAN_ESCALATION,-999999.0,RETRY_LATER
EVT_00008225,ALTERNATIVE_PAYMENT,0.2,RETRY_LATER
EVT_00008225,RECOVERY_REMINDER,0.0,RETRY_LATER
EVT_00008225,RETRY_LATER,0.25,RETRY_LATER
EVT_00008225,HUMAN_ESCALATION,0.0,RETRY_LATER
EVT_00008973,ALTERNATIVE_PAYMENT,0.0,RECOVERY_REMINDER
EVT_00008973,RECOVERY_REMINDER,0.75,RECOVERY_REMINDER
EVT_00008973,RETRY_LATER,-0.2,RECOVERY_REMINDER
EVT_00008973,HUMAN_ESCALATION,0.0,RECOVERY_REMINDER
EVT_00006219,ALTERNATIVE_PAYMENT,0.28,ALTERNATIVE_PAYMENT
EVT_00006219,RECOVERY_REMINDER,0.0,ALTERNATIVE_PAYMENT
EVT_00006219,RETRY_LATER,0.15,ALTERNATIVE_PAYMENT
EVT_00006219,HUMAN_ESCALATION,0.0,ALTERNATIVE_PAYMENT
EVT_00002495,ALTERNATIVE_PAYMENT,0.5,ALTERNATIVE_PAYMENT
EVT_00002495,RECOVERY_REMINDER,0.0,ALTERNATIVE_PAYMENT
EVT_00002495,RETRY_LATER,0.0,ALTERNATIVE_PAYMENT
EVT_00002495,HUMAN_ESCALATION,0.0,ALTERNATIVE_PAYMENT
EVT_00005999,ALTERNATIVE_PAYMENT,0.2,RECOVERY_REMINDER
EVT_00005999,RECOVERY_REMINDER,0.25,RECOVERY_REMINDER
EVT_00005999,RETRY_LATER,-0.1,RECOVERY_REMINDER
EVT_00005999,HUMAN_ESCALATION,0.0,RECOVERY_REMINDER
EVT_00000252,ALTERNATIVE_PAYMENT,0.28,ALTERNATIVE_PAYMENT
EVT_00000252,RECOVERY_REMINDER,0.0,ALTERNATIVE_PAYMENT
EVT_00000252,RETRY_LATER,0.15,ALTERNATIVE_PAYMENT
EVT_00000252,HUMAN_ESCALATION,0.0,ALTERNATIVE_PAYMENT
EVT_00003295,ALTERNATIVE_PAYMENT,0.5,ALTERNATIVE_PAYMENT
EVT_00003295,RECOVERY_REMINDER,0.0,ALTERNATIVE_PAYMENT
EVT_00003295,RETRY_LATER,0.0,ALTERNATIVE_PAYMENT
EVT_00003295,HUMAN_ESCALATION,-0.2,ALTERNATIVE_PAYMENT
EVT_00008655,ALTERNATIVE_PAYMENT,0.28,ALTERNATIVE_PAYMENT
EVT_00008655,RECOVERY_REMINDER,0.0,ALTERNATIVE_PAYMENT
EVT_00008655,RETRY_LATER,0.15,ALTERNATIVE_PAYMENT
EVT_00008655,HUMAN_ESCALATION,0.0,ALTERNATIVE_PAYMENT
EVT_00004658,ALTERNATIVE_PAYMENT,0.2,RETRY_LATER
EVT_00004658,RECOVERY_REMINDER,0.0,RETRY_LATER
EVT_00004658,RETRY_LATER,0.25,RETRY_LATER
EVT_00004658,HUMAN_ESCALATION,0.0,RETRY_LATER
EVT_00009949,ALTERNATIVE_PAYMENT,0.2,RECOVERY_REMINDER
EVT_00009949,RECOVERY_REMINDER,0.25,RECOVERY_REMINDER
EVT_00009949,RETRY_LATER,-0.1,RECOVERY_REMINDER
EVT_00009949,HUMAN_ESCALATION,0.0,RECOVERY_REMINDER
EVT_00005803,ALTERNATIVE_PAYMENT,0.2,RETRY_LATER
EVT_00005803,RECOVERY_REMINDER,0.0,RETRY_LATER
EVT_00005803,RETRY_LATER,0.25,RETRY_LATER
EVT_00005803,HUMAN_ESCALATION,0.0,RETRY_LATER
EVT_00008946,ALTERNATIVE_PAYMENT,0.2,RECOVERY_REMINDER
EVT_00008946,RECOVERY_REMINDER,0.25,RECOVERY_REMINDER
EVT_00008946,RETRY_LATER,-0.1,RECOVERY_REMINDER
EVT_00008946,HUMAN_ESCALATION,0.0,RECOVERY_REMINDER
EVT_00000710,ALTERNATIVE_PAYMENT,0.2,RECOVERY_REMINDER
EVT_00000710,RECOVERY_REMINDER,0.29,RECOVERY_REMINDER
EVT_00000710,RETRY_LATER,-0.1,RECOVERY_REMINDER
EVT_00000710,HUMAN_ESCALATION,0.12,RECOVERY_REMINDER
EVT_00005656,ALTERNATIVE_PAYMENT,0.2,RECOVERY_REMINDER
EVT_00005656,RECOVERY_REMINDER,0.25,RECOVERY_REMINDER
EVT_00005656,RETRY_LATER,-0.1,RECOVERY_REMINDER
EVT_00005656,HUMAN_ESCALATION,0.0,RECOVERY_REMINDER
EVT_00004141,ALTERNATIVE_PAYMENT,0.2,RECOVERY_REMINDER
EVT_00004141,RECOVERY_REMINDER,0.25,RECOVERY_REMINDER
EVT_00004141,RETRY_LATER,-0.1,RECOVERY_REMINDER
EVT_00004141,HUMAN_ESCALATION,0.0,RECOVERY_REMINDER
EVT_00002803,ALTERNATIVE_PAYMENT,0.28,ALTERNATIVE_PAYMENT
EVT_00002803,RECOVERY_REMINDER,0.0,ALTERNATIVE_PAYMENT
EVT_00002803,RETRY_LATER,-0.1,ALTERNATIVE_PAYMENT
EVT_00002803,HUMAN_ESCALATION,0.1,ALTERNATIVE_PAYMENT
EVT_00001010,ALTERNATIVE_PAYMENT,0.28,ALTERNATIVE_PAYMENT
EVT_00001010,RECOVERY_REMINDER,0.0,ALTERNATIVE_PAYMENT
EVT_00001010,RETRY_LATER,0.15,ALTERNATIVE_PAYMENT
EVT_00001010,HUMAN_ESCALATION,0.0,ALTERNATIVE_PAYMENT
EVT_00004242,ALTERNATIVE_PAYMENT,0.58,ALTERNATIVE_PAYMENT
EVT_00004242,RECOVERY_REMINDER,0.0,ALTERNATIVE_PAYMENT
EVT_00004242,RETRY_LATER,-999999.0,ALTERNATIVE_PAYMENT
EVT_00004242,HUMAN_ESCALATION,0.0,ALTERNATIVE_PAYMENT
EVT_00006533,ALTERNATIVE_PAYMENT,0.2,RETRY_LATER
EVT_00006533,RECOVERY_REMINDER,0.0,RETRY_LATER
EVT_00006533,RETRY_LATER,0.25,RETRY_LATER
EVT_00006533,HUMAN_ESCALATION,-0.2,RETRY_LATER
EVT_00001537,ALTERNATIVE_PAYMENT,0.58,ALTERNATIVE_PAYMENT
EVT_00001537,RECOVERY_REMINDER,0.04,ALTERNATIVE_PAYMENT
EVT_00001537,RETRY_LATER,-0.1,ALTERNATIVE_PAYMENT
EVT_00001537,HUMAN_ESCALATION,0.12,ALTERNATIVE_PAYMENT
EVT_00002810,ALTERNATIVE_PAYMENT,0.0,RECOVERY_REMINDER
EVT_00002810,RECOVERY_REMINDER,0.75,RECOVERY_REMINDER
EVT_00002810,RETRY_LATER,-0.2,RECOVERY_REMINDER
EVT_00002810,HUMAN_ESCALATION,0.0,RECOVERY_REMINDER
EVT_00002739,ALTERNATIVE_PAYMENT,0.58,ALTERNATIVE_PAYMENT
EVT_00002739,RECOVERY_REMINDER,0.0,ALTERNATIVE_PAYMENT
EVT_00002739,RETRY_LATER,-999999.0,ALTERNATIVE_PAYMENT
EVT_00002739,HUMAN_ESCALATION,0.0,ALTERNATIVE_PAYMENT
EVT_00000523,ALTERNATIVE_PAYMENT,0.58,ALTERNATIVE_PAYMENT
EVT_00000523,RECOVERY_REMINDER,0.0,ALTERNATIVE_PAYMENT
EVT_00000523,RETRY_LATER,-999999.0,ALTERNATIVE_PAYMENT
EVT_00000523,HUMAN_ESCALATION,0.0,ALTERNATIVE_PAYMENT
EVT_00002691,ALTERNATIVE_PAYMENT,0.0,RECOVERY_REMINDER
EVT_00002691,RECOVERY_REMINDER,0.65,RECOVERY_REMINDER
EVT_00002691,RETRY_LATER,-0.2,RECOVERY_REMINDER
EVT_00002691,HUMAN_ESCALATION,0.0,RECOVERY_REMINDER
EVT_00002662,ALTERNATIVE_PAYMENT,0.2,RECOVERY_REMINDER
EVT_00002662,RECOVERY_REMINDER,0.25,RECOVERY_REMINDER
EVT_00002662,RETRY_LATER,-0.1,RECOVERY_REMINDER
EVT_00002662,HUMAN_ESCALATION,0.0,RECOVERY_REMINDER
EVT_00004058,ALTERNATIVE_PAYMENT,0.28,ALTERNATIVE_PAYMENT
EVT_00004058,RECOVERY_REMINDER,0.04,ALTERNATIVE_PAYMENT
EVT_00004058,RETRY_LATER,-999999.0,ALTERNATIVE_PAYMENT
EVT_00004058,HUMAN_ESCALATION,0.12,ALTERNATIVE_PAYMENT
EVT_00002212,ALTERNATIVE_PAYMENT,0.2,RETRY_LATER
EVT_00002212,RECOVERY_REMINDER,0.0,RETRY_LATER
EVT_00002212,RETRY_LATER,0.25,RETRY_LATER
EVT_00002212,HUMAN_ESCALATION,0.0,RETRY_LATER
EVT_00005274,ALTERNATIVE_PAYMENT,0.58,ALTERNATIVE_PAYMENT
EVT_00005274,RECOVERY_REMINDER,0.0,ALTERNATIVE_PAYMENT
EVT_00005274,RETRY_LATER,-0.1,ALTERNATIVE_PAYMENT
EVT_00005274,HUMAN_ESCALATION,0.0,ALTERNATIVE_PAYMENT
EVT_00006979,ALTERNATIVE_PAYMENT,0.28,ALTERNATIVE_PAYMENT
EVT_00006979,RECOVERY_REMINDER,0.0,ALTERNATIVE_PAYMENT
EVT_00006979,RETRY_LATER,-999999.0,ALTERNATIVE_PAYMENT
EVT_00006979,HUMAN_ESCALATION,0.0,ALTERNATIVE_PAYMENT
EVT_00000409,ALTERNATIVE_PAYMENT,0.5,ALTERNATIVE_PAYMENT
EVT_00000409,RECOVERY_REMINDER,0.0,ALTERNATIVE_PAYMENT
EVT_00000409,RETRY_LATER,0.0,ALTERNATIVE_PAYMENT
EVT_00000409,HUMAN_ESCALATION,0.0,ALTERNATIVE_PAYMENT
EVT_00002432,ALTERNATIVE_PAYMENT,0.28,ALTERNATIVE_PAYMENT
EVT_00002432,RECOVERY_REMINDER,0.04,ALTERNATIVE_PAYMENT
EVT_00002432,RETRY_LATER,0.15,ALTERNATIVE_PAYMENT
EVT_00002432,HUMAN_ESCALATION,0.12,ALTERNATIVE_PAYMENT
EVT_00004363,ALTERNATIVE_PAYMENT,0.28,ALTERNATIVE_PAYMENT
EVT_00004363,RECOVERY_REMINDER,0.0,ALTERNATIVE_PAYMENT
EVT_00004363,RETRY_LATER,0.15,ALTERNATIVE_PAYMENT
EVT_00004363,HUMAN_ESCALATION,0.0,ALTERNATIVE_PAYMENT
EVT_00008105,ALTERNATIVE_PAYMENT,0.0,RECOVERY_REMINDER
EVT_00008105,RECOVERY_REMINDER,0.5900000000000001,RECOVERY_REMINDER
EVT_00008105,RETRY_LATER,-0.2,RECOVERY_REMINDER
EVT_00008105,HUMAN_ESCALATION,0.12,RECOVERY_REMINDER
EVT_00004625,ALTERNATIVE_PAYMENT,0.0,RECOVERY_REMINDER
EVT_00004625,RECOVERY_REMINDER,0.75,RECOVERY_REMINDER
EVT_00004625,RETRY_LATER,-0.2,RECOVERY_REMINDER
EVT_00004625,HUMAN_ESCALATION,0.0,RECOVERY_REMINDER
EVT_00004730,ALTERNATIVE_PAYMENT,0.58,ALTERNATIVE_PAYMENT
EVT_00004730,RECOVERY_REMINDER,0.0,ALTERNATIVE_PAYMENT
EVT_00004730,RETRY_LATER,-999999.0,ALTERNATIVE_PAYMENT
EVT_00004730,HUMAN_ESCALATION,0.0,ALTERNATIVE_PAYMENT
EVT_00004084,ALTERNATIVE_PAYMENT,0.0,RECOVERY_REMINDER
EVT_00004084,RECOVERY_REMINDER,0.5900000000000001,RECOVERY_REMINDER
EVT_00004084,RETRY_LATER,-0.2,RECOVERY_REMINDER
EVT_00004084,HUMAN_ESCALATION,0.12,RECOVERY_REMINDER
EVT_00006359,ALTERNATIVE_PAYMENT,0.58,ALTERNATIVE_PAYMENT
EVT_00006359,RECOVERY_REMINDER,0.0,ALTERNATIVE_PAYMENT
EVT_00006359,RETRY_LATER,-999999.0,ALTERNATIVE_PAYMENT
EVT_00006359,HUMAN_ESCALATION,0.0,ALTERNATIVE_PAYMENT
EVT_00003433,ALTERNATIVE_PAYMENT,0.2,RECOVERY_REMINDER
EVT_00003433,RECOVERY_REMINDER,0.25,RECOVERY_REMINDER
EVT_00003433,RETRY_LATER,-0.1,RECOVERY_REMINDER
EVT_00003433,HUMAN_ESCALATION,0.0,RECOVERY_REMINDER
EVT_00004523,ALTERNATIVE_PAYMENT,0.0,RECOVERY_REMINDER
EVT_00004523,RECOVERY_REMINDER,0.55,RECOVERY_REMINDER
EVT_00004523,RETRY_LATER,-0.2,RECOVERY_REMINDER
EVT_00004523,HUMAN_ESCALATION,0.0,RECOVERY_REMINDER
EVT_00005738,ALTERNATIVE_PAYMENT,0.58,ALTERNATIVE_PAYMENT
EVT_00005738,RECOVERY_REMINDER,0.0,ALTERNATIVE_PAYMENT
EVT_00005738,RETRY_LATER,-0.1,ALTERNATIVE_PAYMENT
EVT_00005738,HUMAN_ESCALATION,0.0,ALTERNATIVE_PAYMENT
EVT_00001768,ALTERNATIVE_PAYMENT,0.0,RECOVERY_REMINDER
EVT_00001768,RECOVERY_REMINDER,0.65,RECOVERY_REMINDER
EVT_00001768,RETRY_LATER,-0.2,RECOVERY_REMINDER
EVT_00001768,HUMAN_ESCALATION,0.0,RECOVERY_REMINDER
EVT_00004612,ALTERNATIVE_PAYMENT,0.28,ALTERNATIVE_PAYMENT
EVT_00004612,RECOVERY_REMINDER,0.0,ALTERNATIVE_PAYMENT
EVT_00004612,RETRY_LATER,-999999.0,ALTERNATIVE_PAYMENT
EVT_00004612,HUMAN_ESCALATION,0.1,ALTERNATIVE_PAYMENT
EVT_00000170,ALTERNATIVE_PAYMENT,0.0,RECOVERY_REMINDER
EVT_00000170,RECOVERY_REMINDER,0.75,RECOVERY_REMINDER
EVT_00000170,RETRY_LATER,-0.2,RECOVERY_REMINDER
EVT_00000170,HUMAN_ESCALATION,0.0,RECOVERY_REMINDER
EVT_00001290,ALTERNATIVE_PAYMENT,0.2,RECOVERY_REMINDER
EVT_00001290,RECOVERY_REMINDER,0.25,RECOVERY_REMINDER
EVT_00001290,RETRY_LATER,-0.1,RECOVERY_REMINDER
EVT_00001290,HUMAN_ESCALATION,-0.2,RECOVERY_REMINDER
EVT_00007862,ALTERNATIVE_PAYMENT,0.58,ALTERNATIVE_PAYMENT
EVT_00007862,RECOVERY_REMINDER,0.0,ALTERNATIVE_PAYMENT
EVT_00007862,RETRY_LATER,-999999.0,ALTERNATIVE_PAYMENT
EVT_00007862,HUMAN_ESCALATION,0.0,ALTERNATIVE_PAYMENT
EVT_00004805,ALTERNATIVE_PAYMENT,0.0,RECOVERY_REMINDER
EVT_00004805,RECOVERY_REMINDER,0.75,RECOVERY_REMINDER
EVT_00004805,RETRY_LATER,-0.2,RECOVERY_REMINDER
EVT_00004805,HUMAN_ESCALATION,-0.2,RECOVERY_REMINDER
EVT_00005029,ALTERNATIVE_PAYMENT,0.2,RETRY_LATER
EVT_00005029,RECOVERY_REMINDER,0.0,RETRY_LATER
EVT_00005029,RETRY_LATER,0.25,RETRY_LATER
EVT_00005029,HUMAN_ESCALATION,0.0,RETRY_LATER
EVT_00003963,ALTERNATIVE_PAYMENT,0.0,RECOVERY_REMINDER
EVT_00003963,RECOVERY_REMINDER,0.75,RECOVERY_REMINDER
EVT_00003963,RETRY_LATER,-0.2,RECOVERY_REMINDER
EVT_00003963,HUMAN_ESCALATION,0.0,RECOVERY_REMINDER
EVT_00004703,ALTERNATIVE_PAYMENT,0.2,HUMAN_ESCALATION
EVT_00004703,RECOVERY_REMINDER,0.04,HUMAN_ESCALATION
EVT_00004703,RETRY_LATER,0.0,HUMAN_ESCALATION
EVT_00004703,HUMAN_ESCALATION,0.22,HUMAN_ESCALATION
EVT_00006302,ALTERNATIVE_PAYMENT,0.2,RECOVERY_REMINDER
EVT_00006302,RECOVERY_REMINDER,0.25,RECOVERY_REMINDER
EVT_00006302,RETRY_LATER,-0.1,RECOVERY_REMINDER
EVT_00006302,HUMAN_ESCALATION,-0.2,RECOVERY_REMINDER
EVT_00008320,ALTERNATIVE_PAYMENT,0.28,ALTERNATIVE_PAYMENT
EVT_00008320,RECOVERY_REMINDER,0.0,ALTERNATIVE_PAYMENT
EVT_00008320,RETRY_LATER,-999999.0,ALTERNATIVE_PAYMENT
EVT_00008320,HUMAN_ESCALATION,0.0,ALTERNATIVE_PAYMENT
EVT_00009697,ALTERNATIVE_PAYMENT,0.0,RECOVERY_REMINDER
EVT_00009697,RECOVERY_REMINDER,0.65,RECOVERY_REMINDER
EVT_00009697,RETRY_LATER,-0.2,RECOVERY_REMINDER
EVT_00009697,HUMAN_ESCALATION,0.0,RECOVERY_REMINDER
EVT_00009295,ALTERNATIVE_PAYMENT,0.5,ALTERNATIVE_PAYMENT
EVT_00009295,RECOVERY_REMINDER,0.04,ALTERNATIVE_PAYMENT
EVT_00009295,RETRY_LATER,0.0,ALTERNATIVE_PAYMENT
EVT_00009295,HUMAN_ESCALATION,0.12,ALTERNATIVE_PAYMENT
EVT_00009694,ALTERNATIVE_PAYMENT,0.0,RECOVERY_REMINDER
EVT_00009694,RECOVERY_REMINDER,0.75,RECOVERY_REMINDER
EVT_00009694,RETRY_LATER,-0.2,RECOVERY_REMINDER
EVT_00009694,HUMAN_ESCALATION,0.0,RECOVERY_REMINDER
EVT_00004004,ALTERNATIVE_PAYMENT,0.0,RECOVERY_REMINDER
EVT_00004004,RECOVERY_REMINDER,0.75,RECOVERY_REMINDER
EVT_00004004,RETRY_LATER,-0.2,RECOVERY_REMINDER
EVT_00004004,HUMAN_ESCALATION,0.0,RECOVERY_REMINDER
EVT_00006204,ALTERNATIVE_PAYMENT,0.2,RETRY_LATER
EVT_00006204,RECOVERY_REMINDER,0.04,RETRY_LATER
EVT_00006204,RETRY_LATER,0.25,RETRY_LATER
EVT_00006204,HUMAN_ESCALATION,0.12,RETRY_LATER
EVT_00006168,ALTERNATIVE_PAYMENT,0.28,ALTERNATIVE_PAYMENT
EVT_00006168,RECOVERY_REMINDER,0.0,ALTERNATIVE_PAYMENT
EVT_00006168,RETRY_LATER,-0.1,ALTERNATIVE_PAYMENT
EVT_00006168,HUMAN_ESCALATION,0.1,ALTERNATIVE_PAYMENT
EVT_00007764,ALTERNATIVE_PAYMENT,0.0,RECOVERY_REMINDER
EVT_00007764,RECOVERY_REMINDER,0.75,RECOVERY_REMINDER
EVT_00007764,RETRY_LATER,-0.2,RECOVERY_REMINDER
EVT_00007764,HUMAN_ESCALATION,0.0,RECOVERY_REMINDER
EVT_00009178,ALTERNATIVE_PAYMENT,0.2,RETRY_LATER
EVT_00009178,RECOVERY_REMINDER,0.0,RETRY_LATER
EVT_00009178,RETRY_LATER,0.25,RETRY_LATER
EVT_00009178,HUMAN_ESCALATION,0.0,RETRY_LATER
EVT_00003039,ALTERNATIVE_PAYMENT,0.2,RECOVERY_REMINDER
EVT_00003039,RECOVERY_REMINDER,0.25,RECOVERY_REMINDER
EVT_00003039,RETRY_LATER,-0.1,RECOVERY_REMINDER
EVT_00003039,HUMAN_ESCALATION,0.0,RECOVERY_REMINDER
EVT_00005847,ALTERNATIVE_PAYMENT,0.5,ALTERNATIVE_PAYMENT
EVT_00005847,RECOVERY_REMINDER,0.0,ALTERNATIVE_PAYMENT
EVT_00005847,RETRY_LATER,0.0,ALTERNATIVE_PAYMENT
EVT_00005847,HUMAN_ESCALATION,0.0,ALTERNATIVE_PAYMENT
EVT_00007241,ALTERNATIVE_PAYMENT,0.58,ALTERNATIVE_PAYMENT
EVT_00007241,RECOVERY_REMINDER,0.0,ALTERNATIVE_PAYMENT
EVT_00007241,RETRY_LATER,-0.1,ALTERNATIVE_PAYMENT
EVT_00007241,HUMAN_ESCALATION,0.0,ALTERNATIVE_PAYMENT
EVT_00002550,ALTERNATIVE_PAYMENT,0.58,ALTERNATIVE_PAYMENT
EVT_00002550,RECOVERY_REMINDER,0.0,ALTERNATIVE_PAYMENT
EVT_00002550,RETRY_LATER,-0.1,ALTERNATIVE_PAYMENT
EVT_00002550,HUMAN_ESCALATION,-0.2,ALTERNATIVE_PAYMENT
EVT_00005456,ALTERNATIVE_PAYMENT,0.5,ALTERNATIVE_PAYMENT
EVT_00005456,RECOVERY_REMINDER,0.0,ALTERNATIVE_PAYMENT
EVT_00005456,RETRY_LATER,0.0,ALTERNATIVE_PAYMENT
EVT_00005456,HUMAN_ESCALATION,0.0,ALTERNATIVE_PAYMENT
EVT_00009290,ALTERNATIVE_PAYMENT,0.0,RECOVERY_REMINDER
EVT_00009290,RECOVERY_REMINDER,0.55,RECOVERY_REMINDER
EVT_00009290,RETRY_LATER,-0.2,RECOVERY_REMINDER
EVT_00009290,HUMAN_ESCALATION,0.0,RECOVERY_REMINDER
EVT_00007636,ALTERNATIVE_PAYMENT,0.28,ALTERNATIVE_PAYMENT
EVT_00007636,RECOVERY_REMINDER,0.0,ALTERNATIVE_PAYMENT
EVT_00007636,RETRY_LATER,0.15,ALTERNATIVE_PAYMENT
EVT_00007636,HUMAN_ESCALATION,0.0,ALTERNATIVE_PAYMENT
EVT_00009506,ALTERNATIVE_PAYMENT,0.0,RECOVERY_REMINDER
EVT_00009506,RECOVERY_REMINDER,0.55,RECOVERY_REMINDER
EVT_00009506,RETRY_LATER,-0.2,RECOVERY_REMINDER
EVT_00009506,HUMAN_ESCALATION,0.0,RECOVERY_REMINDER
EVT_00005833,ALTERNATIVE_PAYMENT,0.0,RECOVERY_REMINDER
EVT_00005833,RECOVERY_REMINDER,0.75,RECOVERY_REMINDER
EVT_00005833,RETRY_LATER,-0.2,RECOVERY_REMINDER
EVT_00005833,HUMAN_ESCALATION,0.0,RECOVERY_REMINDER
EVT_00000157,ALTERNATIVE_PAYMENT,0.2,RETRY_LATER
EVT_00000157,RECOVERY_REMINDER,0.0,RETRY_LATER
EVT_00000157,RETRY_LATER,0.25,RETRY_LATER
EVT_00000157,HUMAN_ESCALATION,0.0,RETRY_LATER
EVT_00005693,ALTERNATIVE_PAYMENT,0.0,RECOVERY_REMINDER
EVT_00005693,RECOVERY_REMINDER,0.55,RECOVERY_REMINDER
EVT_00005693,RETRY_LATER,-0.2,RECOVERY_REMINDER
EVT_00005693,HUMAN_ESCALATION,0.0,RECOVERY_REMINDER
EVT_00009953,ALTERNATIVE_PAYMENT,0.0,RECOVERY_REMINDER
EVT_00009953,RECOVERY_REMINDER,0.75,RECOVERY_REMINDER
EVT_00009953,RETRY_LATER,-0.2,RECOVERY_REMINDER
EVT_00009953,HUMAN_ESCALATION,0.0,RECOVERY_REMINDER
EVT_00008382,ALTERNATIVE_PAYMENT,0.0,RECOVERY_REMINDER
EVT_00008382,RECOVERY_REMINDER,0.75,RECOVERY_REMINDER
EVT_00008382,RETRY_LATER,-0.2,RECOVERY_REMINDER
EVT_00008382,HUMAN_ESCALATION,0.0,RECOVERY_REMINDER
EVT_00001392,ALTERNATIVE_PAYMENT,0.2,RETRY_LATER
EVT_00001392,RECOVERY_REMINDER,0.0,RETRY_LATER
EVT_00001392,RETRY_LATER,0.25,RETRY_LATER
EVT_00001392,HUMAN_ESCALATION,0.0,RETRY_LATER
EVT_00004360,ALTERNATIVE_PAYMENT,0.0,RECOVERY_REMINDER
EVT_00004360,RECOVERY_REMINDER,0.75,RECOVERY_REMINDER
EVT_00004360,RETRY_LATER,-0.2,RECOVERY_REMINDER
EVT_00004360,HUMAN_ESCALATION,0.0,RECOVERY_REMINDER
EVT_00000235,ALTERNATIVE_PAYMENT,0.2,RECOVERY_REMINDER
EVT_00000235,RECOVERY_REMINDER,0.25,RECOVERY_REMINDER
EVT_00000235,RETRY_LATER,-0.1,RECOVERY_REMINDER
EVT_00000235,HUMAN_ESCALATION,0.0,RECOVERY_REMINDER
EVT_00009582,ALTERNATIVE_PAYMENT,0.0,RECOVERY_REMINDER
EVT_00009582,RECOVERY_REMINDER,0.75,RECOVERY_REMINDER
EVT_00009582,RETRY_LATER,-0.2,RECOVERY_REMINDER
EVT_00009582,HUMAN_ESCALATION,0.0,RECOVERY_REMINDER
EVT_00004207,ALTERNATIVE_PAYMENT,0.28,ALTERNATIVE_PAYMENT
EVT_00004207,RECOVERY_REMINDER,0.0,ALTERNATIVE_PAYMENT
EVT_00004207,RETRY_LATER,0.15,ALTERNATIVE_PAYMENT
EVT_00004207,HUMAN_ESCALATION,0.0,ALTERNATIVE_PAYMENT
EVT_00008935,ALTERNATIVE_PAYMENT,0.2,ALTERNATIVE_PAYMENT
EVT_00008935,RECOVERY_REMINDER,0.0,ALTERNATIVE_PAYMENT
EVT_00008935,RETRY_LATER,0.0,ALTERNATIVE_PAYMENT
EVT_00008935,HUMAN_ESCALATION,0.1,ALTERNATIVE_PAYMENT
EVT_00003664,ALTERNATIVE_PAYMENT,0.0,RECOVERY_REMINDER
EVT_00003664,RECOVERY_REMINDER,0.75,RECOVERY_REMINDER
EVT_00003664,RETRY_LATER,-0.2,RECOVERY_REMINDER
EVT_00003664,HUMAN_ESCALATION,0.0,RECOVERY_REMINDER
EVT_00002859,ALTERNATIVE_PAYMENT,0.58,ALTERNATIVE_PAYMENT
EVT_00002859,RECOVERY_REMINDER,0.0,ALTERNATIVE_PAYMENT
EVT_00002859,RETRY_LATER,-999999.0,ALTERNATIVE_PAYMENT
EVT_00002859,HUMAN_ESCALATION,0.0,ALTERNATIVE_PAYMENT
EVT_00008593,ALTERNATIVE_PAYMENT,0.2,RETRY_LATER
EVT_00008593,RECOVERY_REMINDER,0.0,RETRY_LATER
EVT_00008593,RETRY_LATER,0.25,RETRY_LATER
EVT_00008593,HUMAN_ESCALATION,0.0,RETRY_LATER
EVT_00002225,ALTERNATIVE_PAYMENT,0.2,ALTERNATIVE_PAYMENT
EVT_00002225,RECOVERY_REMINDER,0.0,ALTERNATIVE_PAYMENT
EVT_00002225,RETRY_LATER,0.0,ALTERNATIVE_PAYMENT
EVT_00002225,HUMAN_ESCALATION,0.1,ALTERNATIVE_PAYMENT
EVT_00005825,ALTERNATIVE_PAYMENT,0.28,ALTERNATIVE_PAYMENT
EVT_00005825,RECOVERY_REMINDER,0.0,ALTERNATIVE_PAYMENT
EVT_00005825,RETRY_LATER,-0.1,ALTERNATIVE_PAYMENT
EVT_00005825,HUMAN_ESCALATION,0.1,ALTERNATIVE_PAYMENT
EVT_00004557,ALTERNATIVE_PAYMENT,0.28,ALTERNATIVE_PAYMENT
EVT_00004557,RECOVERY_REMINDER,0.0,ALTERNATIVE_PAYMENT
EVT_00004557,RETRY_LATER,0.15,ALTERNATIVE_PAYMENT
EVT_00004557,HUMAN_ESCALATION,0.0,ALTERNATIVE_PAYMENT
EVT_00009662,ALTERNATIVE_PAYMENT,0.28,ALTERNATIVE_PAYMENT
EVT_00009662,RECOVERY_REMINDER,0.0,ALTERNATIVE_PAYMENT
EVT_00009662,RETRY_LATER,-999999.0,ALTERNATIVE_PAYMENT
EVT_00009662,HUMAN_ESCALATION,0.0,ALTERNATIVE_PAYMENT
EVT_00000821,ALTERNATIVE_PAYMENT,0.2,RETRY_LATER
EVT_00000821,RECOVERY_REMINDER,0.0,RETRY_LATER
EVT_00000821,RETRY_LATER,0.25,RETRY_LATER
EVT_00000821,HUMAN_ESCALATION,0.0,RETRY_LATER
EVT_00009436,ALTERNATIVE_PAYMENT,0.5,ALTERNATIVE_PAYMENT
EVT_00009436,RECOVERY_REMINDER,0.0,ALTERNATIVE_PAYMENT
EVT_00009436,RETRY_LATER,0.0,ALTERNATIVE_PAYMENT
EVT_00009436,HUMAN_ESCALATION,0.0,ALTERNATIVE_PAYMENT
EVT_00002341,ALTERNATIVE_PAYMENT,0.28,ALTERNATIVE_PAYMENT
EVT_00002341,RECOVERY_REMINDER,0.0,ALTERNATIVE_PAYMENT
EVT_00002341,RETRY_LATER,-999999.0,ALTERNATIVE_PAYMENT
EVT_00002341,HUMAN_ESCALATION,0.1,ALTERNATIVE_PAYMENT
EVT_00005109,ALTERNATIVE_PAYMENT,0.2,RECOVERY_REMINDER
EVT_00005109,RECOVERY_REMINDER,0.25,RECOVERY_REMINDER
EVT_00005109,RETRY_LATER,-0.1,RECOVERY_REMINDER
EVT_00005109,HUMAN_ESCALATION,0.0,RECOVERY_REMINDER
EVT_00009058,ALTERNATIVE_PAYMENT,0.0,RECOVERY_REMINDER
EVT_00009058,RECOVERY_REMINDER,0.65,RECOVERY_REMINDER
EVT_00009058,RETRY_LATER,-0.2,RECOVERY_REMINDER
EVT_00009058,HUMAN_ESCALATION,0.0,RECOVERY_REMINDER
EVT_00007148,ALTERNATIVE_PAYMENT,0.2,RECOVERY_REMINDER
EVT_00007148,RECOVERY_REMINDER,0.25,RECOVERY_REMINDER
EVT_00007148,RETRY_LATER,-0.1,RECOVERY_REMINDER
EVT_00007148,HUMAN_ESCALATION,0.0,RECOVERY_REMINDER
EVT_00002897,ALTERNATIVE_PAYMENT,0.58,ALTERNATIVE_PAYMENT
EVT_00002897,RECOVERY_REMINDER,0.0,ALTERNATIVE_PAYMENT
EVT_00002897,RETRY_LATER,-999999.0,ALTERNATIVE_PAYMENT
EVT_00002897,HUMAN_ESCALATION,0.0,ALTERNATIVE_PAYMENT
EVT_00007628,ALTERNATIVE_PAYMENT,0.2,RECOVERY_REMINDER
EVT_00007628,RECOVERY_REMINDER,0.25,RECOVERY_REMINDER
EVT_00007628,RETRY_LATER,-0.1,RECOVERY_REMINDER
EVT_00007628,HUMAN_ESCALATION,0.0,RECOVERY_REMINDER
EVT_00008345,ALTERNATIVE_PAYMENT,0.2,RECOVERY_REMINDER
EVT_00008345,RECOVERY_REMINDER,0.25,RECOVERY_REMINDER
EVT_00008345,RETRY_LATER,-0.1,RECOVERY_REMINDER
EVT_00008345,HUMAN_ESCALATION,0.0,RECOVERY_REMINDER
EVT_00002721,ALTERNATIVE_PAYMENT,0.58,ALTERNATIVE_PAYMENT
EVT_00002721,RECOVERY_REMINDER,0.0,ALTERNATIVE_PAYMENT
EVT_00002721,RETRY_LATER,-0.1,ALTERNATIVE_PAYMENT
EVT_00002721,HUMAN_ESCALATION,0.0,ALTERNATIVE_PAYMENT
EVT_00005846,ALTERNATIVE_PAYMENT,0.28,ALTERNATIVE_PAYMENT
EVT_00005846,RECOVERY_REMINDER,0.0,ALTERNATIVE_PAYMENT
EVT_00005846,RETRY_LATER,-999999.0,ALTERNATIVE_PAYMENT
EVT_00005846,HUMAN_ESCALATION,0.0,ALTERNATIVE_PAYMENT
EVT_00007546,ALTERNATIVE_PAYMENT,0.5,ALTERNATIVE_PAYMENT
EVT_00007546,RECOVERY_REMINDER,0.04,ALTERNATIVE_PAYMENT
EVT_00007546,RETRY_LATER,0.0,ALTERNATIVE_PAYMENT
EVT_00007546,HUMAN_ESCALATION,0.12,ALTERNATIVE_PAYMENT
EVT_00009019,ALTERNATIVE_PAYMENT,0.0,RECOVERY_REMINDER
EVT_00009019,RECOVERY_REMINDER,0.75,RECOVERY_REMINDER
EVT_00009019,RETRY_LATER,-0.2,RECOVERY_REMINDER
EVT_00009019,HUMAN_ESCALATION,0.0,RECOVERY_REMINDER
EVT_00008214,ALTERNATIVE_PAYMENT,0.0,RECOVERY_REMINDER
EVT_00008214,RECOVERY_REMINDER,0.75,RECOVERY_REMINDER
EVT_00008214,RETRY_LATER,-0.2,RECOVERY_REMINDER
EVT_00008214,HUMAN_ESCALATION,0.0,RECOVERY_REMINDER
EVT_00007232,ALTERNATIVE_PAYMENT,0.58,ALTERNATIVE_PAYMENT
EVT_00007232,RECOVERY_REMINDER,0.0,ALTERNATIVE_PAYMENT
EVT_00007232,RETRY_LATER,-0.1,ALTERNATIVE_PAYMENT
EVT_00007232,HUMAN_ESCALATION,0.0,ALTERNATIVE_PAYMENT
EVT_00001297,ALTERNATIVE_PAYMENT,0.58,ALTERNATIVE_PAYMENT
EVT_00001297,RECOVERY_REMINDER,0.0,ALTERNATIVE_PAYMENT
EVT_00001297,RETRY_LATER,-0.1,ALTERNATIVE_PAYMENT
EVT_00001297,HUMAN_ESCALATION,0.0,ALTERNATIVE_PAYMENT
EVT_00005245,ALTERNATIVE_PAYMENT,0.2,RETRY_LATER
EVT_00005245,RECOVERY_REMINDER,0.0,RETRY_LATER
EVT_00005245,RETRY_LATER,0.25,RETRY_LATER
EVT_00005245,HUMAN_ESCALATION,0.0,RETRY_LATER
EVT_00007818,ALTERNATIVE_PAYMENT,0.28,ALTERNATIVE_PAYMENT
EVT_00007818,RECOVERY_REMINDER,0.0,ALTERNATIVE_PAYMENT
EVT_00007818,RETRY_LATER,0.15,ALTERNATIVE_PAYMENT
EVT_00007818,HUMAN_ESCALATION,0.0,ALTERNATIVE_PAYMENT
EVT_00002518,ALTERNATIVE_PAYMENT,0.2,RETRY_LATER
EVT_00002518,RECOVERY_REMINDER,0.0,RETRY_LATER
EVT_00002518,RETRY_LATER,0.25,RETRY_LATER
EVT_00002518,HUMAN_ESCALATION,0.0,RETRY_LATER
EVT_00004900,ALTERNATIVE_PAYMENT,0.28,ALTERNATIVE_PAYMENT
EVT_00004900,RECOVERY_REMINDER,0.0,ALTERNATIVE_PAYMENT
EVT_00004900,RETRY_LATER,-999999.0,ALTERNATIVE_PAYMENT
EVT_00004900,HUMAN_ESCALATION,0.0,ALTERNATIVE_PAYMENT
EVT_00000989,ALTERNATIVE_PAYMENT,0.28,ALTERNATIVE_PAYMENT
EVT_00000989,RECOVERY_REMINDER,0.0,ALTERNATIVE_PAYMENT
EVT_00000989,RETRY_LATER,-999999.0,ALTERNATIVE_PAYMENT
EVT_00000989,HUMAN_ESCALATION,0.0,ALTERNATIVE_PAYMENT
EVT_00001058,ALTERNATIVE_PAYMENT,0.28,ALTERNATIVE_PAYMENT
EVT_00001058,RECOVERY_REMINDER,0.0,ALTERNATIVE_PAYMENT
EVT_00001058,RETRY_LATER,0.15,ALTERNATIVE_PAYMENT
EVT_00001058,HUMAN_ESCALATION,0.0,ALTERNATIVE_PAYMENT
EVT_00007982,ALTERNATIVE_PAYMENT,0.5,ALTERNATIVE_PAYMENT
EVT_00007982,RECOVERY_REMINDER,0.04,ALTERNATIVE_PAYMENT
EVT_00007982,RETRY_LATER,0.0,ALTERNATIVE_PAYMENT
EVT_00007982,HUMAN_ESCALATION,0.12,ALTERNATIVE_PAYMENT
EVT_00006674,ALTERNATIVE_PAYMENT,0.2,RECOVERY_REMINDER
EVT_00006674,RECOVERY_REMINDER,0.29,RECOVERY_REMINDER
EVT_00006674,RETRY_LATER,-0.1,RECOVERY_REMINDER
EVT_00006674,HUMAN_ESCALATION,0.12,RECOVERY_REMINDER
EVT_00000105,ALTERNATIVE_PAYMENT,0.5,ALTERNATIVE_PAYMENT
EVT_00000105,RECOVERY_REMINDER,0.04,ALTERNATIVE_PAYMENT
EVT_00000105,RETRY_LATER,0.0,ALTERNATIVE_PAYMENT
EVT_00000105,HUMAN_ESCALATION,0.12,ALTERNATIVE_PAYMENT
EVT_00006635,ALTERNATIVE_PAYMENT,0.2,RETRY_LATER
EVT_00006635,RECOVERY_REMINDER,0.0,RETRY_LATER
EVT_00006635,RETRY_LATER,0.25,RETRY_LATER
EVT_00006635,HUMAN_ESCALATION,0.0,RETRY_LATER
EVT_00009101,ALTERNATIVE_PAYMENT,0.5,ALTERNATIVE_PAYMENT
EVT_00009101,RECOVERY_REMINDER,0.0,ALTERNATIVE_PAYMENT
EVT_00009101,RETRY_LATER,0.0,ALTERNATIVE_PAYMENT
EVT_00009101,HUMAN_ESCALATION,0.0,ALTERNATIVE_PAYMENT
EVT_00003611,ALTERNATIVE_PAYMENT,0.58,ALTERNATIVE_PAYMENT
EVT_00003611,RECOVERY_REMINDER,0.0,ALTERNATIVE_PAYMENT
EVT_00003611,RETRY_LATER,-0.1,ALTERNATIVE_PAYMENT
EVT_00003611,HUMAN_ESCALATION,0.0,ALTERNATIVE_PAYMENT
EVT_00008684,ALTERNATIVE_PAYMENT,0.0,RECOVERY_REMINDER
EVT_00008684,RECOVERY_REMINDER,0.79,RECOVERY_REMINDER
EVT_00008684,RETRY_LATER,-0.2,RECOVERY_REMINDER
EVT_00008684,HUMAN_ESCALATION,0.12,RECOVERY_REMINDER
EVT_00003437,ALTERNATIVE_PAYMENT,0.2,RETRY_LATER
EVT_00003437,RECOVERY_REMINDER,0.0,RETRY_LATER
EVT_00003437,RETRY_LATER,0.25,RETRY_LATER
EVT_00003437,HUMAN_ESCALATION,0.0,RETRY_LATER
EVT_00008812,ALTERNATIVE_PAYMENT,0.0,RECOVERY_REMINDER
EVT_00008812,RECOVERY_REMINDER,0.79,RECOVERY_REMINDER
EVT_00008812,RETRY_LATER,-0.2,RECOVERY_REMINDER
EVT_00008812,HUMAN_ESCALATION,0.12,RECOVERY_REMINDER
EVT_00004736,ALTERNATIVE_PAYMENT,0.2,RETRY_LATER
EVT_00004736,RECOVERY_REMINDER,0.0,RETRY_LATER
EVT_00004736,RETRY_LATER,0.25,RETRY_LATER
EVT_00004736,HUMAN_ESCALATION,0.0,RETRY_LATER
EVT_00002558,ALTERNATIVE_PAYMENT,0.2,ALTERNATIVE_PAYMENT
EVT_00002558,RECOVERY_REMINDER,0.0,ALTERNATIVE_PAYMENT
EVT_00002558,RETRY_LATER,0.0,ALTERNATIVE_PAYMENT
EVT_00002558,HUMAN_ESCALATION,0.1,ALTERNATIVE_PAYMENT
EVT_00009241,ALTERNATIVE_PAYMENT,0.0,RECOVERY_REMINDER
EVT_00009241,RECOVERY_REMINDER,0.75,RECOVERY_REMINDER
EVT_00009241,RETRY_LATER,-0.2,RECOVERY_REMINDER
EVT_00009241,HUMAN_ESCALATION,0.0,RECOVERY_REMINDER
EVT_00005821,ALTERNATIVE_PAYMENT,0.2,RETRY_LATER
EVT_00005821,RECOVERY_REMINDER,0.0,RETRY_LATER
EVT_00005821,RETRY_LATER,0.25,RETRY_LATER
EVT_00005821,HUMAN_ESCALATION,0.0,RETRY_LATER
EVT_00004437,ALTERNATIVE_PAYMENT,0.2,RECOVERY_REMINDER
EVT_00004437,RECOVERY_REMINDER,0.25,RECOVERY_REMINDER
EVT_00004437,RETRY_LATER,-0.1,RECOVERY_REMINDER
EVT_00004437,HUMAN_ESCALATION,0.0,RECOVERY_REMINDER
EVT_00006990,ALTERNATIVE_PAYMENT,0.2,RETRY_LATER
EVT_00006990,RECOVERY_REMINDER,0.0,RETRY_LATER
EVT_00006990,RETRY_LATER,0.25,RETRY_LATER
EVT_00006990,HUMAN_ESCALATION,0.0,RETRY_LATER
EVT_00005489,ALTERNATIVE_PAYMENT,0.28,ALTERNATIVE_PAYMENT
EVT_00005489,RECOVERY_REMINDER,0.0,ALTERNATIVE_PAYMENT
EVT_00005489,RETRY_LATER,-0.1,ALTERNATIVE_PAYMENT
EVT_00005489,HUMAN_ESCALATION,0.1,ALTERNATIVE_PAYMENT
EVT_00000055,ALTERNATIVE_PAYMENT,0.2,RECOVERY_REMINDER
EVT_00000055,RECOVERY_REMINDER,0.25,RECOVERY_REMINDER
EVT_00000055,RETRY_LATER,-0.1,RECOVERY_REMINDER
EVT_00000055,HUMAN_ESCALATION,0.0,RECOVERY_REMINDER
EVT_00003780,ALTERNATIVE_PAYMENT,0.0,RECOVERY_REMINDER
EVT_00003780,RECOVERY_REMINDER,0.75,RECOVERY_REMINDER
EVT_00003780,RETRY_LATER,-0.2,RECOVERY_REMINDER
EVT_00003780,HUMAN_ESCALATION,-0.2,RECOVERY_REMINDER
EVT_00009556,ALTERNATIVE_PAYMENT,0.0,RECOVERY_REMINDER
EVT_00009556,RECOVERY_REMINDER,0.75,RECOVERY_REMINDER
EVT_00009556,RETRY_LATER,-0.2,RECOVERY_REMINDER
EVT_00009556,HUMAN_ESCALATION,0.0,RECOVERY_REMINDER
EVT_00006776,ALTERNATIVE_PAYMENT,0.2,RECOVERY_REMINDER
EVT_00006776,RECOVERY_REMINDER,0.25,RECOVERY_REMINDER
EVT_00006776,RETRY_LATER,-0.1,RECOVERY_REMINDER
EVT_00006776,HUMAN_ESCALATION,0.0,RECOVERY_REMINDER
EVT_00007721,ALTERNATIVE_PAYMENT,0.2,RETRY_LATER
EVT_00007721,RECOVERY_REMINDER,0.0,RETRY_LATER
EVT_00007721,RETRY_LATER,0.25,RETRY_LATER
EVT_00007721,HUMAN_ESCALATION,0.0,RETRY_LATER
EVT_00002511,ALTERNATIVE_PAYMENT,0.2,RETRY_LATER
EVT_00002511,RECOVERY_REMINDER,0.0,RETRY_LATER
EVT_00002511,RETRY_LATER,0.25,RETRY_LATER
EVT_00002511,HUMAN_ESCALATION,0.0,RETRY_LATER
EVT_00008466,ALTERNATIVE_PAYMENT,0.28,ALTERNATIVE_PAYMENT
EVT_00008466,RECOVERY_REMINDER,0.0,ALTERNATIVE_PAYMENT
EVT_00008466,RETRY_LATER,-999999.0,ALTERNATIVE_PAYMENT
EVT_00008466,HUMAN_ESCALATION,0.1,ALTERNATIVE_PAYMENT
EVT_00004813,ALTERNATIVE_PAYMENT,0.2,RECOVERY_REMINDER
EVT_00004813,RECOVERY_REMINDER,0.25,RECOVERY_REMINDER
EVT_00004813,RETRY_LATER,-0.1,RECOVERY_REMINDER
EVT_00004813,HUMAN_ESCALATION,0.0,RECOVERY_REMINDER
EVT_00000041,ALTERNATIVE_PAYMENT,0.58,ALTERNATIVE_PAYMENT
EVT_00000041,RECOVERY_REMINDER,0.04,ALTERNATIVE_PAYMENT
EVT_00000041,RETRY_LATER,-999999.0,ALTERNATIVE_PAYMENT
EVT_00000041,HUMAN_ESCALATION,0.12,ALTERNATIVE_PAYMENT
EVT_00000969,ALTERNATIVE_PAYMENT,0.2,RECOVERY_REMINDER
EVT_00000969,RECOVERY_REMINDER,0.29,RECOVERY_REMINDER
EVT_00000969,RETRY_LATER,-0.1,RECOVERY_REMINDER
EVT_00000969,HUMAN_ESCALATION,0.12,RECOVERY_REMINDER
EVT_00005144,ALTERNATIVE_PAYMENT,0.0,RECOVERY_REMINDER
EVT_00005144,RECOVERY_REMINDER,0.75,RECOVERY_REMINDER
EVT_00005144,RETRY_LATER,-0.2,RECOVERY_REMINDER
EVT_00005144,HUMAN_ESCALATION,0.0,RECOVERY_REMINDER
EVT_00002560,ALTERNATIVE_PAYMENT,0.2,ALTERNATIVE_PAYMENT
EVT_00002560,RECOVERY_REMINDER,0.0,ALTERNATIVE_PAYMENT
EVT_00002560,RETRY_LATER,0.0,ALTERNATIVE_PAYMENT
EVT_00002560,HUMAN_ESCALATION,-0.1,ALTERNATIVE_PAYMENT
EVT_00004868,ALTERNATIVE_PAYMENT,0.5,ALTERNATIVE_PAYMENT
EVT_00004868,RECOVERY_REMINDER,0.0,ALTERNATIVE_PAYMENT
EVT_00004868,RETRY_LATER,0.0,ALTERNATIVE_PAYMENT
EVT_00004868,HUMAN_ESCALATION,0.0,ALTERNATIVE_PAYMENT
EVT_00002426,ALTERNATIVE_PAYMENT,0.2,RETRY_LATER
EVT_00002426,RECOVERY_REMINDER,0.0,RETRY_LATER
EVT_00002426,RETRY_LATER,0.25,RETRY_LATER
EVT_00002426,HUMAN_ESCALATION,0.0,RETRY_LATER
EVT_00009328,ALTERNATIVE_PAYMENT,0.0,RECOVERY_REMINDER
EVT_00009328,RECOVERY_REMINDER,0.65,RECOVERY_REMINDER
EVT_00009328,RETRY_LATER,-0.2,RECOVERY_REMINDER
EVT_00009328,HUMAN_ESCALATION,0.0,RECOVERY_REMINDER
EVT_00009494,ALTERNATIVE_PAYMENT,0.58,ALTERNATIVE_PAYMENT
EVT_00009494,RECOVERY_REMINDER,0.0,ALTERNATIVE_PAYMENT
EVT_00009494,RETRY_LATER,-0.1,ALTERNATIVE_PAYMENT
EVT_00009494,HUMAN_ESCALATION,0.0,ALTERNATIVE_PAYMENT
EVT_00000008,ALTERNATIVE_PAYMENT,0.0,RECOVERY_REMINDER
EVT_00000008,RECOVERY_REMINDER,0.75,RECOVERY_REMINDER
EVT_00000008,RETRY_LATER,-0.2,RECOVERY_REMINDER
EVT_00000008,HUMAN_ESCALATION,0.0,RECOVERY_REMINDER
EVT_00007543,ALTERNATIVE_PAYMENT,0.28,ALTERNATIVE_PAYMENT
EVT_00007543,RECOVERY_REMINDER,0.0,ALTERNATIVE_PAYMENT
EVT_00007543,RETRY_LATER,-999999.0,ALTERNATIVE_PAYMENT
EVT_00007543,HUMAN_ESCALATION,0.1,ALTERNATIVE_PAYMENT
EVT_00008576,ALTERNATIVE_PAYMENT,0.5,ALTERNATIVE_PAYMENT
EVT_00008576,RECOVERY_REMINDER,0.04,ALTERNATIVE_PAYMENT
EVT_00008576,RETRY_LATER,0.0,ALTERNATIVE_PAYMENT
EVT_00008576,HUMAN_ESCALATION,0.12,ALTERNATIVE_PAYMENT
EVT_00009593,ALTERNATIVE_PAYMENT,0.28,ALTERNATIVE_PAYMENT
EVT_00009593,RECOVERY_REMINDER,0.0,ALTERNATIVE_PAYMENT
EVT_00009593,RETRY_LATER,0.15,ALTERNATIVE_PAYMENT
EVT_00009593,HUMAN_ESCALATION,0.0,ALTERNATIVE_PAYMENT
EVT_00001419,ALTERNATIVE_PAYMENT,0.0,RECOVERY_REMINDER
EVT_00001419,RECOVERY_REMINDER,0.79,RECOVERY_REMINDER
EVT_00001419,RETRY_LATER,-0.2,RECOVERY_REMINDER
EVT_00001419,HUMAN_ESCALATION,0.12,RECOVERY_REMINDER
EVT_00005784,ALTERNATIVE_PAYMENT,0.0,RECOVERY_REMINDER
EVT_00005784,RECOVERY_REMINDER,0.75,RECOVERY_REMINDER
EVT_00005784,RETRY_LATER,-0.2,RECOVERY_REMINDER
EVT_00005784,HUMAN_ESCALATION,0.0,RECOVERY_REMINDER
EVT_00003371,ALTERNATIVE_PAYMENT,0.2,ALTERNATIVE_PAYMENT
EVT_00003371,RECOVERY_REMINDER,0.0,ALTERNATIVE_PAYMENT
EVT_00003371,RETRY_LATER,0.0,ALTERNATIVE_PAYMENT
EVT_00003371,HUMAN_ESCALATION,0.1,ALTERNATIVE_PAYMENT
EVT_00000709,ALTERNATIVE_PAYMENT,0.2,RETRY_LATER
EVT_00000709,RECOVERY_REMINDER,0.0,RETRY_LATER
EVT_00000709,RETRY_LATER,0.25,RETRY_LATER
EVT_00000709,HUMAN_ESCALATION,0.0,RETRY_LATER
EVT_00002454,ALTERNATIVE_PAYMENT,0.0,RECOVERY_REMINDER
EVT_00002454,RECOVERY_REMINDER,0.65,RECOVERY_REMINDER
EVT_00002454,RETRY_LATER,-0.2,RECOVERY_REMINDER
EVT_00002454,HUMAN_ESCALATION,0.0,RECOVERY_REMINDER
EVT_00003376,ALTERNATIVE_PAYMENT,0.2,ALTERNATIVE_PAYMENT
EVT_00003376,RECOVERY_REMINDER,0.0,ALTERNATIVE_PAYMENT
EVT_00003376,RETRY_LATER,0.0,ALTERNATIVE_PAYMENT
EVT_00003376,HUMAN_ESCALATION,0.1,ALTERNATIVE_PAYMENT
EVT_00000879,ALTERNATIVE_PAYMENT,0.2,RETRY_LATER
EVT_00000879,RECOVERY_REMINDER,0.0,RETRY_LATER
EVT_00000879,RETRY_LATER,0.25,RETRY_LATER
EVT_00000879,HUMAN_ESCALATION,0.0,RETRY_LATER
EVT_00005148,ALTERNATIVE_PAYMENT,0.2,RETRY_LATER
EVT_00005148,RECOVERY_REMINDER,0.0,RETRY_LATER
EVT_00005148,RETRY_LATER,0.25,RETRY_LATER
EVT_00005148,HUMAN_ESCALATION,-999999.0,RETRY_LATER
EVT_00007302,ALTERNATIVE_PAYMENT,0.0,RECOVERY_REMINDER
EVT_00007302,RECOVERY_REMINDER,0.75,RECOVERY_REMINDER
EVT_00007302,RETRY_LATER,-0.2,RECOVERY_REMINDER
EVT_00007302,HUMAN_ESCALATION,0.0,RECOVERY_REMINDER
EVT_00003574,ALTERNATIVE_PAYMENT,0.2,RECOVERY_REMINDER
EVT_00003574,RECOVERY_REMINDER,0.25,RECOVERY_REMINDER
EVT_00003574,RETRY_LATER,-0.1,RECOVERY_REMINDER
EVT_00003574,HUMAN_ESCALATION,0.0,RECOVERY_REMINDER
EVT_00006217,ALTERNATIVE_PAYMENT,0.0,RECOVERY_REMINDER
EVT_00006217,RECOVERY_REMINDER,0.75,RECOVERY_REMINDER
EVT_00006217,RETRY_LATER,-0.2,RECOVERY_REMINDER
EVT_00006217,HUMAN_ESCALATION,0.0,RECOVERY_REMINDER
EVT_00008275,ALTERNATIVE_PAYMENT,0.2,ALTERNATIVE_PAYMENT
EVT_00008275,RECOVERY_REMINDER,0.0,ALTERNATIVE_PAYMENT
EVT_00008275,RETRY_LATER,0.0,ALTERNATIVE_PAYMENT
EVT_00008275,HUMAN_ESCALATION,0.1,ALTERNATIVE_PAYMENT
EVT_00004083,ALTERNATIVE_PAYMENT,0.2,ALTERNATIVE_PAYMENT
EVT_00004083,RECOVERY_REMINDER,0.0,ALTERNATIVE_PAYMENT
EVT_00004083,RETRY_LATER,0.0,ALTERNATIVE_PAYMENT
EVT_00004083,HUMAN_ESCALATION,0.1,ALTERNATIVE_PAYMENT
EVT_00004581,ALTERNATIVE_PAYMENT,0.2,RETRY_LATER
EVT_00004581,RECOVERY_REMINDER,0.0,RETRY_LATER
EVT_00004581,RETRY_LATER,0.25,RETRY_LATER
EVT_00004581,HUMAN_ESCALATION,0.0,RETRY_LATER
EVT_00005502,ALTERNATIVE_PAYMENT,0.58,ALTERNATIVE_PAYMENT
EVT_00005502,RECOVERY_REMINDER,0.0,ALTERNATIVE_PAYMENT
EVT_00005502,RETRY_LATER,-0.1,ALTERNATIVE_PAYMENT
EVT_00005502,HUMAN_ESCALATION,-0.2,ALTERNATIVE_PAYMENT
EVT_00000716,ALTERNATIVE_PAYMENT,0.2,RECOVERY_REMINDER
EVT_00000716,RECOVERY_REMINDER,0.25,RECOVERY_REMINDER
EVT_00000716,RETRY_LATER,-0.1,RECOVERY_REMINDER
EVT_00000716,HUMAN_ESCALATION,0.0,RECOVERY_REMINDER
EVT_00006737,ALTERNATIVE_PAYMENT,0.58,ALTERNATIVE_PAYMENT
EVT_00006737,RECOVERY_REMINDER,0.0,ALTERNATIVE_PAYMENT
EVT_00006737,RETRY_LATER,-0.1,ALTERNATIVE_PAYMENT
EVT_00006737,HUMAN_ESCALATION,0.0,ALTERNATIVE_PAYMENT
EVT_00002963,ALTERNATIVE_PAYMENT,0.0,RECOVERY_REMINDER
EVT_00002963,RECOVERY_REMINDER,0.75,RECOVERY_REMINDER
EVT_00002963,RETRY_LATER,-0.2,RECOVERY_REMINDER
EVT_00002963,HUMAN_ESCALATION,0.0,RECOVERY_REMINDER
EVT_00000978,ALTERNATIVE_PAYMENT,0.2,RECOVERY_REMINDER
EVT_00000978,RECOVERY_REMINDER,0.25,RECOVERY_REMINDER
EVT_00000978,RETRY_LATER,-0.1,RECOVERY_REMINDER
EVT_00000978,HUMAN_ESCALATION,0.0,RECOVERY_REMINDER
EVT_00007887,ALTERNATIVE_PAYMENT,0.58,ALTERNATIVE_PAYMENT
EVT_00007887,RECOVERY_REMINDER,0.0,ALTERNATIVE_PAYMENT
EVT_00007887,RETRY_LATER,-0.1,ALTERNATIVE_PAYMENT
EVT_00007887,HUMAN_ESCALATION,0.0,ALTERNATIVE_PAYMENT
EVT_00003964,ALTERNATIVE_PAYMENT,0.58,ALTERNATIVE_PAYMENT
EVT_00003964,RECOVERY_REMINDER,0.0,ALTERNATIVE_PAYMENT
EVT_00003964,RETRY_LATER,-0.1,ALTERNATIVE_PAYMENT
EVT_00003964,HUMAN_ESCALATION,0.0,ALTERNATIVE_PAYMENT
EVT_00004988,ALTERNATIVE_PAYMENT,0.2,RECOVERY_REMINDER
EVT_00004988,RECOVERY_REMINDER,0.25,RECOVERY_REMINDER
EVT_00004988,RETRY_LATER,-0.1,RECOVERY_REMINDER
EVT_00004988,HUMAN_ESCALATION,0.0,RECOVERY_REMINDER
EVT_00002811,ALTERNATIVE_PAYMENT,0.5,ALTERNATIVE_PAYMENT
EVT_00002811,RECOVERY_REMINDER,0.0,ALTERNATIVE_PAYMENT
EVT_00002811,RETRY_LATER,0.0,ALTERNATIVE_PAYMENT
EVT_00002811,HUMAN_ESCALATION,0.0,ALTERNATIVE_PAYMENT
EVT_00009554,ALTERNATIVE_PAYMENT,0.2,RETRY_LATER
EVT_00009554,RECOVERY_REMINDER,0.04,RETRY_LATER
EVT_00009554,RETRY_LATER,0.25,RETRY_LATER
EVT_00009554,HUMAN_ESCALATION,0.12,RETRY_LATER
EVT_00001633,ALTERNATIVE_PAYMENT,0.5,ALTERNATIVE_PAYMENT
EVT_00001633,RECOVERY_REMINDER,0.0,ALTERNATIVE_PAYMENT
EVT_00001633,RETRY_LATER,0.0,ALTERNATIVE_PAYMENT
EVT_00001633,HUMAN_ESCALATION,0.0,ALTERNATIVE_PAYMENT
EVT_00008071,ALTERNATIVE_PAYMENT,0.28,ALTERNATIVE_PAYMENT
EVT_00008071,RECOVERY_REMINDER,0.0,ALTERNATIVE_PAYMENT
EVT_00008071,RETRY_LATER,0.15,ALTERNATIVE_PAYMENT
EVT_00008071,HUMAN_ESCALATION,0.0,ALTERNATIVE_PAYMENT
EVT_00003156,ALTERNATIVE_PAYMENT,0.2,HUMAN_ESCALATION
EVT_00003156,RECOVERY_REMINDER,0.04,HUMAN_ESCALATION
EVT_00003156,RETRY_LATER,0.0,HUMAN_ESCALATION
EVT_00003156,HUMAN_ESCALATION,0.22,HUMAN_ESCALATION
EVT_00006604,ALTERNATIVE_PAYMENT,0.0,RECOVERY_REMINDER
EVT_00006604,RECOVERY_REMINDER,0.75,RECOVERY_REMINDER
EVT_00006604,RETRY_LATER,-0.2,RECOVERY_REMINDER
EVT_00006604,HUMAN_ESCALATION,0.0,RECOVERY_REMINDER
EVT_00005477,ALTERNATIVE_PAYMENT,0.28,ALTERNATIVE_PAYMENT
EVT_00005477,RECOVERY_REMINDER,0.0,ALTERNATIVE_PAYMENT
EVT_00005477,RETRY_LATER,-999999.0,ALTERNATIVE_PAYMENT
EVT_00005477,HUMAN_ESCALATION,0.0,ALTERNATIVE_PAYMENT
EVT_00002579,ALTERNATIVE_PAYMENT,0.2,RETRY_LATER
EVT_00002579,RECOVERY_REMINDER,0.04,RETRY_LATER
EVT_00002579,RETRY_LATER,0.25,RETRY_LATER
EVT_00002579,HUMAN_ESCALATION,0.12,RETRY_LATER
EVT_00004885,ALTERNATIVE_PAYMENT,0.2,RECOVERY_REMINDER
EVT_00004885,RECOVERY_REMINDER,0.25,RECOVERY_REMINDER
EVT_00004885,RETRY_LATER,-0.1,RECOVERY_REMINDER
EVT_00004885,HUMAN_ESCALATION,0.0,RECOVERY_REMINDER
EVT_00000219,ALTERNATIVE_PAYMENT,0.0,RECOVERY_REMINDER
EVT_00000219,RECOVERY_REMINDER,0.79,RECOVERY_REMINDER
EVT_00000219,RETRY_LATER,-0.2,RECOVERY_REMINDER
EVT_00000219,HUMAN_ESCALATION,0.12,RECOVERY_REMINDER
EVT_00003132,ALTERNATIVE_PAYMENT,0.2,RECOVERY_REMINDER
EVT_00003132,RECOVERY_REMINDER,0.25,RECOVERY_REMINDER
EVT_00003132,RETRY_LATER,-0.1,RECOVERY_REMINDER
EVT_00003132,HUMAN_ESCALATION,0.0,RECOVERY_REMINDER
EVT_00002863,ALTERNATIVE_PAYMENT,0.0,RECOVERY_REMINDER
EVT_00002863,RECOVERY_REMINDER,0.75,RECOVERY_REMINDER
EVT_00002863,RETRY_LATER,-0.2,RECOVERY_REMINDER
EVT_00002863,HUMAN_ESCALATION,0.0,RECOVERY_REMINDER
EVT_00000634,ALTERNATIVE_PAYMENT,0.0,RECOVERY_REMINDER
EVT_00000634,RECOVERY_REMINDER,0.75,RECOVERY_REMINDER
EVT_00000634,RETRY_LATER,-0.2,RECOVERY_REMINDER
EVT_00000634,HUMAN_ESCALATION,0.0,RECOVERY_REMINDER
EVT_00001646,ALTERNATIVE_PAYMENT,0.5,ALTERNATIVE_PAYMENT
EVT_00001646,RECOVERY_REMINDER,0.0,ALTERNATIVE_PAYMENT
EVT_00001646,RETRY_LATER,0.0,ALTERNATIVE_PAYMENT
EVT_00001646,HUMAN_ESCALATION,0.0,ALTERNATIVE_PAYMENT
EVT_00006158,ALTERNATIVE_PAYMENT,0.0,RECOVERY_REMINDER
EVT_00006158,RECOVERY_REMINDER,0.75,RECOVERY_REMINDER
EVT_00006158,RETRY_LATER,-0.2,RECOVERY_REMINDER
EVT_00006158,HUMAN_ESCALATION,0.0,RECOVERY_REMINDER
EVT_00008139,ALTERNATIVE_PAYMENT,0.2,RETRY_LATER
EVT_00008139,RECOVERY_REMINDER,0.0,RETRY_LATER
EVT_00008139,RETRY_LATER,0.25,RETRY_LATER
EVT_00008139,HUMAN_ESCALATION,0.0,RETRY_LATER
EVT_00004780,ALTERNATIVE_PAYMENT,0.28,ALTERNATIVE_PAYMENT
EVT_00004780,RECOVERY_REMINDER,0.0,ALTERNATIVE_PAYMENT
EVT_00004780,RETRY_LATER,-0.1,ALTERNATIVE_PAYMENT
EVT_00004780,HUMAN_ESCALATION,0.1,ALTERNATIVE_PAYMENT
EVT_00008947,ALTERNATIVE_PAYMENT,0.2,ALTERNATIVE_PAYMENT
EVT_00008947,RECOVERY_REMINDER,0.0,ALTERNATIVE_PAYMENT
EVT_00008947,RETRY_LATER,0.0,ALTERNATIVE_PAYMENT
EVT_00008947,HUMAN_ESCALATION,0.1,ALTERNATIVE_PAYMENT
EVT_00004760,ALTERNATIVE_PAYMENT,0.0,RECOVERY_REMINDER
EVT_00004760,RECOVERY_REMINDER,0.55,RECOVERY_REMINDER
EVT_00004760,RETRY_LATER,-0.2,RECOVERY_REMINDER
EVT_00004760,HUMAN_ESCALATION,0.0,RECOVERY_REMINDER
EVT_00003175,ALTERNATIVE_PAYMENT,0.5,ALTERNATIVE_PAYMENT
EVT_00003175,RECOVERY_REMINDER,0.0,ALTERNATIVE_PAYMENT
EVT_00003175,RETRY_LATER,0.0,ALTERNATIVE_PAYMENT
EVT_00003175,HUMAN_ESCALATION,0.0,ALTERNATIVE_PAYMENT
EVT_00001692,ALTERNATIVE_PAYMENT,0.5,ALTERNATIVE_PAYMENT
EVT_00001692,RECOVERY_REMINDER,0.0,ALTERNATIVE_PAYMENT
EVT_00001692,RETRY_LATER,0.0,ALTERNATIVE_PAYMENT
EVT_00001692,HUMAN_ESCALATION,0.0,ALTERNATIVE_PAYMENT
EVT_00001356,ALTERNATIVE_PAYMENT,0.58,ALTERNATIVE_PAYMENT
EVT_00001356,RECOVERY_REMINDER,0.0,ALTERNATIVE_PAYMENT
EVT_00001356,RETRY_LATER,-0.1,ALTERNATIVE_PAYMENT
EVT_00001356,HUMAN_ESCALATION,0.0,ALTERNATIVE_PAYMENT
EVT_00002387,ALTERNATIVE_PAYMENT,0.28,ALTERNATIVE_PAYMENT
EVT_00002387,RECOVERY_REMINDER,0.0,ALTERNATIVE_PAYMENT
EVT_00002387,RETRY_LATER,-999999.0,ALTERNATIVE_PAYMENT
EVT_00002387,HUMAN_ESCALATION,0.0,ALTERNATIVE_PAYMENT
EVT_00005356,ALTERNATIVE_PAYMENT,0.5,ALTERNATIVE_PAYMENT
EVT_00005356,RECOVERY_REMINDER,0.04,ALTERNATIVE_PAYMENT
EVT_00005356,RETRY_LATER,0.0,ALTERNATIVE_PAYMENT
EVT_00005356,HUMAN_ESCALATION,0.12,ALTERNATIVE_PAYMENT
EVT_00009383,ALTERNATIVE_PAYMENT,0.5,ALTERNATIVE_PAYMENT
EVT_00009383,RECOVERY_REMINDER,0.0,ALTERNATIVE_PAYMENT
EVT_00009383,RETRY_LATER,0.0,ALTERNATIVE_PAYMENT
EVT_00009383,HUMAN_ESCALATION,0.0,ALTERNATIVE_PAYMENT
EVT_00005420,ALTERNATIVE_PAYMENT,0.58,ALTERNATIVE_PAYMENT
EVT_00005420,RECOVERY_REMINDER,0.0,ALTERNATIVE_PAYMENT
EVT_00005420,RETRY_LATER,-999999.0,ALTERNATIVE_PAYMENT
EVT_00005420,HUMAN_ESCALATION,0.0,ALTERNATIVE_PAYMENT
EVT_00005313,ALTERNATIVE_PAYMENT,0.0,RECOVERY_REMINDER
EVT_00005313,RECOVERY_REMINDER,0.75,RECOVERY_REMINDER
EVT_00005313,RETRY_LATER,-0.2,RECOVERY_REMINDER
EVT_00005313,HUMAN_ESCALATION,0.0,RECOVERY_REMINDER
EVT_00002656,ALTERNATIVE_PAYMENT,0.0,RECOVERY_REMINDER
EVT_00002656,RECOVERY_REMINDER,0.75,RECOVERY_REMINDER
EVT_00002656,RETRY_LATER,-0.2,RECOVERY_REMINDER
EVT_00002656,HUMAN_ESCALATION,0.0,RECOVERY_REMINDER
EVT_00008915,ALTERNATIVE_PAYMENT,0.2,ALTERNATIVE_PAYMENT
EVT_00008915,RECOVERY_REMINDER,0.0,ALTERNATIVE_PAYMENT
EVT_00008915,RETRY_LATER,0.0,ALTERNATIVE_PAYMENT
EVT_00008915,HUMAN_ESCALATION,0.1,ALTERNATIVE_PAYMENT
EVT_00006274,ALTERNATIVE_PAYMENT,0.0,RECOVERY_REMINDER
EVT_00006274,RECOVERY_REMINDER,0.65,RECOVERY_REMINDER
EVT_00006274,RETRY_LATER,-0.2,RECOVERY_REMINDER
EVT_00006274,HUMAN_ESCALATION,0.0,RECOVERY_REMINDER
EVT_00003473,ALTERNATIVE_PAYMENT,0.0,RECOVERY_REMINDER
EVT_00003473,RECOVERY_REMINDER,0.75,RECOVERY_REMINDER
EVT_00003473,RETRY_LATER,-0.2,RECOVERY_REMINDER
EVT_00003473,HUMAN_ESCALATION,-0.2,RECOVERY_REMINDER
EVT_00002931,ALTERNATIVE_PAYMENT,0.0,RECOVERY_REMINDER
EVT_00002931,RECOVERY_REMINDER,0.6900000000000001,RECOVERY_REMINDER
EVT_00002931,RETRY_LATER,-0.2,RECOVERY_REMINDER
EVT_00002931,HUMAN_ESCALATION,0.12,RECOVERY_REMINDER
EVT_00009210,ALTERNATIVE_PAYMENT,0.58,ALTERNATIVE_PAYMENT
EVT_00009210,RECOVERY_REMINDER,0.0,ALTERNATIVE_PAYMENT
EVT_00009210,RETRY_LATER,-999999.0,ALTERNATIVE_PAYMENT
EVT_00009210,HUMAN_ESCALATION,-0.2,ALTERNATIVE_PAYMENT
EVT_00004571,ALTERNATIVE_PAYMENT,0.58,ALTERNATIVE_PAYMENT
EVT_00004571,RECOVERY_REMINDER,0.0,ALTERNATIVE_PAYMENT
EVT_00004571,RETRY_LATER,-0.1,ALTERNATIVE_PAYMENT
EVT_00004571,HUMAN_ESCALATION,0.0,ALTERNATIVE_PAYMENT
EVT_00008191,ALTERNATIVE_PAYMENT,0.5,ALTERNATIVE_PAYMENT
EVT_00008191,RECOVERY_REMINDER,0.0,ALTERNATIVE_PAYMENT
EVT_00008191,RETRY_LATER,0.0,ALTERNATIVE_PAYMENT
EVT_00008191,HUMAN_ESCALATION,0.0,ALTERNATIVE_PAYMENT
EVT_00008120,ALTERNATIVE_PAYMENT,0.28,ALTERNATIVE_PAYMENT
EVT_00008120,RECOVERY_REMINDER,0.04,ALTERNATIVE_PAYMENT
EVT_00008120,RETRY_LATER,0.15,ALTERNATIVE_PAYMENT
EVT_00008120,HUMAN_ESCALATION,0.12,ALTERNATIVE_PAYMENT
EVT_00000352,ALTERNATIVE_PAYMENT,0.0,RECOVERY_REMINDER
EVT_00000352,RECOVERY_REMINDER,0.65,RECOVERY_REMINDER
EVT_00000352,RETRY_LATER,-0.2,RECOVERY_REMINDER
EVT_00000352,HUMAN_ESCALATION,0.0,RECOVERY_REMINDER
EVT_00007588,ALTERNATIVE_PAYMENT,0.0,RECOVERY_REMINDER
EVT_00007588,RECOVERY_REMINDER,0.75,RECOVERY_REMINDER
EVT_00007588,RETRY_LATER,-0.2,RECOVERY_REMINDER
EVT_00007588,HUMAN_ESCALATION,0.0,RECOVERY_REMINDER
EVT_00001658,ALTERNATIVE_PAYMENT,0.5,ALTERNATIVE_PAYMENT
EVT_00001658,RECOVERY_REMINDER,0.0,ALTERNATIVE_PAYMENT
EVT_00001658,RETRY_LATER,0.0,ALTERNATIVE_PAYMENT
EVT_00001658,HUMAN_ESCALATION,0.0,ALTERNATIVE_PAYMENT
EVT_00004420,ALTERNATIVE_PAYMENT,0.28,ALTERNATIVE_PAYMENT
EVT_00004420,RECOVERY_REMINDER,0.0,ALTERNATIVE_PAYMENT
EVT_00004420,RETRY_LATER,-0.1,ALTERNATIVE_PAYMENT
EVT_00004420,HUMAN_ESCALATION,0.1,ALTERNATIVE_PAYMENT
EVT_00010000,ALTERNATIVE_PAYMENT,0.0,RECOVERY_REMINDER
EVT_00010000,RECOVERY_REMINDER,0.65,RECOVERY_REMINDER
EVT_00010000,RETRY_LATER,-0.2,RECOVERY_REMINDER
EVT_00010000,HUMAN_ESCALATION,0.0,RECOVERY_REMINDER
EVT_00006170,ALTERNATIVE_PAYMENT,0.2,RECOVERY_REMINDER
EVT_00006170,RECOVERY_REMINDER,0.25,RECOVERY_REMINDER
EVT_00006170,RETRY_LATER,-0.1,RECOVERY_REMINDER
EVT_00006170,HUMAN_ESCALATION,0.0,RECOVERY_REMINDER
EVT_00008985,ALTERNATIVE_PAYMENT,0.28,ALTERNATIVE_PAYMENT
EVT_00008985,RECOVERY_REMINDER,0.0,ALTERNATIVE_PAYMENT
EVT_00008985,RETRY_LATER,-999999.0,ALTERNATIVE_PAYMENT
EVT_00008985,HUMAN_ESCALATION,0.0,ALTERNATIVE_PAYMENT
EVT_00008505,ALTERNATIVE_PAYMENT,0.0,RECOVERY_REMINDER
EVT_00008505,RECOVERY_REMINDER,0.65,RECOVERY_REMINDER
EVT_00008505,RETRY_LATER,-0.2,RECOVERY_REMINDER
EVT_00008505,HUMAN_ESCALATION,0.0,RECOVERY_REMINDER
EVT_00003104,ALTERNATIVE_PAYMENT,0.5,ALTERNATIVE_PAYMENT
EVT_00003104,RECOVERY_REMINDER,0.0,ALTERNATIVE_PAYMENT
EVT_00003104,RETRY_LATER,0.0,ALTERNATIVE_PAYMENT
EVT_00003104,HUMAN_ESCALATION,0.0,ALTERNATIVE_PAYMENT
EVT_00009794,ALTERNATIVE_PAYMENT,0.5,ALTERNATIVE_PAYMENT
EVT_00009794,RECOVERY_REMINDER,0.0,ALTERNATIVE_PAYMENT
EVT_00009794,RETRY_LATER,0.0,ALTERNATIVE_PAYMENT
EVT_00009794,HUMAN_ESCALATION,0.0,ALTERNATIVE_PAYMENT
EVT_00008735,ALTERNATIVE_PAYMENT,0.0,RECOVERY_REMINDER
EVT_00008735,RECOVERY_REMINDER,0.75,RECOVERY_REMINDER
EVT_00008735,RETRY_LATER,-0.2,RECOVERY_REMINDER
EVT_00008735,HUMAN_ESCALATION,0.0,RECOVERY_REMINDER
EVT_00000054,ALTERNATIVE_PAYMENT,0.0,RECOVERY_REMINDER
EVT_00000054,RECOVERY_REMINDER,0.75,RECOVERY_REMINDER
EVT_00000054,RETRY_LATER,-0.2,RECOVERY_REMINDER
EVT_00000054,HUMAN_ESCALATION,0.0,RECOVERY_REMINDER
EVT_00000642,ALTERNATIVE_PAYMENT,0.28,ALTERNATIVE_PAYMENT
EVT_00000642,RECOVERY_REMINDER,0.0,ALTERNATIVE_PAYMENT
EVT_00000642,RETRY_LATER,-999999.0,ALTERNATIVE_PAYMENT
EVT_00000642,HUMAN_ESCALATION,0.1,ALTERNATIVE_PAYMENT
EVT_00005249,ALTERNATIVE_PAYMENT,0.28,ALTERNATIVE_PAYMENT
EVT_00005249,RECOVERY_REMINDER,0.0,ALTERNATIVE_PAYMENT
EVT_00005249,RETRY_LATER,0.15,ALTERNATIVE_PAYMENT
EVT_00005249,HUMAN_ESCALATION,0.0,ALTERNATIVE_PAYMENT
EVT_00008746,ALTERNATIVE_PAYMENT,0.5,ALTERNATIVE_PAYMENT
EVT_00008746,RECOVERY_REMINDER,0.0,ALTERNATIVE_PAYMENT
EVT_00008746,RETRY_LATER,0.0,ALTERNATIVE_PAYMENT
EVT_00008746,HUMAN_ESCALATION,0.0,ALTERNATIVE_PAYMENT
EVT_00004351,ALTERNATIVE_PAYMENT,0.2,RECOVERY_REMINDER
EVT_00004351,RECOVERY_REMINDER,0.25,RECOVERY_REMINDER
EVT_00004351,RETRY_LATER,-0.1,RECOVERY_REMINDER
EVT_00004351,HUMAN_ESCALATION,0.0,RECOVERY_REMINDER
EVT_00002030,ALTERNATIVE_PAYMENT,0.2,RETRY_LATER
EVT_00002030,RECOVERY_REMINDER,0.0,RETRY_LATER
EVT_00002030,RETRY_LATER,0.25,RETRY_LATER
EVT_00002030,HUMAN_ESCALATION,0.0,RETRY_LATER
EVT_00001642,ALTERNATIVE_PAYMENT,0.2,RETRY_LATER
EVT_00001642,RECOVERY_REMINDER,0.0,RETRY_LATER
EVT_00001642,RETRY_LATER,0.25,RETRY_LATER
EVT_00001642,HUMAN_ESCALATION,0.0,RETRY_LATER
EVT_00003384,ALTERNATIVE_PAYMENT,0.0,RECOVERY_REMINDER
EVT_00003384,RECOVERY_REMINDER,0.75,RECOVERY_REMINDER
EVT_00003384,RETRY_LATER,-0.2,RECOVERY_REMINDER
EVT_00003384,HUMAN_ESCALATION,0.0,RECOVERY_REMINDER
EVT_00005156,ALTERNATIVE_PAYMENT,0.5,ALTERNATIVE_PAYMENT
EVT_00005156,RECOVERY_REMINDER,0.0,ALTERNATIVE_PAYMENT
EVT_00005156,RETRY_LATER,0.0,ALTERNATIVE_PAYMENT
EVT_00005156,HUMAN_ESCALATION,0.0,ALTERNATIVE_PAYMENT
EVT_00000092,ALTERNATIVE_PAYMENT,0.2,ALTERNATIVE_PAYMENT
EVT_00000092,RECOVERY_REMINDER,0.0,ALTERNATIVE_PAYMENT
EVT_00000092,RETRY_LATER,0.0,ALTERNATIVE_PAYMENT
EVT_00000092,HUMAN_ESCALATION,-0.1,ALTERNATIVE_PAYMENT
EVT_00002783,ALTERNATIVE_PAYMENT,0.58,ALTERNATIVE_PAYMENT
EVT_00002783,RECOVERY_REMINDER,0.0,ALTERNATIVE_PAYMENT
EVT_00002783,RETRY_LATER,-999999.0,ALTERNATIVE_PAYMENT
EVT_00002783,HUMAN_ESCALATION,0.0,ALTERNATIVE_PAYMENT
EVT_00001047,ALTERNATIVE_PAYMENT,0.2,RECOVERY_REMINDER
EVT_00001047,RECOVERY_REMINDER,0.25,RECOVERY_REMINDER
EVT_00001047,RETRY_LATER,-0.1,RECOVERY_REMINDER
EVT_00001047,HUMAN_ESCALATION,0.0,RECOVERY_REMINDER
EVT_00007413,ALTERNATIVE_PAYMENT,0.2,RECOVERY_REMINDER
EVT_00007413,RECOVERY_REMINDER,0.25,RECOVERY_REMINDER
EVT_00007413,RETRY_LATER,-0.1,RECOVERY_REMINDER
EVT_00007413,HUMAN_ESCALATION,0.0,RECOVERY_REMINDER
EVT_00000807,ALTERNATIVE_PAYMENT,0.58,ALTERNATIVE_PAYMENT
EVT_00000807,RECOVERY_REMINDER,0.0,ALTERNATIVE_PAYMENT
EVT_00000807,RETRY_LATER,-0.1,ALTERNATIVE_PAYMENT
EVT_00000807,HUMAN_ESCALATION,0.0,ALTERNATIVE_PAYMENT
EVT_00006095,ALTERNATIVE_PAYMENT,0.2,RECOVERY_REMINDER
EVT_00006095,RECOVERY_REMINDER,0.25,RECOVERY_REMINDER
EVT_00006095,RETRY_LATER,-0.1,RECOVERY_REMINDER
EVT_00006095,HUMAN_ESCALATION,0.0,RECOVERY_REMINDER
EVT_00000775,ALTERNATIVE_PAYMENT,0.2,RETRY_LATER
EVT_00000775,RECOVERY_REMINDER,0.0,RETRY_LATER
EVT_00000775,RETRY_LATER,0.25,RETRY_LATER
EVT_00000775,HUMAN_ESCALATION,0.0,RETRY_LATER
EVT_00005642,ALTERNATIVE_PAYMENT,0.2,RECOVERY_REMINDER
EVT_00005642,RECOVERY_REMINDER,0.29,RECOVERY_REMINDER
EVT_00005642,RETRY_LATER,-0.1,RECOVERY_REMINDER
EVT_00005642,HUMAN_ESCALATION,0.12,RECOVERY_REMINDER
EVT_00004341,ALTERNATIVE_PAYMENT,0.0,RECOVERY_REMINDER
EVT_00004341,RECOVERY_REMINDER,0.75,RECOVERY_REMINDER
EVT_00004341,RETRY_LATER,-0.2,RECOVERY_REMINDER
EVT_00004341,HUMAN_ESCALATION,0.0,RECOVERY_REMINDER
EVT_00004201,ALTERNATIVE_PAYMENT,0.28,ALTERNATIVE_PAYMENT
EVT_00004201,RECOVERY_REMINDER,0.0,ALTERNATIVE_PAYMENT
EVT_00004201,RETRY_LATER,-0.1,ALTERNATIVE_PAYMENT
EVT_00004201,HUMAN_ESCALATION,0.1,ALTERNATIVE_PAYMENT
EVT_00000988,ALTERNATIVE_PAYMENT,0.28,ALTERNATIVE_PAYMENT
EVT_00000988,RECOVERY_REMINDER,0.0,ALTERNATIVE_PAYMENT
EVT_00000988,RETRY_LATER,0.15,ALTERNATIVE_PAYMENT
EVT_00000988,HUMAN_ESCALATION,0.0,ALTERNATIVE_PAYMENT
EVT_00003191,ALTERNATIVE_PAYMENT,0.0,RECOVERY_REMINDER
EVT_00003191,RECOVERY_REMINDER,0.75,RECOVERY_REMINDER
EVT_00003191,RETRY_LATER,-0.2,RECOVERY_REMINDER
EVT_00003191,HUMAN_ESCALATION,0.0,RECOVERY_REMINDER
EVT_00008143,ALTERNATIVE_PAYMENT,0.2,HUMAN_ESCALATION
EVT_00008143,RECOVERY_REMINDER,0.04,HUMAN_ESCALATION
EVT_00008143,RETRY_LATER,0.0,HUMAN_ESCALATION
EVT_00008143,HUMAN_ESCALATION,0.22,HUMAN_ESCALATION
EVT_00000697,ALTERNATIVE_PAYMENT,0.58,ALTERNATIVE_PAYMENT
EVT_00000697,RECOVERY_REMINDER,0.0,ALTERNATIVE_PAYMENT
EVT_00000697,RETRY_LATER,-999999.0,ALTERNATIVE_PAYMENT
EVT_00000697,HUMAN_ESCALATION,0.0,ALTERNATIVE_PAYMENT
EVT_00005902,ALTERNATIVE_PAYMENT,0.58,ALTERNATIVE_PAYMENT
EVT_00005902,RECOVERY_REMINDER,0.0,ALTERNATIVE_PAYMENT
EVT_00005902,RETRY_LATER,-0.1,ALTERNATIVE_PAYMENT
EVT_00005902,HUMAN_ESCALATION,0.0,ALTERNATIVE_PAYMENT
EVT_00002303,ALTERNATIVE_PAYMENT,0.28,ALTERNATIVE_PAYMENT
EVT_00002303,RECOVERY_REMINDER,0.0,ALTERNATIVE_PAYMENT
EVT_00002303,RETRY_LATER,0.15,ALTERNATIVE_PAYMENT
EVT_00002303,HUMAN_ESCALATION,0.0,ALTERNATIVE_PAYMENT
EVT_00008408,ALTERNATIVE_PAYMENT,0.0,RECOVERY_REMINDER
EVT_00008408,RECOVERY_REMINDER,0.65,RECOVERY_REMINDER
EVT_00008408,RETRY_LATER,-0.2,RECOVERY_REMINDER
EVT_00008408,HUMAN_ESCALATION,0.0,RECOVERY_REMINDER
EVT_00002994,ALTERNATIVE_PAYMENT,0.28,ALTERNATIVE_PAYMENT
EVT_00002994,RECOVERY_REMINDER,0.0,ALTERNATIVE_PAYMENT
EVT_00002994,RETRY_LATER,-999999.0,ALTERNATIVE_PAYMENT
EVT_00002994,HUMAN_ESCALATION,0.0,ALTERNATIVE_PAYMENT
EVT_00000337,ALTERNATIVE_PAYMENT,0.0,RECOVERY_REMINDER
EVT_00000337,RECOVERY_REMINDER,0.75,RECOVERY_REMINDER
EVT_00000337,RETRY_LATER,-0.2,RECOVERY_REMINDER
EVT_00000337,HUMAN_ESCALATION,0.0,RECOVERY_REMINDER
EVT_00005242,ALTERNATIVE_PAYMENT,0.28,ALTERNATIVE_PAYMENT
EVT_00005242,RECOVERY_REMINDER,0.0,ALTERNATIVE_PAYMENT
EVT_00005242,RETRY_LATER,-0.1,ALTERNATIVE_PAYMENT
EVT_00005242,HUMAN_ESCALATION,0.1,ALTERNATIVE_PAYMENT
EVT_00009257,ALTERNATIVE_PAYMENT,0.5,ALTERNATIVE_PAYMENT
EVT_00009257,RECOVERY_REMINDER,0.0,ALTERNATIVE_PAYMENT
EVT_00009257,RETRY_LATER,0.0,ALTERNATIVE_PAYMENT
EVT_00009257,HUMAN_ESCALATION,0.0,ALTERNATIVE_PAYMENT
EVT_00008164,ALTERNATIVE_PAYMENT,0.28,ALTERNATIVE_PAYMENT
EVT_00008164,RECOVERY_REMINDER,0.0,ALTERNATIVE_PAYMENT
EVT_00008164,RETRY_LATER,-999999.0,ALTERNATIVE_PAYMENT
EVT_00008164,HUMAN_ESCALATION,0.0,ALTERNATIVE_PAYMENT
EVT_00006788,ALTERNATIVE_PAYMENT,0.2,RECOVERY_REMINDER
EVT_00006788,RECOVERY_REMINDER,0.25,RECOVERY_REMINDER
EVT_00006788,RETRY_LATER,-0.1,RECOVERY_REMINDER
EVT_00006788,HUMAN_ESCALATION,0.0,RECOVERY_REMINDER
EVT_00002147,ALTERNATIVE_PAYMENT,0.2,RECOVERY_REMINDER
EVT_00002147,RECOVERY_REMINDER,0.25,RECOVERY_REMINDER
EVT_00002147,RETRY_LATER,-0.1,RECOVERY_REMINDER
EVT_00002147,HUMAN_ESCALATION,0.0,RECOVERY_REMINDER
EVT_00006128,ALTERNATIVE_PAYMENT,0.0,RECOVERY_REMINDER
EVT_00006128,RECOVERY_REMINDER,0.45,RECOVERY_REMINDER
EVT_00006128,RETRY_LATER,-0.2,RECOVERY_REMINDER
EVT_00006128,HUMAN_ESCALATION,0.0,RECOVERY_REMINDER
EVT_00005375,ALTERNATIVE_PAYMENT,0.28,ALTERNATIVE_PAYMENT
EVT_00005375,RECOVERY_REMINDER,0.0,ALTERNATIVE_PAYMENT
EVT_00005375,RETRY_LATER,0.15,ALTERNATIVE_PAYMENT
EVT_00005375,HUMAN_ESCALATION,0.0,ALTERNATIVE_PAYMENT
EVT_00000517,ALTERNATIVE_PAYMENT,0.2,RECOVERY_REMINDER
EVT_00000517,RECOVERY_REMINDER,0.25,RECOVERY_REMINDER
EVT_00000517,RETRY_LATER,-0.1,RECOVERY_REMINDER
EVT_00000517,HUMAN_ESCALATION,0.0,RECOVERY_REMINDER
EVT_00002782,ALTERNATIVE_PAYMENT,0.2,RETRY_LATER
EVT_00002782,RECOVERY_REMINDER,0.04,RETRY_LATER
EVT_00002782,RETRY_LATER,0.25,RETRY_LATER
EVT_00002782,HUMAN_ESCALATION,0.12,RETRY_LATER
EVT_00004423,ALTERNATIVE_PAYMENT,0.2,ALTERNATIVE_PAYMENT
EVT_00004423,RECOVERY_REMINDER,0.0,ALTERNATIVE_PAYMENT
EVT_00004423,RETRY_LATER,0.0,ALTERNATIVE_PAYMENT
EVT_00004423,HUMAN_ESCALATION,0.1,ALTERNATIVE_PAYMENT
EVT_00002679,ALTERNATIVE_PAYMENT,0.0,RECOVERY_REMINDER
EVT_00002679,RECOVERY_REMINDER,0.65,RECOVERY_REMINDER
EVT_00002679,RETRY_LATER,-0.2,RECOVERY_REMINDER
EVT_00002679,HUMAN_ESCALATION,0.0,RECOVERY_REMINDER
EVT_00007208,ALTERNATIVE_PAYMENT,0.5,ALTERNATIVE_PAYMENT
EVT_00007208,RECOVERY_REMINDER,0.0,ALTERNATIVE_PAYMENT
EVT_00007208,RETRY_LATER,0.0,ALTERNATIVE_PAYMENT
EVT_00007208,HUMAN_ESCALATION,-0.2,ALTERNATIVE_PAYMENT
EVT_00008790,ALTERNATIVE_PAYMENT,0.2,RETRY_LATER
EVT_00008790,RECOVERY_REMINDER,0.0,RETRY_LATER
EVT_00008790,RETRY_LATER,0.25,RETRY_LATER
EVT_00008790,HUMAN_ESCALATION,0.0,RETRY_LATER
EVT_00002840,ALTERNATIVE_PAYMENT,0.5,ALTERNATIVE_PAYMENT
EVT_00002840,RECOVERY_REMINDER,0.0,ALTERNATIVE_PAYMENT
EVT_00002840,RETRY_LATER,0.0,ALTERNATIVE_PAYMENT
EVT_00002840,HUMAN_ESCALATION,0.0,ALTERNATIVE_PAYMENT
EVT_00002256,ALTERNATIVE_PAYMENT,0.58,ALTERNATIVE_PAYMENT
EVT_00002256,RECOVERY_REMINDER,0.0,ALTERNATIVE_PAYMENT
EVT_00002256,RETRY_LATER,-999999.0,ALTERNATIVE_PAYMENT
EVT_00002256,HUMAN_ESCALATION,0.0,ALTERNATIVE_PAYMENT
EVT_00004655,ALTERNATIVE_PAYMENT,0.2,RETRY_LATER
EVT_00004655,RECOVERY_REMINDER,0.04,RETRY_LATER
EVT_00004655,RETRY_LATER,0.25,RETRY_LATER
EVT_00004655,HUMAN_ESCALATION,0.12,RETRY_LATER
EVT_00003021,ALTERNATIVE_PAYMENT,0.28,ALTERNATIVE_PAYMENT
EVT_00003021,RECOVERY_REMINDER,0.0,ALTERNATIVE_PAYMENT
EVT_00003021,RETRY_LATER,0.15,ALTERNATIVE_PAYMENT
EVT_00003021,HUMAN_ESCALATION,0.0,ALTERNATIVE_PAYMENT
EVT_00005907,ALTERNATIVE_PAYMENT,0.2,HUMAN_ESCALATION
EVT_00005907,RECOVERY_REMINDER,0.04,HUMAN_ESCALATION
EVT_00005907,RETRY_LATER,0.0,HUMAN_ESCALATION
EVT_00005907,HUMAN_ESCALATION,0.22,HUMAN_ESCALATION
EVT_00008446,ALTERNATIVE_PAYMENT,0.5,ALTERNATIVE_PAYMENT
EVT_00008446,RECOVERY_REMINDER,0.0,ALTERNATIVE_PAYMENT
EVT_00008446,RETRY_LATER,0.0,ALTERNATIVE_PAYMENT
EVT_00008446,HUMAN_ESCALATION,0.0,ALTERNATIVE_PAYMENT
EVT_00008936,ALTERNATIVE_PAYMENT,0.2,RETRY_LATER
EVT_00008936,RECOVERY_REMINDER,0.0,RETRY_LATER
EVT_00008936,RETRY_LATER,0.25,RETRY_LATER
EVT_00008936,HUMAN_ESCALATION,0.0,RETRY_LATER
EVT_00000917,ALTERNATIVE_PAYMENT,0.28,ALTERNATIVE_PAYMENT
EVT_00000917,RECOVERY_REMINDER,0.0,ALTERNATIVE_PAYMENT
EVT_00000917,RETRY_LATER,-0.1,ALTERNATIVE_PAYMENT
EVT_00000917,HUMAN_ESCALATION,-0.1,ALTERNATIVE_PAYMENT
EVT_00006050,ALTERNATIVE_PAYMENT,0.2,ALTERNATIVE_PAYMENT
EVT_00006050,RECOVERY_REMINDER,0.0,ALTERNATIVE_PAYMENT
EVT_00006050,RETRY_LATER,0.0,ALTERNATIVE_PAYMENT
EVT_00006050,HUMAN_ESCALATION,0.1,ALTERNATIVE_PAYMENT
EVT_00009487,ALTERNATIVE_PAYMENT,0.2,RETRY_LATER
EVT_00009487,RECOVERY_REMINDER,0.0,RETRY_LATER
EVT_00009487,RETRY_LATER,0.25,RETRY_LATER
EVT_00009487,HUMAN_ESCALATION,0.0,RETRY_LATER
EVT_00008377,ALTERNATIVE_PAYMENT,0.2,RETRY_LATER
EVT_00008377,RECOVERY_REMINDER,0.04,RETRY_LATER
EVT_00008377,RETRY_LATER,0.25,RETRY_LATER
EVT_00008377,HUMAN_ESCALATION,0.12,RETRY_LATER
EVT_00006784,ALTERNATIVE_PAYMENT,0.28,ALTERNATIVE_PAYMENT
EVT_00006784,RECOVERY_REMINDER,0.0,ALTERNATIVE_PAYMENT
EVT_00006784,RETRY_LATER,0.15,ALTERNATIVE_PAYMENT
EVT_00006784,HUMAN_ESCALATION,0.0,ALTERNATIVE_PAYMENT
EVT_00004488,ALTERNATIVE_PAYMENT,0.2,RECOVERY_REMINDER
EVT_00004488,RECOVERY_REMINDER,0.25,RECOVERY_REMINDER
EVT_00004488,RETRY_LATER,-0.1,RECOVERY_REMINDER
EVT_00004488,HUMAN_ESCALATION,0.0,RECOVERY_REMINDER
EVT_00003643,ALTERNATIVE_PAYMENT,0.5,ALTERNATIVE_PAYMENT
EVT_00003643,RECOVERY_REMINDER,0.0,ALTERNATIVE_PAYMENT
EVT_00003643,RETRY_LATER,0.0,ALTERNATIVE_PAYMENT
EVT_00003643,HUMAN_ESCALATION,0.0,ALTERNATIVE_PAYMENT
EVT_00004221,ALTERNATIVE_PAYMENT,0.2,RECOVERY_REMINDER
EVT_00004221,RECOVERY_REMINDER,0.25,RECOVERY_REMINDER
EVT_00004221,RETRY_LATER,-0.1,RECOVERY_REMINDER
EVT_00004221,HUMAN_ESCALATION,0.0,RECOVERY_REMINDER
EVT_00000820,ALTERNATIVE_PAYMENT,0.0,RECOVERY_REMINDER
EVT_00000820,RECOVERY_REMINDER,0.79,RECOVERY_REMINDER
EVT_00000820,RETRY_LATER,-0.2,RECOVERY_REMINDER
EVT_00000820,HUMAN_ESCALATION,0.12,RECOVERY_REMINDER
EVT_00000074,ALTERNATIVE_PAYMENT,0.5,ALTERNATIVE_PAYMENT
EVT_00000074,RECOVERY_REMINDER,0.0,ALTERNATIVE_PAYMENT
EVT_00000074,RETRY_LATER,0.0,ALTERNATIVE_PAYMENT
EVT_00000074,HUMAN_ESCALATION,0.0,ALTERNATIVE_PAYMENT
EVT_00006223,ALTERNATIVE_PAYMENT,0.28,ALTERNATIVE_PAYMENT
EVT_00006223,RECOVERY_REMINDER,0.0,ALTERNATIVE_PAYMENT
EVT_00006223,RETRY_LATER,-999999.0,ALTERNATIVE_PAYMENT
EVT_00006223,HUMAN_ESCALATION,0.0,ALTERNATIVE_PAYMENT
EVT_00004912,ALTERNATIVE_PAYMENT,0.0,RECOVERY_REMINDER
EVT_00004912,RECOVERY_REMINDER,0.75,RECOVERY_REMINDER
EVT_00004912,RETRY_LATER,-0.2,RECOVERY_REMINDER
EVT_00004912,HUMAN_ESCALATION,0.0,RECOVERY_REMINDER
EVT_00006368,ALTERNATIVE_PAYMENT,0.5,ALTERNATIVE_PAYMENT
EVT_00006368,RECOVERY_REMINDER,0.0,ALTERNATIVE_PAYMENT
EVT_00006368,RETRY_LATER,0.0,ALTERNATIVE_PAYMENT
EVT_00006368,HUMAN_ESCALATION,0.0,ALTERNATIVE_PAYMENT
EVT_00005530,ALTERNATIVE_PAYMENT,0.2,RECOVERY_REMINDER
EVT_00005530,RECOVERY_REMINDER,0.25,RECOVERY_REMINDER
EVT_00005530,RETRY_LATER,-0.1,RECOVERY_REMINDER
EVT_00005530,HUMAN_ESCALATION,0.0,RECOVERY_REMINDER
EVT_00004014,ALTERNATIVE_PAYMENT,0.5,ALTERNATIVE_PAYMENT
EVT_00004014,RECOVERY_REMINDER,0.0,ALTERNATIVE_PAYMENT
EVT_00004014,RETRY_LATER,0.0,ALTERNATIVE_PAYMENT
EVT_00004014,HUMAN_ESCALATION,0.0,ALTERNATIVE_PAYMENT
EVT_00004721,ALTERNATIVE_PAYMENT,0.2,RETRY_LATER
EVT_00004721,RECOVERY_REMINDER,0.0,RETRY_LATER
EVT_00004721,RETRY_LATER,0.25,RETRY_LATER
EVT_00004721,HUMAN_ESCALATION,-0.2,RETRY_LATER
EVT_00003865,ALTERNATIVE_PAYMENT,0.0,RECOVERY_REMINDER
EVT_00003865,RECOVERY_REMINDER,0.75,RECOVERY_REMINDER
EVT_00003865,RETRY_LATER,-0.2,RECOVERY_REMINDER
EVT_00003865,HUMAN_ESCALATION,0.0,RECOVERY_REMINDER
EVT_00003042,ALTERNATIVE_PAYMENT,0.2,RECOVERY_REMINDER
EVT_00003042,RECOVERY_REMINDER,0.29,RECOVERY_REMINDER
EVT_00003042,RETRY_LATER,-0.1,RECOVERY_REMINDER
EVT_00003042,HUMAN_ESCALATION,0.12,RECOVERY_REMINDER
EVT_00006771,ALTERNATIVE_PAYMENT,0.5,ALTERNATIVE_PAYMENT
EVT_00006771,RECOVERY_REMINDER,0.0,ALTERNATIVE_PAYMENT
EVT_00006771,RETRY_LATER,0.0,ALTERNATIVE_PAYMENT
EVT_00006771,HUMAN_ESCALATION,0.0,ALTERNATIVE_PAYMENT
EVT_00007753,ALTERNATIVE_PAYMENT,0.5,ALTERNATIVE_PAYMENT
EVT_00007753,RECOVERY_REMINDER,0.0,ALTERNATIVE_PAYMENT
EVT_00007753,RETRY_LATER,0.0,ALTERNATIVE_PAYMENT
EVT_00007753,HUMAN_ESCALATION,0.0,ALTERNATIVE_PAYMENT
EVT_00004626,ALTERNATIVE_PAYMENT,0.2,RETRY_LATER
EVT_00004626,RECOVERY_REMINDER,0.0,RETRY_LATER
EVT_00004626,RETRY_LATER,0.25,RETRY_LATER
EVT_00004626,HUMAN_ESCALATION,0.0,RETRY_LATER
EVT_00008965,ALTERNATIVE_PAYMENT,0.0,RECOVERY_REMINDER
EVT_00008965,RECOVERY_REMINDER,0.65,RECOVERY_REMINDER
EVT_00008965,RETRY_LATER,-0.2,RECOVERY_REMINDER
EVT_00008965,HUMAN_ESCALATION,-0.2,RECOVERY_REMINDER
EVT_00008566,ALTERNATIVE_PAYMENT,0.58,ALTERNATIVE_PAYMENT
EVT_00008566,RECOVERY_REMINDER,0.0,ALTERNATIVE_PAYMENT
EVT_00008566,RETRY_LATER,-0.1,ALTERNATIVE_PAYMENT
EVT_00008566,HUMAN_ESCALATION,0.0,ALTERNATIVE_PAYMENT
EVT_00007472,ALTERNATIVE_PAYMENT,0.58,ALTERNATIVE_PAYMENT
EVT_00007472,RECOVERY_REMINDER,0.0,ALTERNATIVE_PAYMENT
EVT_00007472,RETRY_LATER,-999999.0,ALTERNATIVE_PAYMENT
EVT_00007472,HUMAN_ESCALATION,0.0,ALTERNATIVE_PAYMENT
EVT_00002864,ALTERNATIVE_PAYMENT,0.28,ALTERNATIVE_PAYMENT
EVT_00002864,RECOVERY_REMINDER,0.0,ALTERNATIVE_PAYMENT
EVT_00002864,RETRY_LATER,-999999.0,ALTERNATIVE_PAYMENT
EVT_00002864,HUMAN_ESCALATION,0.0,ALTERNATIVE_PAYMENT
EVT_00004120,ALTERNATIVE_PAYMENT,0.58,ALTERNATIVE_PAYMENT
EVT_00004120,RECOVERY_REMINDER,0.0,ALTERNATIVE_PAYMENT
EVT_00004120,RETRY_LATER,-999999.0,ALTERNATIVE_PAYMENT
EVT_00004120,HUMAN_ESCALATION,0.0,ALTERNATIVE_PAYMENT
EVT_00001669,ALTERNATIVE_PAYMENT,0.0,RECOVERY_REMINDER
EVT_00001669,RECOVERY_REMINDER,0.65,RECOVERY_REMINDER
EVT_00001669,RETRY_LATER,-0.2,RECOVERY_REMINDER
EVT_00001669,HUMAN_ESCALATION,0.0,RECOVERY_REMINDER
EVT_00005990,ALTERNATIVE_PAYMENT,0.28,ALTERNATIVE_PAYMENT
EVT_00005990,RECOVERY_REMINDER,0.0,ALTERNATIVE_PAYMENT
EVT_00005990,RETRY_LATER,-999999.0,ALTERNATIVE_PAYMENT
EVT_00005990,HUMAN_ESCALATION,0.0,ALTERNATIVE_PAYMENT
EVT_00005367,ALTERNATIVE_PAYMENT,0.58,ALTERNATIVE_PAYMENT
EVT_00005367,RECOVERY_REMINDER,0.0,ALTERNATIVE_PAYMENT
EVT_00005367,RETRY_LATER,-0.1,ALTERNATIVE_PAYMENT
EVT_00005367,HUMAN_ESCALATION,0.0,ALTERNATIVE_PAYMENT
EVT_00005120,ALTERNATIVE_PAYMENT,0.28,ALTERNATIVE_PAYMENT
EVT_00005120,RECOVERY_REMINDER,0.0,ALTERNATIVE_PAYMENT
EVT_00005120,RETRY_LATER,0.15,ALTERNATIVE_PAYMENT
EVT_00005120,HUMAN_ESCALATION,0.0,ALTERNATIVE_PAYMENT
EVT_00007724,ALTERNATIVE_PAYMENT,0.5,ALTERNATIVE_PAYMENT
EVT_00007724,RECOVERY_REMINDER,0.0,ALTERNATIVE_PAYMENT
EVT_00007724,RETRY_LATER,0.0,ALTERNATIVE_PAYMENT
EVT_00007724,HUMAN_ESCALATION,0.0,ALTERNATIVE_PAYMENT
EVT_00003641,ALTERNATIVE_PAYMENT,0.2,RECOVERY_REMINDER
EVT_00003641,RECOVERY_REMINDER,0.25,RECOVERY_REMINDER
EVT_00003641,RETRY_LATER,-0.1,RECOVERY_REMINDER
EVT_00003641,HUMAN_ESCALATION,0.0,RECOVERY_REMINDER
EVT_00004510,ALTERNATIVE_PAYMENT,0.58,ALTERNATIVE_PAYMENT
EVT_00004510,RECOVERY_REMINDER,0.0,ALTERNATIVE_PAYMENT
EVT_00004510,RETRY_LATER,-0.1,ALTERNATIVE_PAYMENT
EVT_00004510,HUMAN_ESCALATION,0.0,ALTERNATIVE_PAYMENT
EVT_00000583,ALTERNATIVE_PAYMENT,0.5,ALTERNATIVE_PAYMENT
EVT_00000583,RECOVERY_REMINDER,0.0,ALTERNATIVE_PAYMENT
EVT_00000583,RETRY_LATER,0.0,ALTERNATIVE_PAYMENT
EVT_00000583,HUMAN_ESCALATION,-0.2,ALTERNATIVE_PAYMENT
EVT_00006067,ALTERNATIVE_PAYMENT,0.28,ALTERNATIVE_PAYMENT
EVT_00006067,RECOVERY_REMINDER,0.0,ALTERNATIVE_PAYMENT
EVT_00006067,RETRY_LATER,0.15,ALTERNATIVE_PAYMENT
EVT_00006067,HUMAN_ESCALATION,0.0,ALTERNATIVE_PAYMENT
EVT_00005019,ALTERNATIVE_PAYMENT,0.2,RETRY_LATER
EVT_00005019,RECOVERY_REMINDER,0.0,RETRY_LATER
EVT_00005019,RETRY_LATER,0.25,RETRY_LATER
EVT_00005019,HUMAN_ESCALATION,0.0,RETRY_LATER
EVT_00008675,ALTERNATIVE_PAYMENT,0.2,RECOVERY_REMINDER
EVT_00008675,RECOVERY_REMINDER,0.25,RECOVERY_REMINDER
EVT_00008675,RETRY_LATER,-0.1,RECOVERY_REMINDER
EVT_00008675,HUMAN_ESCALATION,0.0,RECOVERY_REMINDER
EVT_00005247,ALTERNATIVE_PAYMENT,0.0,RECOVERY_REMINDER
EVT_00005247,RECOVERY_REMINDER,0.55,RECOVERY_REMINDER
EVT_00005247,RETRY_LATER,-0.2,RECOVERY_REMINDER
EVT_00005247,HUMAN_ESCALATION,0.0,RECOVERY_REMINDER
EVT_00002624,ALTERNATIVE_PAYMENT,0.0,RECOVERY_REMINDER
EVT_00002624,RECOVERY_REMINDER,0.65,RECOVERY_REMINDER
EVT_00002624,RETRY_LATER,-0.2,RECOVERY_REMINDER
EVT_00002624,HUMAN_ESCALATION,0.0,RECOVERY_REMINDER
EVT_00008004,ALTERNATIVE_PAYMENT,0.0,RECOVERY_REMINDER
EVT_00008004,RECOVERY_REMINDER,0.6900000000000001,RECOVERY_REMINDER
EVT_00008004,RETRY_LATER,-0.2,RECOVERY_REMINDER
EVT_00008004,HUMAN_ESCALATION,0.12,RECOVERY_REMINDER
EVT_00003093,ALTERNATIVE_PAYMENT,0.5,ALTERNATIVE_PAYMENT
EVT_00003093,RECOVERY_REMINDER,0.0,ALTERNATIVE_PAYMENT
EVT_00003093,RETRY_LATER,0.0,ALTERNATIVE_PAYMENT
EVT_00003093,HUMAN_ESCALATION,0.0,ALTERNATIVE_PAYMENT
EVT_00003216,ALTERNATIVE_PAYMENT,0.2,RECOVERY_REMINDER
EVT_00003216,RECOVERY_REMINDER,0.25,RECOVERY_REMINDER
EVT_00003216,RETRY_LATER,-0.1,RECOVERY_REMINDER
EVT_00003216,HUMAN_ESCALATION,0.0,RECOVERY_REMINDER
EVT_00009004,ALTERNATIVE_PAYMENT,0.2,RECOVERY_REMINDER
EVT_00009004,RECOVERY_REMINDER,0.25,RECOVERY_REMINDER
EVT_00009004,RETRY_LATER,-0.1,RECOVERY_REMINDER
EVT_00009004,HUMAN_ESCALATION,0.0,RECOVERY_REMINDER
EVT_00002070,ALTERNATIVE_PAYMENT,0.58,ALTERNATIVE_PAYMENT
EVT_00002070,RECOVERY_REMINDER,0.04,ALTERNATIVE_PAYMENT
EVT_00002070,RETRY_LATER,-999999.0,ALTERNATIVE_PAYMENT
EVT_00002070,HUMAN_ESCALATION,0.12,ALTERNATIVE_PAYMENT
EVT_00000123,ALTERNATIVE_PAYMENT,0.2,RECOVERY_REMINDER
EVT_00000123,RECOVERY_REMINDER,0.25,RECOVERY_REMINDER
EVT_00000123,RETRY_LATER,-0.1,RECOVERY_REMINDER
EVT_00000123,HUMAN_ESCALATION,0.0,RECOVERY_REMINDER
EVT_00008516,ALTERNATIVE_PAYMENT,0.0,RECOVERY_REMINDER
EVT_00008516,RECOVERY_REMINDER,0.75,RECOVERY_REMINDER
EVT_00008516,RETRY_LATER,-0.2,RECOVERY_REMINDER
EVT_00008516,HUMAN_ESCALATION,0.0,RECOVERY_REMINDER
EVT_00000027,ALTERNATIVE_PAYMENT,0.2,RETRY_LATER
EVT_00000027,RECOVERY_REMINDER,0.0,RETRY_LATER
EVT_00000027,RETRY_LATER,0.25,RETRY_LATER
EVT_00000027,HUMAN_ESCALATION,0.0,RETRY_LATER
EVT_00001481,ALTERNATIVE_PAYMENT,0.28,ALTERNATIVE_PAYMENT
EVT_00001481,RECOVERY_REMINDER,0.0,ALTERNATIVE_PAYMENT
EVT_00001481,RETRY_LATER,-0.1,ALTERNATIVE_PAYMENT
EVT_00001481,HUMAN_ESCALATION,0.1,ALTERNATIVE_PAYMENT
EVT_00001136,ALTERNATIVE_PAYMENT,0.0,RECOVERY_REMINDER
EVT_00001136,RECOVERY_REMINDER,0.65,RECOVERY_REMINDER
EVT_00001136,RETRY_LATER,-0.2,RECOVERY_REMINDER
EVT_00001136,HUMAN_ESCALATION,-0.2,RECOVERY_REMINDER
EVT_00009688,ALTERNATIVE_PAYMENT,0.5,ALTERNATIVE_PAYMENT
EVT_00009688,RECOVERY_REMINDER,0.0,ALTERNATIVE_PAYMENT
EVT_00009688,RETRY_LATER,0.0,ALTERNATIVE_PAYMENT
EVT_00009688,HUMAN_ESCALATION,0.0,ALTERNATIVE_PAYMENT
EVT_00009729,ALTERNATIVE_PAYMENT,0.0,RECOVERY_REMINDER
EVT_00009729,RECOVERY_REMINDER,0.75,RECOVERY_REMINDER
EVT_00009729,RETRY_LATER,-0.2,RECOVERY_REMINDER
EVT_00009729,HUMAN_ESCALATION,0.0,RECOVERY_REMINDER
EVT_00005867,ALTERNATIVE_PAYMENT,0.2,RETRY_LATER
EVT_00005867,RECOVERY_REMINDER,0.0,RETRY_LATER
EVT_00005867,RETRY_LATER,0.25,RETRY_LATER
EVT_00005867,HUMAN_ESCALATION,0.0,RETRY_LATER
EVT_00003999,ALTERNATIVE_PAYMENT,0.28,ALTERNATIVE_PAYMENT
EVT_00003999,RECOVERY_REMINDER,0.0,ALTERNATIVE_PAYMENT
EVT_00003999,RETRY_LATER,-999999.0,ALTERNATIVE_PAYMENT
EVT_00003999,HUMAN_ESCALATION,0.1,ALTERNATIVE_PAYMENT
EVT_00003860,ALTERNATIVE_PAYMENT,0.2,RECOVERY_REMINDER
EVT_00003860,RECOVERY_REMINDER,0.25,RECOVERY_REMINDER
EVT_00003860,RETRY_LATER,-0.1,RECOVERY_REMINDER
EVT_00003860,HUMAN_ESCALATION,0.0,RECOVERY_REMINDER
EVT_00008256,ALTERNATIVE_PAYMENT,0.2,RECOVERY_REMINDER
EVT_00008256,RECOVERY_REMINDER,0.25,RECOVERY_REMINDER
EVT_00008256,RETRY_LATER,-0.1,RECOVERY_REMINDER
EVT_00008256,HUMAN_ESCALATION,-0.2,RECOVERY_REMINDER
EVT_00006836,ALTERNATIVE_PAYMENT,0.2,RETRY_LATER
EVT_00006836,RECOVERY_REMINDER,0.0,RETRY_LATER
EVT_00006836,RETRY_LATER,0.25,RETRY_LATER
EVT_00006836,HUMAN_ESCALATION,0.0,RETRY_LATER
EVT_00004449,ALTERNATIVE_PAYMENT,0.2,RECOVERY_REMINDER
EVT_00004449,RECOVERY_REMINDER,0.25,RECOVERY_REMINDER
EVT_00004449,RETRY_LATER,-0.1,RECOVERY_REMINDER
EVT_00004449,HUMAN_ESCALATION,0.0,RECOVERY_REMINDER
EVT_00007589,ALTERNATIVE_PAYMENT,0.58,ALTERNATIVE_PAYMENT
EVT_00007589,RECOVERY_REMINDER,0.0,ALTERNATIVE_PAYMENT
EVT_00007589,RETRY_LATER,-999999.0,ALTERNATIVE_PAYMENT
EVT_00007589,HUMAN_ESCALATION,0.0,ALTERNATIVE_PAYMENT
EVT_00003877,ALTERNATIVE_PAYMENT,0.58,ALTERNATIVE_PAYMENT
EVT_00003877,RECOVERY_REMINDER,0.0,ALTERNATIVE_PAYMENT
EVT_00003877,RETRY_LATER,-0.1,ALTERNATIVE_PAYMENT
EVT_00003877,HUMAN_ESCALATION,0.0,ALTERNATIVE_PAYMENT
EVT_00003973,ALTERNATIVE_PAYMENT,0.2,RECOVERY_REMINDER
EVT_00003973,RECOVERY_REMINDER,0.25,RECOVERY_REMINDER
EVT_00003973,RETRY_LATER,-0.1,RECOVERY_REMINDER
EVT_00003973,HUMAN_ESCALATION,0.0,RECOVERY_REMINDER
EVT_00008216,ALTERNATIVE_PAYMENT,0.2,RETRY_LATER
EVT_00008216,RECOVERY_REMINDER,0.0,RETRY_LATER
EVT_00008216,RETRY_LATER,0.25,RETRY_LATER
EVT_00008216,HUMAN_ESCALATION,0.0,RETRY_LATER
EVT_00009051,ALTERNATIVE_PAYMENT,0.2,RECOVERY_REMINDER
EVT_00009051,RECOVERY_REMINDER,0.25,RECOVERY_REMINDER
EVT_00009051,RETRY_LATER,-0.1,RECOVERY_REMINDER
EVT_00009051,HUMAN_ESCALATION,0.0,RECOVERY_REMINDER
EVT_00000743,ALTERNATIVE_PAYMENT,0.2,RECOVERY_REMINDER
EVT_00000743,RECOVERY_REMINDER,0.25,RECOVERY_REMINDER
EVT_00000743,RETRY_LATER,-0.1,RECOVERY_REMINDER
EVT_00000743,HUMAN_ESCALATION,0.0,RECOVERY_REMINDER
EVT_00003102,ALTERNATIVE_PAYMENT,0.28,ALTERNATIVE_PAYMENT
EVT_00003102,RECOVERY_REMINDER,0.0,ALTERNATIVE_PAYMENT
EVT_00003102,RETRY_LATER,0.15,ALTERNATIVE_PAYMENT
EVT_00003102,HUMAN_ESCALATION,-0.2,ALTERNATIVE_PAYMENT
EVT_00004936,ALTERNATIVE_PAYMENT,0.58,ALTERNATIVE_PAYMENT
EVT_00004936,RECOVERY_REMINDER,0.0,ALTERNATIVE_PAYMENT
EVT_00004936,RETRY_LATER,-999999.0,ALTERNATIVE_PAYMENT
EVT_00004936,HUMAN_ESCALATION,0.0,ALTERNATIVE_PAYMENT
EVT_00007184,ALTERNATIVE_PAYMENT,0.2,RECOVERY_REMINDER
EVT_00007184,RECOVERY_REMINDER,0.25,RECOVERY_REMINDER
EVT_00007184,RETRY_LATER,-0.1,RECOVERY_REMINDER
EVT_00007184,HUMAN_ESCALATION,0.0,RECOVERY_REMINDER
EVT_00001007,ALTERNATIVE_PAYMENT,0.28,ALTERNATIVE_PAYMENT
EVT_00001007,RECOVERY_REMINDER,0.0,ALTERNATIVE_PAYMENT
EVT_00001007,RETRY_LATER,0.15,ALTERNATIVE_PAYMENT
EVT_00001007,HUMAN_ESCALATION,0.0,ALTERNATIVE_PAYMENT
EVT_00007979,ALTERNATIVE_PAYMENT,0.5,ALTERNATIVE_PAYMENT
EVT_00007979,RECOVERY_REMINDER,0.0,ALTERNATIVE_PAYMENT
EVT_00007979,RETRY_LATER,0.0,ALTERNATIVE_PAYMENT
EVT_00007979,HUMAN_ESCALATION,0.0,ALTERNATIVE_PAYMENT
EVT_00009534,ALTERNATIVE_PAYMENT,0.5,ALTERNATIVE_PAYMENT
EVT_00009534,RECOVERY_REMINDER,0.04,ALTERNATIVE_PAYMENT
EVT_00009534,RETRY_LATER,0.0,ALTERNATIVE_PAYMENT
EVT_00009534,HUMAN_ESCALATION,0.12,ALTERNATIVE_PAYMENT
EVT_00009339,ALTERNATIVE_PAYMENT,0.28,ALTERNATIVE_PAYMENT
EVT_00009339,RECOVERY_REMINDER,0.0,ALTERNATIVE_PAYMENT
EVT_00009339,RETRY_LATER,0.15,ALTERNATIVE_PAYMENT
EVT_00009339,HUMAN_ESCALATION,0.0,ALTERNATIVE_PAYMENT
EVT_00005661,ALTERNATIVE_PAYMENT,0.0,RECOVERY_REMINDER
EVT_00005661,RECOVERY_REMINDER,0.65,RECOVERY_REMINDER
EVT_00005661,RETRY_LATER,-0.2,RECOVERY_REMINDER
EVT_00005661,HUMAN_ESCALATION,0.0,RECOVERY_REMINDER
EVT_00006199,ALTERNATIVE_PAYMENT,0.2,RECOVERY_REMINDER
EVT_00006199,RECOVERY_REMINDER,0.25,RECOVERY_REMINDER
EVT_00006199,RETRY_LATER,-0.1,RECOVERY_REMINDER
EVT_00006199,HUMAN_ESCALATION,0.0,RECOVERY_REMINDER
EVT_00001408,ALTERNATIVE_PAYMENT,0.5,ALTERNATIVE_PAYMENT
EVT_00001408,RECOVERY_REMINDER,0.0,ALTERNATIVE_PAYMENT
EVT_00001408,RETRY_LATER,0.0,ALTERNATIVE_PAYMENT
EVT_00001408,HUMAN_ESCALATION,0.0,ALTERNATIVE_PAYMENT
EVT_00007385,ALTERNATIVE_PAYMENT,0.28,ALTERNATIVE_PAYMENT
EVT_00007385,RECOVERY_REMINDER,0.0,ALTERNATIVE_PAYMENT
EVT_00007385,RETRY_LATER,-999999.0,ALTERNATIVE_PAYMENT
EVT_00007385,HUMAN_ESCALATION,0.0,ALTERNATIVE_PAYMENT
EVT_00009841,ALTERNATIVE_PAYMENT,0.58,ALTERNATIVE_PAYMENT
EVT_00009841,RECOVERY_REMINDER,0.0,ALTERNATIVE_PAYMENT
EVT_00009841,RETRY_LATER,-999999.0,ALTERNATIVE_PAYMENT
EVT_00009841,HUMAN_ESCALATION,0.0,ALTERNATIVE_PAYMENT
EVT_00008851,ALTERNATIVE_PAYMENT,0.5,ALTERNATIVE_PAYMENT
EVT_00008851,RECOVERY_REMINDER,0.04,ALTERNATIVE_PAYMENT
EVT_00008851,RETRY_LATER,0.0,ALTERNATIVE_PAYMENT
EVT_00008851,HUMAN_ESCALATION,0.12,ALTERNATIVE_PAYMENT
EVT_00001420,ALTERNATIVE_PAYMENT,0.0,RECOVERY_REMINDER
EVT_00001420,RECOVERY_REMINDER,0.79,RECOVERY_REMINDER
EVT_00001420,RETRY_LATER,-0.2,RECOVERY_REMINDER
EVT_00001420,HUMAN_ESCALATION,0.12,RECOVERY_REMINDER
EVT_00005133,ALTERNATIVE_PAYMENT,0.2,RETRY_LATER
EVT_00005133,RECOVERY_REMINDER,0.0,RETRY_LATER
EVT_00005133,RETRY_LATER,0.25,RETRY_LATER
EVT_00005133,HUMAN_ESCALATION,0.0,RETRY_LATER
EVT_00005410,ALTERNATIVE_PAYMENT,0.2,RETRY_LATER
EVT_00005410,RECOVERY_REMINDER,0.0,RETRY_LATER
EVT_00005410,RETRY_LATER,0.25,RETRY_LATER
EVT_00005410,HUMAN_ESCALATION,0.0,RETRY_LATER
EVT_00002671,ALTERNATIVE_PAYMENT,0.0,RECOVERY_REMINDER
EVT_00002671,RECOVERY_REMINDER,0.65,RECOVERY_REMINDER
EVT_00002671,RETRY_LATER,-0.2,RECOVERY_REMINDER
EVT_00002671,HUMAN_ESCALATION,-0.2,RECOVERY_REMINDER
EVT_00002191,ALTERNATIVE_PAYMENT,0.58,ALTERNATIVE_PAYMENT
EVT_00002191,RECOVERY_REMINDER,0.0,ALTERNATIVE_PAYMENT
EVT_00002191,RETRY_LATER,-999999.0,ALTERNATIVE_PAYMENT
EVT_00002191,HUMAN_ESCALATION,-999999.0,ALTERNATIVE_PAYMENT
EVT_00000333,ALTERNATIVE_PAYMENT,0.28,ALTERNATIVE_PAYMENT
EVT_00000333,RECOVERY_REMINDER,0.0,ALTERNATIVE_PAYMENT
EVT_00000333,RETRY_LATER,0.15,ALTERNATIVE_PAYMENT
EVT_00000333,HUMAN_ESCALATION,0.0,ALTERNATIVE_PAYMENT
EVT_00005687,ALTERNATIVE_PAYMENT,0.2,RETRY_LATER
EVT_00005687,RECOVERY_REMINDER,0.0,RETRY_LATER
EVT_00005687,RETRY_LATER,0.25,RETRY_LATER
EVT_00005687,HUMAN_ESCALATION,0.0,RETRY_LATER
EVT_00001249,ALTERNATIVE_PAYMENT,0.5,ALTERNATIVE_PAYMENT
EVT_00001249,RECOVERY_REMINDER,0.0,ALTERNATIVE_PAYMENT
EVT_00001249,RETRY_LATER,0.0,ALTERNATIVE_PAYMENT
EVT_00001249,HUMAN_ESCALATION,0.0,ALTERNATIVE_PAYMENT
EVT_00007899,ALTERNATIVE_PAYMENT,0.28,ALTERNATIVE_PAYMENT
EVT_00007899,RECOVERY_REMINDER,0.0,ALTERNATIVE_PAYMENT
EVT_00007899,RETRY_LATER,-999999.0,ALTERNATIVE_PAYMENT
EVT_00007899,HUMAN_ESCALATION,0.1,ALTERNATIVE_PAYMENT
EVT_00003217,ALTERNATIVE_PAYMENT,0.2,ALTERNATIVE_PAYMENT
EVT_00003217,RECOVERY_REMINDER,0.0,ALTERNATIVE_PAYMENT
EVT_00003217,RETRY_LATER,0.0,ALTERNATIVE_PAYMENT
EVT_00003217,HUMAN_ESCALATION,0.1,ALTERNATIVE_PAYMENT
EVT_00006323,ALTERNATIVE_PAYMENT,0.0,RECOVERY_REMINDER
EVT_00006323,RECOVERY_REMINDER,0.65,RECOVERY_REMINDER
EVT_00006323,RETRY_LATER,-0.2,RECOVERY_REMINDER
EVT_00006323,HUMAN_ESCALATION,0.0,RECOVERY_REMINDER
EVT_00004229,ALTERNATIVE_PAYMENT,0.58,ALTERNATIVE_PAYMENT
EVT_00004229,RECOVERY_REMINDER,0.0,ALTERNATIVE_PAYMENT
EVT_00004229,RETRY_LATER,-999999.0,ALTERNATIVE_PAYMENT
EVT_00004229,HUMAN_ESCALATION,0.0,ALTERNATIVE_PAYMENT
EVT_00003338,ALTERNATIVE_PAYMENT,0.5,ALTERNATIVE_PAYMENT
EVT_00003338,RECOVERY_REMINDER,0.0,ALTERNATIVE_PAYMENT
EVT_00003338,RETRY_LATER,0.0,ALTERNATIVE_PAYMENT
EVT_00003338,HUMAN_ESCALATION,-0.2,ALTERNATIVE_PAYMENT
EVT_00005361,ALTERNATIVE_PAYMENT,0.28,ALTERNATIVE_PAYMENT
EVT_00005361,RECOVERY_REMINDER,0.0,ALTERNATIVE_PAYMENT
EVT_00005361,RETRY_LATER,-999999.0,ALTERNATIVE_PAYMENT
EVT_00005361,HUMAN_ESCALATION,0.0,ALTERNATIVE_PAYMENT
EVT_00005285,ALTERNATIVE_PAYMENT,0.2,RETRY_LATER
EVT_00005285,RECOVERY_REMINDER,0.0,RETRY_LATER
EVT_00005285,RETRY_LATER,0.25,RETRY_LATER
EVT_00005285,HUMAN_ESCALATION,0.0,RETRY_LATER
EVT_00008884,ALTERNATIVE_PAYMENT,0.58,ALTERNATIVE_PAYMENT
EVT_00008884,RECOVERY_REMINDER,0.0,ALTERNATIVE_PAYMENT
EVT_00008884,RETRY_LATER,-0.1,ALTERNATIVE_PAYMENT
EVT_00008884,HUMAN_ESCALATION,0.0,ALTERNATIVE_PAYMENT
EVT_00000049,ALTERNATIVE_PAYMENT,0.2,RECOVERY_REMINDER
EVT_00000049,RECOVERY_REMINDER,0.25,RECOVERY_REMINDER
EVT_00000049,RETRY_LATER,-0.1,RECOVERY_REMINDER
EVT_00000049,HUMAN_ESCALATION,0.0,RECOVERY_REMINDER
EVT_00000482,ALTERNATIVE_PAYMENT,0.0,RECOVERY_REMINDER
EVT_00000482,RECOVERY_REMINDER,0.55,RECOVERY_REMINDER
EVT_00000482,RETRY_LATER,-0.2,RECOVERY_REMINDER
EVT_00000482,HUMAN_ESCALATION,0.0,RECOVERY_REMINDER
EVT_00004082,ALTERNATIVE_PAYMENT,0.5,ALTERNATIVE_PAYMENT
EVT_00004082,RECOVERY_REMINDER,0.0,ALTERNATIVE_PAYMENT
EVT_00004082,RETRY_LATER,0.0,ALTERNATIVE_PAYMENT
EVT_00004082,HUMAN_ESCALATION,0.0,ALTERNATIVE_PAYMENT
EVT_00004410,ALTERNATIVE_PAYMENT,0.0,RECOVERY_REMINDER
EVT_00004410,RECOVERY_REMINDER,0.79,RECOVERY_REMINDER
EVT_00004410,RETRY_LATER,-0.2,RECOVERY_REMINDER
EVT_00004410,HUMAN_ESCALATION,0.12,RECOVERY_REMINDER
EVT_00004810,ALTERNATIVE_PAYMENT,0.28,ALTERNATIVE_PAYMENT
EVT_00004810,RECOVERY_REMINDER,0.04,ALTERNATIVE_PAYMENT
EVT_00004810,RETRY_LATER,-999999.0,ALTERNATIVE_PAYMENT
EVT_00004810,HUMAN_ESCALATION,0.22,ALTERNATIVE_PAYMENT
EVT_00008465,ALTERNATIVE_PAYMENT,0.2,RECOVERY_REMINDER
EVT_00008465,RECOVERY_REMINDER,0.29,RECOVERY_REMINDER
EVT_00008465,RETRY_LATER,-0.1,RECOVERY_REMINDER
EVT_00008465,HUMAN_ESCALATION,0.12,RECOVERY_REMINDER
EVT_00008524,ALTERNATIVE_PAYMENT,0.2,HUMAN_ESCALATION
EVT_00008524,RECOVERY_REMINDER,0.04,HUMAN_ESCALATION
EVT_00008524,RETRY_LATER,0.0,HUMAN_ESCALATION
EVT_00008524,HUMAN_ESCALATION,0.22,HUMAN_ESCALATION
EVT_00003706,ALTERNATIVE_PAYMENT,0.2,RECOVERY_REMINDER
EVT_00003706,RECOVERY_REMINDER,0.25,RECOVERY_REMINDER
EVT_00003706,RETRY_LATER,-0.1,RECOVERY_REMINDER
EVT_00003706,HUMAN_ESCALATION,0.0,RECOVERY_REMINDER
EVT_00003904,ALTERNATIVE_PAYMENT,0.2,RECOVERY_REMINDER
EVT_00003904,RECOVERY_REMINDER,0.25,RECOVERY_REMINDER
EVT_00003904,RETRY_LATER,-0.1,RECOVERY_REMINDER
EVT_00003904,HUMAN_ESCALATION,0.0,RECOVERY_REMINDER
EVT_00001394,ALTERNATIVE_PAYMENT,0.2,ALTERNATIVE_PAYMENT
EVT_00001394,RECOVERY_REMINDER,0.0,ALTERNATIVE_PAYMENT
EVT_00001394,RETRY_LATER,0.0,ALTERNATIVE_PAYMENT
EVT_00001394,HUMAN_ESCALATION,0.1,ALTERNATIVE_PAYMENT
EVT_00002514,ALTERNATIVE_PAYMENT,0.28,ALTERNATIVE_PAYMENT
EVT_00002514,RECOVERY_REMINDER,0.0,ALTERNATIVE_PAYMENT
EVT_00002514,RETRY_LATER,-999999.0,ALTERNATIVE_PAYMENT
EVT_00002514,HUMAN_ESCALATION,0.1,ALTERNATIVE_PAYMENT
EVT_00009264,ALTERNATIVE_PAYMENT,0.5,ALTERNATIVE_PAYMENT
EVT_00009264,RECOVERY_REMINDER,0.0,ALTERNATIVE_PAYMENT
EVT_00009264,RETRY_LATER,0.0,ALTERNATIVE_PAYMENT
EVT_00009264,HUMAN_ESCALATION,0.0,ALTERNATIVE_PAYMENT
EVT_00009103,ALTERNATIVE_PAYMENT,0.5,ALTERNATIVE_PAYMENT
EVT_00009103,RECOVERY_REMINDER,0.04,ALTERNATIVE_PAYMENT
EVT_00009103,RETRY_LATER,0.0,ALTERNATIVE_PAYMENT
EVT_00009103,HUMAN_ESCALATION,0.12,ALTERNATIVE_PAYMENT
EVT_00008069,ALTERNATIVE_PAYMENT,0.28,ALTERNATIVE_PAYMENT
EVT_00008069,RECOVERY_REMINDER,0.0,ALTERNATIVE_PAYMENT
EVT_00008069,RETRY_LATER,0.15,ALTERNATIVE_PAYMENT
EVT_00008069,HUMAN_ESCALATION,0.0,ALTERNATIVE_PAYMENT
EVT_00003105,ALTERNATIVE_PAYMENT,0.28,ALTERNATIVE_PAYMENT
EVT_00003105,RECOVERY_REMINDER,0.0,ALTERNATIVE_PAYMENT
EVT_00003105,RETRY_LATER,-999999.0,ALTERNATIVE_PAYMENT
EVT_00003105,HUMAN_ESCALATION,0.0,ALTERNATIVE_PAYMENT
EVT_00006429,ALTERNATIVE_PAYMENT,0.2,RETRY_LATER
EVT_00006429,RECOVERY_REMINDER,0.0,RETRY_LATER
EVT_00006429,RETRY_LATER,0.25,RETRY_LATER
EVT_00006429,HUMAN_ESCALATION,0.0,RETRY_LATER
EVT_00006476,ALTERNATIVE_PAYMENT,0.2,RETRY_LATER
EVT_00006476,RECOVERY_REMINDER,0.0,RETRY_LATER
EVT_00006476,RETRY_LATER,0.25,RETRY_LATER
EVT_00006476,HUMAN_ESCALATION,0.0,RETRY_LATER
EVT_00000273,ALTERNATIVE_PAYMENT,0.0,RECOVERY_REMINDER
EVT_00000273,RECOVERY_REMINDER,0.65,RECOVERY_REMINDER
EVT_00000273,RETRY_LATER,-0.2,RECOVERY_REMINDER
EVT_00000273,HUMAN_ESCALATION,0.0,RECOVERY_REMINDER
EVT_00003076,ALTERNATIVE_PAYMENT,0.2,ALTERNATIVE_PAYMENT
EVT_00003076,RECOVERY_REMINDER,0.0,ALTERNATIVE_PAYMENT
EVT_00003076,RETRY_LATER,0.0,ALTERNATIVE_PAYMENT
EVT_00003076,HUMAN_ESCALATION,0.1,ALTERNATIVE_PAYMENT
EVT_00000778,ALTERNATIVE_PAYMENT,0.2,RECOVERY_REMINDER
EVT_00000778,RECOVERY_REMINDER,0.25,RECOVERY_REMINDER
EVT_00000778,RETRY_LATER,-0.1,RECOVERY_REMINDER
EVT_00000778,HUMAN_ESCALATION,0.0,RECOVERY_REMINDER
EVT_00002062,ALTERNATIVE_PAYMENT,0.2,RECOVERY_REMINDER
EVT_00002062,RECOVERY_REMINDER,0.25,RECOVERY_REMINDER
EVT_00002062,RETRY_LATER,-0.1,RECOVERY_REMINDER
EVT_00002062,HUMAN_ESCALATION,0.0,RECOVERY_REMINDER
EVT_00008085,ALTERNATIVE_PAYMENT,0.28,ALTERNATIVE_PAYMENT
EVT_00008085,RECOVERY_REMINDER,0.04,ALTERNATIVE_PAYMENT
EVT_00008085,RETRY_LATER,-999999.0,ALTERNATIVE_PAYMENT
EVT_00008085,HUMAN_ESCALATION,0.22,ALTERNATIVE_PAYMENT
EVT_00003762,ALTERNATIVE_PAYMENT,0.2,RETRY_LATER
EVT_00003762,RECOVERY_REMINDER,0.0,RETRY_LATER
EVT_00003762,RETRY_LATER,0.25,RETRY_LATER
EVT_00003762,HUMAN_ESCALATION,0.0,RETRY_LATER
EVT_00005975,ALTERNATIVE_PAYMENT,0.58,ALTERNATIVE_PAYMENT
EVT_00005975,RECOVERY_REMINDER,0.0,ALTERNATIVE_PAYMENT
EVT_00005975,RETRY_LATER,-0.1,ALTERNATIVE_PAYMENT
EVT_00005975,HUMAN_ESCALATION,0.0,ALTERNATIVE_PAYMENT
EVT_00000282,ALTERNATIVE_PAYMENT,0.0,RECOVERY_REMINDER
EVT_00000282,RECOVERY_REMINDER,0.65,RECOVERY_REMINDER
EVT_00000282,RETRY_LATER,-0.2,RECOVERY_REMINDER
EVT_00000282,HUMAN_ESCALATION,0.0,RECOVERY_REMINDER
EVT_00009552,ALTERNATIVE_PAYMENT,0.2,RECOVERY_REMINDER
EVT_00009552,RECOVERY_REMINDER,0.25,RECOVERY_REMINDER
EVT_00009552,RETRY_LATER,-0.1,RECOVERY_REMINDER
EVT_00009552,HUMAN_ESCALATION,0.0,RECOVERY_REMINDER
EVT_00002367,ALTERNATIVE_PAYMENT,0.0,RECOVERY_REMINDER
EVT_00002367,RECOVERY_REMINDER,0.75,RECOVERY_REMINDER
EVT_00002367,RETRY_LATER,-0.2,RECOVERY_REMINDER
EVT_00002367,HUMAN_ESCALATION,0.0,RECOVERY_REMINDER
EVT_00009868,ALTERNATIVE_PAYMENT,0.58,ALTERNATIVE_PAYMENT
EVT_00009868,RECOVERY_REMINDER,0.0,ALTERNATIVE_PAYMENT
EVT_00009868,RETRY_LATER,-999999.0,ALTERNATIVE_PAYMENT
EVT_00009868,HUMAN_ESCALATION,0.0,ALTERNATIVE_PAYMENT
EVT_00002416,ALTERNATIVE_PAYMENT,0.0,RECOVERY_REMINDER
EVT_00002416,RECOVERY_REMINDER,0.75,RECOVERY_REMINDER
EVT_00002416,RETRY_LATER,-0.2,RECOVERY_REMINDER
EVT_00002416,HUMAN_ESCALATION,0.0,RECOVERY_REMINDER
EVT_00001710,ALTERNATIVE_PAYMENT,0.2,RECOVERY_REMINDER
EVT_00001710,RECOVERY_REMINDER,0.25,RECOVERY_REMINDER
EVT_00001710,RETRY_LATER,-0.1,RECOVERY_REMINDER
EVT_00001710,HUMAN_ESCALATION,0.0,RECOVERY_REMINDER
EVT_00007094,ALTERNATIVE_PAYMENT,0.2,RETRY_LATER
EVT_00007094,RECOVERY_REMINDER,0.0,RETRY_LATER
EVT_00007094,RETRY_LATER,0.25,RETRY_LATER
EVT_00007094,HUMAN_ESCALATION,0.0,RETRY_LATER
EVT_00008252,ALTERNATIVE_PAYMENT,0.28,ALTERNATIVE_PAYMENT
EVT_00008252,RECOVERY_REMINDER,0.0,ALTERNATIVE_PAYMENT
EVT_00008252,RETRY_LATER,0.15,ALTERNATIVE_PAYMENT
EVT_00008252,HUMAN_ESCALATION,0.0,ALTERNATIVE_PAYMENT
EVT_00006060,ALTERNATIVE_PAYMENT,0.0,RECOVERY_REMINDER
EVT_00006060,RECOVERY_REMINDER,0.55,RECOVERY_REMINDER
EVT_00006060,RETRY_LATER,-0.2,RECOVERY_REMINDER
EVT_00006060,HUMAN_ESCALATION,0.0,RECOVERY_REMINDER
EVT_00007766,ALTERNATIVE_PAYMENT,0.2,RECOVERY_REMINDER
EVT_00007766,RECOVERY_REMINDER,0.25,RECOVERY_REMINDER
EVT_00007766,RETRY_LATER,-0.1,RECOVERY_REMINDER
EVT_00007766,HUMAN_ESCALATION,0.0,RECOVERY_REMINDER
EVT_00008544,ALTERNATIVE_PAYMENT,0.5,ALTERNATIVE_PAYMENT
EVT_00008544,RECOVERY_REMINDER,0.0,ALTERNATIVE_PAYMENT
EVT_00008544,RETRY_LATER,0.0,ALTERNATIVE_PAYMENT
EVT_00008544,HUMAN_ESCALATION,0.0,ALTERNATIVE_PAYMENT
EVT_00000564,ALTERNATIVE_PAYMENT,0.2,RECOVERY_REMINDER
EVT_00000564,RECOVERY_REMINDER,0.25,RECOVERY_REMINDER
EVT_00000564,RETRY_LATER,-0.1,RECOVERY_REMINDER
EVT_00000564,HUMAN_ESCALATION,0.0,RECOVERY_REMINDER
EVT_00001428,ALTERNATIVE_PAYMENT,0.28,ALTERNATIVE_PAYMENT
EVT_00001428,RECOVERY_REMINDER,0.0,ALTERNATIVE_PAYMENT
EVT_00001428,RETRY_LATER,0.15,ALTERNATIVE_PAYMENT
EVT_00001428,HUMAN_ESCALATION,0.0,ALTERNATIVE_PAYMENT
EVT_00003080,ALTERNATIVE_PAYMENT,0.2,RETRY_LATER
EVT_00003080,RECOVERY_REMINDER,0.0,RETRY_LATER
EVT_00003080,RETRY_LATER,0.25,RETRY_LATER
EVT_00003080,HUMAN_ESCALATION,0.0,RETRY_LATER
EVT_00000655,ALTERNATIVE_PAYMENT,0.58,ALTERNATIVE_PAYMENT
EVT_00000655,RECOVERY_REMINDER,0.0,ALTERNATIVE_PAYMENT
EVT_00000655,RETRY_LATER,-0.1,ALTERNATIVE_PAYMENT
EVT_00000655,HUMAN_ESCALATION,0.0,ALTERNATIVE_PAYMENT
EVT_00000011,ALTERNATIVE_PAYMENT,0.0,RECOVERY_REMINDER
EVT_00000011,RECOVERY_REMINDER,0.75,RECOVERY_REMINDER
EVT_00000011,RETRY_LATER,-0.2,RECOVERY_REMINDER
EVT_00000011,HUMAN_ESCALATION,0.0,RECOVERY_REMINDER
EVT_00004015,ALTERNATIVE_PAYMENT,0.2,RECOVERY_REMINDER
EVT_00004015,RECOVERY_REMINDER,0.25,RECOVERY_REMINDER
EVT_00004015,RETRY_LATER,-0.1,RECOVERY_REMINDER
EVT_00004015,HUMAN_ESCALATION,0.0,RECOVERY_REMINDER
EVT_00009464,ALTERNATIVE_PAYMENT,0.28,ALTERNATIVE_PAYMENT
EVT_00009464,RECOVERY_REMINDER,0.0,ALTERNATIVE_PAYMENT
EVT_00009464,RETRY_LATER,-0.1,ALTERNATIVE_PAYMENT
EVT_00009464,HUMAN_ESCALATION,0.1,ALTERNATIVE_PAYMENT
EVT_00008409,ALTERNATIVE_PAYMENT,0.2,RECOVERY_REMINDER
EVT_00008409,RECOVERY_REMINDER,0.25,RECOVERY_REMINDER
EVT_00008409,RETRY_LATER,-0.1,RECOVERY_REMINDER
EVT_00008409,HUMAN_ESCALATION,0.0,RECOVERY_REMINDER
EVT_00005953,ALTERNATIVE_PAYMENT,0.58,ALTERNATIVE_PAYMENT
EVT_00005953,RECOVERY_REMINDER,0.0,ALTERNATIVE_PAYMENT
EVT_00005953,RETRY_LATER,-0.1,ALTERNATIVE_PAYMENT
EVT_00005953,HUMAN_ESCALATION,0.0,ALTERNATIVE_PAYMENT
EVT_00001316,ALTERNATIVE_PAYMENT,0.0,RECOVERY_REMINDER
EVT_00001316,RECOVERY_REMINDER,0.65,RECOVERY_REMINDER
EVT_00001316,RETRY_LATER,-0.2,RECOVERY_REMINDER
EVT_00001316,HUMAN_ESCALATION,0.0,RECOVERY_REMINDER
EVT_00002577,ALTERNATIVE_PAYMENT,0.5,ALTERNATIVE_PAYMENT
EVT_00002577,RECOVERY_REMINDER,0.0,ALTERNATIVE_PAYMENT
EVT_00002577,RETRY_LATER,0.0,ALTERNATIVE_PAYMENT
EVT_00002577,HUMAN_ESCALATION,0.0,ALTERNATIVE_PAYMENT
EVT_00007058,ALTERNATIVE_PAYMENT,0.2,ALTERNATIVE_PAYMENT
EVT_00007058,RECOVERY_REMINDER,0.0,ALTERNATIVE_PAYMENT
EVT_00007058,RETRY_LATER,0.0,ALTERNATIVE_PAYMENT
EVT_00007058,HUMAN_ESCALATION,0.1,ALTERNATIVE_PAYMENT
EVT_00003106,ALTERNATIVE_PAYMENT,0.0,RECOVERY_REMINDER
EVT_00003106,RECOVERY_REMINDER,0.75,RECOVERY_REMINDER
EVT_00003106,RETRY_LATER,-0.2,RECOVERY_REMINDER
EVT_00003106,HUMAN_ESCALATION,0.0,RECOVERY_REMINDER
EVT_00006075,ALTERNATIVE_PAYMENT,0.28,ALTERNATIVE_PAYMENT
EVT_00006075,RECOVERY_REMINDER,0.0,ALTERNATIVE_PAYMENT
EVT_00006075,RETRY_LATER,0.15,ALTERNATIVE_PAYMENT
EVT_00006075,HUMAN_ESCALATION,0.0,ALTERNATIVE_PAYMENT
EVT_00009612,ALTERNATIVE_PAYMENT,0.0,RECOVERY_REMINDER
EVT_00009612,RECOVERY_REMINDER,0.75,RECOVERY_REMINDER
EVT_00009612,RETRY_LATER,-0.2,RECOVERY_REMINDER
EVT_00009612,HUMAN_ESCALATION,0.0,RECOVERY_REMINDER
EVT_00001718,ALTERNATIVE_PAYMENT,0.28,ALTERNATIVE_PAYMENT
EVT_00001718,RECOVERY_REMINDER,0.0,ALTERNATIVE_PAYMENT
EVT_00001718,RETRY_LATER,-999999.0,ALTERNATIVE_PAYMENT
EVT_00001718,HUMAN_ESCALATION,0.1,ALTERNATIVE_PAYMENT
EVT_00002926,ALTERNATIVE_PAYMENT,0.28,ALTERNATIVE_PAYMENT
EVT_00002926,RECOVERY_REMINDER,0.04,ALTERNATIVE_PAYMENT
EVT_00002926,RETRY_LATER,-999999.0,ALTERNATIVE_PAYMENT
EVT_00002926,HUMAN_ESCALATION,0.22,ALTERNATIVE_PAYMENT
EVT_00006544,ALTERNATIVE_PAYMENT,0.2,RETRY_LATER
EVT_00006544,RECOVERY_REMINDER,0.0,RETRY_LATER
EVT_00006544,RETRY_LATER,0.25,RETRY_LATER
EVT_00006544,HUMAN_ESCALATION,0.0,RETRY_LATER
EVT_00007010,ALTERNATIVE_PAYMENT,0.28,ALTERNATIVE_PAYMENT
EVT_00007010,RECOVERY_REMINDER,0.0,ALTERNATIVE_PAYMENT
EVT_00007010,RETRY_LATER,-999999.0,ALTERNATIVE_PAYMENT
EVT_00007010,HUMAN_ESCALATION,0.0,ALTERNATIVE_PAYMENT
EVT_00000765,ALTERNATIVE_PAYMENT,0.2,ALTERNATIVE_PAYMENT
EVT_00000765,RECOVERY_REMINDER,0.0,ALTERNATIVE_PAYMENT
EVT_00000765,RETRY_LATER,0.0,ALTERNATIVE_PAYMENT
EVT_00000765,HUMAN_ESCALATION,0.1,ALTERNATIVE_PAYMENT
EVT_00008910,ALTERNATIVE_PAYMENT,0.2,RECOVERY_REMINDER
EVT_00008910,RECOVERY_REMINDER,0.25,RECOVERY_REMINDER
EVT_00008910,RETRY_LATER,-0.1,RECOVERY_REMINDER
EVT_00008910,HUMAN_ESCALATION,0.0,RECOVERY_REMINDER
EVT_00006858,ALTERNATIVE_PAYMENT,0.5,ALTERNATIVE_PAYMENT
EVT_00006858,RECOVERY_REMINDER,0.0,ALTERNATIVE_PAYMENT
EVT_00006858,RETRY_LATER,0.0,ALTERNATIVE_PAYMENT
EVT_00006858,HUMAN_ESCALATION,0.0,ALTERNATIVE_PAYMENT
EVT_00007687,ALTERNATIVE_PAYMENT,0.28,ALTERNATIVE_PAYMENT
EVT_00007687,RECOVERY_REMINDER,0.0,ALTERNATIVE_PAYMENT
EVT_00007687,RETRY_LATER,-999999.0,ALTERNATIVE_PAYMENT
EVT_00007687,HUMAN_ESCALATION,0.1,ALTERNATIVE_PAYMENT
EVT_00008260,ALTERNATIVE_PAYMENT,0.58,ALTERNATIVE_PAYMENT
EVT_00008260,RECOVERY_REMINDER,0.0,ALTERNATIVE_PAYMENT
EVT_00008260,RETRY_LATER,-999999.0,ALTERNATIVE_PAYMENT
EVT_00008260,HUMAN_ESCALATION,0.0,ALTERNATIVE_PAYMENT
EVT_00006613,ALTERNATIVE_PAYMENT,0.0,RECOVERY_REMINDER
EVT_00006613,RECOVERY_REMINDER,0.75,RECOVERY_REMINDER
EVT_00006613,RETRY_LATER,-0.2,RECOVERY_REMINDER
EVT_00006613,HUMAN_ESCALATION,0.0,RECOVERY_REMINDER
EVT_00000130,ALTERNATIVE_PAYMENT,0.28,ALTERNATIVE_PAYMENT
EVT_00000130,RECOVERY_REMINDER,0.0,ALTERNATIVE_PAYMENT
EVT_00000130,RETRY_LATER,-0.1,ALTERNATIVE_PAYMENT
EVT_00000130,HUMAN_ESCALATION,0.1,ALTERNATIVE_PAYMENT
EVT_00004411,ALTERNATIVE_PAYMENT,0.0,RECOVERY_REMINDER
EVT_00004411,RECOVERY_REMINDER,0.75,RECOVERY_REMINDER
EVT_00004411,RETRY_LATER,-0.2,RECOVERY_REMINDER
EVT_00004411,HUMAN_ESCALATION,0.0,RECOVERY_REMINDER
EVT_00009099,ALTERNATIVE_PAYMENT,0.2,RECOVERY_REMINDER
EVT_00009099,RECOVERY_REMINDER,0.25,RECOVERY_REMINDER
EVT_00009099,RETRY_LATER,-0.1,RECOVERY_REMINDER
EVT_00009099,HUMAN_ESCALATION,0.0,RECOVERY_REMINDER
EVT_00000339,ALTERNATIVE_PAYMENT,0.2,RETRY_LATER
EVT_00000339,RECOVERY_REMINDER,0.0,RETRY_LATER
EVT_00000339,RETRY_LATER,0.25,RETRY_LATER
EVT_00000339,HUMAN_ESCALATION,0.0,RETRY_LATER
EVT_00004164,ALTERNATIVE_PAYMENT,0.58,ALTERNATIVE_PAYMENT
EVT_00004164,RECOVERY_REMINDER,0.0,ALTERNATIVE_PAYMENT
EVT_00004164,RETRY_LATER,-999999.0,ALTERNATIVE_PAYMENT
EVT_00004164,HUMAN_ESCALATION,0.0,ALTERNATIVE_PAYMENT
EVT_00008304,ALTERNATIVE_PAYMENT,0.2,ALTERNATIVE_PAYMENT
EVT_00008304,RECOVERY_REMINDER,0.0,ALTERNATIVE_PAYMENT
EVT_00008304,RETRY_LATER,0.0,ALTERNATIVE_PAYMENT
EVT_00008304,HUMAN_ESCALATION,0.1,ALTERNATIVE_PAYMENT
EVT_00006806,ALTERNATIVE_PAYMENT,0.5,ALTERNATIVE_PAYMENT
EVT_00006806,RECOVERY_REMINDER,0.0,ALTERNATIVE_PAYMENT
EVT_00006806,RETRY_LATER,0.0,ALTERNATIVE_PAYMENT
EVT_00006806,HUMAN_ESCALATION,0.0,ALTERNATIVE_PAYMENT
EVT_00001146,ALTERNATIVE_PAYMENT,0.5,ALTERNATIVE_PAYMENT
EVT_00001146,RECOVERY_REMINDER,0.0,ALTERNATIVE_PAYMENT
EVT_00001146,RETRY_LATER,0.0,ALTERNATIVE_PAYMENT
EVT_00001146,HUMAN_ESCALATION,0.0,ALTERNATIVE_PAYMENT
EVT_00005373,ALTERNATIVE_PAYMENT,0.28,ALTERNATIVE_PAYMENT
EVT_00005373,RECOVERY_REMINDER,0.0,ALTERNATIVE_PAYMENT
EVT_00005373,RETRY_LATER,-999999.0,ALTERNATIVE_PAYMENT
EVT_00005373,HUMAN_ESCALATION,0.0,ALTERNATIVE_PAYMENT
EVT_00005618,ALTERNATIVE_PAYMENT,0.0,RECOVERY_REMINDER
EVT_00005618,RECOVERY_REMINDER,0.75,RECOVERY_REMINDER
EVT_00005618,RETRY_LATER,-0.2,RECOVERY_REMINDER
EVT_00005618,HUMAN_ESCALATION,0.0,RECOVERY_REMINDER
EVT_00002564,ALTERNATIVE_PAYMENT,0.28,ALTERNATIVE_PAYMENT
EVT_00002564,RECOVERY_REMINDER,0.0,ALTERNATIVE_PAYMENT
EVT_00002564,RETRY_LATER,-999999.0,ALTERNATIVE_PAYMENT
EVT_00002564,HUMAN_ESCALATION,0.0,ALTERNATIVE_PAYMENT
EVT_00004274,ALTERNATIVE_PAYMENT,0.28,ALTERNATIVE_PAYMENT
EVT_00004274,RECOVERY_REMINDER,0.0,ALTERNATIVE_PAYMENT
EVT_00004274,RETRY_LATER,-0.1,ALTERNATIVE_PAYMENT
EVT_00004274,HUMAN_ESCALATION,0.1,ALTERNATIVE_PAYMENT
EVT_00001767,ALTERNATIVE_PAYMENT,0.5,ALTERNATIVE_PAYMENT
EVT_00001767,RECOVERY_REMINDER,0.0,ALTERNATIVE_PAYMENT
EVT_00001767,RETRY_LATER,0.0,ALTERNATIVE_PAYMENT
EVT_00001767,HUMAN_ESCALATION,0.0,ALTERNATIVE_PAYMENT
EVT_00001008,ALTERNATIVE_PAYMENT,0.58,ALTERNATIVE_PAYMENT
EVT_00001008,RECOVERY_REMINDER,0.0,ALTERNATIVE_PAYMENT
EVT_00001008,RETRY_LATER,-999999.0,ALTERNATIVE_PAYMENT
EVT_00001008,HUMAN_ESCALATION,0.0,ALTERNATIVE_PAYMENT
EVT_00005646,ALTERNATIVE_PAYMENT,0.0,RECOVERY_REMINDER
EVT_00005646,RECOVERY_REMINDER,0.65,RECOVERY_REMINDER
EVT_00005646,RETRY_LATER,-0.2,RECOVERY_REMINDER
EVT_00005646,HUMAN_ESCALATION,0.0,RECOVERY_REMINDER
EVT_00002174,ALTERNATIVE_PAYMENT,0.0,RECOVERY_REMINDER
EVT_00002174,RECOVERY_REMINDER,0.75,RECOVERY_REMINDER
EVT_00002174,RETRY_LATER,-0.2,RECOVERY_REMINDER
EVT_00002174,HUMAN_ESCALATION,0.0,RECOVERY_REMINDER
EVT_00002285,ALTERNATIVE_PAYMENT,0.28,ALTERNATIVE_PAYMENT
EVT_00002285,RECOVERY_REMINDER,0.0,ALTERNATIVE_PAYMENT
EVT_00002285,RETRY_LATER,-0.1,ALTERNATIVE_PAYMENT
EVT_00002285,HUMAN_ESCALATION,0.1,ALTERNATIVE_PAYMENT
EVT_00006447,ALTERNATIVE_PAYMENT,0.0,RECOVERY_REMINDER
EVT_00006447,RECOVERY_REMINDER,0.75,RECOVERY_REMINDER
EVT_00006447,RETRY_LATER,-0.2,RECOVERY_REMINDER
EVT_00006447,HUMAN_ESCALATION,0.0,RECOVERY_REMINDER
EVT_00008768,ALTERNATIVE_PAYMENT,0.5,ALTERNATIVE_PAYMENT
EVT_00008768,RECOVERY_REMINDER,0.0,ALTERNATIVE_PAYMENT
EVT_00008768,RETRY_LATER,0.0,ALTERNATIVE_PAYMENT
EVT_00008768,HUMAN_ESCALATION,0.0,ALTERNATIVE_PAYMENT
EVT_00001166,ALTERNATIVE_PAYMENT,0.58,ALTERNATIVE_PAYMENT
EVT_00001166,RECOVERY_REMINDER,0.0,ALTERNATIVE_PAYMENT
EVT_00001166,RETRY_LATER,-0.1,ALTERNATIVE_PAYMENT
EVT_00001166,HUMAN_ESCALATION,0.0,ALTERNATIVE_PAYMENT
EVT_00005774,ALTERNATIVE_PAYMENT,0.0,RECOVERY_REMINDER
EVT_00005774,RECOVERY_REMINDER,0.79,RECOVERY_REMINDER
EVT_00005774,RETRY_LATER,-0.2,RECOVERY_REMINDER
EVT_00005774,HUMAN_ESCALATION,0.12,RECOVERY_REMINDER
EVT_00009377,ALTERNATIVE_PAYMENT,0.2,RECOVERY_REMINDER
EVT_00009377,RECOVERY_REMINDER,0.25,RECOVERY_REMINDER
EVT_00009377,RETRY_LATER,-0.1,RECOVERY_REMINDER
EVT_00009377,HUMAN_ESCALATION,0.0,RECOVERY_REMINDER
EVT_00008022,ALTERNATIVE_PAYMENT,0.58,ALTERNATIVE_PAYMENT
EVT_00008022,RECOVERY_REMINDER,0.0,ALTERNATIVE_PAYMENT
EVT_00008022,RETRY_LATER,-0.1,ALTERNATIVE_PAYMENT
EVT_00008022,HUMAN_ESCALATION,0.0,ALTERNATIVE_PAYMENT
EVT_00003696,ALTERNATIVE_PAYMENT,0.0,RECOVERY_REMINDER
EVT_00003696,RECOVERY_REMINDER,0.75,RECOVERY_REMINDER
EVT_00003696,RETRY_LATER,-0.2,RECOVERY_REMINDER
EVT_00003696,HUMAN_ESCALATION,0.0,RECOVERY_REMINDER
EVT_00004601,ALTERNATIVE_PAYMENT,0.2,RETRY_LATER
EVT_00004601,RECOVERY_REMINDER,0.0,RETRY_LATER
EVT_00004601,RETRY_LATER,0.25,RETRY_LATER
EVT_00004601,HUMAN_ESCALATION,-0.2,RETRY_LATER
EVT_00007816,ALTERNATIVE_PAYMENT,0.2,RECOVERY_REMINDER
EVT_00007816,RECOVERY_REMINDER,0.25,RECOVERY_REMINDER
EVT_00007816,RETRY_LATER,-0.1,RECOVERY_REMINDER
EVT_00007816,HUMAN_ESCALATION,0.0,RECOVERY_REMINDER
EVT_00001787,ALTERNATIVE_PAYMENT,0.2,RETRY_LATER
EVT_00001787,RECOVERY_REMINDER,0.0,RETRY_LATER
EVT_00001787,RETRY_LATER,0.25,RETRY_LATER
EVT_00001787,HUMAN_ESCALATION,0.0,RETRY_LATER
EVT_00001993,ALTERNATIVE_PAYMENT,0.28,ALTERNATIVE_PAYMENT
EVT_00001993,RECOVERY_REMINDER,0.04,ALTERNATIVE_PAYMENT
EVT_00001993,RETRY_LATER,0.15,ALTERNATIVE_PAYMENT
EVT_00001993,HUMAN_ESCALATION,0.12,ALTERNATIVE_PAYMENT
EVT_00008283,ALTERNATIVE_PAYMENT,0.58,ALTERNATIVE_PAYMENT
EVT_00008283,RECOVERY_REMINDER,0.0,ALTERNATIVE_PAYMENT
EVT_00008283,RETRY_LATER,-0.1,ALTERNATIVE_PAYMENT
EVT_00008283,HUMAN_ESCALATION,0.0,ALTERNATIVE_PAYMENT
EVT_00007793,ALTERNATIVE_PAYMENT,0.28,ALTERNATIVE_PAYMENT
EVT_00007793,RECOVERY_REMINDER,0.0,ALTERNATIVE_PAYMENT
EVT_00007793,RETRY_LATER,0.15,ALTERNATIVE_PAYMENT
EVT_00007793,HUMAN_ESCALATION,0.0,ALTERNATIVE_PAYMENT
EVT_00009886,ALTERNATIVE_PAYMENT,0.28,ALTERNATIVE_PAYMENT
EVT_00009886,RECOVERY_REMINDER,0.0,ALTERNATIVE_PAYMENT
EVT_00009886,RETRY_LATER,-999999.0,ALTERNATIVE_PAYMENT
EVT_00009886,HUMAN_ESCALATION,0.0,ALTERNATIVE_PAYMENT
EVT_00009883,ALTERNATIVE_PAYMENT,0.28,ALTERNATIVE_PAYMENT
EVT_00009883,RECOVERY_REMINDER,0.0,ALTERNATIVE_PAYMENT
EVT_00009883,RETRY_LATER,-999999.0,ALTERNATIVE_PAYMENT
EVT_00009883,HUMAN_ESCALATION,0.1,ALTERNATIVE_PAYMENT
EVT_00000771,ALTERNATIVE_PAYMENT,0.58,ALTERNATIVE_PAYMENT
EVT_00000771,RECOVERY_REMINDER,0.0,ALTERNATIVE_PAYMENT
EVT_00000771,RETRY_LATER,-999999.0,ALTERNATIVE_PAYMENT
EVT_00000771,HUMAN_ESCALATION,0.0,ALTERNATIVE_PAYMENT
EVT_00005377,ALTERNATIVE_PAYMENT,0.0,RECOVERY_REMINDER
EVT_00005377,RECOVERY_REMINDER,0.75,RECOVERY_REMINDER
EVT_00005377,RETRY_LATER,-0.2,RECOVERY_REMINDER
EVT_00005377,HUMAN_ESCALATION,0.0,RECOVERY_REMINDER
EVT_00007969,ALTERNATIVE_PAYMENT,0.2,RECOVERY_REMINDER
EVT_00007969,RECOVERY_REMINDER,0.25,RECOVERY_REMINDER
EVT_00007969,RETRY_LATER,-0.1,RECOVERY_REMINDER
EVT_00007969,HUMAN_ESCALATION,0.0,RECOVERY_REMINDER
EVT_00008010,ALTERNATIVE_PAYMENT,0.5,ALTERNATIVE_PAYMENT
EVT_00008010,RECOVERY_REMINDER,0.04,ALTERNATIVE_PAYMENT
EVT_00008010,RETRY_LATER,0.0,ALTERNATIVE_PAYMENT
EVT_00008010,HUMAN_ESCALATION,0.12,ALTERNATIVE_PAYMENT
EVT_00009093,ALTERNATIVE_PAYMENT,0.5,ALTERNATIVE_PAYMENT
EVT_00009093,RECOVERY_REMINDER,0.04,ALTERNATIVE_PAYMENT
EVT_00009093,RETRY_LATER,0.0,ALTERNATIVE_PAYMENT
EVT_00009093,HUMAN_ESCALATION,0.12,ALTERNATIVE_PAYMENT
EVT_00007046,ALTERNATIVE_PAYMENT,0.0,RECOVERY_REMINDER
EVT_00007046,RECOVERY_REMINDER,0.65,RECOVERY_REMINDER
EVT_00007046,RETRY_LATER,-0.2,RECOVERY_REMINDER
EVT_00007046,HUMAN_ESCALATION,-0.2,RECOVERY_REMINDER
EVT_00006672,ALTERNATIVE_PAYMENT,0.58,ALTERNATIVE_PAYMENT
EVT_00006672,RECOVERY_REMINDER,0.04,ALTERNATIVE_PAYMENT
EVT_00006672,RETRY_LATER,-999999.0,ALTERNATIVE_PAYMENT
EVT_00006672,HUMAN_ESCALATION,0.12,ALTERNATIVE_PAYMENT
EVT_00007923,ALTERNATIVE_PAYMENT,0.58,ALTERNATIVE_PAYMENT
EVT_00007923,RECOVERY_REMINDER,0.0,ALTERNATIVE_PAYMENT
EVT_00007923,RETRY_LATER,-0.1,ALTERNATIVE_PAYMENT
EVT_00007923,HUMAN_ESCALATION,0.0,ALTERNATIVE_PAYMENT
EVT_00000972,ALTERNATIVE_PAYMENT,0.2,RECOVERY_REMINDER
EVT_00000972,RECOVERY_REMINDER,0.25,RECOVERY_REMINDER
EVT_00000972,RETRY_LATER,-0.1,RECOVERY_REMINDER
EVT_00000972,HUMAN_ESCALATION,0.0,RECOVERY_REMINDER
EVT_00008249,ALTERNATIVE_PAYMENT,0.0,RECOVERY_REMINDER
EVT_00008249,RECOVERY_REMINDER,0.75,RECOVERY_REMINDER
EVT_00008249,RETRY_LATER,-0.2,RECOVERY_REMINDER
EVT_00008249,HUMAN_ESCALATION,0.0,RECOVERY_REMINDER
EVT_00004950,ALTERNATIVE_PAYMENT,0.0,RECOVERY_REMINDER
EVT_00004950,RECOVERY_REMINDER,0.45,RECOVERY_REMINDER
EVT_00004950,RETRY_LATER,-0.2,RECOVERY_REMINDER
EVT_00004950,HUMAN_ESCALATION,0.0,RECOVERY_REMINDER
EVT_00006824,ALTERNATIVE_PAYMENT,0.2,RECOVERY_REMINDER
EVT_00006824,RECOVERY_REMINDER,0.25,RECOVERY_REMINDER
EVT_00006824,RETRY_LATER,-0.1,RECOVERY_REMINDER
EVT_00006824,HUMAN_ESCALATION,-0.2,RECOVERY_REMINDER
EVT_00007624,ALTERNATIVE_PAYMENT,0.2,RETRY_LATER
EVT_00007624,RECOVERY_REMINDER,0.0,RETRY_LATER
EVT_00007624,RETRY_LATER,0.25,RETRY_LATER
EVT_00007624,HUMAN_ESCALATION,0.0,RETRY_LATER
EVT_00009706,ALTERNATIVE_PAYMENT,0.28,ALTERNATIVE_PAYMENT
EVT_00009706,RECOVERY_REMINDER,0.0,ALTERNATIVE_PAYMENT
EVT_00009706,RETRY_LATER,-999999.0,ALTERNATIVE_PAYMENT
EVT_00009706,HUMAN_ESCALATION,0.0,ALTERNATIVE_PAYMENT
EVT_00003208,ALTERNATIVE_PAYMENT,0.2,RECOVERY_REMINDER
EVT_00003208,RECOVERY_REMINDER,0.25,RECOVERY_REMINDER
EVT_00003208,RETRY_LATER,-0.1,RECOVERY_REMINDER
EVT_00003208,HUMAN_ESCALATION,0.0,RECOVERY_REMINDER
EVT_00002433,ALTERNATIVE_PAYMENT,0.5,ALTERNATIVE_PAYMENT
EVT_00002433,RECOVERY_REMINDER,0.0,ALTERNATIVE_PAYMENT
EVT_00002433,RETRY_LATER,0.0,ALTERNATIVE_PAYMENT
EVT_00002433,HUMAN_ESCALATION,0.0,ALTERNATIVE_PAYMENT
