event_id,timestamp,event_type,amount,chosen_action,policy_revenue,oracle_action,oracle_revenue,regret,action_match
EVT_00006346,2026-08-01 00:05:52,PAYMENT_FAILURE,9184.03,ALTERNATIVE_PAYMENT,9184.03,ALTERNATIVE_PAYMENT,9184.03,0.0,True
EVT_00004698,2026-08-01 00:41:42,PAYMENT_FAILURE,161.36,RETRY_LATER,161.36,ALTERNATIVE_PAYMENT,161.36,0.0,False
EVT_00000380,2026-08-01 01:39:18,PAYMENT_FAILURE,3344.75,ALTERNATIVE_PAYMENT,3344.75,ALTERNATIVE_PAYMENT,3344.75,0.0,True
EVT_00006176,2026-08-01 01:41:42,PAYMENT_FAILURE,22610.07,RETRY_LATER,0.0,ALTERNATIVE_PAYMENT,22610.07,22610.07,False
EVT_00007595,2026-08-01 02:28:41,PAYMENT_FAILURE,3361.7,RETRY_LATER,3361.7,ALTERNATIVE_PAYMENT,3361.7,0.0,False
EVT_00003138,2026-08-01 03:46:53,SUBSCRIPTION_FAILURE,2304.3,RECOVERY_REMINDER,2304.3,ALTERNATIVE_PAYMENT,2304.3,0.0,False
EVT_00009275,2026-08-01 06:01:25,PAYMENT_FAILURE,5457.02,RETRY_LATER,5457.02,RECOVERY_REMINDER,5457.02,0.0,False
EVT_00002270,2026-08-01 06:30:30,CHECKOUT_ABANDONMENT,3499.81,RECOVERY_REMINDER,3499.81,RECOVERY_REMINDER,3499.81,0.0,True
EVT_00007510,2026-08-01 06:40:28,PAYMENT_FAILURE,20214.6,ALTERNATIVE_PAYMENT,0.0,HUMAN_ESCALATION,20214.6,20214.6,False
EVT_00001915,2026-08-01 06:54:49,PAYMENT_FAILURE,718.55,RETRY_LATER,0.0,ALTERNATIVE_PAYMENT,718.55,718.55,False
EVT_00003773,2026-08-01 08:46:14,PAYMENT_FAILURE,2593.78,ALTERNATIVE_PAYMENT,0.0,ALTERNATIVE_PAYMENT,0.0,0.0,True
EVT_00005116,2026-08-01 08:48:55,CHECKOUT_ABANDONMENT,10309.04,RECOVERY_REMINDER,10309.04,ALTERNATIVE_PAYMENT,10309.04,0.0,False
EVT_00000385,2026-08-01 11:27:05,CHECKOUT_ABANDONMENT,29917.74,RECOVERY_REMINDER,29917.74,ALTERNATIVE_PAYMENT,29917.74,0.0,False
EVT_00007250,2026-08-01 11:46:52,PAYMENT_FAILURE,1192.53,RETRY_LATER,1192.53,RECOVERY_REMINDER,1192.53,0.0,False
EVT_00005982,2026-08-01 11:54:07,PAYMENT_FAILURE,4392.74,RETRY_LATER,0.0,HUMAN_ESCALATION,4392.74,4392.74,False
EVT_00001167,2026-08-01 12:09:06,SUBSCRIPTION_FAILURE,2195.06,RECOVERY_REMINDER,0.0,ALTERNATIVE_PAYMENT,0.0,0.0,False
EVT_00005319,2026-08-01 12:21:36,CHECKOUT_ABANDONMENT,20143.37,RECOVERY_REMINDER,20143.37,ALTERNATIVE_PAYMENT,20143.37,0.0,False
EVT_00007100,2026-08-01 13:05:24,PAYMENT_FAILURE,3069.28,RETRY_LATER,0.0,RECOVERY_REMINDER,3069.28,3069.28,False
EVT_00005354,2026-08-01 13:09:28,PAYMENT_FAILURE,2399.7,ALTERNATIVE_PAYMENT,0.0,ALTERNATIVE_PAYMENT,0.0,0.0,True
EVT_00008028,2026-08-01 13:35:57,CHECKOUT_ABANDONMENT,11324.91,RECOVERY_REMINDER,11324.91,ALTERNATIVE_PAYMENT,11324.91,0.0,False
EVT_00003239,2026-08-01 13:38:35,SUBSCRIPTION_FAILURE,2737.7,RECOVERY_REMINDER,2737.7,RECOVERY_REMINDER,2737.7,0.0,True
EVT_00003408,2026-08-01 15:19:35,PAYMENT_FAILURE,733.05,ALTERNATIVE_PAYMENT,733.05,ALTERNATIVE_PAYMENT,733.05,0.0,True
EVT_00008617,2026-08-01 15:56:29,PAYMENT_FAILURE,3956.62,RETRY_LATER,3956.62,RETRY_LATER,3956.62,0.0,True
EVT_00002612,2026-08-01 16:02:28,PAYMENT_FAILURE,6401.98,ALTERNATIVE_PAYMENT,0.0,RETRY_LATER,6401.98,6401.98,False
EVT_00006736,2026-08-01 16:28:59,PAYMENT_FAILURE,3110.08,ALTERNATIVE_PAYMENT,0.0,RECOVERY_REMINDER,3110.08,3110.08,False
EVT_00005764,2026-08-01 18:09:47,PAYMENT_FAILURE,3719.49,ALTERNATIVE_PAYMENT,3719.49,ALTERNATIVE_PAYMENT,3719.49,0.0,True
EVT_00009452,2026-08-01 19:18:35,PAYMENT_FAILURE,4001.57,ALTERNATIVE_PAYMENT,0.0,ALTERNATIVE_PAYMENT,0.0,0.0,True
EVT_00007164,2026-08-01 19:28:07,PAYMENT_FAILURE,439.65,ALTERNATIVE_PAYMENT,0.0,ALTERNATIVE_PAYMENT,0.0,0.0,True
EVT_00000677,2026-08-01 19:48:19,CHECKOUT_ABANDONMENT,6931.08,RECOVERY_REMINDER,6931.08,ALTERNATIVE_PAYMENT,6931.08,0.0,False
EVT_00007690,2026-08-01 21:04:25,PAYMENT_FAILURE,2928.26,ALTERNATIVE_PAYMENT,0.0,ALTERNATIVE_PAYMENT,0.0,0.0,True
EVT_00005706,2026-08-01 21:07:03,PAYMENT_FAILURE,11496.89,ALTERNATIVE_PAYMENT,11496.89,ALTERNATIVE_PAYMENT,11496.89,0.0,True
EVT_00008836,2026-08-01 21:34:46,PAYMENT_FAILURE,10292.55,ALTERNATIVE_PAYMENT,0.0,ALTERNATIVE_PAYMENT,0.0,0.0,True
EVT_00002728,2026-08-01 22:07:02,CHECKOUT_ABANDONMENT,3808.84,RECOVERY_REMINDER,3808.84,ALTERNATIVE_PAYMENT,3808.84,0.0,False
EVT_00005302,2026-08-01 22:19:14,PAYMENT_FAILURE,11704.0,ALTERNATIVE_PAYMENT,0.0,ALTERNATIVE_PAYMENT,0.0,0.0,True
EVT_00006349,2026-08-01 22:42:01,PAYMENT_FAILURE,7619.42,RETRY_LATER,7619.42,ALTERNATIVE_PAYMENT,7619.42,0.0,False
EVT_00009780,2026-08-01 23:30:12,SUBSCRIPTION_FAILURE,3328.72,RECOVERY_REMINDER,3328.72,ALTERNATIVE_PAYMENT,3328.72,0.0,False
EVT_00008008,2026-08-01 23:49:05,CHECKOUT_ABANDONMENT,20060.6,RECOVERY_REMINDER,20060.6,ALTERNATIVE_PAYMENT,20060.6,0.0,False
EVT_00001005,2026-08-02 00:55:48,CHECKOUT_ABANDONMENT,4183.34,RECOVERY_REMINDER,4183.34,ALTERNATIVE_PAYMENT,4183.34,0.0,False
EVT_00007118,2026-08-02 02:17:32,PAYMENT_FAILURE,10538.36,ALTERNATIVE_PAYMENT,0.0,ALTERNATIVE_PAYMENT,0.0,0.0,True
EVT_00003469,2026-08-02 04:05:15,PAYMENT_FAILURE,1774.19,ALTERNATIVE_PAYMENT,0.0,ALTERNATIVE_PAYMENT,0.0,0.0,True
EVT_00003218,2026-08-02 04:11:24,PAYMENT_FAILURE,1349.32,ALTERNATIVE_PAYMENT,1349.32,ALTERNATIVE_PAYMENT,1349.32,0.0,True
EVT_00006180,2026-08-02 04:40:51,PAYMENT_FAILURE,2054.74,ALTERNATIVE_PAYMENT,0.0,RECOVERY_REMINDER,2054.74,2054.74,False
EVT_00004050,2026-08-02 05:44:08,SUBSCRIPTION_FAILURE,21686.8,RECOVERY_REMINDER,21686.8,ALTERNATIVE_PAYMENT,21686.8,0.0,False
EVT_00007684,2026-08-02 06:06:00,PAYMENT_FAILURE,8863.15,ALTERNATIVE_PAYMENT,0.0,ALTERNATIVE_PAYMENT,0.0,0.0,True
EVT_00008653,2026-08-02 06:47:05,PAYMENT_FAILURE,602.75,ALTERNATIVE_PAYMENT,0.0,RECOVERY_REMINDER,602.75,602.75,False
EVT_00008119,2026-08-02 07:31:08,SUBSCRIPTION_FAILURE,5941.04,RECOVERY_REMINDER,0.0,RETRY_LATER,5941.04,5941.04,False
EVT_00007090,2026-08-02 09:17:12,CHECKOUT_ABANDONMENT,1943.89,RECOVERY_REMINDER,1943.89,ALTERNATIVE_PAYMENT,1943.89,0.0,False
EVT_00004081,2026-08-02 10:19:09,SUBSCRIPTION_FAILURE,790.48,RECOVERY_REMINDER,0.0,ALTERNATIVE_PAYMENT,0.0,0.0,False
EVT_00004666,2026-08-02 10:25:40,SUBSCRIPTION_FAILURE,4170.83,RECOVERY_REMINDER,4170.83,RECOVERY_REMINDER,4170.83,0.0,True
EVT_00002396,2026-08-02 10:53:46,SUBSCRIPTION_FAILURE,8670.58,RECOVERY_REMINDER,0.0,ALTERNATIVE_PAYMENT,8670.58,8670.58,False
EVT_00009261,2026-08-02 11:48:19,PAYMENT_FAILURE,4902.07,ALTERNATIVE_PAYMENT,4902.07,ALTERNATIVE_PAYMENT,4902.07,0.0,True
EVT_00000780,2026-08-02 11:50:25,SUBSCRIPTION_FAILURE,3756.14,RECOVERY_REMINDER,3756.14,RECOVERY_REMINDER,3756.14,0.0,True
EVT_00005348,2026-08-02 13:21:59,PAYMENT_FAILURE,16776.06,ALTERNATIVE_PAYMENT,0.0,ALTERNATIVE_PAYMENT,0.0,0.0,True
EVT_00000611,2026-08-02 13:24:05,PAYMENT_FAILURE,9815.59,ALTERNATIVE_PAYMENT,9815.59,ALTERNATIVE_PAYMENT,9815.59,0.0,True
EVT_00009728,2026-08-02 13:59:14,PAYMENT_FAILURE,10146.65,RETRY_LATER,10146.65,ALTERNATIVE_PAYMENT,10146.65,0.0,False
EVT_00009734,2026-08-02 14:15:22,PAYMENT_FAILURE,3591.07,ALTERNATIVE_PAYMENT,0.0,ALTERNATIVE_PAYMENT,0.0,0.0,True
EVT_00003112,2026-08-02 16:48:19,PAYMENT_FAILURE,70703.08,ALTERNATIVE_PAYMENT,0.0,HUMAN_ESCALATION,70703.08,70703.08,False
EVT_00006564,2026-08-02 16:52:53,CHECKOUT_ABANDONMENT,16202.87,RECOVERY_REMINDER,16202.87,ALTERNATIVE_PAYMENT,16202.87,0.0,False
EVT_00009492,2026-08-02 17:26:17,PAYMENT_FAILURE,4752.7,ALTERNATIVE_PAYMENT,0.0,RECOVERY_REMINDER,4752.7,4752.7,False
EVT_00007334,2026-08-02 17:44:16,CHECKOUT_ABANDONMENT,6699.6,RECOVERY_REMINDER,6699.6,ALTERNATIVE_PAYMENT,6699.6,0.0,False
EVT_00009273,2026-08-02 17:54:42,SUBSCRIPTION_FAILURE,7505.27,RECOVERY_REMINDER,7505.27,ALTERNATIVE_PAYMENT,7505.27,0.0,False
EVT_00008221,2026-08-02 18:37:54,PAYMENT_FAILURE,14208.92,ALTERNATIVE_PAYMENT,0.0,ALTERNATIVE_PAYMENT,0.0,0.0,True
EVT_00003815,2026-08-02 18:56:03,CHECKOUT_ABANDONMENT,965.45,RECOVERY_REMINDER,0.0,ALTERNATIVE_PAYMENT,965.45,965.45,False
EVT_00009258,2026-08-02 19:10:43,PAYMENT_FAILURE,2457.45,RETRY_LATER,2457.45,ALTERNATIVE_PAYMENT,2457.45,0.0,False
EVT_00006760,2026-08-02 19:39:52,PAYMENT_FAILURE,1321.23,RETRY_LATER,1321.23,RETRY_LATER,1321.23,0.0,True
EVT_00003124,2026-08-02 20:15:33,PAYMENT_FAILURE,1339.47,ALTERNATIVE_PAYMENT,0.0,ALTERNATIVE_PAYMENT,0.0,0.0,True
EVT_00007126,2026-08-02 20:45:57,PAYMENT_FAILURE,3588.13,ALTERNATIVE_PAYMENT,3588.13,ALTERNATIVE_PAYMENT,3588.13,0.0,True
EVT_00002826,2026-08-02 20:47:52,PAYMENT_FAILURE,4030.65,ALTERNATIVE_PAYMENT,4030.65,ALTERNATIVE_PAYMENT,4030.65,0.0,True
EVT_00001187,2026-08-02 20:50:19,PAYMENT_FAILURE,2058.89,ALTERNATIVE_PAYMENT,2058.89,ALTERNATIVE_PAYMENT,2058.89,0.0,True
EVT_00009849,2026-08-02 21:01:48,PAYMENT_FAILURE,11576.73,ALTERNATIVE_PAYMENT,11576.73,ALTERNATIVE_PAYMENT,11576.73,0.0,True
EVT_00005251,2026-08-02 21:02:03,PAYMENT_FAILURE,7645.82,RETRY_LATER,7645.82,RETRY_LATER,7645.82,0.0,True
EVT_00007081,2026-08-02 21:04:14,CHECKOUT_ABANDONMENT,3453.48,RECOVERY_REMINDER,3453.48,RECOVERY_REMINDER,3453.48,0.0,True
EVT_00002916,2026-08-02 21:47:14,PAYMENT_FAILURE,2497.4,RETRY_LATER,2497.4,RECOVERY_REMINDER,2497.4,0.0,False
EVT_00001434,2026-08-02 22:02:08,PAYMENT_FAILURE,221.55,ALTERNATIVE_PAYMENT,0.0,ALTERNATIVE_PAYMENT,0.0,0.0,True
EVT_00001807,2026-08-02 22:03:22,PAYMENT_FAILURE,5258.78,ALTERNATIVE_PAYMENT,5258.78,ALTERNATIVE_PAYMENT,5258.78,0.0,True
EVT_00000395,2026-08-02 22:17:07,PAYMENT_FAILURE,5246.71,ALTERNATIVE_PAYMENT,5246.71,ALTERNATIVE_PAYMENT,5246.71,0.0,True
EVT_00002869,2026-08-02 22:19:18,PAYMENT_FAILURE,834.73,ALTERNATIVE_PAYMENT,834.73,ALTERNATIVE_PAYMENT,834.73,0.0,True
EVT_00000957,2026-08-02 22:31:06,PAYMENT_FAILURE,5237.01,ALTERNATIVE_PAYMENT,5237.01,ALTERNATIVE_PAYMENT,5237.01,0.0,True
EVT_00002413,2026-08-02 22:33:39,PAYMENT_FAILURE,1656.78,ALTERNATIVE_PAYMENT,0.0,RECOVERY_REMINDER,1656.78,1656.78,False
EVT_00006552,2026-08-02 22:47:05,SUBSCRIPTION_FAILURE,20570.36,RECOVERY_REMINDER,20570.36,ALTERNATIVE_PAYMENT,20570.36,0.0,False
EVT_00003326,2026-08-02 22:57:31,CHECKOUT_ABANDONMENT,2308.07,RECOVERY_REMINDER,2308.07,ALTERNATIVE_PAYMENT,2308.07,0.0,False
EVT_00000139,2026-08-02 23:12:41,SUBSCRIPTION_FAILURE,7210.91,RECOVERY_REMINDER,0.0,ALTERNATIVE_PAYMENT,7210.91,7210.91,False
EVT_00007137,2026-08-02 23:48:48,PAYMENT_FAILURE,1530.19,ALTERNATIVE_PAYMENT,0.0,ALTERNATIVE_PAYMENT,0.0,0.0,True
EVT_00000735,2026-08-03 00:13:02,PAYMENT_FAILURE,4699.11,ALTERNATIVE_PAYMENT,0.0,HUMAN_ESCALATION,4699.11,4699.11,False
EVT_00002421,2026-08-03 01:15:33,SUBSCRIPTION_FAILURE,4874.13,RECOVERY_REMINDER,0.0,ALTERNATIVE_PAYMENT,0.0,0.0,False
EVT_00000628,2026-08-03 01:36:00,CHECKOUT_ABANDONMENT,18101.16,RECOVERY_REMINDER,0.0,ALTERNATIVE_PAYMENT,18101.16,18101.16,False
EVT_00001562,2026-08-03 02:09:23,CHECKOUT_ABANDONMENT,2698.95,RECOVERY_REMINDER,2698.95,ALTERNATIVE_PAYMENT,2698.95,0.0,False
EVT_00002657,2026-08-03 03:11:36,PAYMENT_FAILURE,3192.96,ALTERNATIVE_PAYMENT,0.0,RECOVERY_REMINDER,3192.96,3192.96,False
EVT_00001276,2026-08-03 03:21:34,PAYMENT_FAILURE,8327.91,RETRY_LATER,0.0,ALTERNATIVE_PAYMENT,8327.91,8327.91,False
EVT_00001104,2026-08-03 04:53:18,PAYMENT_FAILURE,12997.43,RETRY_LATER,0.0,ALTERNATIVE_PAYMENT,12997.43,12997.43,False
EVT_00007622,2026-08-03 04:54:55,PAYMENT_FAILURE,7981.91,ALTERNATIVE_PAYMENT,0.0,ALTERNATIVE_PAYMENT,0.0,0.0,True
EVT_00008513,2026-08-03 05:37:21,SUBSCRIPTION_FAILURE,9175.85,RECOVERY_REMINDER,0.0,ALTERNATIVE_PAYMENT,9175.85,9175.85,False
EVT_00000231,2026-08-03 06:04:05,SUBSCRIPTION_FAILURE,3151.44,RECOVERY_REMINDER,0.0,ALTERNATIVE_PAYMENT,0.0,0.0,False
EVT_00004021,2026-08-03 07:19:07,PAYMENT_FAILURE,6418.96,ALTERNATIVE_PAYMENT,0.0,RETRY_LATER,6418.96,6418.96,False
EVT_00006433,2026-08-03 08:21:37,PAYMENT_FAILURE,1608.42,ALTERNATIVE_PAYMENT,0.0,RECOVERY_REMINDER,1608.42,1608.42,False
EVT_00008419,2026-08-03 09:27:09,CHECKOUT_ABANDONMENT,1839.74,RECOVERY_REMINDER,1839.74,ALTERNATIVE_PAYMENT,1839.74,0.0,False
EVT_00009684,2026-08-03 09:45:05,CHECKOUT_ABANDONMENT,6353.31,RECOVERY_REMINDER,6353.31,ALTERNATIVE_PAYMENT,6353.31,0.0,False
EVT_00008336,2026-08-03 10:49:23,CHECKOUT_ABANDONMENT,6488.1,RECOVERY_REMINDER,6488.1,ALTERNATIVE_PAYMENT,6488.1,0.0,False
EVT_00001657,2026-08-03 12:38:10,PAYMENT_FAILURE,8115.98,ALTERNATIVE_PAYMENT,0.0,RECOVERY_REMINDER,8115.98,8115.98,False
EVT_00003348,2026-08-03 13:19:09,PAYMENT_FAILURE,14993.71,ALTERNATIVE_PAYMENT,14993.71,ALTERNATIVE_PAYMENT,14993.71,0.0,True
EVT_00009312,2026-08-03 13:52:31,PAYMENT_FAILURE,5855.63,ALTERNATIVE_PAYMENT,0.0,ALTERNATIVE_PAYMENT,0.0,0.0,True
EVT_00003816,2026-08-03 13:54:15,PAYMENT_FAILURE,4385.37,RETRY_LATER,4385.37,ALTERNATIVE_PAYMENT,4385.37,0.0,False
EVT_00008943,2026-08-03 13:57:14,PAYMENT_FAILURE,26533.23,RETRY_LATER,0.0,ALTERNATIVE_PAYMENT,26533.23,26533.23,False
EVT_00002204,2026-08-03 14:09:43,CHECKOUT_ABANDONMENT,63873.75,RECOVERY_REMINDER,63873.75,ALTERNATIVE_PAYMENT,63873.75,0.0,False
EVT_00001745,2026-08-03 14:41:34,SUBSCRIPTION_FAILURE,3483.93,RECOVERY_REMINDER,0.0,HUMAN_ESCALATION,3483.93,3483.93,False
EVT_00008725,2026-08-03 15:05:04,PAYMENT_FAILURE,1809.23,ALTERNATIVE_PAYMENT,1809.23,ALTERNATIVE_PAYMENT,1809.23,0.0,True
EVT_00006827,2026-08-03 15:51:46,CHECKOUT_ABANDONMENT,3535.21,RECOVERY_REMINDER,3535.21,ALTERNATIVE_PAYMENT,3535.21,0.0,False
EVT_00002436,2026-08-03 15:58:37,PAYMENT_FAILURE,4167.77,ALTERNATIVE_PAYMENT,0.0,RECOVERY_REMINDER,4167.77,4167.77,False
EVT_00001246,2026-08-03 16:25:14,PAYMENT_FAILURE,19491.24,ALTERNATIVE_PAYMENT,0.0,RECOVERY_REMINDER,19491.24,19491.24,False
EVT_00005193,2026-08-03 17:53:08,PAYMENT_FAILURE,2458.48,ALTERNATIVE_PAYMENT,2458.48,ALTERNATIVE_PAYMENT,2458.48,0.0,True
EVT_00009368,2026-08-03 18:19:03,SUBSCRIPTION_FAILURE,9838.8,RECOVERY_REMINDER,0.0,ALTERNATIVE_PAYMENT,9838.8,9838.8,False
EVT_00005566,2026-08-03 19:19:21,SUBSCRIPTION_FAILURE,2818.35,RECOVERY_REMINDER,0.0,ALTERNATIVE_PAYMENT,2818.35,2818.35,False
EVT_00004273,2026-08-03 19:44:34,CHECKOUT_ABANDONMENT,3411.84,RECOVERY_REMINDER,3411.84,ALTERNATIVE_PAYMENT,3411.84,0.0,False
EVT_00003942,2026-08-03 20:23:15,PAYMENT_FAILURE,14049.02,ALTERNATIVE_PAYMENT,0.0,HUMAN_ESCALATION,14049.02,14049.02,False
EVT_00004169,2026-08-03 20:47:01,SUBSCRIPTION_FAILURE,5320.3,RECOVERY_REMINDER,5320.3,ALTERNATIVE_PAYMENT,5320.3,0.0,False
EVT_00001301,2026-08-03 21:28:40,SUBSCRIPTION_FAILURE,4594.72,RECOVERY_REMINDER,0.0,ALTERNATIVE_PAYMENT,4594.72,4594.72,False
EVT_00007608,2026-08-03 22:22:29,PAYMENT_FAILURE,8937.95,ALTERNATIVE_PAYMENT,0.0,RECOVERY_REMINDER,8937.95,8937.95,False
EVT_00001224,2026-08-03 22:34:49,PAYMENT_FAILURE,12819.78,ALTERNATIVE_PAYMENT,0.0,HUMAN_ESCALATION,12819.78,12819.78,False
EVT_00002949,2026-08-03 23:21:16,CHECKOUT_ABANDONMENT,8763.56,RECOVERY_REMINDER,8763.56,RECOVERY_REMINDER,8763.56,0.0,True
EVT_00004513,2026-08-04 00:00:28,PAYMENT_FAILURE,3118.45,ALTERNATIVE_PAYMENT,3118.45,ALTERNATIVE_PAYMENT,3118.45,0.0,True
EVT_00009203,2026-08-04 00:18:30,PAYMENT_FAILURE,19512.96,RETRY_LATER,19512.96,RECOVERY_REMINDER,19512.96,0.0,False
EVT_00006683,2026-08-04 00:19:41,SUBSCRIPTION_FAILURE,8943.94,RECOVERY_REMINDER,8943.94,RECOVERY_REMINDER,8943.94,0.0,True
EVT_00009975,2026-08-04 00:47:40,PAYMENT_FAILURE,823.1,RETRY_LATER,823.1,RECOVERY_REMINDER,823.1,0.0,False
EVT_00009545,2026-08-04 01:01:42,PAYMENT_FAILURE,1163.55,RETRY_LATER,1163.55,ALTERNATIVE_PAYMENT,1163.55,0.0,False
EVT_00003866,2026-08-04 01:32:01,CHECKOUT_ABANDONMENT,5278.17,RECOVERY_REMINDER,5278.17,ALTERNATIVE_PAYMENT,5278.17,0.0,False
EVT_00002687,2026-08-04 01:52:02,CHECKOUT_ABANDONMENT,16435.23,RECOVERY_REMINDER,16435.23,ALTERNATIVE_PAYMENT,16435.23,0.0,False
EVT_00007606,2026-08-04 02:00:37,PAYMENT_FAILURE,5608.32,RETRY_LATER,5608.32,ALTERNATIVE_PAYMENT,5608.32,0.0,False
EVT_00002483,2026-08-04 02:03:43,PAYMENT_FAILURE,22571.35,ALTERNATIVE_PAYMENT,22571.35,ALTERNATIVE_PAYMENT,22571.35,0.0,True
EVT_00003455,2026-08-04 02:43:59,PAYMENT_FAILURE,4825.99,ALTERNATIVE_PAYMENT,4825.99,ALTERNATIVE_PAYMENT,4825.99,0.0,True
EVT_00007741,2026-08-04 03:28:50,PAYMENT_FAILURE,542.55,ALTERNATIVE_PAYMENT,0.0,ALTERNATIVE_PAYMENT,0.0,0.0,True
EVT_00008814,2026-08-04 04:33:55,PAYMENT_FAILURE,1361.52,ALTERNATIVE_PAYMENT,0.0,ALTERNATIVE_PAYMENT,0.0,0.0,True
EVT_00001660,2026-08-04 06:31:50,CHECKOUT_ABANDONMENT,12556.54,RECOVERY_REMINDER,12556.54,RECOVERY_REMINDER,12556.54,0.0,True
EVT_00001204,2026-08-04 06:40:12,PAYMENT_FAILURE,22781.37,ALTERNATIVE_PAYMENT,22781.37,ALTERNATIVE_PAYMENT,22781.37,0.0,True
EVT_00009710,2026-08-04 07:10:04,PAYMENT_FAILURE,5637.9,ALTERNATIVE_PAYMENT,5637.9,ALTERNATIVE_PAYMENT,5637.9,0.0,True
EVT_00004491,2026-08-04 08:00:41,CHECKOUT_ABANDONMENT,7513.54,RECOVERY_REMINDER,7513.54,ALTERNATIVE_PAYMENT,7513.54,0.0,False
EVT_00008478,2026-08-04 08:12:12,CHECKOUT_ABANDONMENT,4076.44,RECOVERY_REMINDER,4076.44,RECOVERY_REMINDER,4076.44,0.0,True
EVT_00002685,2026-08-04 08:28:11,CHECKOUT_ABANDONMENT,13393.48,RECOVERY_REMINDER,13393.48,ALTERNATIVE_PAYMENT,13393.48,0.0,False
EVT_00007501,2026-08-04 09:11:19,PAYMENT_FAILURE,1111.6,ALTERNATIVE_PAYMENT,1111.6,ALTERNATIVE_PAYMENT,1111.6,0.0,True
EVT_00005458,2026-08-04 10:06:13,CHECKOUT_ABANDONMENT,3982.34,RECOVERY_REMINDER,3982.34,ALTERNATIVE_PAYMENT,3982.34,0.0,False
EVT_00008818,2026-08-04 10:06:22,PAYMENT_FAILURE,2099.34,ALTERNATIVE_PAYMENT,2099.34,ALTERNATIVE_PAYMENT,2099.34,0.0,True
EVT_00008932,2026-08-04 10:14:58,SUBSCRIPTION_FAILURE,148107.55,RECOVERY_REMINDER,0.0,ALTERNATIVE_PAYMENT,148107.55,148107.55,False
EVT_00004132,2026-08-04 12:21:13,PAYMENT_FAILURE,1387.11,ALTERNATIVE_PAYMENT,1387.11,ALTERNATIVE_PAYMENT,1387.11,0.0,True
EVT_00001349,2026-08-04 12:31:19,CHECKOUT_ABANDONMENT,5549.59,RECOVERY_REMINDER,5549.59,ALTERNATIVE_PAYMENT,5549.59,0.0,False
EVT_00008727,2026-08-04 13:11:21,PAYMENT_FAILURE,792.83,RETRY_LATER,0.0,ALTERNATIVE_PAYMENT,792.83,792.83,False
EVT_00008557,2026-08-04 13:23:21,PAYMENT_FAILURE,1197.78,ALTERNATIVE_PAYMENT,0.0,HUMAN_ESCALATION,1197.78,1197.78,False
EVT_00009105,2026-08-04 13:29:40,PAYMENT_FAILURE,885.45,RETRY_LATER,0.0,ALTERNATIVE_PAYMENT,0.0,0.0,False
EVT_00000547,2026-08-04 14:46:24,PAYMENT_FAILURE,1431.32,ALTERNATIVE_PAYMENT,1431.32,ALTERNATIVE_PAYMENT,1431.32,0.0,True
EVT_00001078,2026-08-04 15:00:10,CHECKOUT_ABANDONMENT,5116.45,RECOVERY_REMINDER,0.0,ALTERNATIVE_PAYMENT,5116.45,5116.45,False
EVT_00004694,2026-08-04 15:05:26,CHECKOUT_ABANDONMENT,1906.18,RECOVERY_REMINDER,1906.18,ALTERNATIVE_PAYMENT,1906.18,0.0,False
EVT_00000278,2026-08-04 15:05:53,PAYMENT_FAILURE,4748.86,RETRY_LATER,4748.86,ALTERNATIVE_PAYMENT,4748.86,0.0,False
EVT_00006732,2026-08-04 15:40:41,CHECKOUT_ABANDONMENT,7711.52,RECOVERY_REMINDER,7711.52,ALTERNATIVE_PAYMENT,7711.52,0.0,False
EVT_00006991,2026-08-04 16:24:35,PAYMENT_FAILURE,4199.97,RETRY_LATER,4199.97,ALTERNATIVE_PAYMENT,4199.97,0.0,False
EVT_00004574,2026-08-04 17:24:52,PAYMENT_FAILURE,6231.39,ALTERNATIVE_PAYMENT,6231.39,ALTERNATIVE_PAYMENT,6231.39,0.0,True
EVT_00002634,2026-08-04 17:45:45,PAYMENT_FAILURE,1351.61,ALTERNATIVE_PAYMENT,1351.61,ALTERNATIVE_PAYMENT,1351.61,0.0,True
EVT_00002632,2026-08-04 18:56:39,SUBSCRIPTION_FAILURE,8083.2,RECOVERY_REMINDER,0.0,ALTERNATIVE_PAYMENT,8083.2,8083.2,False
EVT_00002211,2026-08-04 18:59:29,PAYMENT_FAILURE,1288.71,ALTERNATIVE_PAYMENT,0.0,ALTERNATIVE_PAYMENT,0.0,0.0,True
EVT_00008427,2026-08-04 19:12:30,PAYMENT_FAILURE,16721.12,RETRY_LATER,0.0,ALTERNATIVE_PAYMENT,16721.12,16721.12,False
EVT_00001418,2026-08-04 19:27:48,PAYMENT_FAILURE,4570.65,ALTERNATIVE_PAYMENT,4570.65,ALTERNATIVE_PAYMENT,4570.65,0.0,True
EVT_00004878,2026-08-04 19:44:34,PAYMENT_FAILURE,1119.02,ALTERNATIVE_PAYMENT,0.0,ALTERNATIVE_PAYMENT,0.0,0.0,True
EVT_00002784,2026-08-04 20:39:22,CHECKOUT_ABANDONMENT,1325.04,RECOVERY_REMINDER,1325.04,ALTERNATIVE_PAYMENT,1325.04,0.0,False
EVT_00004758,2026-08-04 20:52:09,CHECKOUT_ABANDONMENT,9423.32,RECOVERY_REMINDER,9423.32,ALTERNATIVE_PAYMENT,9423.32,0.0,False
EVT_00003628,2026-08-04 21:46:55,PAYMENT_FAILURE,2732.77,ALTERNATIVE_PAYMENT,0.0,ALTERNATIVE_PAYMENT,0.0,0.0,True
EVT_00005972,2026-08-04 21:58:30,PAYMENT_FAILURE,4189.69,RETRY_LATER,4189.69,ALTERNATIVE_PAYMENT,4189.69,0.0,False
EVT_00009424,2026-08-04 22:16:13,PAYMENT_FAILURE,3937.78,ALTERNATIVE_PAYMENT,3937.78,ALTERNATIVE_PAYMENT,3937.78,0.0,True
EVT_00004074,2026-08-04 22:27:54,SUBSCRIPTION_FAILURE,598.53,RECOVERY_REMINDER,0.0,ALTERNATIVE_PAYMENT,0.0,0.0,False
EVT_00002114,2026-08-04 23:00:34,PAYMENT_FAILURE,5681.36,ALTERNATIVE_PAYMENT,5681.36,ALTERNATIVE_PAYMENT,5681.36,0.0,True
EVT_00009387,2026-08-04 23:23:28,CHECKOUT_ABANDONMENT,6070.52,RECOVERY_REMINDER,6070.52,ALTERNATIVE_PAYMENT,6070.52,0.0,False
EVT_00006393,2026-08-05 00:52:04,CHECKOUT_ABANDONMENT,33617.13,RECOVERY_REMINDER,33617.13,ALTERNATIVE_PAYMENT,33617.13,0.0,False
EVT_00005947,2026-08-05 02:23:39,SUBSCRIPTION_FAILURE,8928.75,RECOVERY_REMINDER,0.0,ALTERNATIVE_PAYMENT,0.0,0.0,False
EVT_00006744,2026-08-05 03:15:07,PAYMENT_FAILURE,1178.8,ALTERNATIVE_PAYMENT,1178.8,ALTERNATIVE_PAYMENT,1178.8,0.0,True
EVT_00000370,2026-08-05 03:33:39,PAYMENT_FAILURE,3208.09,ALTERNATIVE_PAYMENT,3208.09,ALTERNATIVE_PAYMENT,3208.09,0.0,True
EVT_00007340,2026-08-05 03:58:03,PAYMENT_FAILURE,2218.36,ALTERNATIVE_PAYMENT,2218.36,ALTERNATIVE_PAYMENT,2218.36,0.0,True
EVT_00004661,2026-08-05 04:22:43,PAYMENT_FAILURE,4525.91,ALTERNATIVE_PAYMENT,0.0,ALTERNATIVE_PAYMENT,0.0,0.0,True
EVT_00000815,2026-08-05 04:30:29,PAYMENT_FAILURE,8907.68,ALTERNATIVE_PAYMENT,0.0,ALTERNATIVE_PAYMENT,0.0,0.0,True
EVT_00004986,2026-08-05 04:46:32,SUBSCRIPTION_FAILURE,4833.55,RECOVERY_REMINDER,4833.55,ALTERNATIVE_PAYMENT,4833.55,0.0,False
EVT_00002775,2026-08-05 05:34:38,PAYMENT_FAILURE,4934.87,ALTERNATIVE_PAYMENT,0.0,HUMAN_ESCALATION,4934.87,4934.87,False
EVT_00005481,2026-08-05 05:54:33,PAYMENT_FAILURE,15267.58,RETRY_LATER,0.0,ALTERNATIVE_PAYMENT,15267.58,15267.58,False
EVT_00002979,2026-08-05 05:55:04,PAYMENT_FAILURE,750.14,ALTERNATIVE_PAYMENT,0.0,ALTERNATIVE_PAYMENT,0.0,0.0,True
EVT_00000886,2026-08-05 06:08:53,SUBSCRIPTION_FAILURE,4866.78,RECOVERY_REMINDER,0.0,RETRY_LATER,4866.78,4866.78,False
EVT_00008417,2026-08-05 07:30:10,PAYMENT_FAILURE,9502.73,ALTERNATIVE_PAYMENT,0.0,ALTERNATIVE_PAYMENT,0.0,0.0,True
EVT_00009597,2026-08-05 07:35:38,PAYMENT_FAILURE,5353.23,ALTERNATIVE_PAYMENT,5353.23,ALTERNATIVE_PAYMENT,5353.23,0.0,True
EVT_00006165,2026-08-05 07:52:02,PAYMENT_FAILURE,4539.21,RETRY_LATER,0.0,ALTERNATIVE_PAYMENT,4539.21,4539.21,False
EVT_00001970,2026-08-05 08:37:34,CHECKOUT_ABANDONMENT,2412.53,RECOVERY_REMINDER,2412.53,ALTERNATIVE_PAYMENT,2412.53,0.0,False
EVT_00008634,2026-08-05 08:51:48,CHECKOUT_ABANDONMENT,3549.75,RECOVERY_REMINDER,0.0,ALTERNATIVE_PAYMENT,3549.75,3549.75,False
EVT_00009730,2026-08-05 09:15:45,PAYMENT_FAILURE,5017.74,ALTERNATIVE_PAYMENT,0.0,RETRY_LATER,5017.74,5017.74,False
EVT_00000094,2026-08-05 09:30:04,PAYMENT_FAILURE,1075.61,ALTERNATIVE_PAYMENT,0.0,RECOVERY_REMINDER,1075.61,1075.61,False
EVT_00009876,2026-08-05 10:53:06,PAYMENT_FAILURE,10708.33,ALTERNATIVE_PAYMENT,0.0,RECOVERY_REMINDER,10708.33,10708.33,False
EVT_00006945,2026-08-05 11:01:12,PAYMENT_FAILURE,2658.32,ALTERNATIVE_PAYMENT,0.0,ALTERNATIVE_PAYMENT,0.0,0.0,True
EVT_00005321,2026-08-05 12:03:58,PAYMENT_FAILURE,133156.89,ALTERNATIVE_PAYMENT,0.0,RECOVERY_REMINDER,133156.89,133156.89,False
EVT_00002746,2026-08-05 12:04:31,PAYMENT_FAILURE,2670.2,ALTERNATIVE_PAYMENT,2670.2,ALTERNATIVE_PAYMENT,2670.2,0.0,True
EVT_00009871,2026-08-05 13:04:07,CHECKOUT_ABANDONMENT,5275.32,RECOVERY_REMINDER,5275.32,ALTERNATIVE_PAYMENT,5275.32,0.0,False
EVT_00002519,2026-08-05 13:04:25,PAYMENT_FAILURE,11526.8,ALTERNATIVE_PAYMENT,11526.8,ALTERNATIVE_PAYMENT,11526.8,0.0,True
EVT_00008363,2026-08-05 13:20:39,PAYMENT_FAILURE,2660.57,ALTERNATIVE_PAYMENT,0.0,ALTERNATIVE_PAYMENT,0.0,0.0,True
EVT_00004038,2026-08-05 13:48:17,PAYMENT_FAILURE,10944.81,ALTERNATIVE_PAYMENT,0.0,ALTERNATIVE_PAYMENT,0.0,0.0,True
EVT_00002309,2026-08-05 14:16:33,PAYMENT_FAILURE,1024.52,RETRY_LATER,0.0,ALTERNATIVE_PAYMENT,1024.52,1024.52,False
EVT_00002901,2026-08-05 15:07:07,PAYMENT_FAILURE,10886.67,ALTERNATIVE_PAYMENT,0.0,ALTERNATIVE_PAYMENT,0.0,0.0,True
EVT_00003646,2026-08-05 16:05:57,PAYMENT_FAILURE,16396.53,RETRY_LATER,16396.53,RETRY_LATER,16396.53,0.0,True
EVT_00006802,2026-08-05 16:24:39,PAYMENT_FAILURE,2601.34,ALTERNATIVE_PAYMENT,2601.34,ALTERNATIVE_PAYMENT,2601.34,0.0,True
EVT_00005389,2026-08-05 17:10:23,PAYMENT_FAILURE,11008.27,ALTERNATIVE_PAYMENT,11008.27,ALTERNATIVE_PAYMENT,11008.27,0.0,True
EVT_00002534,2026-08-05 17:24:00,PAYMENT_FAILURE,3769.86,ALTERNATIVE_PAYMENT,0.0,ALTERNATIVE_PAYMENT,0.0,0.0,True
EVT_00001059,2026-08-05 17:29:03,PAYMENT_FAILURE,7677.56,ALTERNATIVE_PAYMENT,7677.56,ALTERNATIVE_PAYMENT,7677.56,0.0,True
EVT_00000627,2026-08-05 17:32:09,CHECKOUT_ABANDONMENT,987.9,RECOVERY_REMINDER,987.9,ALTERNATIVE_PAYMENT,987.9,0.0,False
EVT_00009296,2026-08-05 18:03:44,SUBSCRIPTION_FAILURE,1637.26,RECOVERY_REMINDER,1637.26,RECOVERY_REMINDER,1637.26,0.0,True
EVT_00003453,2026-08-05 18:28:01,SUBSCRIPTION_FAILURE,6575.94,RECOVERY_REMINDER,0.0,ALTERNATIVE_PAYMENT,6575.94,6575.94,False
EVT_00003243,2026-08-05 19:01:52,SUBSCRIPTION_FAILURE,10147.03,RECOVERY_REMINDER,0.0,HUMAN_ESCALATION,10147.03,10147.03,False
EVT_00006131,2026-08-05 19:11:18,PAYMENT_FAILURE,3308.59,ALTERNATIVE_PAYMENT,0.0,RECOVERY_REMINDER,3308.59,3308.59,False
EVT_00003296,2026-08-05 19:31:51,SUBSCRIPTION_FAILURE,3249.17,RECOVERY_REMINDER,3249.17,RECOVERY_REMINDER,3249.17,0.0,True
EVT_00001572,2026-08-05 19:38:53,SUBSCRIPTION_FAILURE,3310.05,RECOVERY_REMINDER,0.0,ALTERNATIVE_PAYMENT,3310.05,3310.05,False
EVT_00002538,2026-08-05 20:56:11,PAYMENT_FAILURE,2469.97,ALTERNATIVE_PAYMENT,2469.97,ALTERNATIVE_PAYMENT,2469.97,0.0,True
EVT_00003799,2026-08-05 23:40:03,SUBSCRIPTION_FAILURE,7996.89,RECOVERY_REMINDER,7996.89,ALTERNATIVE_PAYMENT,7996.89,0.0,False
EVT_00004515,2026-08-06 01:08:16,PAYMENT_FAILURE,16332.96,ALTERNATIVE_PAYMENT,0.0,ALTERNATIVE_PAYMENT,0.0,0.0,True
EVT_00007240,2026-08-06 01:10:09,PAYMENT_FAILURE,3194.54,ALTERNATIVE_PAYMENT,0.0,ALTERNATIVE_PAYMENT,0.0,0.0,True
EVT_00005733,2026-08-06 02:15:05,SUBSCRIPTION_FAILURE,33069.78,RECOVERY_REMINDER,0.0,HUMAN_ESCALATION,33069.78,33069.78,False
EVT_00000497,2026-08-06 02:19:04,SUBSCRIPTION_FAILURE,3533.28,RECOVERY_REMINDER,0.0,ALTERNATIVE_PAYMENT,0.0,0.0,False
EVT_00006434,2026-08-06 03:31:10,SUBSCRIPTION_FAILURE,3498.08,RECOVERY_REMINDER,0.0,RETRY_LATER,3498.08,3498.08,False
EVT_00008538,2026-08-06 04:05:03,PAYMENT_FAILURE,2988.06,RETRY_LATER,0.0,ALTERNATIVE_PAYMENT,2988.06,2988.06,False
EVT_00003914,2026-08-06 04:11:34,CHECKOUT_ABANDONMENT,1432.19,RECOVERY_REMINDER,1432.19,ALTERNATIVE_PAYMENT,1432.19,0.0,False
EVT_00001343,2026-08-06 05:59:48,CHECKOUT_ABANDONMENT,2049.94,RECOVERY_REMINDER,0.0,ALTERNATIVE_PAYMENT,2049.94,2049.94,False
EVT_00005199,2026-08-06 06:06:06,PAYMENT_FAILURE,1816.57,RETRY_LATER,1816.57,ALTERNATIVE_PAYMENT,1816.57,0.0,False
EVT_00003018,2026-08-06 06:31:39,SUBSCRIPTION_FAILURE,2705.85,RECOVERY_REMINDER,2705.85,ALTERNATIVE_PAYMENT,2705.85,0.0,False
EVT_00008919,2026-08-06 06:42:23,CHECKOUT_ABANDONMENT,9873.72,RECOVERY_REMINDER,0.0,ALTERNATIVE_PAYMENT,9873.72,9873.72,False
EVT_00009097,2026-08-06 07:27:57,CHECKOUT_ABANDONMENT,5942.49,RECOVERY_REMINDER,5942.49,ALTERNATIVE_PAYMENT,5942.49,0.0,False
EVT_00006478,2026-08-06 08:04:13,PAYMENT_FAILURE,629.43,ALTERNATIVE_PAYMENT,0.0,ALTERNATIVE_PAYMENT,0.0,0.0,True
EVT_00007647,2026-08-06 08:11:06,PAYMENT_FAILURE,7544.99,ALTERNATIVE_PAYMENT,0.0,HUMAN_ESCALATION,7544.99,7544.99,False
EVT_00002315,2026-08-06 08:49:38,PAYMENT_FAILURE,2750.15,ALTERNATIVE_PAYMENT,0.0,ALTERNATIVE_PAYMENT,0.0,0.0,True
EVT_00001262,2026-08-06 08:54:31,PAYMENT_FAILURE,2145.28,ALTERNATIVE_PAYMENT,0.0,RETRY_LATER,2145.28,2145.28,False
EVT_00009179,2026-08-06 08:55:12,CHECKOUT_ABANDONMENT,15152.26,RECOVERY_REMINDER,15152.26,ALTERNATIVE_PAYMENT,15152.26,0.0,False
EVT_00008987,2026-08-06 09:26:42,PAYMENT_FAILURE,4815.62,RETRY_LATER,4815.62,ALTERNATIVE_PAYMENT,4815.62,0.0,False
EVT_00000299,2026-08-06 09:28:45,PAYMENT_FAILURE,4674.0,RETRY_LATER,0.0,RECOVERY_REMINDER,4674.0,4674.0,False
EVT_00001222,2026-08-06 09:53:21,PAYMENT_FAILURE,2277.25,ALTERNATIVE_PAYMENT,0.0,ALTERNATIVE_PAYMENT,0.0,0.0,True
EVT_00006759,2026-08-06 10:34:22,PAYMENT_FAILURE,7226.17,ALTERNATIVE_PAYMENT,0.0,RECOVERY_REMINDER,7226.17,7226.17,False
EVT_00007004,2026-08-06 11:39:16,SUBSCRIPTION_FAILURE,5829.75,RECOVERY_REMINDER,5829.75,ALTERNATIVE_PAYMENT,5829.75,0.0,False
EVT_00002844,2026-08-06 12:16:52,CHECKOUT_ABANDONMENT,11102.7,RECOVERY_REMINDER,11102.7,ALTERNATIVE_PAYMENT,11102.7,0.0,False
EVT_00007467,2026-08-06 13:12:21,SUBSCRIPTION_FAILURE,22557.41,RECOVERY_REMINDER,0.0,ALTERNATIVE_PAYMENT,0.0,0.0,False
EVT_00009853,2026-08-06 13:13:41,PAYMENT_FAILURE,1224.52,ALTERNATIVE_PAYMENT,1224.52,ALTERNATIVE_PAYMENT,1224.52,0.0,True
EVT_00000527,2026-08-06 14:01:44,PAYMENT_FAILURE,6567.81,RETRY_LATER,0.0,ALTERNATIVE_PAYMENT,6567.81,6567.81,False
EVT_00008150,2026-08-06 15:05:38,CHECKOUT_ABANDONMENT,6971.67,RECOVERY_REMINDER,6971.67,ALTERNATIVE_PAYMENT,6971.67,0.0,False
EVT_00006804,2026-08-06 20:18:14,PAYMENT_FAILURE,1845.5,ALTERNATIVE_PAYMENT,0.0,RECOVERY_REMINDER,1845.5,1845.5,False
EVT_00003149,2026-08-06 20:21:44,PAYMENT_FAILURE,6531.85,RETRY_LATER,6531.85,RETRY_LATER,6531.85,0.0,True
EVT_00002434,2026-08-06 21:14:48,CHECKOUT_ABANDONMENT,11244.21,RECOVERY_REMINDER,11244.21,ALTERNATIVE_PAYMENT,11244.21,0.0,False
EVT_00003219,2026-08-06 22:21:59,PAYMENT_FAILURE,2596.16,ALTERNATIVE_PAYMENT,2596.16,ALTERNATIVE_PAYMENT,2596.16,0.0,True
EVT_00003414,2026-08-06 22:40:01,PAYMENT_FAILURE,1940.63,ALTERNATIVE_PAYMENT,0.0,HUMAN_ESCALATION,1940.63,1940.63,False
EVT_00009769,2026-08-06 23:10:19,PAYMENT_FAILURE,2499.91,ALTERNATIVE_PAYMENT,2499.91,ALTERNATIVE_PAYMENT,2499.91,0.0,True
EVT_00002875,2026-08-06 23:33:35,PAYMENT_FAILURE,2067.2,ALTERNATIVE_PAYMENT,2067.2,ALTERNATIVE_PAYMENT,2067.2,0.0,True
EVT_00000036,2026-08-06 23:35:10,PAYMENT_FAILURE,1038.63,ALTERNATIVE_PAYMENT,1038.63,ALTERNATIVE_PAYMENT,1038.63,0.0,True
EVT_00004471,2026-08-07 00:47:51,SUBSCRIPTION_FAILURE,9067.23,RECOVERY_REMINDER,0.0,ALTERNATIVE_PAYMENT,0.0,0.0,False
EVT_00008769,2026-08-07 01:10:38,PAYMENT_FAILURE,14058.28,ALTERNATIVE_PAYMENT,14058.28,ALTERNATIVE_PAYMENT,14058.28,0.0,True
EVT_00005170,2026-08-07 01:12:22,PAYMENT_FAILURE,3042.39,ALTERNATIVE_PAYMENT,0.0,HUMAN_ESCALATION,3042.39,3042.39,False
EVT_00005329,2026-08-07 01:39:35,PAYMENT_FAILURE,2949.58,ALTERNATIVE_PAYMENT,0.0,ALTERNATIVE_PAYMENT,0.0,0.0,True
EVT_00003381,2026-08-07 02:44:07,PAYMENT_FAILURE,4490.77,RETRY_LATER,4490.77,ALTERNATIVE_PAYMENT,4490.77,0.0,False
EVT_00002052,2026-08-07 02:46:07,PAYMENT_FAILURE,2008.68,RETRY_LATER,2008.68,ALTERNATIVE_PAYMENT,2008.68,0.0,False
EVT_00007064,2026-08-07 02:53:35,PAYMENT_FAILURE,13108.85,RETRY_LATER,13108.85,ALTERNATIVE_PAYMENT,13108.85,0.0,False
EVT_00002071,2026-08-07 03:21:26,PAYMENT_FAILURE,2413.11,ALTERNATIVE_PAYMENT,0.0,RECOVERY_REMINDER,2413.11,2413.11,False
EVT_00004053,2026-08-07 03:29:16,PAYMENT_FAILURE,1388.47,RETRY_LATER,0.0,RECOVERY_REMINDER,1388.47,1388.47,False
EVT_00002313,2026-08-07 03:51:38,PAYMENT_FAILURE,4906.83,ALTERNATIVE_PAYMENT,4906.83,ALTERNATIVE_PAYMENT,4906.83,0.0,True
EVT_00003278,2026-08-07 04:20:49,PAYMENT_FAILURE,3929.66,ALTERNATIVE_PAYMENT,0.0,RECOVERY_REMINDER,3929.66,3929.66,False
EVT_00002507,2026-08-07 05:06:20,SUBSCRIPTION_FAILURE,4834.08,RECOVERY_REMINDER,0.0,RETRY_LATER,4834.08,4834.08,False
EVT_00009701,2026-08-07 05:34:10,CHECKOUT_ABANDONMENT,3116.07,RECOVERY_REMINDER,3116.07,ALTERNATIVE_PAYMENT,3116.07,0.0,False
EVT_00000928,2026-08-07 06:32:58,PAYMENT_FAILURE,6433.57,RETRY_LATER,6433.57,ALTERNATIVE_PAYMENT,6433.57,0.0,False
EVT_00005780,2026-08-07 06:36:40,CHECKOUT_ABANDONMENT,4344.81,RECOVERY_REMINDER,4344.81,ALTERNATIVE_PAYMENT,4344.81,0.0,False
EVT_00002102,2026-08-07 06:43:14,PAYMENT_FAILURE,9247.69,ALTERNATIVE_PAYMENT,0.0,ALTERNATIVE_PAYMENT,0.0,0.0,True
EVT_00000935,2026-08-07 07:18:08,SUBSCRIPTION_FAILURE,7850.41,RECOVERY_REMINDER,0.0,RETRY_LATER,7850.41,7850.41,False
EVT_00008912,2026-08-07 08:05:52,PAYMENT_FAILURE,4817.32,RETRY_LATER,4817.32,ALTERNATIVE_PAYMENT,4817.32,0.0,False
EVT_00000091,2026-08-07 09:31:38,PAYMENT_FAILURE,9947.8,ALTERNATIVE_PAYMENT,9947.8,ALTERNATIVE_PAYMENT,9947.8,0.0,True
EVT_00006747,2026-08-07 09:37:49,PAYMENT_FAILURE,4919.68,ALTERNATIVE_PAYMENT,4919.68,ALTERNATIVE_PAYMENT,4919.68,0.0,True
EVT_00003210,2026-08-07 10:06:58,PAYMENT_FAILURE,17573.93,RETRY_LATER,0.0,ALTERNATIVE_PAYMENT,17573.93,17573.93,False
EVT_00008110,2026-08-07 10:25:07,PAYMENT_FAILURE,1404.15,ALTERNATIVE_PAYMENT,1404.15,ALTERNATIVE_PAYMENT,1404.15,0.0,True
EVT_00002710,2026-08-07 11:33:59,CHECKOUT_ABANDONMENT,2909.83,RECOVERY_REMINDER,2909.83,ALTERNATIVE_PAYMENT,2909.83,0.0,False
EVT_00005228,2026-08-07 12:55:59,PAYMENT_FAILURE,4005.92,ALTERNATIVE_PAYMENT,4005.92,ALTERNATIVE_PAYMENT,4005.92,0.0,True
EVT_00000192,2026-08-07 13:37:01,PAYMENT_FAILURE,9264.34,ALTERNATIVE_PAYMENT,9264.34,ALTERNATIVE_PAYMENT,9264.34,0.0,True
EVT_00007616,2026-08-07 14:45:25,CHECKOUT_ABANDONMENT,1859.84,RECOVERY_REMINDER,1859.84,RECOVERY_REMINDER,1859.84,0.0,True
EVT_00001482,2026-08-07 15:37:08,PAYMENT_FAILURE,7283.71,ALTERNATIVE_PAYMENT,0.0,RECOVERY_REMINDER,7283.71,7283.71,False
EVT_00002772,2026-08-07 16:08:00,PAYMENT_FAILURE,26009.0,ALTERNATIVE_PAYMENT,26009.0,ALTERNATIVE_PAYMENT,26009.0,0.0,True
EVT_00005429,2026-08-07 16:15:00,SUBSCRIPTION_FAILURE,3257.34,RECOVERY_REMINDER,3257.34,ALTERNATIVE_PAYMENT,3257.34,0.0,False
EVT_00006783,2026-08-07 16:45:27,PAYMENT_FAILURE,2199.6,ALTERNATIVE_PAYMENT,0.0,HUMAN_ESCALATION,2199.6,2199.6,False
EVT_00004808,2026-08-07 16:53:33,CHECKOUT_ABANDONMENT,3973.23,RECOVERY_REMINDER,3973.23,ALTERNATIVE_PAYMENT,3973.23,0.0,False
EVT_00004294,2026-08-07 16:55:32,PAYMENT_FAILURE,4154.01,ALTERNATIVE_PAYMENT,0.0,HUMAN_ESCALATION,4154.01,4154.01,False
EVT_00008541,2026-08-07 17:00:43,CHECKOUT_ABANDONMENT,924.56,RECOVERY_REMINDER,0.0,ALTERNATIVE_PAYMENT,0.0,0.0,False
EVT_00000975,2026-08-07 17:45:59,PAYMENT_FAILURE,1395.97,ALTERNATIVE_PAYMENT,0.0,ALTERNATIVE_PAYMENT,0.0,0.0,True
EVT_00004133,2026-08-07 18:12:22,PAYMENT_FAILURE,12256.85,RETRY_LATER,12256.85,ALTERNATIVE_PAYMENT,12256.85,0.0,False
EVT_00008166,2026-08-07 18:56:48,PAYMENT_FAILURE,1989.61,ALTERNATIVE_PAYMENT,1989.61,ALTERNATIVE_PAYMENT,1989.61,0.0,True
EVT_00002766,2026-08-07 19:11:32,PAYMENT_FAILURE,1799.06,RETRY_LATER,0.0,ALTERNATIVE_PAYMENT,1799.06,1799.06,False
EVT_00001264,2026-08-07 19:34:36,SUBSCRIPTION_FAILURE,1917.03,RECOVERY_REMINDER,0.0,ALTERNATIVE_PAYMENT,1917.03,1917.03,False
EVT_00003633,2026-08-07 19:38:04,PAYMENT_FAILURE,1915.97,ALTERNATIVE_PAYMENT,0.0,ALTERNATIVE_PAYMENT,0.0,0.0,True
EVT_00000869,2026-08-07 20:16:01,CHECKOUT_ABANDONMENT,1737.04,RECOVERY_REMINDER,0.0,RETRY_LATER,1737.04,1737.04,False
EVT_00003957,2026-08-07 21:51:22,PAYMENT_FAILURE,2807.5,ALTERNATIVE_PAYMENT,0.0,RECOVERY_REMINDER,2807.5,2807.5,False
EVT_00003133,2026-08-07 22:40:59,PAYMENT_FAILURE,7286.38,ALTERNATIVE_PAYMENT,7286.38,ALTERNATIVE_PAYMENT,7286.38,0.0,True
EVT_00005020,2026-08-07 22:54:09,PAYMENT_FAILURE,28963.06,ALTERNATIVE_PAYMENT,28963.06,ALTERNATIVE_PAYMENT,28963.06,0.0,True
EVT_00006709,2026-08-07 23:59:11,CHECKOUT_ABANDONMENT,1544.75,RECOVERY_REMINDER,1544.75,RECOVERY_REMINDER,1544.75,0.0,True
EVT_00007820,2026-08-08 01:58:45,PAYMENT_FAILURE,16001.73,ALTERNATIVE_PAYMENT,0.0,ALTERNATIVE_PAYMENT,0.0,0.0,True
EVT_00006779,2026-08-08 02:10:58,PAYMENT_FAILURE,36795.59,HUMAN_ESCALATION,0.0,ALTERNATIVE_PAYMENT,36795.59,36795.59,False
EVT_00000088,2026-08-08 02:11:45,PAYMENT_FAILURE,1591.4,RETRY_LATER,1591.4,ALTERNATIVE_PAYMENT,1591.4,0.0,False
EVT_00008413,2026-08-08 02:44:55,PAYMENT_FAILURE,5472.3,ALTERNATIVE_PAYMENT,0.0,ALTERNATIVE_PAYMENT,0.0,0.0,True
EVT_00004498,2026-08-08 03:17:45,PAYMENT_FAILURE,5289.51,RETRY_LATER,5289.51,ALTERNATIVE_PAYMENT,5289.51,0.0,False
EVT_00002849,2026-08-08 04:03:21,PAYMENT_FAILURE,9005.19,ALTERNATIVE_PAYMENT,9005.19,ALTERNATIVE_PAYMENT,9005.19,0.0,True
EVT_00001300,2026-08-08 04:19:57,PAYMENT_FAILURE,2808.28,ALTERNATIVE_PAYMENT,2808.28,ALTERNATIVE_PAYMENT,2808.28,0.0,True
EVT_00004902,2026-08-08 06:25:12,PAYMENT_FAILURE,3227.09,ALTERNATIVE_PAYMENT,0.0,ALTERNATIVE_PAYMENT,0.0,0.0,True
EVT_00002456,2026-08-08 06:30:39,PAYMENT_FAILURE,1794.51,RETRY_LATER,1794.51,ALTERNATIVE_PAYMENT,1794.51,0.0,False
EVT_00000854,2026-08-08 06:36:39,CHECKOUT_ABANDONMENT,9062.97,RECOVERY_REMINDER,9062.97,ALTERNATIVE_PAYMENT,9062.97,0.0,False
EVT_00001464,2026-08-08 07:36:13,CHECKOUT_ABANDONMENT,1607.6,RECOVERY_REMINDER,1607.6,ALTERNATIVE_PAYMENT,1607.6,0.0,False
EVT_00006035,2026-08-08 07:44:54,PAYMENT_FAILURE,12000.02,ALTERNATIVE_PAYMENT,12000.02,ALTERNATIVE_PAYMENT,12000.02,0.0,True
EVT_00007372,2026-08-08 08:23:33,PAYMENT_FAILURE,3375.64,ALTERNATIVE_PAYMENT,3375.64,ALTERNATIVE_PAYMENT,3375.64,0.0,True
EVT_00001035,2026-08-08 08:43:51,CHECKOUT_ABANDONMENT,529.43,RECOVERY_REMINDER,529.43,RECOVERY_REMINDER,529.43,0.0,True
EVT_00009429,2026-08-08 08:49:22,PAYMENT_FAILURE,6391.17,ALTERNATIVE_PAYMENT,0.0,ALTERNATIVE_PAYMENT,0.0,0.0,True
EVT_00007845,2026-08-08 09:07:25,CHECKOUT_ABANDONMENT,4743.14,RECOVERY_REMINDER,4743.14,ALTERNATIVE_PAYMENT,4743.14,0.0,False
EVT_00005267,2026-08-08 09:13:44,CHECKOUT_ABANDONMENT,3716.67,RECOVERY_REMINDER,3716.67,ALTERNATIVE_PAYMENT,3716.67,0.0,False
EVT_00000399,2026-08-08 09:48:39,CHECKOUT_ABANDONMENT,3885.6,RECOVERY_REMINDER,3885.6,ALTERNATIVE_PAYMENT,3885.6,0.0,False
EVT_00009928,2026-08-08 10:06:49,PAYMENT_FAILURE,7947.0,ALTERNATIVE_PAYMENT,0.0,RECOVERY_REMINDER,7947.0,7947.0,False
EVT_00009962,2026-08-08 10:53:29,SUBSCRIPTION_FAILURE,3661.72,RECOVERY_REMINDER,3661.72,RECOVERY_REMINDER,3661.72,0.0,True
EVT_00003388,2026-08-08 11:06:12,CHECKOUT_ABANDONMENT,9290.19,RECOVERY_REMINDER,0.0,RETRY_LATER,9290.19,9290.19,False
EVT_00003136,2026-08-08 11:09:28,PAYMENT_FAILURE,3932.33,RETRY_LATER,0.0,HUMAN_ESCALATION,3932.33,3932.33,False
EVT_00005412,2026-08-08 11:09:30,CHECKOUT_ABANDONMENT,1875.16,RECOVERY_REMINDER,1875.16,ALTERNATIVE_PAYMENT,1875.16,0.0,False
EVT_00007473,2026-08-08 11:09:54,CHECKOUT_ABANDONMENT,1148.19,RECOVERY_REMINDER,0.0,ALTERNATIVE_PAYMENT,1148.19,1148.19,False
EVT_00005391,2026-08-08 11:14:50,SUBSCRIPTION_FAILURE,842.41,RECOVERY_REMINDER,0.0,ALTERNATIVE_PAYMENT,0.0,0.0,False
EVT_00000254,2026-08-08 11:26:44,PAYMENT_FAILURE,1302.17,ALTERNATIVE_PAYMENT,1302.17,ALTERNATIVE_PAYMENT,1302.17,0.0,True
EVT_00009450,2026-08-08 12:11:48,PAYMENT_FAILURE,4103.08,RETRY_LATER,0.0,RECOVERY_REMINDER,4103.08,4103.08,False
EVT_00004539,2026-08-08 12:42:58,CHECKOUT_ABANDONMENT,10613.54,RECOVERY_REMINDER,10613.54,ALTERNATIVE_PAYMENT,10613.54,0.0,False
EVT_00004634,2026-08-08 12:50:20,SUBSCRIPTION_FAILURE,1727.11,RECOVERY_REMINDER,0.0,ALTERNATIVE_PAYMENT,1727.11,1727.11,False
EVT_00001910,2026-08-08 13:27:57,CHECKOUT_ABANDONMENT,18307.96,RECOVERY_REMINDER,18307.96,ALTERNATIVE_PAYMENT,18307.96,0.0,False
EVT_00001529,2026-08-08 13:56:23,CHECKOUT_ABANDONMENT,14700.02,RECOVERY_REMINDER,14700.02,ALTERNATIVE_PAYMENT,14700.02,0.0,False
EVT_00007752,2026-08-08 14:51:43,PAYMENT_FAILURE,18152.8,HUMAN_ESCALATION,0.0,ALTERNATIVE_PAYMENT,18152.8,18152.8,False
EVT_00002150,2026-08-08 15:28:49,PAYMENT_FAILURE,52028.64,ALTERNATIVE_PAYMENT,52028.64,ALTERNATIVE_PAYMENT,52028.64,0.0,True
EVT_00000698,2026-08-08 15:32:50,PAYMENT_FAILURE,36193.4,ALTERNATIVE_PAYMENT,0.0,RECOVERY_REMINDER,36193.4,36193.4,False
EVT_00008498,2026-08-08 15:48:19,PAYMENT_FAILURE,20599.36,HUMAN_ESCALATION,0.0,RECOVERY_REMINDER,20599.36,20599.36,False
EVT_00002450,2026-08-08 16:10:57,CHECKOUT_ABANDONMENT,3295.16,RECOVERY_REMINDER,3295.16,ALTERNATIVE_PAYMENT,3295.16,0.0,False
EVT_00006886,2026-08-08 16:19:05,SUBSCRIPTION_FAILURE,2455.09,RECOVERY_REMINDER,0.0,HUMAN_ESCALATION,2455.09,2455.09,False
EVT_00003004,2026-08-08 17:00:05,PAYMENT_FAILURE,617.88,RETRY_LATER,617.88,RECOVERY_REMINDER,617.88,0.0,False
EVT_00001100,2026-08-08 17:57:52,PAYMENT_FAILURE,6593.31,ALTERNATIVE_PAYMENT,0.0,ALTERNATIVE_PAYMENT,0.0,0.0,True
EVT_00008462,2026-08-08 18:02:13,PAYMENT_FAILURE,4354.89,ALTERNATIVE_PAYMENT,4354.89,ALTERNATIVE_PAYMENT,4354.89,0.0,True
EVT_00005604,2026-08-08 18:20:23,CHECKOUT_ABANDONMENT,4404.23,RECOVERY_REMINDER,4404.23,ALTERNATIVE_PAYMENT,4404.23,0.0,False
EVT_00003869,2026-08-08 18:27:02,PAYMENT_FAILURE,27035.33,ALTERNATIVE_PAYMENT,27035.33,ALTERNATIVE_PAYMENT,27035.33,0.0,True
EVT_00003602,2026-08-08 18:44:54,PAYMENT_FAILURE,14112.9,RETRY_LATER,14112.9,RECOVERY_REMINDER,14112.9,0.0,False
EVT_00002499,2026-08-08 19:37:08,CHECKOUT_ABANDONMENT,12937.09,RECOVERY_REMINDER,12937.09,RECOVERY_REMINDER,12937.09,0.0,True
EVT_00003109,2026-08-08 19:47:32,SUBSCRIPTION_FAILURE,4022.23,RECOVERY_REMINDER,4022.23,ALTERNATIVE_PAYMENT,4022.23,0.0,False
EVT_00006314,2026-08-08 20:32:06,PAYMENT_FAILURE,1552.81,ALTERNATIVE_PAYMENT,0.0,ALTERNATIVE_PAYMENT,0.0,0.0,True
EVT_00004235,2026-08-08 21:15:23,CHECKOUT_ABANDONMENT,3754.02,RECOVERY_REMINDER,0.0,ALTERNATIVE_PAYMENT,3754.02,3754.02,False
EVT_00004659,2026-08-08 21:53:09,PAYMENT_FAILURE,8096.14,ALTERNATIVE_PAYMENT,8096.14,ALTERNATIVE_PAYMENT,8096.14,0.0,True
EVT_00001798,2026-08-08 21:59:35,SUBSCRIPTION_FAILURE,3863.27,RECOVERY_REMINDER,0.0,RETRY_LATER,3863.27,3863.27,False
EVT_00001542,2026-08-08 23:10:31,CHECKOUT_ABANDONMENT,34275.18,RECOVERY_REMINDER,34275.18,RECOVERY_REMINDER,34275.18,0.0,True
EVT_00007312,2026-08-08 23:46:49,SUBSCRIPTION_FAILURE,4891.04,RECOVERY_REMINDER,0.0,ALTERNATIVE_PAYMENT,4891.04,4891.04,False
EVT_00005695,2026-08-09 01:14:35,CHECKOUT_ABANDONMENT,6517.36,RECOVERY_REMINDER,6517.36,ALTERNATIVE_PAYMENT,6517.36,0.0,False
EVT_00009863,2026-08-09 01:21:42,PAYMENT_FAILURE,6347.36,ALTERNATIVE_PAYMENT,6347.36,ALTERNATIVE_PAYMENT,6347.36,0.0,True
EVT_00000739,2026-08-09 01:58:52,PAYMENT_FAILURE,1492.09,ALTERNATIVE_PAYMENT,1492.09,ALTERNATIVE_PAYMENT,1492.09,0.0,True
EVT_00007760,2026-08-09 02:23:39,PAYMENT_FAILURE,16298.1,ALTERNATIVE_PAYMENT,16298.1,ALTERNATIVE_PAYMENT,16298.1,0.0,True
EVT_00001165,2026-08-09 02:29:03,SUBSCRIPTION_FAILURE,8590.33,RECOVERY_REMINDER,0.0,ALTERNATIVE_PAYMENT,0.0,0.0,False
EVT_00003690,2026-08-09 02:47:56,CHECKOUT_ABANDONMENT,3189.78,RECOVERY_REMINDER,3189.78,ALTERNATIVE_PAYMENT,3189.78,0.0,False
EVT_00009254,2026-08-09 05:10:07,PAYMENT_FAILURE,4554.91,ALTERNATIVE_PAYMENT,0.0,ALTERNATIVE_PAYMENT,0.0,0.0,True
EVT_00004155,2026-08-09 05:13:30,PAYMENT_FAILURE,6742.12,RETRY_LATER,0.0,ALTERNATIVE_PAYMENT,0.0,0.0,False
EVT_00006630,2026-08-09 05:28:35,PAYMENT_FAILURE,4102.03,ALTERNATIVE_PAYMENT,0.0,RECOVERY_REMINDER,4102.03,4102.03,False
EVT_00006692,2026-08-09 06:43:43,PAYMENT_FAILURE,5197.65,ALTERNATIVE_PAYMENT,0.0,ALTERNATIVE_PAYMENT,0.0,0.0,True
EVT_00008886,2026-08-09 06:54:38,PAYMENT_FAILURE,2888.9,RETRY_LATER,0.0,ALTERNATIVE_PAYMENT,0.0,0.0,False
EVT_00001652,2026-08-09 07:35:00,PAYMENT_FAILURE,10712.75,ALTERNATIVE_PAYMENT,10712.75,ALTERNATIVE_PAYMENT,10712.75,0.0,True
EVT_00000215,2026-08-09 07:39:41,PAYMENT_FAILURE,8106.52,ALTERNATIVE_PAYMENT,8106.52,ALTERNATIVE_PAYMENT,8106.52,0.0,True
EVT_00003936,2026-08-09 07:56:24,CHECKOUT_ABANDONMENT,14618.31,RECOVERY_REMINDER,14618.31,ALTERNATIVE_PAYMENT,14618.31,0.0,False
EVT_00008594,2026-08-09 08:09:38,PAYMENT_FAILURE,983.97,ALTERNATIVE_PAYMENT,0.0,ALTERNATIVE_PAYMENT,0.0,0.0,True
EVT_00004125,2026-08-09 08:18:22,SUBSCRIPTION_FAILURE,13554.49,RECOVERY_REMINDER,13554.49,RECOVERY_REMINDER,13554.49,0.0,True
EVT_00000983,2026-08-09 08:19:17,PAYMENT_FAILURE,1565.45,RETRY_LATER,0.0,HUMAN_ESCALATION,1565.45,1565.45,False
EVT_00005897,2026-08-09 08:39:24,PAYMENT_FAILURE,2999.11,ALTERNATIVE_PAYMENT,0.0,ALTERNATIVE_PAYMENT,0.0,0.0,True
EVT_00006351,2026-08-09 08:47:53,PAYMENT_FAILURE,6924.8,ALTERNATIVE_PAYMENT,6924.8,ALTERNATIVE_PAYMENT,6924.8,0.0,True
EVT_00005896,2026-08-09 08:58:26,CHECKOUT_ABANDONMENT,5135.34,RECOVERY_REMINDER,0.0,ALTERNATIVE_PAYMENT,5135.34,5135.34,False
EVT_00002398,2026-08-09 09:12:13,PAYMENT_FAILURE,5596.72,RETRY_LATER,5596.72,ALTERNATIVE_PAYMENT,5596.72,0.0,False
EVT_00005264,2026-08-09 09:31:35,CHECKOUT_ABANDONMENT,8537.8,RECOVERY_REMINDER,8537.8,ALTERNATIVE_PAYMENT,8537.8,0.0,False
EVT_00008095,2026-08-09 10:09:38,PAYMENT_FAILURE,4670.65,ALTERNATIVE_PAYMENT,4670.65,ALTERNATIVE_PAYMENT,4670.65,0.0,True
EVT_00005823,2026-08-09 10:56:21,PAYMENT_FAILURE,5705.42,RETRY_LATER,5705.42,RECOVERY_REMINDER,5705.42,0.0,False
EVT_00006915,2026-08-09 11:21:14,PAYMENT_FAILURE,1229.26,ALTERNATIVE_PAYMENT,0.0,HUMAN_ESCALATION,1229.26,1229.26,False
EVT_00004707,2026-08-09 11:53:43,PAYMENT_FAILURE,5451.41,ALTERNATIVE_PAYMENT,5451.41,ALTERNATIVE_PAYMENT,5451.41,0.0,True
EVT_00008355,2026-08-09 12:28:35,PAYMENT_FAILURE,15160.0,ALTERNATIVE_PAYMENT,15160.0,ALTERNATIVE_PAYMENT,15160.0,0.0,True
EVT_00002871,2026-08-09 12:34:47,PAYMENT_FAILURE,3360.17,ALTERNATIVE_PAYMENT,3360.17,ALTERNATIVE_PAYMENT,3360.17,0.0,True
EVT_00007204,2026-08-09 12:59:26,PAYMENT_FAILURE,1729.43,ALTERNATIVE_PAYMENT,0.0,ALTERNATIVE_PAYMENT,0.0,0.0,True
EVT_00006659,2026-08-09 13:48:23,PAYMENT_FAILURE,8356.37,ALTERNATIVE_PAYMENT,0.0,ALTERNATIVE_PAYMENT,0.0,0.0,True
EVT_00000847,2026-08-09 14:00:13,CHECKOUT_ABANDONMENT,24952.23,RECOVERY_REMINDER,24952.23,ALTERNATIVE_PAYMENT,24952.23,0.0,False
EVT_00001456,2026-08-09 14:22:36,PAYMENT_FAILURE,2403.93,ALTERNATIVE_PAYMENT,0.0,ALTERNATIVE_PAYMENT,0.0,0.0,True
EVT_00002744,2026-08-09 15:22:19,CHECKOUT_ABANDONMENT,3152.0,RECOVERY_REMINDER,0.0,ALTERNATIVE_PAYMENT,0.0,0.0,False
EVT_00005698,2026-08-09 17:11:26,PAYMENT_FAILURE,19560.34,ALTERNATIVE_PAYMENT,0.0,ALTERNATIVE_PAYMENT,0.0,0.0,True
EVT_00003638,2026-08-09 17:12:09,PAYMENT_FAILURE,1784.73,ALTERNATIVE_PAYMENT,0.0,ALTERNATIVE_PAYMENT,0.0,0.0,True
EVT_00006650,2026-08-09 17:29:27,PAYMENT_FAILURE,2157.8,ALTERNATIVE_PAYMENT,0.0,ALTERNATIVE_PAYMENT,0.0,0.0,True
EVT_00002798,2026-08-09 17:48:47,CHECKOUT_ABANDONMENT,3186.35,RECOVERY_REMINDER,3186.35,ALTERNATIVE_PAYMENT,3186.35,0.0,False
EVT_00002537,2026-08-09 17:56:06,SUBSCRIPTION_FAILURE,416.98,RECOVERY_REMINDER,416.98,RECOVERY_REMINDER,416.98,0.0,True
EVT_00008370,2026-08-09 17:57:36,PAYMENT_FAILURE,1635.1,ALTERNATIVE_PAYMENT,1635.1,ALTERNATIVE_PAYMENT,1635.1,0.0,True
EVT_00000082,2026-08-09 19:28:31,PAYMENT_FAILURE,22272.71,ALTERNATIVE_PAYMENT,22272.71,ALTERNATIVE_PAYMENT,22272.71,0.0,True
EVT_00009921,2026-08-09 19:42:53,CHECKOUT_ABANDONMENT,3204.58,RECOVERY_REMINDER,3204.58,RECOVERY_REMINDER,3204.58,0.0,True
EVT_00000830,2026-08-09 20:11:44,PAYMENT_FAILURE,7518.66,RETRY_LATER,7518.66,ALTERNATIVE_PAYMENT,7518.66,0.0,False
EVT_00009739,2026-08-09 21:34:26,CHECKOUT_ABANDONMENT,6404.11,RECOVERY_REMINDER,6404.11,ALTERNATIVE_PAYMENT,6404.11,0.0,False
EVT_00008286,2026-08-09 21:48:46,PAYMENT_FAILURE,15675.35,ALTERNATIVE_PAYMENT,0.0,RETRY_LATER,15675.35,15675.35,False
EVT_00006698,2026-08-09 21:55:20,PAYMENT_FAILURE,7413.28,ALTERNATIVE_PAYMENT,7413.28,ALTERNATIVE_PAYMENT,7413.28,0.0,True
EVT_00004142,2026-08-09 22:00:44,SUBSCRIPTION_FAILURE,9524.93,RECOVERY_REMINDER,9524.93,ALTERNATIVE_PAYMENT,9524.93,0.0,False
EVT_00003462,2026-08-09 22:03:31,SUBSCRIPTION_FAILURE,9734.54,RECOVERY_REMINDER,9734.54,RECOVERY_REMINDER,9734.54,0.0,True
EVT_00005077,2026-08-09 22:17:13,PAYMENT_FAILURE,5797.34,ALTERNATIVE_PAYMENT,0.0,ALTERNATIVE_PAYMENT,0.0,0.0,True
EVT_00009073,2026-08-09 22:18:09,PAYMENT_FAILURE,5040.91,RETRY_LATER,0.0,ALTERNATIVE_PAYMENT,5040.91,5040.91,False
EVT_00004747,2026-08-09 22:55:06,CHECKOUT_ABANDONMENT,4882.0,RECOVERY_REMINDER,4882.0,RECOVERY_REMINDER,4882.0,0.0,True
EVT_00006525,2026-08-09 23:38:51,PAYMENT_FAILURE,6313.9,ALTERNATIVE_PAYMENT,6313.9,ALTERNATIVE_PAYMENT,6313.9,0.0,True
EVT_00007085,2026-08-10 00:27:06,PAYMENT_FAILURE,3134.96,ALTERNATIVE_PAYMENT,0.0,ALTERNATIVE_PAYMENT,0.0,0.0,True
EVT_00003285,2026-08-10 00:29:54,SUBSCRIPTION_FAILURE,6083.08,RECOVERY_REMINDER,6083.08,RECOVERY_REMINDER,6083.08,0.0,True
EVT_00006551,2026-08-10 00:39:04,PAYMENT_FAILURE,2096.61,RETRY_LATER,0.0,ALTERNATIVE_PAYMENT,0.0,0.0,False
EVT_00009797,2026-08-10 01:36:34,PAYMENT_FAILURE,3212.11,RETRY_LATER,3212.11,ALTERNATIVE_PAYMENT,3212.11,0.0,False
EVT_00002530,2026-08-10 02:01:56,PAYMENT_FAILURE,10187.94,ALTERNATIVE_PAYMENT,10187.94,ALTERNATIVE_PAYMENT,10187.94,0.0,True
EVT_00002760,2026-08-10 02:26:31,PAYMENT_FAILURE,2253.99,ALTERNATIVE_PAYMENT,0.0,ALTERNATIVE_PAYMENT,0.0,0.0,True
EVT_00001861,2026-08-10 03:32:47,PAYMENT_FAILURE,3692.34,ALTERNATIVE_PAYMENT,0.0,ALTERNATIVE_PAYMENT,0.0,0.0,True
EVT_00005528,2026-08-10 04:25:42,CHECKOUT_ABANDONMENT,2191.33,RECOVERY_REMINDER,2191.33,ALTERNATIVE_PAYMENT,2191.33,0.0,False
EVT_00000353,2026-08-10 04:43:34,CHECKOUT_ABANDONMENT,5508.83,RECOVERY_REMINDER,5508.83,ALTERNATIVE_PAYMENT,5508.83,0.0,False
EVT_00005167,2026-08-10 05:25:41,SUBSCRIPTION_FAILURE,5293.9,RECOVERY_REMINDER,0.0,ALTERNATIVE_PAYMENT,5293.9,5293.9,False
EVT_00002254,2026-08-10 06:15:43,PAYMENT_FAILURE,9698.48,ALTERNATIVE_PAYMENT,0.0,RECOVERY_REMINDER,9698.48,9698.48,False
EVT_00007858,2026-08-10 06:51:08,PAYMENT_FAILURE,4616.12,RETRY_LATER,4616.12,RECOVERY_REMINDER,4616.12,0.0,False
EVT_00007676,2026-08-10 06:55:40,CHECKOUT_ABANDONMENT,2970.59,RECOVERY_REMINDER,0.0,ALTERNATIVE_PAYMENT,2970.59,2970.59,False
EVT_00009900,2026-08-10 08:43:42,PAYMENT_FAILURE,3874.53,ALTERNATIVE_PAYMENT,0.0,ALTERNATIVE_PAYMENT,0.0,0.0,True
EVT_00006896,2026-08-10 08:56:04,CHECKOUT_ABANDONMENT,21743.99,RECOVERY_REMINDER,21743.99,ALTERNATIVE_PAYMENT,21743.99,0.0,False
EVT_00008456,2026-08-10 08:56:37,PAYMENT_FAILURE,2934.93,ALTERNATIVE_PAYMENT,0.0,HUMAN_ESCALATION,2934.93,2934.93,False
EVT_00005038,2026-08-10 08:59:53,PAYMENT_FAILURE,4266.21,ALTERNATIVE_PAYMENT,0.0,ALTERNATIVE_PAYMENT,0.0,0.0,True
EVT_00008167,2026-08-10 09:13:40,PAYMENT_FAILURE,14023.17,RETRY_LATER,14023.17,ALTERNATIVE_PAYMENT,14023.17,0.0,False
EVT_00007635,2026-08-10 09:27:42,PAYMENT_FAILURE,10974.53,ALTERNATIVE_PAYMENT,0.0,ALTERNATIVE_PAYMENT,0.0,0.0,True
EVT_00005436,2026-08-10 09:45:18,PAYMENT_FAILURE,4466.18,ALTERNATIVE_PAYMENT,4466.18,ALTERNATIVE_PAYMENT,4466.18,0.0,True
EVT_00002756,2026-08-10 11:00:00,SUBSCRIPTION_FAILURE,4341.03,RECOVERY_REMINDER,4341.03,ALTERNATIVE_PAYMENT,4341.03,0.0,False
EVT_00004594,2026-08-10 11:27:43,PAYMENT_FAILURE,7472.44,ALTERNATIVE_PAYMENT,0.0,RECOVERY_REMINDER,7472.44,7472.44,False
EVT_00008396,2026-08-10 11:39:43,PAYMENT_FAILURE,10609.16,ALTERNATIVE_PAYMENT,0.0,RECOVERY_REMINDER,10609.16,10609.16,False
EVT_00001730,2026-08-10 12:42:32,CHECKOUT_ABANDONMENT,824.85,RECOVERY_REMINDER,824.85,ALTERNATIVE_PAYMENT,824.85,0.0,False
EVT_00007000,2026-08-10 13:39:41,CHECKOUT_ABANDONMENT,3186.09,RECOVERY_REMINDER,3186.09,ALTERNATIVE_PAYMENT,3186.09,0.0,False
EVT_00006141,2026-08-10 13:42:53,PAYMENT_FAILURE,8075.47,ALTERNATIVE_PAYMENT,8075.47,ALTERNATIVE_PAYMENT,8075.47,0.0,True
EVT_00009154,2026-08-10 14:56:45,PAYMENT_FAILURE,26474.5,RETRY_LATER,26474.5,RECOVERY_REMINDER,26474.5,0.0,False
EVT_00005712,2026-08-10 15:36:28,PAYMENT_FAILURE,5501.17,RETRY_LATER,5501.17,RETRY_LATER,5501.17,0.0,True
EVT_00007176,2026-08-10 16:10:30,PAYMENT_FAILURE,4319.4,ALTERNATIVE_PAYMENT,0.0,ALTERNATIVE_PAYMENT,0.0,0.0,True
EVT_00002930,2026-08-10 16:29:45,PAYMENT_FAILURE,6137.69,ALTERNATIVE_PAYMENT,0.0,ALTERNATIVE_PAYMENT,0.0,0.0,True
EVT_00009520,2026-08-10 17:15:09,PAYMENT_FAILURE,5805.53,ALTERNATIVE_PAYMENT,0.0,HUMAN_ESCALATION,5805.53,5805.53,False
EVT_00000455,2026-08-10 17:29:04,SUBSCRIPTION_FAILURE,7282.38,RECOVERY_REMINDER,0.0,ALTERNATIVE_PAYMENT,0.0,0.0,False
EVT_00005610,2026-08-10 18:42:56,SUBSCRIPTION_FAILURE,2835.32,RECOVERY_REMINDER,0.0,ALTERNATIVE_PAYMENT,0.0,0.0,False
EVT_00008806,2026-08-10 20:01:49,PAYMENT_FAILURE,5025.43,ALTERNATIVE_PAYMENT,0.0,RECOVERY_REMINDER,5025.43,5025.43,False
EVT_00006465,2026-08-10 20:02:53,PAYMENT_FAILURE,27975.18,ALTERNATIVE_PAYMENT,0.0,HUMAN_ESCALATION,27975.18,27975.18,False
EVT_00002526,2026-08-10 20:17:55,PAYMENT_FAILURE,7021.81,ALTERNATIVE_PAYMENT,0.0,ALTERNATIVE_PAYMENT,0.0,0.0,True
EVT_00000408,2026-08-10 20:32:17,SUBSCRIPTION_FAILURE,3083.8,RECOVERY_REMINDER,3083.8,RECOVERY_REMINDER,3083.8,0.0,True
EVT_00005540,2026-08-10 21:08:55,PAYMENT_FAILURE,395.91,RETRY_LATER,0.0,ALTERNATIVE_PAYMENT,0.0,0.0,False
EVT_00002333,2026-08-10 21:13:03,PAYMENT_FAILURE,1575.38,ALTERNATIVE_PAYMENT,0.0,HUMAN_ESCALATION,1575.38,1575.38,False
EVT_00004131,2026-08-10 21:13:31,SUBSCRIPTION_FAILURE,6677.38,RECOVERY_REMINDER,0.0,ALTERNATIVE_PAYMENT,0.0,0.0,False
EVT_00006962,2026-08-10 21:28:00,PAYMENT_FAILURE,6134.94,ALTERNATIVE_PAYMENT,0.0,ALTERNATIVE_PAYMENT,0.0,0.0,True
EVT_00009483,2026-08-10 23:04:15,PAYMENT_FAILURE,788.41,ALTERNATIVE_PAYMENT,0.0,RECOVERY_REMINDER,788.41,788.41,False
EVT_00009563,2026-08-10 23:54:41,CHECKOUT_ABANDONMENT,21356.51,RECOVERY_REMINDER,0.0,ALTERNATIVE_PAYMENT,21356.51,21356.51,False
EVT_00001451,2026-08-11 00:53:12,PAYMENT_FAILURE,8820.51,RETRY_LATER,8820.51,ALTERNATIVE_PAYMENT,8820.51,0.0,False
EVT_00002023,2026-08-11 01:02:29,CHECKOUT_ABANDONMENT,2434.85,RECOVERY_REMINDER,0.0,ALTERNATIVE_PAYMENT,2434.85,2434.85,False
EVT_00004153,2026-08-11 01:15:23,CHECKOUT_ABANDONMENT,1316.58,RECOVERY_REMINDER,1316.58,ALTERNATIVE_PAYMENT,1316.58,0.0,False
EVT_00007133,2026-08-11 01:23:09,PAYMENT_FAILURE,747.88,RETRY_LATER,0.0,ALTERNATIVE_PAYMENT,747.88,747.88,False
EVT_00005799,2026-08-11 01:26:11,PAYMENT_FAILURE,8958.92,ALTERNATIVE_PAYMENT,8958.92,ALTERNATIVE_PAYMENT,8958.92,0.0,True
EVT_00006714,2026-08-11 01:29:59,SUBSCRIPTION_FAILURE,1262.8,RECOVERY_REMINDER,0.0,ALTERNATIVE_PAYMENT,0.0,0.0,False
EVT_00008676,2026-08-11 01:44:03,CHECKOUT_ABANDONMENT,3884.47,RECOVERY_REMINDER,3884.47,ALTERNATIVE_PAYMENT,3884.47,0.0,False
EVT_00006134,2026-08-11 02:27:48,CHECKOUT_ABANDONMENT,2578.65,RECOVERY_REMINDER,2578.65,ALTERNATIVE_PAYMENT,2578.65,0.0,False
EVT_00006249,2026-08-11 03:33:50,PAYMENT_FAILURE,1292.07,ALTERNATIVE_PAYMENT,0.0,ALTERNATIVE_PAYMENT,0.0,0.0,True
EVT_00006230,2026-08-11 03:58:29,PAYMENT_FAILURE,17376.01,RETRY_LATER,17376.01,ALTERNATIVE_PAYMENT,17376.01,0.0,False
EVT_00000885,2026-08-11 04:53:43,SUBSCRIPTION_FAILURE,10156.77,RECOVERY_REMINDER,0.0,RETRY_LATER,10156.77,10156.77,False
EVT_00007405,2026-08-11 04:56:16,SUBSCRIPTION_FAILURE,6605.01,RECOVERY_REMINDER,6605.01,ALTERNATIVE_PAYMENT,6605.01,0.0,False
EVT_00009218,2026-08-11 05:05:05,PAYMENT_FAILURE,6130.44,ALTERNATIVE_PAYMENT,0.0,ALTERNATIVE_PAYMENT,0.0,0.0,True
EVT_00007855,2026-08-11 07:44:55,PAYMENT_FAILURE,63401.22,ALTERNATIVE_PAYMENT,63401.22,ALTERNATIVE_PAYMENT,63401.22,0.0,True
EVT_00006769,2026-08-11 07:47:14,PAYMENT_FAILURE,2529.95,ALTERNATIVE_PAYMENT,2529.95,ALTERNATIVE_PAYMENT,2529.95,0.0,True
EVT_00003594,2026-08-11 08:42:38,PAYMENT_FAILURE,5015.81,RETRY_LATER,0.0,ALTERNATIVE_PAYMENT,5015.81,5015.81,False
EVT_00006671,2026-08-11 10:09:49,PAYMENT_FAILURE,845.75,RETRY_LATER,845.75,ALTERNATIVE_PAYMENT,845.75,0.0,False
EVT_00002194,2026-08-11 10:53:15,PAYMENT_FAILURE,6374.7,ALTERNATIVE_PAYMENT,6374.7,ALTERNATIVE_PAYMENT,6374.7,0.0,True
EVT_00006361,2026-08-11 10:58:19,PAYMENT_FAILURE,11176.98,ALTERNATIVE_PAYMENT,0.0,ALTERNATIVE_PAYMENT,0.0,0.0,True
EVT_00003931,2026-08-11 11:03:13,PAYMENT_FAILURE,4374.64,RETRY_LATER,4374.64,ALTERNATIVE_PAYMENT,4374.64,0.0,False
EVT_00001449,2026-08-11 11:28:27,PAYMENT_FAILURE,8480.0,RETRY_LATER,8480.0,RETRY_LATER,8480.0,0.0,True
EVT_00003261,2026-08-11 11:43:16,SUBSCRIPTION_FAILURE,12563.06,RECOVERY_REMINDER,12563.06,ALTERNATIVE_PAYMENT,12563.06,0.0,False
EVT_00008508,2026-08-11 12:10:02,SUBSCRIPTION_FAILURE,7848.21,RECOVERY_REMINDER,0.0,ALTERNATIVE_PAYMENT,0.0,0.0,False
EVT_00000260,2026-08-11 12:13:55,PAYMENT_FAILURE,10690.16,RETRY_LATER,10690.16,RECOVERY_REMINDER,10690.16,0.0,False
EVT_00003801,2026-08-11 12:33:47,PAYMENT_FAILURE,9332.6,RETRY_LATER,9332.6,RECOVERY_REMINDER,9332.6,0.0,False
EVT_00001512,2026-08-11 13:31:24,CHECKOUT_ABANDONMENT,847.77,RECOVERY_REMINDER,847.77,ALTERNATIVE_PAYMENT,847.77,0.0,False
EVT_00002477,2026-08-11 13:43:41,PAYMENT_FAILURE,11877.76,RETRY_LATER,11877.76,RECOVERY_REMINDER,11877.76,0.0,False
EVT_00009704,2026-08-11 15:08:53,PAYMENT_FAILURE,1821.48,ALTERNATIVE_PAYMENT,0.0,RECOVERY_REMINDER,1821.48,1821.48,False
EVT_00002650,2026-08-11 16:00:10,SUBSCRIPTION_FAILURE,1842.21,RECOVERY_REMINDER,1842.21,RECOVERY_REMINDER,1842.21,0.0,True
EVT_00004287,2026-08-11 16:11:09,CHECKOUT_ABANDONMENT,12285.78,RECOVERY_REMINDER,12285.78,ALTERNATIVE_PAYMENT,12285.78,0.0,False
EVT_00007361,2026-08-11 16:18:27,SUBSCRIPTION_FAILURE,1799.45,RECOVERY_REMINDER,1799.45,RECOVERY_REMINDER,1799.45,0.0,True
EVT_00008641,2026-08-11 16:20:30,SUBSCRIPTION_FAILURE,5291.36,RECOVERY_REMINDER,0.0,ALTERNATIVE_PAYMENT,5291.36,5291.36,False
EVT_00000687,2026-08-11 17:35:14,CHECKOUT_ABANDONMENT,3792.0,RECOVERY_REMINDER,3792.0,RECOVERY_REMINDER,3792.0,0.0,True
EVT_00007780,2026-08-11 18:16:20,PAYMENT_FAILURE,2120.79,RETRY_LATER,0.0,ALTERNATIVE_PAYMENT,2120.79,2120.79,False
EVT_00003089,2026-08-11 18:27:01,CHECKOUT_ABANDONMENT,29473.8,RECOVERY_REMINDER,29473.8,ALTERNATIVE_PAYMENT,29473.8,0.0,False
EVT_00001041,2026-08-11 18:57:57,CHECKOUT_ABANDONMENT,6742.86,RECOVERY_REMINDER,6742.86,ALTERNATIVE_PAYMENT,6742.86,0.0,False
EVT_00006313,2026-08-11 19:12:54,PAYMENT_FAILURE,2119.3,ALTERNATIVE_PAYMENT,0.0,ALTERNATIVE_PAYMENT,0.0,0.0,True
EVT_00009516,2026-08-11 19:31:49,PAYMENT_FAILURE,19155.66,RETRY_LATER,19155.66,ALTERNATIVE_PAYMENT,19155.66,0.0,False
EVT_00002982,2026-08-11 19:50:58,PAYMENT_FAILURE,14082.79,RETRY_LATER,14082.79,ALTERNATIVE_PAYMENT,14082.79,0.0,False
EVT_00004546,2026-08-11 19:58:30,PAYMENT_FAILURE,7716.47,ALTERNATIVE_PAYMENT,0.0,ALTERNATIVE_PAYMENT,0.0,0.0,True
EVT_00002717,2026-08-11 20:14:30,PAYMENT_FAILURE,5077.4,ALTERNATIVE_PAYMENT,5077.4,ALTERNATIVE_PAYMENT,5077.4,0.0,True
EVT_00004265,2026-08-11 21:19:38,PAYMENT_FAILURE,6208.3,ALTERNATIVE_PAYMENT,0.0,ALTERNATIVE_PAYMENT,0.0,0.0,True
EVT_00001056,2026-08-11 21:30:00,PAYMENT_FAILURE,8586.36,ALTERNATIVE_PAYMENT,8586.36,ALTERNATIVE_PAYMENT,8586.36,0.0,True
EVT_00009433,2026-08-11 22:48:23,PAYMENT_FAILURE,1839.91,ALTERNATIVE_PAYMENT,0.0,RECOVERY_REMINDER,1839.91,1839.91,False
EVT_00000233,2026-08-11 22:50:02,PAYMENT_FAILURE,7093.28,ALTERNATIVE_PAYMENT,7093.28,ALTERNATIVE_PAYMENT,7093.28,0.0,True
EVT_00005927,2026-08-11 23:36:34,CHECKOUT_ABANDONMENT,6014.87,RECOVERY_REMINDER,6014.87,RECOVERY_REMINDER,6014.87,0.0,True
EVT_00001308,2026-08-11 23:45:38,PAYMENT_FAILURE,4498.87,ALTERNATIVE_PAYMENT,0.0,RETRY_LATER,4498.87,4498.87,False
EVT_00006675,2026-08-12 00:19:26,CHECKOUT_ABANDONMENT,9894.87,RECOVERY_REMINDER,9894.87,ALTERNATIVE_PAYMENT,9894.87,0.0,False
EVT_00004907,2026-08-12 00:35:02,PAYMENT_FAILURE,5104.08,ALTERNATIVE_PAYMENT,0.0,ALTERNATIVE_PAYMENT,0.0,0.0,True
EVT_00009466,2026-08-12 00:37:00,CHECKOUT_ABANDONMENT,8581.67,RECOVERY_REMINDER,8581.67,ALTERNATIVE_PAYMENT,8581.67,0.0,False
EVT_00000794,2026-08-12 00:50:04,PAYMENT_FAILURE,973.11,ALTERNATIVE_PAYMENT,0.0,ALTERNATIVE_PAYMENT,0.0,0.0,True
EVT_00007735,2026-08-12 01:17:14,CHECKOUT_ABANDONMENT,1257.36,RECOVERY_REMINDER,1257.36,RECOVERY_REMINDER,1257.36,0.0,True
EVT_00004005,2026-08-12 01:17:45,PAYMENT_FAILURE,6215.19,ALTERNATIVE_PAYMENT,0.0,ALTERNATIVE_PAYMENT,0.0,0.0,True
EVT_00000531,2026-08-12 02:27:27,PAYMENT_FAILURE,24040.29,HUMAN_ESCALATION,0.0,ALTERNATIVE_PAYMENT,0.0,0.0,False
EVT_00006117,2026-08-12 02:32:29,PAYMENT_FAILURE,12887.41,ALTERNATIVE_PAYMENT,12887.41,ALTERNATIVE_PAYMENT,12887.41,0.0,True
EVT_00001072,2026-08-12 02:38:49,SUBSCRIPTION_FAILURE,2316.88,RECOVERY_REMINDER,0.0,ALTERNATIVE_PAYMENT,2316.88,2316.88,False
EVT_00002618,2026-08-12 02:50:11,SUBSCRIPTION_FAILURE,1754.29,RECOVERY_REMINDER,1754.29,RECOVERY_REMINDER,1754.29,0.0,True
EVT_00005295,2026-08-12 03:14:06,SUBSCRIPTION_FAILURE,8302.96,RECOVERY_REMINDER,8302.96,ALTERNATIVE_PAYMENT,8302.96,0.0,False
EVT_00009115,2026-08-12 03:26:09,PAYMENT_FAILURE,1388.99,ALTERNATIVE_PAYMENT,1388.99,ALTERNATIVE_PAYMENT,1388.99,0.0,True
EVT_00008713,2026-08-12 03:47:56,PAYMENT_FAILURE,1467.89,RETRY_LATER,0.0,ALTERNATIVE_PAYMENT,1467.89,1467.89,False
EVT_00001826,2026-08-12 04:01:30,PAYMENT_FAILURE,2852.36,ALTERNATIVE_PAYMENT,2852.36,ALTERNATIVE_PAYMENT,2852.36,0.0,True
EVT_00001487,2026-08-12 04:02:35,PAYMENT_FAILURE,1738.99,ALTERNATIVE_PAYMENT,1738.99,ALTERNATIVE_PAYMENT,1738.99,0.0,True
EVT_00008582,2026-08-12 05:36:56,PAYMENT_FAILURE,4634.26,ALTERNATIVE_PAYMENT,0.0,RECOVERY_REMINDER,4634.26,4634.26,False
EVT_00009301,2026-08-12 06:17:09,PAYMENT_FAILURE,4179.89,ALTERNATIVE_PAYMENT,0.0,ALTERNATIVE_PAYMENT,0.0,0.0,True
EVT_00005358,2026-08-12 06:35:10,PAYMENT_FAILURE,1262.79,ALTERNATIVE_PAYMENT,1262.79,ALTERNATIVE_PAYMENT,1262.79,0.0,True
EVT_00005289,2026-08-12 06:56:06,PAYMENT_FAILURE,8590.73,ALTERNATIVE_PAYMENT,0.0,ALTERNATIVE_PAYMENT,0.0,0.0,True
EVT_00000457,2026-08-12 07:56:16,PAYMENT_FAILURE,1576.37,ALTERNATIVE_PAYMENT,0.0,ALTERNATIVE_PAYMENT,0.0,0.0,True
EVT_00007003,2026-08-12 08:02:26,CHECKOUT_ABANDONMENT,2300.53,RECOVERY_REMINDER,2300.53,ALTERNATIVE_PAYMENT,2300.53,0.0,False
EVT_00008182,2026-08-12 08:27:40,CHECKOUT_ABANDONMENT,2614.27,RECOVERY_REMINDER,2614.27,ALTERNATIVE_PAYMENT,2614.27,0.0,False
EVT_00009933,2026-08-12 08:30:53,PAYMENT_FAILURE,1340.85,ALTERNATIVE_PAYMENT,0.0,ALTERNATIVE_PAYMENT,0.0,0.0,True
EVT_00007466,2026-08-12 08:55:26,SUBSCRIPTION_FAILURE,597.52,RECOVERY_REMINDER,597.52,ALTERNATIVE_PAYMENT,597.52,0.0,False
EVT_00008863,2026-08-12 09:09:18,PAYMENT_FAILURE,21373.93,ALTERNATIVE_PAYMENT,0.0,ALTERNATIVE_PAYMENT,0.0,0.0,True
EVT_00006018,2026-08-12 09:24:10,PAYMENT_FAILURE,13370.59,ALTERNATIVE_PAYMENT,13370.59,ALTERNATIVE_PAYMENT,13370.59,0.0,True
EVT_00004146,2026-08-12 09:56:38,PAYMENT_FAILURE,1044.29,ALTERNATIVE_PAYMENT,0.0,ALTERNATIVE_PAYMENT,0.0,0.0,True
EVT_00003836,2026-08-12 10:10:41,SUBSCRIPTION_FAILURE,17007.75,RECOVERY_REMINDER,0.0,HUMAN_ESCALATION,17007.75,17007.75,False
EVT_00009025,2026-08-12 11:34:51,PAYMENT_FAILURE,8990.93,ALTERNATIVE_PAYMENT,0.0,RECOVERY_REMINDER,8990.93,8990.93,False
EVT_00003481,2026-08-12 11:38:14,PAYMENT_FAILURE,1911.44,ALTERNATIVE_PAYMENT,0.0,ALTERNATIVE_PAYMENT,0.0,0.0,True
EVT_00001384,2026-08-12 11:39:31,CHECKOUT_ABANDONMENT,6252.83,RECOVERY_REMINDER,6252.83,ALTERNATIVE_PAYMENT,6252.83,0.0,False
EVT_00009555,2026-08-12 11:54:48,PAYMENT_FAILURE,1185.51,ALTERNATIVE_PAYMENT,0.0,ALTERNATIVE_PAYMENT,0.0,0.0,True
EVT_00000137,2026-08-12 13:56:31,PAYMENT_FAILURE,4792.11,ALTERNATIVE_PAYMENT,0.0,HUMAN_ESCALATION,4792.11,4792.11,False
EVT_00005457,2026-08-12 14:57:26,PAYMENT_FAILURE,3230.86,ALTERNATIVE_PAYMENT,3230.86,ALTERNATIVE_PAYMENT,3230.86,0.0,True
EVT_00002701,2026-08-12 16:02:16,SUBSCRIPTION_FAILURE,3898.4,RECOVERY_REMINDER,3898.4,ALTERNATIVE_PAYMENT,3898.4,0.0,False
EVT_00001957,2026-08-12 16:51:19,SUBSCRIPTION_FAILURE,2411.19,RECOVERY_REMINDER,0.0,RETRY_LATER,2411.19,2411.19,False
EVT_00006471,2026-08-12 17:04:19,PAYMENT_FAILURE,1786.87,RETRY_LATER,0.0,HUMAN_ESCALATION,1786.87,1786.87,False
EVT_00003069,2026-08-12 17:28:31,PAYMENT_FAILURE,6394.68,RETRY_LATER,0.0,ALTERNATIVE_PAYMENT,6394.68,6394.68,False
EVT_00006312,2026-08-12 17:50:24,PAYMENT_FAILURE,5610.65,ALTERNATIVE_PAYMENT,0.0,ALTERNATIVE_PAYMENT,0.0,0.0,True
EVT_00006437,2026-08-12 18:25:39,SUBSCRIPTION_FAILURE,13023.63,RECOVERY_REMINDER,13023.63,ALTERNATIVE_PAYMENT,13023.63,0.0,False
EVT_00004358,2026-08-12 19:25:02,PAYMENT_FAILURE,17459.87,ALTERNATIVE_PAYMENT,17459.87,ALTERNATIVE_PAYMENT,17459.87,0.0,True
EVT_00002808,2026-08-12 19:31:45,SUBSCRIPTION_FAILURE,11823.76,RECOVERY_REMINDER,0.0,ALTERNATIVE_PAYMENT,0.0,0.0,False
EVT_00007274,2026-08-12 20:02:17,PAYMENT_FAILURE,944.95,ALTERNATIVE_PAYMENT,944.95,ALTERNATIVE_PAYMENT,944.95,0.0,True
EVT_00004349,2026-08-12 20:25:49,SUBSCRIPTION_FAILURE,3928.57,RECOVERY_REMINDER,3928.57,RECOVERY_REMINDER,3928.57,0.0,True
EVT_00007548,2026-08-12 20:25:56,CHECKOUT_ABANDONMENT,3981.12,RECOVERY_REMINDER,3981.12,ALTERNATIVE_PAYMENT,3981.12,0.0,False
EVT_00008968,2026-08-12 21:00:19,PAYMENT_FAILURE,586.17,ALTERNATIVE_PAYMENT,586.17,ALTERNATIVE_PAYMENT,586.17,0.0,True
EVT_00004181,2026-08-12 21:31:26,PAYMENT_FAILURE,15041.07,ALTERNATIVE_PAYMENT,15041.07,ALTERNATIVE_PAYMENT,15041.07,0.0,True
EVT_00005565,2026-08-12 22:01:22,PAYMENT_FAILURE,1953.18,ALTERNATIVE_PAYMENT,0.0,ALTERNATIVE_PAYMENT,0.0,0.0,True
EVT_00001097,2026-08-12 22:03:51,CHECKOUT_ABANDONMENT,2652.59,RECOVERY_REMINDER,2652.59,ALTERNATIVE_PAYMENT,2652.59,0.0,False
EVT_00003728,2026-08-12 22:07:28,PAYMENT_FAILURE,13035.3,ALTERNATIVE_PAYMENT,0.0,ALTERNATIVE_PAYMENT,0.0,0.0,True
EVT_00000785,2026-08-12 22:59:14,CHECKOUT_ABANDONMENT,1446.83,RECOVERY_REMINDER,1446.83,RECOVERY_REMINDER,1446.83,0.0,True
EVT_00004630,2026-08-13 00:32:52,PAYMENT_FAILURE,1879.8,ALTERNATIVE_PAYMENT,1879.8,ALTERNATIVE_PAYMENT,1879.8,0.0,True
EVT_00005488,2026-08-13 00:33:24,PAYMENT_FAILURE,5960.15,RETRY_LATER,0.0,RECOVERY_REMINDER,5960.15,5960.15,False
EVT_00007576,2026-08-13 02:33:11,PAYMENT_FAILURE,10406.26,RETRY_LATER,10406.26,ALTERNATIVE_PAYMENT,10406.26,0.0,False
EVT_00001433,2026-08-13 02:35:18,PAYMENT_FAILURE,33523.53,ALTERNATIVE_PAYMENT,33523.53,ALTERNATIVE_PAYMENT,33523.53,0.0,True
EVT_00004716,2026-08-13 02:43:26,CHECKOUT_ABANDONMENT,8759.69,RECOVERY_REMINDER,8759.69,RECOVERY_REMINDER,8759.69,0.0,True
EVT_00009087,2026-08-13 03:23:27,PAYMENT_FAILURE,708.45,ALTERNATIVE_PAYMENT,0.0,RETRY_LATER,708.45,708.45,False
EVT_00007807,2026-08-13 03:25:39,CHECKOUT_ABANDONMENT,1229.42,RECOVERY_REMINDER,0.0,ALTERNATIVE_PAYMENT,1229.42,1229.42,False
EVT_00008730,2026-08-13 03:54:36,PAYMENT_FAILURE,4446.76,ALTERNATIVE_PAYMENT,4446.76,ALTERNATIVE_PAYMENT,4446.76,0.0,True
EVT_00002304,2026-08-13 04:49:04,PAYMENT_FAILURE,944.31,ALTERNATIVE_PAYMENT,0.0,RECOVERY_REMINDER,944.31,944.31,False
EVT_00000028,2026-08-13 06:33:23,PAYMENT_FAILURE,5889.06,ALTERNATIVE_PAYMENT,5889.06,ALTERNATIVE_PAYMENT,5889.06,0.0,True
EVT_00000617,2026-08-13 06:46:41,CHECKOUT_ABANDONMENT,2789.82,RECOVERY_REMINDER,2789.82,ALTERNATIVE_PAYMENT,2789.82,0.0,False
EVT_00001123,2026-08-13 08:51:54,PAYMENT_FAILURE,9769.08,ALTERNATIVE_PAYMENT,0.0,ALTERNATIVE_PAYMENT,0.0,0.0,True
EVT_00000804,2026-08-13 09:52:41,CHECKOUT_ABANDONMENT,4974.68,RECOVERY_REMINDER,4974.68,ALTERNATIVE_PAYMENT,4974.68,0.0,False
EVT_00001869,2026-08-13 10:08:21,PAYMENT_FAILURE,19733.3,ALTERNATIVE_PAYMENT,0.0,ALTERNATIVE_PAYMENT,0.0,0.0,True
EVT_00004303,2026-08-13 10:21:53,PAYMENT_FAILURE,9699.15,RETRY_LATER,0.0,RECOVERY_REMINDER,9699.15,9699.15,False
EVT_00001759,2026-08-13 10:45:04,PAYMENT_FAILURE,12329.33,ALTERNATIVE_PAYMENT,0.0,ALTERNATIVE_PAYMENT,0.0,0.0,True
EVT_00000855,2026-08-13 10:57:05,SUBSCRIPTION_FAILURE,946.39,RECOVERY_REMINDER,0.0,ALTERNATIVE_PAYMENT,946.39,946.39,False
EVT_00003165,2026-08-13 11:06:35,PAYMENT_FAILURE,23670.6,RETRY_LATER,23670.6,RECOVERY_REMINDER,23670.6,0.0,False
EVT_00004359,2026-08-13 11:47:11,PAYMENT_FAILURE,3999.08,ALTERNATIVE_PAYMENT,0.0,ALTERNATIVE_PAYMENT,0.0,0.0,True
EVT_00006187,2026-08-13 11:55:20,PAYMENT_FAILURE,6573.4,ALTERNATIVE_PAYMENT,0.0,RETRY_LATER,6573.4,6573.4,False
EVT_00005241,2026-08-13 12:27:37,PAYMENT_FAILURE,6919.37,ALTERNATIVE_PAYMENT,0.0,RECOVERY_REMINDER,6919.37,6919.37,False
EVT_00006505,2026-08-13 12:50:41,SUBSCRIPTION_FAILURE,2096.5,RECOVERY_REMINDER,2096.5,ALTERNATIVE_PAYMENT,2096.5,0.0,False
EVT_00002838,2026-08-13 14:07:52,SUBSCRIPTION_FAILURE,1501.66,RECOVERY_REMINDER,0.0,ALTERNATIVE_PAYMENT,1501.66,1501.66,False
EVT_00009743,2026-08-13 14:34:45,PAYMENT_FAILURE,1429.33,ALTERNATIVE_PAYMENT,0.0,RECOVERY_REMINDER,1429.33,1429.33,False
EVT_00004187,2026-08-13 15:01:21,SUBSCRIPTION_FAILURE,5638.58,RECOVERY_REMINDER,5638.58,RECOVERY_REMINDER,5638.58,0.0,True
EVT_00009993,2026-08-13 15:30:00,PAYMENT_FAILURE,1649.19,RETRY_LATER,1649.19,ALTERNATIVE_PAYMENT,1649.19,0.0,False
EVT_00004250,2026-08-13 16:17:49,PAYMENT_FAILURE,1650.96,ALTERNATIVE_PAYMENT,1650.96,ALTERNATIVE_PAYMENT,1650.96,0.0,True
EVT_00008316,2026-08-13 16:22:36,CHECKOUT_ABANDONMENT,3754.72,RECOVERY_REMINDER,3754.72,ALTERNATIVE_PAYMENT,3754.72,0.0,False
EVT_00008012,2026-08-13 17:30:13,PAYMENT_FAILURE,4251.0,ALTERNATIVE_PAYMENT,0.0,ALTERNATIVE_PAYMENT,0.0,0.0,True
EVT_00008070,2026-08-13 18:20:10,CHECKOUT_ABANDONMENT,12466.53,RECOVERY_REMINDER,12466.53,RECOVERY_REMINDER,12466.53,0.0,True
EVT_00005459,2026-08-13 19:43:56,PAYMENT_FAILURE,9881.4,ALTERNATIVE_PAYMENT,0.0,ALTERNATIVE_PAYMENT,0.0,0.0,True
EVT_00007116,2026-08-13 21:53:31,PAYMENT_FAILURE,6409.03,ALTERNATIVE_PAYMENT,6409.03,ALTERNATIVE_PAYMENT,6409.03,0.0,True
EVT_00007660,2026-08-13 23:26:56,SUBSCRIPTION_FAILURE,6147.59,RECOVERY_REMINDER,6147.59,ALTERNATIVE_PAYMENT,6147.59,0.0,False
EVT_00002290,2026-08-13 23:37:13,PAYMENT_FAILURE,2292.02,ALTERNATIVE_PAYMENT,0.0,ALTERNATIVE_PAYMENT,0.0,0.0,True
EVT_00009985,2026-08-14 00:25:39,PAYMENT_FAILURE,2953.09,ALTERNATIVE_PAYMENT,0.0,ALTERNATIVE_PAYMENT,0.0,0.0,True
EVT_00004833,2026-08-14 00:39:20,CHECKOUT_ABANDONMENT,2344.47,RECOVERY_REMINDER,2344.47,ALTERNATIVE_PAYMENT,2344.47,0.0,False
EVT_00008759,2026-08-14 01:04:47,CHECKOUT_ABANDONMENT,5939.1,RECOVERY_REMINDER,5939.1,ALTERNATIVE_PAYMENT,5939.1,0.0,False
EVT_00008457,2026-08-14 01:39:28,PAYMENT_FAILURE,2721.5,RETRY_LATER,2721.5,ALTERNATIVE_PAYMENT,2721.5,0.0,False
EVT_00002900,2026-08-14 02:05:40,PAYMENT_FAILURE,20734.69,ALTERNATIVE_PAYMENT,0.0,HUMAN_ESCALATION,20734.69,20734.69,False
EVT_00006094,2026-08-14 03:05:18,PAYMENT_FAILURE,2640.68,ALTERNATIVE_PAYMENT,0.0,ALTERNATIVE_PAYMENT,0.0,0.0,True
EVT_00001218,2026-08-14 03:08:45,PAYMENT_FAILURE,2285.7,RETRY_LATER,0.0,RECOVERY_REMINDER,2285.7,2285.7,False
EVT_00004266,2026-08-14 03:22:16,SUBSCRIPTION_FAILURE,8345.92,RECOVERY_REMINDER,0.0,ALTERNATIVE_PAYMENT,0.0,0.0,False
EVT_00009225,2026-08-14 04:29:22,PAYMENT_FAILURE,5861.29,ALTERNATIVE_PAYMENT,0.0,ALTERNATIVE_PAYMENT,0.0,0.0,True
EVT_00008723,2026-08-14 05:13:36,CHECKOUT_ABANDONMENT,12002.67,RECOVERY_REMINDER,12002.67,ALTERNATIVE_PAYMENT,12002.67,0.0,False
EVT_00001315,2026-08-14 05:20:28,PAYMENT_FAILURE,902.55,ALTERNATIVE_PAYMENT,0.0,RETRY_LATER,902.55,902.55,False
EVT_00006298,2026-08-14 05:29:50,SUBSCRIPTION_FAILURE,1304.4,RECOVERY_REMINDER,0.0,ALTERNATIVE_PAYMENT,1304.4,1304.4,False
EVT_00004972,2026-08-14 06:22:50,PAYMENT_FAILURE,1324.71,ALTERNATIVE_PAYMENT,0.0,ALTERNATIVE_PAYMENT,0.0,0.0,True
EVT_00006451,2026-08-14 06:49:39,PAYMENT_FAILURE,3281.0,ALTERNATIVE_PAYMENT,0.0,ALTERNATIVE_PAYMENT,0.0,0.0,True
EVT_00000962,2026-08-14 07:06:58,CHECKOUT_ABANDONMENT,3775.61,RECOVERY_REMINDER,3775.61,ALTERNATIVE_PAYMENT,3775.61,0.0,False
EVT_00006823,2026-08-14 07:27:14,PAYMENT_FAILURE,27316.65,ALTERNATIVE_PAYMENT,27316.65,ALTERNATIVE_PAYMENT,27316.65,0.0,True
EVT_00002970,2026-08-14 08:16:38,PAYMENT_FAILURE,1749.03,ALTERNATIVE_PAYMENT,0.0,RECOVERY_REMINDER,1749.03,1749.03,False
EVT_00003313,2026-08-14 08:20:57,PAYMENT_FAILURE,2038.26,ALTERNATIVE_PAYMENT,0.0,RECOVERY_REMINDER,2038.26,2038.26,False
EVT_00002621,2026-08-14 10:05:24,SUBSCRIPTION_FAILURE,7120.14,RECOVERY_REMINDER,0.0,ALTERNATIVE_PAYMENT,7120.14,7120.14,False
EVT_00002557,2026-08-14 10:27:47,PAYMENT_FAILURE,6057.3,ALTERNATIVE_PAYMENT,0.0,ALTERNATIVE_PAYMENT,0.0,0.0,True
EVT_00003976,2026-08-14 11:15:40,PAYMENT_FAILURE,947.69,ALTERNATIVE_PAYMENT,0.0,ALTERNATIVE_PAYMENT,0.0,0.0,True
EVT_00005217,2026-08-14 11:36:59,PAYMENT_FAILURE,7792.89,RETRY_LATER,7792.89,ALTERNATIVE_PAYMENT,7792.89,0.0,False
EVT_00004460,2026-08-14 12:50:10,PAYMENT_FAILURE,2341.87,ALTERNATIVE_PAYMENT,2341.87,ALTERNATIVE_PAYMENT,2341.87,0.0,True
EVT_00007193,2026-08-14 13:05:09,PAYMENT_FAILURE,3965.91,ALTERNATIVE_PAYMENT,3965.91,ALTERNATIVE_PAYMENT,3965.91,0.0,True
EVT_00005589,2026-08-14 13:14:08,PAYMENT_FAILURE,18539.89,RETRY_LATER,0.0,ALTERNATIVE_PAYMENT,18539.89,18539.89,False
EVT_00009448,2026-08-14 14:29:26,SUBSCRIPTION_FAILURE,869.31,RECOVERY_REMINDER,869.31,ALTERNATIVE_PAYMENT,869.31,0.0,False
EVT_00001943,2026-08-14 15:22:09,PAYMENT_FAILURE,3463.14,ALTERNATIVE_PAYMENT,0.0,ALTERNATIVE_PAYMENT,0.0,0.0,True
EVT_00001021,2026-08-14 15:36:10,PAYMENT_FAILURE,1719.32,ALTERNATIVE_PAYMENT,0.0,HUMAN_ESCALATION,1719.32,1719.32,False
EVT_00005958,2026-08-14 15:41:02,PAYMENT_FAILURE,12010.55,RETRY_LATER,0.0,ALTERNATIVE_PAYMENT,0.0,0.0,False
EVT_00007179,2026-08-14 16:09:41,SUBSCRIPTION_FAILURE,21023.5,RECOVERY_REMINDER,21023.5,ALTERNATIVE_PAYMENT,21023.5,0.0,False
EVT_00003423,2026-08-14 16:38:44,PAYMENT_FAILURE,879.23,ALTERNATIVE_PAYMENT,0.0,ALTERNATIVE_PAYMENT,0.0,0.0,True
EVT_00006355,2026-08-14 17:35:28,PAYMENT_FAILURE,13518.34,ALTERNATIVE_PAYMENT,0.0,ALTERNATIVE_PAYMENT,0.0,0.0,True
EVT_00001867,2026-08-14 18:02:32,PAYMENT_FAILURE,2556.02,ALTERNATIVE_PAYMENT,2556.02,ALTERNATIVE_PAYMENT,2556.02,0.0,True
EVT_00006121,2026-08-14 18:34:08,PAYMENT_FAILURE,7243.26,ALTERNATIVE_PAYMENT,0.0,ALTERNATIVE_PAYMENT,0.0,0.0,True
EVT_00000581,2026-08-14 18:37:09,PAYMENT_FAILURE,9786.74,RETRY_LATER,9786.74,RETRY_LATER,9786.74,0.0,True
EVT_00004379,2026-08-14 18:48:28,SUBSCRIPTION_FAILURE,19269.81,RECOVERY_REMINDER,19269.81,ALTERNATIVE_PAYMENT,19269.81,0.0,False
EVT_00003923,2026-08-14 19:01:47,PAYMENT_FAILURE,8295.13,ALTERNATIVE_PAYMENT,0.0,ALTERNATIVE_PAYMENT,0.0,0.0,True
EVT_00006578,2026-08-14 19:38:00,CHECKOUT_ABANDONMENT,584.44,RECOVERY_REMINDER,584.44,ALTERNATIVE_PAYMENT,584.44,0.0,False
EVT_00000871,2026-08-14 19:47:34,SUBSCRIPTION_FAILURE,4321.69,RECOVERY_REMINDER,4321.69,ALTERNATIVE_PAYMENT,4321.69,0.0,False
EVT_00002320,2026-08-14 20:48:28,PAYMENT_FAILURE,4604.61,ALTERNATIVE_PAYMENT,0.0,ALTERNATIVE_PAYMENT,0.0,0.0,True
EVT_00003678,2026-08-14 21:59:33,CHECKOUT_ABANDONMENT,6602.0,RECOVERY_REMINDER,6602.0,ALTERNATIVE_PAYMENT,6602.0,0.0,False
EVT_00005497,2026-08-14 22:42:22,PAYMENT_FAILURE,1918.23,ALTERNATIVE_PAYMENT,1918.23,ALTERNATIVE_PAYMENT,1918.23,0.0,True
EVT_00003510,2026-08-14 23:28:03,CHECKOUT_ABANDONMENT,3735.1,RECOVERY_REMINDER,3735.1,ALTERNATIVE_PAYMENT,3735.1,0.0,False
EVT_00001763,2026-08-15 00:53:57,PAYMENT_FAILURE,12387.95,ALTERNATIVE_PAYMENT,0.0,HUMAN_ESCALATION,12387.95,12387.95,False
EVT_00006816,2026-08-15 01:47:00,PAYMENT_FAILURE,16796.18,ALTERNATIVE_PAYMENT,0.0,RECOVERY_REMINDER,16796.18,16796.18,False
EVT_00005401,2026-08-15 02:38:16,PAYMENT_FAILURE,3102.93,ALTERNATIVE_PAYMENT,0.0,HUMAN_ESCALATION,3102.93,3102.93,False
EVT_00008820,2026-08-15 03:27:48,PAYMENT_FAILURE,3626.48,ALTERNATIVE_PAYMENT,0.0,ALTERNATIVE_PAYMENT,0.0,0.0,True
EVT_00007898,2026-08-15 03:38:18,CHECKOUT_ABANDONMENT,1530.19,RECOVERY_REMINDER,1530.19,ALTERNATIVE_PAYMENT,1530.19,0.0,False
EVT_00005220,2026-08-15 04:12:08,PAYMENT_FAILURE,2611.51,ALTERNATIVE_PAYMENT,2611.51,ALTERNATIVE_PAYMENT,2611.51,0.0,True
EVT_00001211,2026-08-15 05:19:02,PAYMENT_FAILURE,5675.73,ALTERNATIVE_PAYMENT,5675.73,ALTERNATIVE_PAYMENT,5675.73,0.0,True
EVT_00009856,2026-08-15 06:33:32,SUBSCRIPTION_FAILURE,15115.03,RECOVERY_REMINDER,0.0,ALTERNATIVE_PAYMENT,0.0,0.0,False
EVT_00001219,2026-08-15 06:53:43,PAYMENT_FAILURE,8437.64,ALTERNATIVE_PAYMENT,0.0,RECOVERY_REMINDER,8437.64,8437.64,False
EVT_00002958,2026-08-15 06:59:40,CHECKOUT_ABANDONMENT,8382.84,RECOVERY_REMINDER,8382.84,RECOVERY_REMINDER,8382.84,0.0,True
EVT_00009673,2026-08-15 07:46:45,PAYMENT_FAILURE,4334.96,RETRY_LATER,0.0,ALTERNATIVE_PAYMENT,4334.96,4334.96,False
EVT_00005932,2026-08-15 08:25:30,PAYMENT_FAILURE,3833.82,ALTERNATIVE_PAYMENT,0.0,ALTERNATIVE_PAYMENT,0.0,0.0,True
EVT_00001641,2026-08-15 08:27:56,PAYMENT_FAILURE,1113.7,ALTERNATIVE_PAYMENT,1113.7,ALTERNATIVE_PAYMENT,1113.7,0.0,True
EVT_00005683,2026-08-15 10:53:44,PAYMENT_FAILURE,5168.57,ALTERNATIVE_PAYMENT,0.0,ALTERNATIVE_PAYMENT,0.0,0.0,True
EVT_00008575,2026-08-15 11:13:18,PAYMENT_FAILURE,60930.52,ALTERNATIVE_PAYMENT,0.0,RECOVERY_REMINDER,60930.52,60930.52,False
EVT_00006719,2026-08-15 11:56:52,CHECKOUT_ABANDONMENT,417.04,RECOVERY_REMINDER,417.04,RECOVERY_REMINDER,417.04,0.0,True
EVT_00007196,2026-08-15 13:06:06,PAYMENT_FAILURE,4765.35,ALTERNATIVE_PAYMENT,4765.35,ALTERNATIVE_PAYMENT,4765.35,0.0,True
EVT_00008767,2026-08-15 13:50:39,CHECKOUT_ABANDONMENT,1302.54,RECOVERY_REMINDER,1302.54,ALTERNATIVE_PAYMENT,1302.54,0.0,False
EVT_00002780,2026-08-15 14:16:06,PAYMENT_FAILURE,2163.99,ALTERNATIVE_PAYMENT,2163.99,ALTERNATIVE_PAYMENT,2163.99,0.0,True
EVT_00001683,2026-08-15 14:34:25,PAYMENT_FAILURE,3886.16,ALTERNATIVE_PAYMENT,3886.16,ALTERNATIVE_PAYMENT,3886.16,0.0,True
EVT_00006775,2026-08-15 16:02:32,SUBSCRIPTION_FAILURE,2149.19,RECOVERY_REMINDER,0.0,ALTERNATIVE_PAYMENT,0.0,0.0,False
EVT_00005882,2026-08-15 16:31:06,PAYMENT_FAILURE,10442.9,ALTERNATIVE_PAYMENT,10442.9,ALTERNATIVE_PAYMENT,10442.9,0.0,True
EVT_00008765,2026-08-15 17:31:06,CHECKOUT_ABANDONMENT,35512.46,RECOVERY_REMINDER,35512.46,ALTERNATIVE_PAYMENT,35512.46,0.0,False
EVT_00005415,2026-08-15 17:41:53,PAYMENT_FAILURE,6653.09,ALTERNATIVE_PAYMENT,0.0,RECOVERY_REMINDER,6653.09,6653.09,False
EVT_00007504,2026-08-15 18:12:49,PAYMENT_FAILURE,5392.75,ALTERNATIVE_PAYMENT,0.0,HUMAN_ESCALATION,5392.75,5392.75,False
EVT_00003933,2026-08-15 19:00:13,PAYMENT_FAILURE,1841.37,RETRY_LATER,1841.37,ALTERNATIVE_PAYMENT,1841.37,0.0,False
EVT_00007688,2026-08-15 19:07:48,PAYMENT_FAILURE,787.7,ALTERNATIVE_PAYMENT,0.0,ALTERNATIVE_PAYMENT,0.0,0.0,True
EVT_00007152,2026-08-15 19:34:06,PAYMENT_FAILURE,9363.32,ALTERNATIVE_PAYMENT,0.0,ALTERNATIVE_PAYMENT,0.0,0.0,True
EVT_00000288,2026-08-15 20:26:37,PAYMENT_FAILURE,2726.27,ALTERNATIVE_PAYMENT,0.0,ALTERNATIVE_PAYMENT,0.0,0.0,True
EVT_00002292,2026-08-15 21:26:15,PAYMENT_FAILURE,9631.46,ALTERNATIVE_PAYMENT,0.0,RECOVERY_REMINDER,9631.46,9631.46,False
EVT_00007856,2026-08-15 22:14:01,PAYMENT_FAILURE,1663.69,ALTERNATIVE_PAYMENT,0.0,RECOVERY_REMINDER,1663.69,1663.69,False
EVT_00009564,2026-08-16 01:04:02,CHECKOUT_ABANDONMENT,23427.67,RECOVERY_REMINDER,23427.67,ALTERNATIVE_PAYMENT,23427.67,0.0,False
EVT_00000774,2026-08-16 01:23:22,SUBSCRIPTION_FAILURE,11488.27,RECOVERY_REMINDER,11488.27,ALTERNATIVE_PAYMENT,11488.27,0.0,False
EVT_00003845,2026-08-16 02:15:13,CHECKOUT_ABANDONMENT,6049.92,RECOVERY_REMINDER,6049.92,ALTERNATIVE_PAYMENT,6049.92,0.0,False
EVT_00009948,2026-08-16 02:40:19,CHECKOUT_ABANDONMENT,1478.15,RECOVERY_REMINDER,1478.15,ALTERNATIVE_PAYMENT,1478.15,0.0,False
EVT_00008779,2026-08-16 02:58:56,PAYMENT_FAILURE,6843.8,ALTERNATIVE_PAYMENT,0.0,ALTERNATIVE_PAYMENT,0.0,0.0,True
EVT_00009553,2026-08-16 03:53:20,PAYMENT_FAILURE,2342.0,ALTERNATIVE_PAYMENT,0.0,RECOVERY_REMINDER,2342.0,2342.0,False
EVT_00007834,2026-08-16 04:43:11,PAYMENT_FAILURE,38989.22,HUMAN_ESCALATION,38989.22,ALTERNATIVE_PAYMENT,38989.22,0.0,False
EVT_00007291,2026-08-16 05:43:29,PAYMENT_FAILURE,1243.36,ALTERNATIVE_PAYMENT,0.0,ALTERNATIVE_PAYMENT,0.0,0.0,True
EVT_00006493,2026-08-16 07:03:25,CHECKOUT_ABANDONMENT,9870.74,RECOVERY_REMINDER,0.0,ALTERNATIVE_PAYMENT,9870.74,9870.74,False
EVT_00006009,2026-08-16 07:34:02,CHECKOUT_ABANDONMENT,4341.25,RECOVERY_REMINDER,4341.25,ALTERNATIVE_PAYMENT,4341.25,0.0,False
EVT_00007849,2026-08-16 07:46:05,SUBSCRIPTION_FAILURE,1728.44,RECOVERY_REMINDER,1728.44,RECOVERY_REMINDER,1728.44,0.0,True
EVT_00006139,2026-08-16 07:53:17,PAYMENT_FAILURE,6232.5,RETRY_LATER,0.0,RECOVERY_REMINDER,6232.5,6232.5,False
EVT_00004333,2026-08-16 09:04:47,CHECKOUT_ABANDONMENT,2852.95,RECOVERY_REMINDER,2852.95,RECOVERY_REMINDER,2852.95,0.0,True
EVT_00004667,2026-08-16 09:17:48,CHECKOUT_ABANDONMENT,15134.75,RECOVERY_REMINDER,15134.75,ALTERNATIVE_PAYMENT,15134.75,0.0,False
EVT_00000026,2026-08-16 09:26:22,CHECKOUT_ABANDONMENT,5699.8,RECOVERY_REMINDER,5699.8,ALTERNATIVE_PAYMENT,5699.8,0.0,False
EVT_00009066,2026-08-16 09:54:21,PAYMENT_FAILURE,13885.47,RETRY_LATER,13885.47,RECOVERY_REMINDER,13885.47,0.0,False
EVT_00004205,2026-08-16 10:27:13,PAYMENT_FAILURE,5092.18,ALTERNATIVE_PAYMENT,0.0,RECOVERY_REMINDER,5092.18,5092.18,False
EVT_00000816,2026-08-16 10:52:22,PAYMENT_FAILURE,2081.28,ALTERNATIVE_PAYMENT,0.0,RECOVERY_REMINDER,2081.28,2081.28,False
EVT_00001779,2026-08-16 11:10:40,SUBSCRIPTION_FAILURE,28822.87,RECOVERY_REMINDER,28822.87,RECOVERY_REMINDER,28822.87,0.0,True
EVT_00007508,2026-08-16 12:06:41,PAYMENT_FAILURE,12076.05,RETRY_LATER,12076.05,ALTERNATIVE_PAYMENT,12076.05,0.0,False
EVT_00000304,2026-08-16 12:17:08,PAYMENT_FAILURE,5760.44,ALTERNATIVE_PAYMENT,0.0,ALTERNATIVE_PAYMENT,0.0,0.0,True
EVT_00006787,2026-08-16 14:41:53,PAYMENT_FAILURE,10641.71,ALTERNATIVE_PAYMENT,10641.71,ALTERNATIVE_PAYMENT,10641.71,0.0,True
EVT_00001012,2026-08-16 15:09:15,PAYMENT_FAILURE,2940.68,ALTERNATIVE_PAYMENT,2940.68,ALTERNATIVE_PAYMENT,2940.68,0.0,True
EVT_00005198,2026-08-16 17:35:05,PAYMENT_FAILURE,7086.08,ALTERNATIVE_PAYMENT,7086.08,ALTERNATIVE_PAYMENT,7086.08,0.0,True
EVT_00001403,2026-08-16 18:18:00,PAYMENT_FAILURE,18347.39,ALTERNATIVE_PAYMENT,18347.39,ALTERNATIVE_PAYMENT,18347.39,0.0,True
EVT_00005680,2026-08-16 18:26:03,CHECKOUT_ABANDONMENT,2206.95,RECOVERY_REMINDER,0.0,ALTERNATIVE_PAYMENT,2206.95,2206.95,False
EVT_00004580,2026-08-16 18:26:50,CHECKOUT_ABANDONMENT,6111.28,RECOVERY_REMINDER,0.0,ALTERNATIVE_PAYMENT,6111.28,6111.28,False
EVT_00002948,2026-08-16 19:46:46,PAYMENT_FAILURE,2779.26,ALTERNATIVE_PAYMENT,0.0,ALTERNATIVE_PAYMENT,0.0,0.0,True
EVT_00001800,2026-08-16 20:23:25,CHECKOUT_ABANDONMENT,2269.97,RECOVERY_REMINDER,2269.97,ALTERNATIVE_PAYMENT,2269.97,0.0,False
EVT_00002057,2026-08-16 21:51:06,PAYMENT_FAILURE,10157.33,ALTERNATIVE_PAYMENT,10157.33,ALTERNATIVE_PAYMENT,10157.33,0.0,True
EVT_00004472,2026-08-16 23:08:00,PAYMENT_FAILURE,5092.83,ALTERNATIVE_PAYMENT,0.0,RECOVERY_REMINDER,5092.83,5092.83,False
EVT_00007368,2026-08-17 00:38:54,CHECKOUT_ABANDONMENT,2435.72,RECOVERY_REMINDER,2435.72,ALTERNATIVE_PAYMENT,2435.72,0.0,False
EVT_00004441,2026-08-17 01:22:06,PAYMENT_FAILURE,2682.99,ALTERNATIVE_PAYMENT,0.0,ALTERNATIVE_PAYMENT,0.0,0.0,True
EVT_00007804,2026-08-17 01:37:57,SUBSCRIPTION_FAILURE,4531.41,RECOVERY_REMINDER,4531.41,ALTERNATIVE_PAYMENT,4531.41,0.0,False
EVT_00009338,2026-08-17 02:08:17,SUBSCRIPTION_FAILURE,15037.01,RECOVERY_REMINDER,15037.01,RECOVERY_REMINDER,15037.01,0.0,True
EVT_00002769,2026-08-17 03:29:58,CHECKOUT_ABANDONMENT,11226.1,RECOVERY_REMINDER,11226.1,RECOVERY_REMINDER,11226.1,0.0,True
EVT_00005127,2026-08-17 04:45:11,PAYMENT_FAILURE,7837.28,ALTERNATIVE_PAYMENT,0.0,ALTERNATIVE_PAYMENT,0.0,0.0,True
EVT_00000653,2026-08-17 04:55:12,PAYMENT_FAILURE,5343.62,ALTERNATIVE_PAYMENT,0.0,ALTERNATIVE_PAYMENT,0.0,0.0,True
EVT_00004456,2026-08-17 04:56:01,PAYMENT_FAILURE,4334.94,RETRY_LATER,4334.94,ALTERNATIVE_PAYMENT,4334.94,0.0,False
EVT_00006984,2026-08-17 06:24:35,PAYMENT_FAILURE,11497.67,ALTERNATIVE_PAYMENT,11497.67,ALTERNATIVE_PAYMENT,11497.67,0.0,True
EVT_00007691,2026-08-17 07:11:38,PAYMENT_FAILURE,14799.41,ALTERNATIVE_PAYMENT,0.0,RETRY_LATER,14799.41,14799.41,False
EVT_00003719,2026-08-17 07:45:20,PAYMENT_FAILURE,796.1,RETRY_LATER,796.1,ALTERNATIVE_PAYMENT,796.1,0.0,False
EVT_00002992,2026-08-17 09:15:20,PAYMENT_FAILURE,6159.35,ALTERNATIVE_PAYMENT,0.0,ALTERNATIVE_PAYMENT,0.0,0.0,True
EVT_00003660,2026-08-17 09:36:26,CHECKOUT_ABANDONMENT,3269.41,RECOVERY_REMINDER,3269.41,ALTERNATIVE_PAYMENT,3269.41,0.0,False
EVT_00000621,2026-08-17 10:05:45,SUBSCRIPTION_FAILURE,1785.43,RECOVERY_REMINDER,0.0,RETRY_LATER,1785.43,1785.43,False
EVT_00009396,2026-08-17 11:48:24,PAYMENT_FAILURE,5595.92,ALTERNATIVE_PAYMENT,5595.92,ALTERNATIVE_PAYMENT,5595.92,0.0,True
EVT_00005283,2026-08-17 11:51:35,PAYMENT_FAILURE,1722.68,ALTERNATIVE_PAYMENT,1722.68,ALTERNATIVE_PAYMENT,1722.68,0.0,True
EVT_00006482,2026-08-17 11:53:00,PAYMENT_FAILURE,6999.89,RETRY_LATER,6999.89,ALTERNATIVE_PAYMENT,6999.89,0.0,False
EVT_00004138,2026-08-17 12:22:01,CHECKOUT_ABANDONMENT,10256.67,RECOVERY_REMINDER,0.0,ALTERNATIVE_PAYMENT,10256.67,10256.67,False
EVT_00003177,2026-08-17 13:57:02,CHECKOUT_ABANDONMENT,1641.22,RECOVERY_REMINDER,0.0,RETRY_LATER,1641.22,1641.22,False
EVT_00002075,2026-08-17 14:21:32,CHECKOUT_ABANDONMENT,3091.27,RECOVERY_REMINDER,3091.27,ALTERNATIVE_PAYMENT,3091.27,0.0,False
EVT_00004024,2026-08-17 14:32:09,PAYMENT_FAILURE,3924.85,ALTERNATIVE_PAYMENT,0.0,HUMAN_ESCALATION,3924.85,3924.85,False
EVT_00006755,2026-08-17 14:36:47,CHECKOUT_ABANDONMENT,2719.87,RECOVERY_REMINDER,2719.87,RECOVERY_REMINDER,2719.87,0.0,True
EVT_00003067,2026-08-17 14:37:10,PAYMENT_FAILURE,4028.92,ALTERNATIVE_PAYMENT,4028.92,ALTERNATIVE_PAYMENT,4028.92,0.0,True
EVT_00004306,2026-08-17 15:24:51,CHECKOUT_ABANDONMENT,1444.86,RECOVERY_REMINDER,1444.86,ALTERNATIVE_PAYMENT,1444.86,0.0,False
EVT_00009318,2026-08-17 15:56:48,SUBSCRIPTION_FAILURE,1355.54,RECOVERY_REMINDER,1355.54,RECOVERY_REMINDER,1355.54,0.0,True
EVT_00003465,2026-08-17 16:18:03,CHECKOUT_ABANDONMENT,1041.11,RECOVERY_REMINDER,1041.11,ALTERNATIVE_PAYMENT,1041.11,0.0,False
EVT_00009510,2026-08-17 17:16:37,CHECKOUT_ABANDONMENT,6395.81,RECOVERY_REMINDER,6395.81,ALTERNATIVE_PAYMENT,6395.81,0.0,False
EVT_00005748,2026-08-17 17:33:39,CHECKOUT_ABANDONMENT,5931.8,RECOVERY_REMINDER,0.0,ALTERNATIVE_PAYMENT,5931.8,5931.8,False
EVT_00004769,2026-08-17 17:35:19,PAYMENT_FAILURE,7146.35,RETRY_LATER,0.0,ALTERNATIVE_PAYMENT,7146.35,7146.35,False
EVT_00005952,2026-08-17 17:44:54,CHECKOUT_ABANDONMENT,3035.14,RECOVERY_REMINDER,3035.14,ALTERNATIVE_PAYMENT,3035.14,0.0,False
EVT_00003426,2026-08-17 18:33:09,PAYMENT_FAILURE,6837.56,ALTERNATIVE_PAYMENT,6837.56,ALTERNATIVE_PAYMENT,6837.56,0.0,True
EVT_00000708,2026-08-17 18:48:01,CHECKOUT_ABANDONMENT,11292.61,RECOVERY_REMINDER,11292.61,RECOVERY_REMINDER,11292.61,0.0,True
EVT_00007262,2026-08-17 18:48:34,SUBSCRIPTION_FAILURE,6623.83,RECOVERY_REMINDER,6623.83,RECOVERY_REMINDER,6623.83,0.0,True
EVT_00008567,2026-08-17 20:44:30,PAYMENT_FAILURE,10448.32,RETRY_LATER,0.0,ALTERNATIVE_PAYMENT,10448.32,10448.32,False
EVT_00003945,2026-08-17 21:05:17,CHECKOUT_ABANDONMENT,3780.2,RECOVERY_REMINDER,3780.2,ALTERNATIVE_PAYMENT,3780.2,0.0,False
EVT_00007763,2026-08-17 21:06:56,PAYMENT_FAILURE,4055.68,ALTERNATIVE_PAYMENT,4055.68,ALTERNATIVE_PAYMENT,4055.68,0.0,True
EVT_00007482,2026-08-17 22:03:26,SUBSCRIPTION_FAILURE,32320.42,RECOVERY_REMINDER,0.0,ALTERNATIVE_PAYMENT,32320.42,32320.42,False
EVT_00005955,2026-08-17 22:06:14,PAYMENT_FAILURE,1386.12,ALTERNATIVE_PAYMENT,0.0,ALTERNATIVE_PAYMENT,0.0,0.0,True
EVT_00009713,2026-08-17 22:16:41,PAYMENT_FAILURE,3692.9,ALTERNATIVE_PAYMENT,0.0,RETRY_LATER,3692.9,3692.9,False
EVT_00002339,2026-08-17 22:29:32,PAYMENT_FAILURE,663.09,RETRY_LATER,0.0,RECOVERY_REMINDER,663.09,663.09,False
EVT_00009601,2026-08-17 23:04:13,PAYMENT_FAILURE,3858.94,RETRY_LATER,3858.94,ALTERNATIVE_PAYMENT,3858.94,0.0,False
EVT_00001751,2026-08-17 23:07:55,PAYMENT_FAILURE,5230.72,ALTERNATIVE_PAYMENT,5230.72,ALTERNATIVE_PAYMENT,5230.72,0.0,True
EVT_00004696,2026-08-17 23:08:47,PAYMENT_FAILURE,8267.87,ALTERNATIVE_PAYMENT,8267.87,ALTERNATIVE_PAYMENT,8267.87,0.0,True
EVT_00009430,2026-08-17 23:48:41,SUBSCRIPTION_FAILURE,5562.15,RECOVERY_REMINDER,5562.15,ALTERNATIVE_PAYMENT,5562.15,0.0,False
EVT_00007349,2026-08-18 00:58:29,PAYMENT_FAILURE,5230.5,ALTERNATIVE_PAYMENT,0.0,RECOVERY_REMINDER,5230.5,5230.5,False
EVT_00000867,2026-08-18 01:03:53,SUBSCRIPTION_FAILURE,11874.22,RECOVERY_REMINDER,11874.22,RECOVERY_REMINDER,11874.22,0.0,True
EVT_00006007,2026-08-18 01:43:01,CHECKOUT_ABANDONMENT,6168.94,RECOVERY_REMINDER,6168.94,ALTERNATIVE_PAYMENT,6168.94,0.0,False
EVT_00009650,2026-08-18 03:17:45,CHECKOUT_ABANDONMENT,3545.46,RECOVERY_REMINDER,3545.46,ALTERNATIVE_PAYMENT,3545.46,0.0,False
EVT_00006715,2026-08-18 03:23:43,PAYMENT_FAILURE,6079.33,RETRY_LATER,0.0,ALTERNATIVE_PAYMENT,6079.33,6079.33,False
EVT_00006441,2026-08-18 03:29:29,PAYMENT_FAILURE,3015.75,RETRY_LATER,3015.75,ALTERNATIVE_PAYMENT,3015.75,0.0,False
EVT_00000805,2026-08-18 04:58:03,SUBSCRIPTION_FAILURE,21441.48,RECOVERY_REMINDER,21441.48,RECOVERY_REMINDER,21441.48,0.0,True
EVT_00001842,2026-08-18 05:17:11,PAYMENT_FAILURE,6174.89,ALTERNATIVE_PAYMENT,0.0,ALTERNATIVE_PAYMENT,0.0,0.0,True
EVT_00003188,2026-08-18 05:57:27,CHECKOUT_ABANDONMENT,1903.41,RECOVERY_REMINDER,1903.41,ALTERNATIVE_PAYMENT,1903.41,0.0,False
EVT_00003636,2026-08-18 06:21:37,PAYMENT_FAILURE,30226.41,HUMAN_ESCALATION,0.0,ALTERNATIVE_PAYMENT,30226.41,30226.41,False
EVT_00006497,2026-08-18 07:29:17,CHECKOUT_ABANDONMENT,1002.94,RECOVERY_REMINDER,1002.94,ALTERNATIVE_PAYMENT,1002.94,0.0,False
EVT_00001157,2026-08-18 07:52:18,PAYMENT_FAILURE,6844.02,ALTERNATIVE_PAYMENT,0.0,RECOVERY_REMINDER,6844.02,6844.02,False
EVT_00002237,2026-08-18 08:23:36,PAYMENT_FAILURE,1063.42,RETRY_LATER,1063.42,ALTERNATIVE_PAYMENT,1063.42,0.0,False
EVT_00005379,2026-08-18 09:22:51,CHECKOUT_ABANDONMENT,27543.57,RECOVERY_REMINDER,27543.57,ALTERNATIVE_PAYMENT,27543.57,0.0,False
EVT_00009284,2026-08-18 09:35:04,SUBSCRIPTION_FAILURE,3644.2,RECOVERY_REMINDER,0.0,ALTERNATIVE_PAYMENT,3644.2,3644.2,False
EVT_00007015,2026-08-18 09:41:14,CHECKOUT_ABANDONMENT,33868.73,RECOVERY_REMINDER,33868.73,ALTERNATIVE_PAYMENT,33868.73,0.0,False
EVT_00006649,2026-08-18 10:00:36,CHECKOUT_ABANDONMENT,15820.86,RECOVERY_REMINDER,15820.86,ALTERNATIVE_PAYMENT,15820.86,0.0,False
EVT_00008698,2026-08-18 10:10:52,PAYMENT_FAILURE,3462.16,ALTERNATIVE_PAYMENT,0.0,HUMAN_ESCALATION,3462.16,3462.16,False
EVT_00005750,2026-08-18 11:13:04,SUBSCRIPTION_FAILURE,2336.76,RECOVERY_REMINDER,2336.76,ALTERNATIVE_PAYMENT,2336.76,0.0,False
EVT_00008237,2026-08-18 11:56:06,PAYMENT_FAILURE,4480.78,ALTERNATIVE_PAYMENT,4480.78,ALTERNATIVE_PAYMENT,4480.78,0.0,True
EVT_00009030,2026-08-18 12:11:19,PAYMENT_FAILURE,6467.54,RETRY_LATER,6467.54,RETRY_LATER,6467.54,0.0,True
EVT_00002295,2026-08-18 12:12:30,PAYMENT_FAILURE,2352.38,ALTERNATIVE_PAYMENT,0.0,ALTERNATIVE_PAYMENT,0.0,0.0,True
EVT_00008741,2026-08-18 12:38:09,SUBSCRIPTION_FAILURE,2427.58,RECOVERY_REMINDER,2427.58,ALTERNATIVE_PAYMENT,2427.58,0.0,False
EVT_00009500,2026-08-18 12:56:35,PAYMENT_FAILURE,24472.11,ALTERNATIVE_PAYMENT,24472.11,ALTERNATIVE_PAYMENT,24472.11,0.0,True
EVT_00007806,2026-08-18 13:14:16,PAYMENT_FAILURE,5074.39,ALTERNATIVE_PAYMENT,0.0,RETRY_LATER,5074.39,5074.39,False
EVT_00006655,2026-08-18 13:30:03,SUBSCRIPTION_FAILURE,4603.36,RECOVERY_REMINDER,4603.36,ALTERNATIVE_PAYMENT,4603.36,0.0,False
EVT_00003005,2026-08-18 13:40:20,PAYMENT_FAILURE,9247.72,ALTERNATIVE_PAYMENT,0.0,ALTERNATIVE_PAYMENT,0.0,0.0,True
EVT_00002755,2026-08-18 15:08:12,SUBSCRIPTION_FAILURE,18107.92,RECOVERY_REMINDER,18107.92,ALTERNATIVE_PAYMENT,18107.92,0.0,False
EVT_00000275,2026-08-18 15:11:17,CHECKOUT_ABANDONMENT,1192.56,RECOVERY_REMINDER,1192.56,ALTERNATIVE_PAYMENT,1192.56,0.0,False
EVT_00006506,2026-08-18 15:41:58,PAYMENT_FAILURE,4496.91,ALTERNATIVE_PAYMENT,4496.91,ALTERNATIVE_PAYMENT,4496.91,0.0,True
EVT_00009735,2026-08-18 15:42:59,PAYMENT_FAILURE,7627.47,ALTERNATIVE_PAYMENT,0.0,RECOVERY_REMINDER,7627.47,7627.47,False
EVT_00003342,2026-08-18 16:22:02,CHECKOUT_ABANDONMENT,3425.96,RECOVERY_REMINDER,3425.96,ALTERNATIVE_PAYMENT,3425.96,0.0,False
EVT_00001338,2026-08-18 16:33:40,CHECKOUT_ABANDONMENT,2136.01,RECOVERY_REMINDER,0.0,ALTERNATIVE_PAYMENT,2136.01,2136.01,False
EVT_00001969,2026-08-18 16:35:57,PAYMENT_FAILURE,5733.45,ALTERNATIVE_PAYMENT,0.0,HUMAN_ESCALATION,5733.45,5733.45,False
EVT_00006868,2026-08-18 16:48:14,PAYMENT_FAILURE,31492.08,RETRY_LATER,31492.08,ALTERNATIVE_PAYMENT,31492.08,0.0,False
EVT_00003451,2026-08-18 19:21:50,CHECKOUT_ABANDONMENT,11262.33,RECOVERY_REMINDER,11262.33,ALTERNATIVE_PAYMENT,11262.33,0.0,False
EVT_00003764,2026-08-18 19:44:02,CHECKOUT_ABANDONMENT,4237.52,RECOVERY_REMINDER,4237.52,ALTERNATIVE_PAYMENT,4237.52,0.0,False
EVT_00006720,2026-08-18 20:04:18,SUBSCRIPTION_FAILURE,3017.66,RECOVERY_REMINDER,0.0,ALTERNATIVE_PAYMENT,3017.66,3017.66,False
EVT_00005830,2026-08-18 20:07:05,PAYMENT_FAILURE,10643.04,ALTERNATIVE_PAYMENT,0.0,RETRY_LATER,10643.04,10643.04,False
EVT_00003146,2026-08-18 21:01:08,PAYMENT_FAILURE,794.6,ALTERNATIVE_PAYMENT,0.0,ALTERNATIVE_PAYMENT,0.0,0.0,True
EVT_00004700,2026-08-18 21:53:20,PAYMENT_FAILURE,1987.76,ALTERNATIVE_PAYMENT,1987.76,ALTERNATIVE_PAYMENT,1987.76,0.0,True
EVT_00005016,2026-08-18 22:09:24,PAYMENT_FAILURE,1609.7,ALTERNATIVE_PAYMENT,1609.7,ALTERNATIVE_PAYMENT,1609.7,0.0,True
EVT_00007061,2026-08-18 22:23:46,PAYMENT_FAILURE,4848.02,ALTERNATIVE_PAYMENT,0.0,HUMAN_ESCALATION,4848.02,4848.02,False
EVT_00003126,2026-08-19 00:07:28,CHECKOUT_ABANDONMENT,542.11,RECOVERY_REMINDER,542.11,ALTERNATIVE_PAYMENT,542.11,0.0,False
EVT_00008017,2026-08-19 01:14:30,PAYMENT_FAILURE,12691.88,ALTERNATIVE_PAYMENT,0.0,ALTERNATIVE_PAYMENT,0.0,0.0,True
EVT_00002214,2026-08-19 03:04:19,PAYMENT_FAILURE,3549.74,ALTERNATIVE_PAYMENT,0.0,RECOVERY_REMINDER,3549.74,3549.74,False
EVT_00005873,2026-08-19 03:33:34,SUBSCRIPTION_FAILURE,2793.22,RECOVERY_REMINDER,0.0,RETRY_LATER,2793.22,2793.22,False
EVT_00001639,2026-08-19 03:57:50,PAYMENT_FAILURE,5791.74,ALTERNATIVE_PAYMENT,5791.74,ALTERNATIVE_PAYMENT,5791.74,0.0,True
EVT_00001098,2026-08-19 04:12:47,PAYMENT_FAILURE,12698.63,RETRY_LATER,12698.63,RECOVERY_REMINDER,12698.63,0.0,False
EVT_00006098,2026-08-19 04:43:53,SUBSCRIPTION_FAILURE,2313.17,RECOVERY_REMINDER,2313.17,ALTERNATIVE_PAYMENT,2313.17,0.0,False
EVT_00003569,2026-08-19 05:20:49,PAYMENT_FAILURE,5417.87,ALTERNATIVE_PAYMENT,0.0,HUMAN_ESCALATION,5417.87,5417.87,False
EVT_00003360,2026-08-19 05:21:20,PAYMENT_FAILURE,2629.3,ALTERNATIVE_PAYMENT,0.0,ALTERNATIVE_PAYMENT,0.0,0.0,True
EVT_00000967,2026-08-19 05:41:48,CHECKOUT_ABANDONMENT,1609.47,RECOVERY_REMINDER,1609.47,RECOVERY_REMINDER,1609.47,0.0,True
EVT_00008460,2026-08-19 05:47:07,CHECKOUT_ABANDONMENT,3610.83,RECOVERY_REMINDER,0.0,HUMAN_ESCALATION,3610.83,3610.83,False
EVT_00004815,2026-08-19 07:10:42,CHECKOUT_ABANDONMENT,1874.05,RECOVERY_REMINDER,0.0,ALTERNATIVE_PAYMENT,1874.05,1874.05,False
EVT_00008187,2026-08-19 08:26:48,CHECKOUT_ABANDONMENT,1890.89,RECOVERY_REMINDER,1890.89,ALTERNATIVE_PAYMENT,1890.89,0.0,False
EVT_00008077,2026-08-19 08:28:39,PAYMENT_FAILURE,6339.04,ALTERNATIVE_PAYMENT,0.0,HUMAN_ESCALATION,6339.04,6339.04,False
EVT_00004249,2026-08-19 09:02:46,PAYMENT_FAILURE,10956.95,ALTERNATIVE_PAYMENT,0.0,ALTERNATIVE_PAYMENT,0.0,0.0,True
EVT_00001463,2026-08-19 10:18:06,PAYMENT_FAILURE,3232.19,ALTERNATIVE_PAYMENT,0.0,RECOVERY_REMINDER,3232.19,3232.19,False
EVT_00001926,2026-08-19 11:38:29,PAYMENT_FAILURE,3672.45,ALTERNATIVE_PAYMENT,0.0,ALTERNATIVE_PAYMENT,0.0,0.0,True
EVT_00000394,2026-08-19 11:53:49,CHECKOUT_ABANDONMENT,947.77,RECOVERY_REMINDER,947.77,ALTERNATIVE_PAYMENT,947.77,0.0,False
EVT_00003127,2026-08-19 12:01:41,PAYMENT_FAILURE,1204.73,ALTERNATIVE_PAYMENT,0.0,ALTERNATIVE_PAYMENT,0.0,0.0,True
EVT_00001792,2026-08-19 12:12:58,PAYMENT_FAILURE,19697.75,ALTERNATIVE_PAYMENT,19697.75,ALTERNATIVE_PAYMENT,19697.75,0.0,True
EVT_00000633,2026-08-19 12:23:20,PAYMENT_FAILURE,3000.73,ALTERNATIVE_PAYMENT,0.0,ALTERNATIVE_PAYMENT,0.0,0.0,True
EVT_00007113,2026-08-19 12:56:24,CHECKOUT_ABANDONMENT,1846.85,RECOVERY_REMINDER,1846.85,ALTERNATIVE_PAYMENT,1846.85,0.0,False
EVT_00008844,2026-08-19 13:29:44,PAYMENT_FAILURE,31793.46,ALTERNATIVE_PAYMENT,0.0,HUMAN_ESCALATION,31793.46,31793.46,False
EVT_00001697,2026-08-19 13:32:43,PAYMENT_FAILURE,1002.48,ALTERNATIVE_PAYMENT,0.0,ALTERNATIVE_PAYMENT,0.0,0.0,True
EVT_00002249,2026-08-19 13:46:56,PAYMENT_FAILURE,5580.36,ALTERNATIVE_PAYMENT,0.0,RECOVERY_REMINDER,5580.36,5580.36,False
EVT_00006191,2026-08-19 14:07:26,CHECKOUT_ABANDONMENT,10155.91,RECOVERY_REMINDER,10155.91,ALTERNATIVE_PAYMENT,10155.91,0.0,False
EVT_00003729,2026-08-19 14:27:15,CHECKOUT_ABANDONMENT,40428.06,RECOVERY_REMINDER,40428.06,ALTERNATIVE_PAYMENT,40428.06,0.0,False
EVT_00007200,2026-08-19 14:29:18,CHECKOUT_ABANDONMENT,4349.54,RECOVERY_REMINDER,4349.54,ALTERNATIVE_PAYMENT,4349.54,0.0,False
EVT_00006874,2026-08-19 15:02:23,CHECKOUT_ABANDONMENT,1777.19,RECOVERY_REMINDER,1777.19,ALTERNATIVE_PAYMENT,1777.19,0.0,False
EVT_00004464,2026-08-19 16:13:07,PAYMENT_FAILURE,5475.69,ALTERNATIVE_PAYMENT,5475.69,ALTERNATIVE_PAYMENT,5475.69,0.0,True
EVT_00000982,2026-08-19 17:23:21,PAYMENT_FAILURE,1816.21,ALTERNATIVE_PAYMENT,0.0,RETRY_LATER,1816.21,1816.21,False
EVT_00006017,2026-08-19 18:46:54,SUBSCRIPTION_FAILURE,2795.96,RECOVERY_REMINDER,2795.96,ALTERNATIVE_PAYMENT,2795.96,0.0,False
EVT_00003478,2026-08-19 21:04:19,CHECKOUT_ABANDONMENT,991.31,RECOVERY_REMINDER,991.31,ALTERNATIVE_PAYMENT,991.31,0.0,False
EVT_00001329,2026-08-19 21:39:05,PAYMENT_FAILURE,4307.85,ALTERNATIVE_PAYMENT,0.0,ALTERNATIVE_PAYMENT,0.0,0.0,True
EVT_00007566,2026-08-19 21:39:16,PAYMENT_FAILURE,8455.6,ALTERNATIVE_PAYMENT,8455.6,ALTERNATIVE_PAYMENT,8455.6,0.0,True
EVT_00005404,2026-08-19 21:57:21,PAYMENT_FAILURE,5019.12,RETRY_LATER,5019.12,ALTERNATIVE_PAYMENT,5019.12,0.0,False
EVT_00006225,2026-08-19 22:53:14,PAYMENT_FAILURE,5422.81,RETRY_LATER,5422.81,RETRY_LATER,5422.81,0.0,True
EVT_00005965,2026-08-19 23:06:16,CHECKOUT_ABANDONMENT,7260.36,RECOVERY_REMINDER,7260.36,ALTERNATIVE_PAYMENT,7260.36,0.0,False
EVT_00007812,2026-08-19 23:15:39,SUBSCRIPTION_FAILURE,5430.5,RECOVERY_REMINDER,5430.5,RECOVERY_REMINDER,5430.5,0.0,True
EVT_00002096,2026-08-19 23:48:10,PAYMENT_FAILURE,1215.25,ALTERNATIVE_PAYMENT,0.0,RECOVERY_REMINDER,1215.25,1215.25,False
EVT_00007049,2026-08-20 00:07:24,CHECKOUT_ABANDONMENT,1637.95,RECOVERY_REMINDER,1637.95,RECOVERY_REMINDER,1637.95,0.0,True
EVT_00006350,2026-08-20 00:11:01,PAYMENT_FAILURE,4764.32,ALTERNATIVE_PAYMENT,0.0,RECOVERY_REMINDER,4764.32,4764.32,False
EVT_00007694,2026-08-20 01:51:08,PAYMENT_FAILURE,13061.72,ALTERNATIVE_PAYMENT,13061.72,ALTERNATIVE_PAYMENT,13061.72,0.0,True
EVT_00003711,2026-08-20 01:57:19,PAYMENT_FAILURE,9157.83,ALTERNATIVE_PAYMENT,0.0,ALTERNATIVE_PAYMENT,0.0,0.0,True
EVT_00000022,2026-08-20 02:16:09,PAYMENT_FAILURE,4815.98,RETRY_LATER,4815.98,ALTERNATIVE_PAYMENT,4815.98,0.0,False
EVT_00004046,2026-08-20 02:24:27,PAYMENT_FAILURE,5088.25,ALTERNATIVE_PAYMENT,0.0,ALTERNATIVE_PAYMENT,0.0,0.0,True
EVT_00006127,2026-08-20 02:30:46,SUBSCRIPTION_FAILURE,8893.26,RECOVERY_REMINDER,0.0,ALTERNATIVE_PAYMENT,0.0,0.0,False
EVT_00002857,2026-08-20 02:41:20,CHECKOUT_ABANDONMENT,1722.95,RECOVERY_REMINDER,1722.95,RECOVERY_REMINDER,1722.95,0.0,True
EVT_00005509,2026-08-20 03:18:51,PAYMENT_FAILURE,6029.93,RETRY_LATER,6029.93,ALTERNATIVE_PAYMENT,6029.93,0.0,False
EVT_00006048,2026-08-20 03:46:17,PAYMENT_FAILURE,8697.7,ALTERNATIVE_PAYMENT,0.0,ALTERNATIVE_PAYMENT,0.0,0.0,True
EVT_00002874,2026-08-20 03:55:56,PAYMENT_FAILURE,1863.78,ALTERNATIVE_PAYMENT,1863.78,ALTERNATIVE_PAYMENT,1863.78,0.0,True
EVT_00001533,2026-08-20 04:18:41,PAYMENT_FAILURE,5131.75,ALTERNATIVE_PAYMENT,0.0,ALTERNATIVE_PAYMENT,0.0,0.0,True
EVT_00005428,2026-08-20 07:25:40,PAYMENT_FAILURE,8856.13,ALTERNATIVE_PAYMENT,0.0,ALTERNATIVE_PAYMENT,0.0,0.0,True
EVT_00006884,2026-08-20 07:28:31,PAYMENT_FAILURE,2940.48,ALTERNATIVE_PAYMENT,0.0,RECOVERY_REMINDER,2940.48,2940.48,False
EVT_00008861,2026-08-20 08:51:57,PAYMENT_FAILURE,3167.25,ALTERNATIVE_PAYMENT,3167.25,ALTERNATIVE_PAYMENT,3167.25,0.0,True
EVT_00003685,2026-08-20 08:54:24,CHECKOUT_ABANDONMENT,4553.88,RECOVERY_REMINDER,4553.88,RECOVERY_REMINDER,4553.88,0.0,True
EVT_00005800,2026-08-20 09:08:46,CHECKOUT_ABANDONMENT,5870.12,RECOVERY_REMINDER,5870.12,ALTERNATIVE_PAYMENT,5870.12,0.0,False
EVT_00007255,2026-08-20 09:33:53,SUBSCRIPTION_FAILURE,1641.73,RECOVERY_REMINDER,0.0,RETRY_LATER,1641.73,1641.73,False
EVT_00006414,2026-08-20 09:39:42,PAYMENT_FAILURE,1108.11,RETRY_LATER,0.0,ALTERNATIVE_PAYMENT,1108.11,1108.11,False
EVT_00001341,2026-08-20 09:40:32,PAYMENT_FAILURE,9487.84,ALTERNATIVE_PAYMENT,0.0,ALTERNATIVE_PAYMENT,0.0,0.0,True
EVT_00008312,2026-08-20 09:56:07,SUBSCRIPTION_FAILURE,4369.85,RECOVERY_REMINDER,0.0,ALTERNATIVE_PAYMENT,4369.85,4369.85,False
EVT_00005544,2026-08-20 10:19:06,SUBSCRIPTION_FAILURE,19324.59,RECOVERY_REMINDER,19324.59,ALTERNATIVE_PAYMENT,19324.59,0.0,False
EVT_00007579,2026-08-20 10:49:47,PAYMENT_FAILURE,5251.02,ALTERNATIVE_PAYMENT,5251.02,ALTERNATIVE_PAYMENT,5251.02,0.0,True
EVT_00003271,2026-08-20 11:57:46,SUBSCRIPTION_FAILURE,2909.1,RECOVERY_REMINDER,0.0,ALTERNATIVE_PAYMENT,2909.1,2909.1,False
EVT_00005553,2026-08-20 12:02:46,SUBSCRIPTION_FAILURE,2463.08,RECOVERY_REMINDER,0.0,RETRY_LATER,2463.08,2463.08,False
EVT_00009779,2026-08-20 13:07:00,CHECKOUT_ABANDONMENT,3664.27,RECOVERY_REMINDER,3664.27,ALTERNATIVE_PAYMENT,3664.27,0.0,False
EVT_00003849,2026-08-20 13:08:14,CHECKOUT_ABANDONMENT,7571.05,RECOVERY_REMINDER,7571.05,ALTERNATIVE_PAYMENT,7571.05,0.0,False
EVT_00008755,2026-08-20 13:58:46,PAYMENT_FAILURE,1697.24,ALTERNATIVE_PAYMENT,0.0,RECOVERY_REMINDER,1697.24,1697.24,False
EVT_00001643,2026-08-20 14:05:24,SUBSCRIPTION_FAILURE,22352.41,RECOVERY_REMINDER,0.0,ALTERNATIVE_PAYMENT,22352.41,22352.41,False
EVT_00003452,2026-08-20 14:30:23,PAYMENT_FAILURE,1661.78,RETRY_LATER,1661.78,RECOVERY_REMINDER,1661.78,0.0,False
EVT_00006404,2026-08-20 16:12:35,PAYMENT_FAILURE,485.4,RETRY_LATER,485.4,RECOVERY_REMINDER,485.4,0.0,False
EVT_00008225,2026-08-20 16:25:50,PAYMENT_FAILURE,3840.94,RETRY_LATER,0.0,ALTERNATIVE_PAYMENT,3840.94,3840.94,False
EVT_00008973,2026-08-20 17:09:35,CHECKOUT_ABANDONMENT,2048.53,RECOVERY_REMINDER,2048.53,ALTERNATIVE_PAYMENT,2048.53,0.0,False
EVT_00006219,2026-08-20 17:47:42,PAYMENT_FAILURE,2250.89,ALTERNATIVE_PAYMENT,0.0,RECOVERY_REMINDER,2250.89,2250.89,False
EVT_00002495,2026-08-20 18:15:21,PAYMENT_FAILURE,2994.13,ALTERNATIVE_PAYMENT,2994.13,ALTERNATIVE_PAYMENT,2994.13,0.0,True
EVT_00005999,2026-08-20 19:01:32,SUBSCRIPTION_FAILURE,13313.13,RECOVERY_REMINDER,13313.13,ALTERNATIVE_PAYMENT,13313.13,0.0,False
EVT_00000252,2026-08-20 19:24:01,PAYMENT_FAILURE,4753.21,ALTERNATIVE_PAYMENT,0.0,HUMAN_ESCALATION,4753.21,4753.21,False
EVT_00003295,2026-08-20 19:34:48,PAYMENT_FAILURE,788.21,ALTERNATIVE_PAYMENT,788.21,ALTERNATIVE_PAYMENT,788.21,0.0,True
EVT_00008655,2026-08-20 20:01:15,PAYMENT_FAILURE,15907.43,ALTERNATIVE_PAYMENT,15907.43,ALTERNATIVE_PAYMENT,15907.43,0.0,True
EVT_00004658,2026-08-20 21:42:12,PAYMENT_FAILURE,4010.82,RETRY_LATER,0.0,HUMAN_ESCALATION,4010.82,4010.82,False
EVT_00009949,2026-08-20 22:25:50,SUBSCRIPTION_FAILURE,12128.96,RECOVERY_REMINDER,12128.96,RECOVERY_REMINDER,12128.96,0.0,True
EVT_00005803,2026-08-20 23:39:00,PAYMENT_FAILURE,6978.37,RETRY_LATER,0.0,RECOVERY_REMINDER,6978.37,6978.37,False
EVT_00008946,2026-08-20 23:42:09,SUBSCRIPTION_FAILURE,3414.19,RECOVERY_REMINDER,3414.19,RECOVERY_REMINDER,3414.19,0.0,True
EVT_00000710,2026-08-20 23:43:26,SUBSCRIPTION_FAILURE,21822.29,RECOVERY_REMINDER,0.0,ALTERNATIVE_PAYMENT,21822.29,21822.29,False
EVT_00005656,2026-08-21 00:02:26,SUBSCRIPTION_FAILURE,4928.25,RECOVERY_REMINDER,4928.25,ALTERNATIVE_PAYMENT,4928.25,0.0,False
EVT_00004141,2026-08-21 00:19:54,SUBSCRIPTION_FAILURE,2752.67,RECOVERY_REMINDER,2752.67,RECOVERY_REMINDER,2752.67,0.0,True
EVT_00002803,2026-08-21 00:41:41,PAYMENT_FAILURE,10750.52,ALTERNATIVE_PAYMENT,10750.52,ALTERNATIVE_PAYMENT,10750.52,0.0,True
EVT_00001010,2026-08-21 01:10:45,PAYMENT_FAILURE,4643.77,ALTERNATIVE_PAYMENT,0.0,RECOVERY_REMINDER,4643.77,4643.77,False
EVT_00004242,2026-08-21 01:29:45,PAYMENT_FAILURE,5108.65,ALTERNATIVE_PAYMENT,0.0,ALTERNATIVE_PAYMENT,0.0,0.0,True
EVT_00006533,2026-08-21 02:40:59,PAYMENT_FAILURE,937.09,RETRY_LATER,937.09,ALTERNATIVE_PAYMENT,937.09,0.0,False
EVT_00001537,2026-08-21 04:08:07,PAYMENT_FAILURE,24096.83,ALTERNATIVE_PAYMENT,0.0,RECOVERY_REMINDER,24096.83,24096.83,False
EVT_00002810,2026-08-21 04:31:24,CHECKOUT_ABANDONMENT,1791.06,RECOVERY_REMINDER,1791.06,ALTERNATIVE_PAYMENT,1791.06,0.0,False
EVT_00002739,2026-08-21 06:37:50,PAYMENT_FAILURE,4894.72,ALTERNATIVE_PAYMENT,4894.72,ALTERNATIVE_PAYMENT,4894.72,0.0,True
EVT_00000523,2026-08-21 10:04:51,PAYMENT_FAILURE,2427.26,ALTERNATIVE_PAYMENT,0.0,ALTERNATIVE_PAYMENT,0.0,0.0,True
EVT_00002691,2026-08-21 10:10:48,CHECKOUT_ABANDONMENT,4397.35,RECOVERY_REMINDER,4397.35,ALTERNATIVE_PAYMENT,4397.35,0.0,False
EVT_00002662,2026-08-21 10:23:02,SUBSCRIPTION_FAILURE,5725.61,RECOVERY_REMINDER,0.0,HUMAN_ESCALATION,5725.61,5725.61,False
EVT_00004058,2026-08-21 10:24:29,PAYMENT_FAILURE,16525.74,ALTERNATIVE_PAYMENT,16525.74,ALTERNATIVE_PAYMENT,16525.74,0.0,True
EVT_00002212,2026-08-21 10:35:28,PAYMENT_FAILURE,2102.44,RETRY_LATER,2102.44,RECOVERY_REMINDER,2102.44,0.0,False
EVT_00005274,2026-08-21 11:21:16,PAYMENT_FAILURE,4784.68,ALTERNATIVE_PAYMENT,4784.68,ALTERNATIVE_PAYMENT,4784.68,0.0,True
EVT_00006979,2026-08-21 11:26:35,PAYMENT_FAILURE,1781.78,ALTERNATIVE_PAYMENT,1781.78,ALTERNATIVE_PAYMENT,1781.78,0.0,True
EVT_00000409,2026-08-21 11:40:54,PAYMENT_FAILURE,5247.99,ALTERNATIVE_PAYMENT,0.0,RETRY_LATER,5247.99,5247.99,False
EVT_00002432,2026-08-21 12:31:51,PAYMENT_FAILURE,25708.46,ALTERNATIVE_PAYMENT,0.0,HUMAN_ESCALATION,25708.46,25708.46,False
EVT_00004363,2026-08-21 12:43:42,PAYMENT_FAILURE,5070.8,ALTERNATIVE_PAYMENT,0.0,RECOVERY_REMINDER,5070.8,5070.8,False
EVT_00008105,2026-08-21 13:12:45,CHECKOUT_ABANDONMENT,88968.18,RECOVERY_REMINDER,88968.18,ALTERNATIVE_PAYMENT,88968.18,0.0,False
EVT_00004625,2026-08-21 13:31:13,CHECKOUT_ABANDONMENT,1961.69,RECOVERY_REMINDER,1961.69,ALTERNATIVE_PAYMENT,1961.69,0.0,False
EVT_00004730,2026-08-21 15:20:16,PAYMENT_FAILURE,5974.23,ALTERNATIVE_PAYMENT,5974.23,ALTERNATIVE_PAYMENT,5974.23,0.0,True
EVT_00004084,2026-08-21 15:33:51,CHECKOUT_ABANDONMENT,34499.46,RECOVERY_REMINDER,34499.46,RECOVERY_REMINDER,34499.46,0.0,True
EVT_00006359,2026-08-21 15:44:12,PAYMENT_FAILURE,9900.74,ALTERNATIVE_PAYMENT,9900.74,ALTERNATIVE_PAYMENT,9900.74,0.0,True
EVT_00003433,2026-08-21 16:19:25,SUBSCRIPTION_FAILURE,10985.9,RECOVERY_REMINDER,10985.9,RECOVERY_REMINDER,10985.9,0.0,True
EVT_00004523,2026-08-21 16:19:45,CHECKOUT_ABANDONMENT,2983.97,RECOVERY_REMINDER,0.0,ALTERNATIVE_PAYMENT,2983.97,2983.97,False
EVT_00005738,2026-08-21 16:45:17,PAYMENT_FAILURE,12631.16,ALTERNATIVE_PAYMENT,0.0,ALTERNATIVE_PAYMENT,0.0,0.0,True
EVT_00001768,2026-08-21 17:08:37,CHECKOUT_ABANDONMENT,4801.24,RECOVERY_REMINDER,4801.24,ALTERNATIVE_PAYMENT,4801.24,0.0,False
EVT_00004612,2026-08-21 17:27:31,PAYMENT_FAILURE,7254.98,ALTERNATIVE_PAYMENT,7254.98,ALTERNATIVE_PAYMENT,7254.98,0.0,True
EVT_00000170,2026-08-21 18:05:33,CHECKOUT_ABANDONMENT,3435.59,RECOVERY_REMINDER,3435.59,ALTERNATIVE_PAYMENT,3435.59,0.0,False
EVT_00001290,2026-08-21 18:24:48,SUBSCRIPTION_FAILURE,798.22,RECOVERY_REMINDER,798.22,RECOVERY_REMINDER,798.22,0.0,True
EVT_00007862,2026-08-21 18:50:38,PAYMENT_FAILURE,4918.36,ALTERNATIVE_PAYMENT,4918.36,ALTERNATIVE_PAYMENT,4918.36,0.0,True
EVT_00004805,2026-08-21 19:35:02,CHECKOUT_ABANDONMENT,899.66,RECOVERY_REMINDER,899.66,ALTERNATIVE_PAYMENT,899.66,0.0,False
EVT_00005029,2026-08-21 21:27:15,PAYMENT_FAILURE,1807.01,RETRY_LATER,1807.01,ALTERNATIVE_PAYMENT,1807.01,0.0,False
EVT_00003963,2026-08-21 22:40:56,CHECKOUT_ABANDONMENT,10481.13,RECOVERY_REMINDER,10481.13,ALTERNATIVE_PAYMENT,10481.13,0.0,False
EVT_00004703,2026-08-21 23:23:42,PAYMENT_FAILURE,33437.48,HUMAN_ESCALATION,33437.48,RECOVERY_REMINDER,33437.48,0.0,False
EVT_00006302,2026-08-21 23:46:22,SUBSCRIPTION_FAILURE,989.14,RECOVERY_REMINDER,0.0,ALTERNATIVE_PAYMENT,989.14,989.14,False
EVT_00008320,2026-08-22 00:27:17,PAYMENT_FAILURE,4176.31,ALTERNATIVE_PAYMENT,4176.31,ALTERNATIVE_PAYMENT,4176.31,0.0,True
EVT_00009697,2026-08-22 01:56:58,CHECKOUT_ABANDONMENT,8965.55,RECOVERY_REMINDER,8965.55,RECOVERY_REMINDER,8965.55,0.0,True
EVT_00009295,2026-08-22 02:15:07,PAYMENT_FAILURE,19255.37,ALTERNATIVE_PAYMENT,19255.37,ALTERNATIVE_PAYMENT,19255.37,0.0,True
EVT_00009694,2026-08-22 02:19:38,CHECKOUT_ABANDONMENT,1981.81,RECOVERY_REMINDER,1981.81,RECOVERY_REMINDER,1981.81,0.0,True
EVT_00004004,2026-08-22 02:26:01,CHECKOUT_ABANDONMENT,2669.04,RECOVERY_REMINDER,2669.04,ALTERNATIVE_PAYMENT,2669.04,0.0,False
EVT_00006204,2026-08-22 02:34:37,PAYMENT_FAILURE,17183.95,RETRY_LATER,17183.95,ALTERNATIVE_PAYMENT,17183.95,0.0,False
EVT_00006168,2026-08-22 02:48:14,PAYMENT_FAILURE,1436.0,ALTERNATIVE_PAYMENT,1436.0,ALTERNATIVE_PAYMENT,1436.0,0.0,True
EVT_00007764,2026-08-22 03:27:36,CHECKOUT_ABANDONMENT,2134.02,RECOVERY_REMINDER,2134.02,ALTERNATIVE_PAYMENT,2134.02,0.0,False
EVT_00009178,2026-08-22 04:46:59,PAYMENT_FAILURE,5972.71,RETRY_LATER,5972.71,ALTERNATIVE_PAYMENT,5972.71,0.0,False
EVT_00003039,2026-08-22 05:06:57,SUBSCRIPTION_FAILURE,2467.95,RECOVERY_REMINDER,0.0,ALTERNATIVE_PAYMENT,0.0,0.0,False
EVT_00005847,2026-08-22 05:15:35,PAYMENT_FAILURE,2543.64,ALTERNATIVE_PAYMENT,0.0,RECOVERY_REMINDER,2543.64,2543.64,False
EVT_00007241,2026-08-22 05:39:39,PAYMENT_FAILURE,12914.73,ALTERNATIVE_PAYMENT,0.0,ALTERNATIVE_PAYMENT,0.0,0.0,True
EVT_00002550,2026-08-22 06:03:31,PAYMENT_FAILURE,912.31,ALTERNATIVE_PAYMENT,0.0,ALTERNATIVE_PAYMENT,0.0,0.0,True
EVT_00005456,2026-08-22 06:32:41,PAYMENT_FAILURE,4169.73,ALTERNATIVE_PAYMENT,0.0,RECOVERY_REMINDER,4169.73,4169.73,False
EVT_00009290,2026-08-22 06:33:49,CHECKOUT_ABANDONMENT,2462.38,RECOVERY_REMINDER,2462.38,RECOVERY_REMINDER,2462.38,0.0,True
EVT_00007636,2026-08-22 07:30:37,PAYMENT_FAILURE,3844.87,ALTERNATIVE_PAYMENT,3844.87,ALTERNATIVE_PAYMENT,3844.87,0.0,True
EVT_00009506,2026-08-22 08:05:33,CHECKOUT_ABANDONMENT,2362.92,RECOVERY_REMINDER,2362.92,RECOVERY_REMINDER,2362.92,0.0,True
EVT_00005833,2026-08-22 08:31:25,CHECKOUT_ABANDONMENT,4082.08,RECOVERY_REMINDER,4082.08,ALTERNATIVE_PAYMENT,4082.08,0.0,False
EVT_00000157,2026-08-22 08:41:17,PAYMENT_FAILURE,4082.92,RETRY_LATER,0.0,RECOVERY_REMINDER,4082.92,4082.92,False
EVT_00005693,2026-08-22 08:41:35,CHECKOUT_ABANDONMENT,1934.04,RECOVERY_REMINDER,0.0,ALTERNATIVE_PAYMENT,1934.04,1934.04,False
EVT_00009953,2026-08-22 08:52:31,CHECKOUT_ABANDONMENT,8391.69,RECOVERY_REMINDER,8391.69,ALTERNATIVE_PAYMENT,8391.69,0.0,False
EVT_00008382,2026-08-22 08:57:20,CHECKOUT_ABANDONMENT,5541.09,RECOVERY_REMINDER,5541.09,ALTERNATIVE_PAYMENT,5541.09,0.0,False
EVT_00001392,2026-08-22 09:30:13,PAYMENT_FAILURE,12242.52,RETRY_LATER,0.0,RECOVERY_REMINDER,12242.52,12242.52,False
EVT_00004360,2026-08-22 09:42:12,CHECKOUT_ABANDONMENT,13090.71,RECOVERY_REMINDER,13090.71,ALTERNATIVE_PAYMENT,13090.71,0.0,False
EVT_00000235,2026-08-22 09:49:45,SUBSCRIPTION_FAILURE,8408.57,RECOVERY_REMINDER,0.0,ALTERNATIVE_PAYMENT,8408.57,8408.57,False
EVT_00009582,2026-08-22 10:23:12,CHECKOUT_ABANDONMENT,9153.62,RECOVERY_REMINDER,9153.62,ALTERNATIVE_PAYMENT,9153.62,0.0,False
EVT_00004207,2026-08-22 11:07:55,PAYMENT_FAILURE,14161.57,ALTERNATIVE_PAYMENT,14161.57,ALTERNATIVE_PAYMENT,14161.57,0.0,True
EVT_00008935,2026-08-22 12:40:11,PAYMENT_FAILURE,16086.1,ALTERNATIVE_PAYMENT,16086.1,ALTERNATIVE_PAYMENT,16086.1,0.0,True
EVT_00003664,2026-08-22 12:55:22,CHECKOUT_ABANDONMENT,3290.55,RECOVERY_REMINDER,3290.55,RECOVERY_REMINDER,3290.55,0.0,True
EVT_00002859,2026-08-22 12:56:38,PAYMENT_FAILURE,16006.07,ALTERNATIVE_PAYMENT,16006.07,ALTERNATIVE_PAYMENT,16006.07,0.0,True
EVT_00008593,2026-08-22 13:38:51,PAYMENT_FAILURE,7685.61,RETRY_LATER,7685.61,ALTERNATIVE_PAYMENT,7685.61,0.0,False
EVT_00002225,2026-08-22 13:39:53,PAYMENT_FAILURE,4869.28,ALTERNATIVE_PAYMENT,4869.28,ALTERNATIVE_PAYMENT,4869.28,0.0,True
EVT_00005825,2026-08-22 14:56:35,PAYMENT_FAILURE,10975.68,ALTERNATIVE_PAYMENT,0.0,ALTERNATIVE_PAYMENT,0.0,0.0,True
EVT_00004557,2026-08-22 14:59:29,PAYMENT_FAILURE,2249.74,ALTERNATIVE_PAYMENT,2249.74,ALTERNATIVE_PAYMENT,2249.74,0.0,True
EVT_00009662,2026-08-22 15:02:35,PAYMENT_FAILURE,3321.04,ALTERNATIVE_PAYMENT,3321.04,ALTERNATIVE_PAYMENT,3321.04,0.0,True
EVT_00000821,2026-08-22 15:09:38,PAYMENT_FAILURE,6010.59,RETRY_LATER,6010.59,ALTERNATIVE_PAYMENT,6010.59,0.0,False
EVT_00009436,2026-08-22 15:15:39,PAYMENT_FAILURE,4587.8,ALTERNATIVE_PAYMENT,0.0,ALTERNATIVE_PAYMENT,0.0,0.0,True
EVT_00002341,2026-08-22 15:34:49,PAYMENT_FAILURE,9921.94,ALTERNATIVE_PAYMENT,0.0,ALTERNATIVE_PAYMENT,0.0,0.0,True
EVT_00005109,2026-08-22 15:48:14,SUBSCRIPTION_FAILURE,3341.36,RECOVERY_REMINDER,3341.36,ALTERNATIVE_PAYMENT,3341.36,0.0,False
EVT_00009058,2026-08-22 16:35:34,CHECKOUT_ABANDONMENT,6025.4,RECOVERY_REMINDER,6025.4,ALTERNATIVE_PAYMENT,6025.4,0.0,False
EVT_00007148,2026-08-22 17:34:08,SUBSCRIPTION_FAILURE,5065.11,RECOVERY_REMINDER,0.0,ALTERNATIVE_PAYMENT,0.0,0.0,False
EVT_00002897,2026-08-22 17:34:42,PAYMENT_FAILURE,8219.27,ALTERNATIVE_PAYMENT,0.0,ALTERNATIVE_PAYMENT,0.0,0.0,True
EVT_00007628,2026-08-22 17:41:59,SUBSCRIPTION_FAILURE,3576.53,RECOVERY_REMINDER,3576.53,ALTERNATIVE_PAYMENT,3576.53,0.0,False
EVT_00008345,2026-08-22 17:44:06,SUBSCRIPTION_FAILURE,5052.77,RECOVERY_REMINDER,0.0,ALTERNATIVE_PAYMENT,0.0,0.0,False
EVT_00002721,2026-08-22 17:58:39,PAYMENT_FAILURE,2255.53,ALTERNATIVE_PAYMENT,0.0,ALTERNATIVE_PAYMENT,0.0,0.0,True
EVT_00005846,2026-08-22 18:37:01,PAYMENT_FAILURE,1508.81,ALTERNATIVE_PAYMENT,1508.81,ALTERNATIVE_PAYMENT,1508.81,0.0,True
EVT_00007546,2026-08-22 19:05:11,PAYMENT_FAILURE,16878.7,ALTERNATIVE_PAYMENT,16878.7,ALTERNATIVE_PAYMENT,16878.7,0.0,True
EVT_00009019,2026-08-22 19:08:39,CHECKOUT_ABANDONMENT,5684.16,RECOVERY_REMINDER,5684.16,ALTERNATIVE_PAYMENT,5684.16,0.0,False
EVT_00008214,2026-08-22 19:09:08,CHECKOUT_ABANDONMENT,9368.25,RECOVERY_REMINDER,9368.25,ALTERNATIVE_PAYMENT,9368.25,0.0,False
EVT_00007232,2026-08-22 19:20:31,PAYMENT_FAILURE,1496.88,ALTERNATIVE_PAYMENT,0.0,ALTERNATIVE_PAYMENT,0.0,0.0,True
EVT_00001297,2026-08-22 20:02:18,PAYMENT_FAILURE,9399.55,ALTERNATIVE_PAYMENT,9399.55,ALTERNATIVE_PAYMENT,9399.55,0.0,True
EVT_00005245,2026-08-22 20:47:03,PAYMENT_FAILURE,1322.46,RETRY_LATER,1322.46,RECOVERY_REMINDER,1322.46,0.0,False
EVT_00007818,2026-08-22 21:05:04,PAYMENT_FAILURE,12810.68,ALTERNATIVE_PAYMENT,12810.68,ALTERNATIVE_PAYMENT,12810.68,0.0,True
EVT_00002518,2026-08-22 21:39:25,PAYMENT_FAILURE,6927.6,RETRY_LATER,6927.6,ALTERNATIVE_PAYMENT,6927.6,0.0,False
EVT_00004900,2026-08-22 22:49:01,PAYMENT_FAILURE,5464.38,ALTERNATIVE_PAYMENT,0.0,ALTERNATIVE_PAYMENT,0.0,0.0,True
EVT_00000989,2026-08-22 23:17:14,PAYMENT_FAILURE,4132.09,ALTERNATIVE_PAYMENT,4132.09,ALTERNATIVE_PAYMENT,4132.09,0.0,True
EVT_00001058,2026-08-23 00:14:06,PAYMENT_FAILURE,3198.05,ALTERNATIVE_PAYMENT,3198.05,ALTERNATIVE_PAYMENT,3198.05,0.0,True
EVT_00007982,2026-08-23 00:21:59,PAYMENT_FAILURE,115935.22,ALTERNATIVE_PAYMENT,0.0,RECOVERY_REMINDER,115935.22,115935.22,False
EVT_00006674,2026-08-23 01:13:28,SUBSCRIPTION_FAILURE,17457.77,RECOVERY_REMINDER,0.0,ALTERNATIVE_PAYMENT,17457.77,17457.77,False
EVT_00000105,2026-08-23 02:07:43,PAYMENT_FAILURE,17395.38,ALTERNATIVE_PAYMENT,17395.38,ALTERNATIVE_PAYMENT,17395.38,0.0,True
EVT_00006635,2026-08-23 02:18:43,PAYMENT_FAILURE,5484.45,RETRY_LATER,5484.45,ALTERNATIVE_PAYMENT,5484.45,0.0,False
EVT_00009101,2026-08-23 02:57:02,PAYMENT_FAILURE,2456.37,ALTERNATIVE_PAYMENT,2456.37,ALTERNATIVE_PAYMENT,2456.37,0.0,True
EVT_00003611,2026-08-23 03:03:31,PAYMENT_FAILURE,6231.42,ALTERNATIVE_PAYMENT,0.0,ALTERNATIVE_PAYMENT,0.0,0.0,True
EVT_00008684,2026-08-23 03:14:24,CHECKOUT_ABANDONMENT,21993.71,RECOVERY_REMINDER,21993.71,ALTERNATIVE_PAYMENT,21993.71,0.0,False
EVT_00003437,2026-08-23 03:26:43,PAYMENT_FAILURE,1971.75,RETRY_LATER,1971.75,ALTERNATIVE_PAYMENT,1971.75,0.0,False
EVT_00008812,2026-08-23 03:32:55,CHECKOUT_ABANDONMENT,21350.06,RECOVERY_REMINDER,21350.06,ALTERNATIVE_PAYMENT,21350.06,0.0,False
EVT_00004736,2026-08-23 03:59:30,PAYMENT_FAILURE,3243.86,RETRY_LATER,0.0,ALTERNATIVE_PAYMENT,0.0,0.0,False
EVT_00002558,2026-08-23 04:00:04,PAYMENT_FAILURE,5019.24,ALTERNATIVE_PAYMENT,0.0,ALTERNATIVE_PAYMENT,0.0,0.0,True
EVT_00009241,2026-08-23 04:38:35,CHECKOUT_ABANDONMENT,12024.69,RECOVERY_REMINDER,12024.69,RECOVERY_REMINDER,12024.69,0.0,True
EVT_00005821,2026-08-23 04:50:14,PAYMENT_FAILURE,8701.46,RETRY_LATER,0.0,ALTERNATIVE_PAYMENT,8701.46,8701.46,False
EVT_00004437,2026-08-23 05:38:57,SUBSCRIPTION_FAILURE,2462.58,RECOVERY_REMINDER,0.0,ALTERNATIVE_PAYMENT,0.0,0.0,False
EVT_00006990,2026-08-23 05:54:40,PAYMENT_FAILURE,6284.56,RETRY_LATER,0.0,RECOVERY_REMINDER,6284.56,6284.56,False
EVT_00005489,2026-08-23 05:54:45,PAYMENT_FAILURE,1538.56,ALTERNATIVE_PAYMENT,1538.56,ALTERNATIVE_PAYMENT,1538.56,0.0,True
EVT_00000055,2026-08-23 06:26:38,SUBSCRIPTION_FAILURE,3842.3,RECOVERY_REMINDER,3842.3,ALTERNATIVE_PAYMENT,3842.3,0.0,False
EVT_00003780,2026-08-23 07:27:48,CHECKOUT_ABANDONMENT,846.56,RECOVERY_REMINDER,0.0,RETRY_LATER,846.56,846.56,False
EVT_00009556,2026-08-23 08:28:36,CHECKOUT_ABANDONMENT,6894.45,RECOVERY_REMINDER,0.0,RETRY_LATER,6894.45,6894.45,False
EVT_00006776,2026-08-23 09:12:36,SUBSCRIPTION_FAILURE,1145.47,RECOVERY_REMINDER,0.0,RETRY_LATER,1145.47,1145.47,False
EVT_00007721,2026-08-23 09:22:58,PAYMENT_FAILURE,4556.71,RETRY_LATER,4556.71,ALTERNATIVE_PAYMENT,4556.71,0.0,False
EVT_00002511,2026-08-23 09:53:59,PAYMENT_FAILURE,5180.09,RETRY_LATER,5180.09,RECOVERY_REMINDER,5180.09,0.0,False
EVT_00008466,2026-08-23 09:54:42,PAYMENT_FAILURE,4783.52,ALTERNATIVE_PAYMENT,0.0,ALTERNATIVE_PAYMENT,0.0,0.0,True
EVT_00004813,2026-08-23 09:58:01,SUBSCRIPTION_FAILURE,9329.58,RECOVERY_REMINDER,0.0,ALTERNATIVE_PAYMENT,9329.58,9329.58,False
EVT_00000041,2026-08-23 10:01:18,PAYMENT_FAILURE,41614.64,ALTERNATIVE_PAYMENT,0.0,ALTERNATIVE_PAYMENT,0.0,0.0,True
EVT_00000969,2026-08-23 10:24:57,SUBSCRIPTION_FAILURE,31574.1,RECOVERY_REMINDER,0.0,ALTERNATIVE_PAYMENT,31574.1,31574.1,False
EVT_00005144,2026-08-23 10:49:41,CHECKOUT_ABANDONMENT,2949.35,RECOVERY_REMINDER,2949.35,ALTERNATIVE_PAYMENT,2949.35,0.0,False
EVT_00002560,2026-08-23 10:58:20,PAYMENT_FAILURE,721.5,ALTERNATIVE_PAYMENT,721.5,ALTERNATIVE_PAYMENT,721.5,0.0,True
EVT_00004868,2026-08-23 11:05:16,PAYMENT_FAILURE,1734.12,ALTERNATIVE_PAYMENT,0.0,RECOVERY_REMINDER,1734.12,1734.12,False
EVT_00002426,2026-08-23 11:29:06,PAYMENT_FAILURE,6820.92,RETRY_LATER,0.0,ALTERNATIVE_PAYMENT,6820.92,6820.92,False
EVT_00009328,2026-08-23 12:34:19,CHECKOUT_ABANDONMENT,15550.09,RECOVERY_REMINDER,15550.09,ALTERNATIVE_PAYMENT,15550.09,0.0,False
EVT_00009494,2026-08-23 12:57:29,PAYMENT_FAILURE,6916.95,ALTERNATIVE_PAYMENT,0.0,ALTERNATIVE_PAYMENT,0.0,0.0,True
EVT_00000008,2026-08-23 13:01:13,CHECKOUT_ABANDONMENT,4906.6,RECOVERY_REMINDER,4906.6,ALTERNATIVE_PAYMENT,4906.6,0.0,False
EVT_00007543,2026-08-23 13:23:29,PAYMENT_FAILURE,7637.72,ALTERNATIVE_PAYMENT,0.0,ALTERNATIVE_PAYMENT,0.0,0.0,True
EVT_00008576,2026-08-23 13:35:54,PAYMENT_FAILURE,39908.07,ALTERNATIVE_PAYMENT,0.0,HUMAN_ESCALATION,39908.07,39908.07,False
EVT_00009593,2026-08-23 13:46:46,PAYMENT_FAILURE,2188.8,ALTERNATIVE_PAYMENT,2188.8,ALTERNATIVE_PAYMENT,2188.8,0.0,True
EVT_00001419,2026-08-23 15:08:54,CHECKOUT_ABANDONMENT,18601.64,RECOVERY_REMINDER,18601.64,ALTERNATIVE_PAYMENT,18601.64,0.0,False
EVT_00005784,2026-08-23 15:15:23,CHECKOUT_ABANDONMENT,11168.39,RECOVERY_REMINDER,0.0,ALTERNATIVE_PAYMENT,11168.39,11168.39,False
EVT_00003371,2026-08-23 15:19:24,PAYMENT_FAILURE,5865.74,ALTERNATIVE_PAYMENT,0.0,RECOVERY_REMINDER,5865.74,5865.74,False
EVT_00000709,2026-08-23 15:21:39,PAYMENT_FAILURE,3375.11,RETRY_LATER,3375.11,RECOVERY_REMINDER,3375.11,0.0,False
EVT_00002454,2026-08-23 15:25:26,CHECKOUT_ABANDONMENT,6665.21,RECOVERY_REMINDER,6665.21,RECOVERY_REMINDER,6665.21,0.0,True
EVT_00003376,2026-08-23 16:35:01,PAYMENT_FAILURE,1512.18,ALTERNATIVE_PAYMENT,1512.18,ALTERNATIVE_PAYMENT,1512.18,0.0,True
EVT_00000879,2026-08-23 16:41:42,PAYMENT_FAILURE,1081.91,RETRY_LATER,0.0,RECOVERY_REMINDER,1081.91,1081.91,False
EVT_00005148,2026-08-23 17:02:05,PAYMENT_FAILURE,340.54,RETRY_LATER,0.0,ALTERNATIVE_PAYMENT,0.0,0.0,False
EVT_00007302,2026-08-23 17:27:26,CHECKOUT_ABANDONMENT,1439.04,RECOVERY_REMINDER,1439.04,RECOVERY_REMINDER,1439.04,0.0,True
EVT_00003574,2026-08-23 19:10:08,SUBSCRIPTION_FAILURE,6750.62,RECOVERY_REMINDER,6750.62,RECOVERY_REMINDER,6750.62,0.0,True
EVT_00006217,2026-08-23 19:34:38,CHECKOUT_ABANDONMENT,9838.04,RECOVERY_REMINDER,9838.04,ALTERNATIVE_PAYMENT,9838.04,0.0,False
EVT_00008275,2026-08-23 20:15:15,PAYMENT_FAILURE,4335.55,ALTERNATIVE_PAYMENT,0.0,ALTERNATIVE_PAYMENT,0.0,0.0,True
EVT_00004083,2026-08-23 22:50:02,PAYMENT_FAILURE,6917.45,ALTERNATIVE_PAYMENT,6917.45,ALTERNATIVE_PAYMENT,6917.45,0.0,True
EVT_00004581,2026-08-23 22:55:39,PAYMENT_FAILURE,5970.25,RETRY_LATER,5970.25,ALTERNATIVE_PAYMENT,5970.25,0.0,False
EVT_00005502,2026-08-23 23:04:21,PAYMENT_FAILURE,974.01,ALTERNATIVE_PAYMENT,0.0,RECOVERY_REMINDER,974.01,974.01,False
EVT_00000716,2026-08-23 23:29:29,SUBSCRIPTION_FAILURE,8078.25,RECOVERY_REMINDER,0.0,ALTERNATIVE_PAYMENT,8078.25,8078.25,False
EVT_00006737,2026-08-23 23:48:39,PAYMENT_FAILURE,4539.23,ALTERNATIVE_PAYMENT,0.0,ALTERNATIVE_PAYMENT,0.0,0.0,True
EVT_00002963,2026-08-24 00:05:00,CHECKOUT_ABANDONMENT,4390.64,RECOVERY_REMINDER,4390.64,RECOVERY_REMINDER,4390.64,0.0,True
EVT_00000978,2026-08-24 00:16:44,SUBSCRIPTION_FAILURE,4572.18,RECOVERY_REMINDER,4572.18,ALTERNATIVE_PAYMENT,4572.18,0.0,False
EVT_00007887,2026-08-24 00:41:15,PAYMENT_FAILURE,4875.93,ALTERNATIVE_PAYMENT,0.0,RECOVERY_REMINDER,4875.93,4875.93,False
EVT_00003964,2026-08-24 01:03:20,PAYMENT_FAILURE,4073.28,ALTERNATIVE_PAYMENT,4073.28,ALTERNATIVE_PAYMENT,4073.28,0.0,True
EVT_00004988,2026-08-24 02:09:11,SUBSCRIPTION_FAILURE,3466.86,RECOVERY_REMINDER,0.0,ALTERNATIVE_PAYMENT,3466.86,3466.86,False
EVT_00002811,2026-08-24 02:41:33,PAYMENT_FAILURE,1422.88,ALTERNATIVE_PAYMENT,1422.88,ALTERNATIVE_PAYMENT,1422.88,0.0,True
EVT_00009554,2026-08-24 03:31:09,PAYMENT_FAILURE,17079.1,RETRY_LATER,0.0,ALTERNATIVE_PAYMENT,17079.1,17079.1,False
EVT_00001633,2026-08-24 03:38:59,PAYMENT_FAILURE,6492.45,ALTERNATIVE_PAYMENT,0.0,RECOVERY_REMINDER,6492.45,6492.45,False
EVT_00008071,2026-08-24 04:07:37,PAYMENT_FAILURE,2064.24,ALTERNATIVE_PAYMENT,0.0,ALTERNATIVE_PAYMENT,0.0,0.0,True
EVT_00003156,2026-08-24 05:16:24,PAYMENT_FAILURE,21612.68,HUMAN_ESCALATION,0.0,RETRY_LATER,21612.68,21612.68,False
EVT_00006604,2026-08-24 05:47:15,CHECKOUT_ABANDONMENT,1428.84,RECOVERY_REMINDER,1428.84,ALTERNATIVE_PAYMENT,1428.84,0.0,False
EVT_00005477,2026-08-24 06:11:17,PAYMENT_FAILURE,14497.19,ALTERNATIVE_PAYMENT,0.0,HUMAN_ESCALATION,14497.19,14497.19,False
EVT_00002579,2026-08-24 06:13:50,PAYMENT_FAILURE,17462.04,RETRY_LATER,17462.04,RECOVERY_REMINDER,17462.04,0.0,False
EVT_00004885,2026-08-24 06:41:27,SUBSCRIPTION_FAILURE,7961.74,RECOVERY_REMINDER,7961.74,ALTERNATIVE_PAYMENT,7961.74,0.0,False
EVT_00000219,2026-08-24 09:38:07,CHECKOUT_ABANDONMENT,19584.46,RECOVERY_REMINDER,19584.46,ALTERNATIVE_PAYMENT,19584.46,0.0,False
EVT_00003132,2026-08-24 09:57:58,SUBSCRIPTION_FAILURE,1422.87,RECOVERY_REMINDER,1422.87,ALTERNATIVE_PAYMENT,1422.87,0.0,False
EVT_00002863,2026-08-24 10:22:57,CHECKOUT_ABANDONMENT,2786.74,RECOVERY_REMINDER,2786.74,ALTERNATIVE_PAYMENT,2786.74,0.0,False
EVT_00000634,2026-08-24 10:36:07,CHECKOUT_ABANDONMENT,4215.38,RECOVERY_REMINDER,4215.38,ALTERNATIVE_PAYMENT,4215.38,0.0,False
EVT_00001646,2026-08-24 11:12:44,PAYMENT_FAILURE,4970.76,ALTERNATIVE_PAYMENT,4970.76,ALTERNATIVE_PAYMENT,4970.76,0.0,True
EVT_00006158,2026-08-24 11:49:18,CHECKOUT_ABANDONMENT,2764.47,RECOVERY_REMINDER,2764.47,ALTERNATIVE_PAYMENT,2764.47,0.0,False
EVT_00008139,2026-08-24 12:17:19,PAYMENT_FAILURE,13434.8,RETRY_LATER,13434.8,ALTERNATIVE_PAYMENT,13434.8,0.0,False
EVT_00004780,2026-08-24 12:46:35,PAYMENT_FAILURE,9401.04,ALTERNATIVE_PAYMENT,9401.04,ALTERNATIVE_PAYMENT,9401.04,0.0,True
EVT_00008947,2026-08-24 13:19:27,PAYMENT_FAILURE,5460.11,ALTERNATIVE_PAYMENT,5460.11,ALTERNATIVE_PAYMENT,5460.11,0.0,True
EVT_00004760,2026-08-24 13:32:24,CHECKOUT_ABANDONMENT,8982.64,RECOVERY_REMINDER,0.0,RETRY_LATER,8982.64,8982.64,False
EVT_00003175,2026-08-24 13:32:46,PAYMENT_FAILURE,6697.0,ALTERNATIVE_PAYMENT,0.0,RECOVERY_REMINDER,6697.0,6697.0,False
EVT_00001692,2026-08-24 14:27:10,PAYMENT_FAILURE,4785.2,ALTERNATIVE_PAYMENT,0.0,ALTERNATIVE_PAYMENT,0.0,0.0,True
EVT_00001356,2026-08-24 15:08:11,PAYMENT_FAILURE,1274.4,ALTERNATIVE_PAYMENT,1274.4,ALTERNATIVE_PAYMENT,1274.4,0.0,True
EVT_00002387,2026-08-24 16:00:54,PAYMENT_FAILURE,4066.22,ALTERNATIVE_PAYMENT,0.0,HUMAN_ESCALATION,4066.22,4066.22,False
EVT_00005356,2026-08-24 16:05:43,PAYMENT_FAILURE,20431.11,ALTERNATIVE_PAYMENT,20431.11,ALTERNATIVE_PAYMENT,20431.11,0.0,True
EVT_00009383,2026-08-24 17:47:33,PAYMENT_FAILURE,3845.19,ALTERNATIVE_PAYMENT,3845.19,ALTERNATIVE_PAYMENT,3845.19,0.0,True
EVT_00005420,2026-08-24 17:49:18,PAYMENT_FAILURE,4819.16,ALTERNATIVE_PAYMENT,0.0,ALTERNATIVE_PAYMENT,0.0,0.0,True
EVT_00005313,2026-08-24 19:14:47,CHECKOUT_ABANDONMENT,2943.63,RECOVERY_REMINDER,2943.63,ALTERNATIVE_PAYMENT,2943.63,0.0,False
EVT_00002656,2026-08-24 19:44:56,CHECKOUT_ABANDONMENT,2393.47,RECOVERY_REMINDER,2393.47,ALTERNATIVE_PAYMENT,2393.47,0.0,False
EVT_00008915,2026-08-24 19:55:34,PAYMENT_FAILURE,10593.57,ALTERNATIVE_PAYMENT,0.0,ALTERNATIVE_PAYMENT,0.0,0.0,True
EVT_00006274,2026-08-24 20:11:42,CHECKOUT_ABANDONMENT,3465.08,RECOVERY_REMINDER,3465.08,ALTERNATIVE_PAYMENT,3465.08,0.0,False
EVT_00003473,2026-08-24 21:35:09,CHECKOUT_ABANDONMENT,880.86,RECOVERY_REMINDER,880.86,ALTERNATIVE_PAYMENT,880.86,0.0,False
EVT_00002931,2026-08-24 21:36:27,CHECKOUT_ABANDONMENT,20421.33,RECOVERY_REMINDER,0.0,ALTERNATIVE_PAYMENT,20421.33,20421.33,False
EVT_00009210,2026-08-24 22:13:48,PAYMENT_FAILURE,593.84,ALTERNATIVE_PAYMENT,593.84,ALTERNATIVE_PAYMENT,593.84,0.0,True
EVT_00004571,2026-08-24 23:55:05,PAYMENT_FAILURE,1937.11,ALTERNATIVE_PAYMENT,0.0,ALTERNATIVE_PAYMENT,0.0,0.0,True
EVT_00008191,2026-08-25 01:15:30,PAYMENT_FAILURE,2148.43,ALTERNATIVE_PAYMENT,2148.43,ALTERNATIVE_PAYMENT,2148.43,0.0,True
EVT_00008120,2026-08-25 01:41:14,PAYMENT_FAILURE,17160.27,ALTERNATIVE_PAYMENT,0.0,RECOVERY_REMINDER,17160.27,17160.27,False
EVT_00000352,2026-08-25 03:24:17,CHECKOUT_ABANDONMENT,1059.31,RECOVERY_REMINDER,1059.31,RECOVERY_REMINDER,1059.31,0.0,True
EVT_00007588,2026-08-25 03:31:14,CHECKOUT_ABANDONMENT,10756.75,RECOVERY_REMINDER,10756.75,ALTERNATIVE_PAYMENT,10756.75,0.0,False
EVT_00001658,2026-08-25 04:15:02,PAYMENT_FAILURE,1467.11,ALTERNATIVE_PAYMENT,0.0,RETRY_LATER,1467.11,1467.11,False
EVT_00004420,2026-08-25 05:18:44,PAYMENT_FAILURE,3512.94,ALTERNATIVE_PAYMENT,0.0,ALTERNATIVE_PAYMENT,0.0,0.0,True
EVT_00010000,2026-08-25 05:41:24,CHECKOUT_ABANDONMENT,5311.95,RECOVERY_REMINDER,5311.95,ALTERNATIVE_PAYMENT,5311.95,0.0,False
EVT_00006170,2026-08-25 06:19:12,SUBSCRIPTION_FAILURE,2315.59,RECOVERY_REMINDER,2315.59,RECOVERY_REMINDER,2315.59,0.0,True
EVT_00008985,2026-08-25 07:05:35,PAYMENT_FAILURE,3922.56,ALTERNATIVE_PAYMENT,3922.56,ALTERNATIVE_PAYMENT,3922.56,0.0,True
EVT_00008505,2026-08-25 07:19:15,CHECKOUT_ABANDONMENT,5175.88,RECOVERY_REMINDER,5175.88,ALTERNATIVE_PAYMENT,5175.88,0.0,False
EVT_00003104,2026-08-25 07:36:51,PAYMENT_FAILURE,2780.86,ALTERNATIVE_PAYMENT,2780.86,ALTERNATIVE_PAYMENT,2780.86,0.0,True
EVT_00009794,2026-08-25 08:19:54,PAYMENT_FAILURE,4295.58,ALTERNATIVE_PAYMENT,4295.58,ALTERNATIVE_PAYMENT,4295.58,0.0,True
EVT_00008735,2026-08-25 10:00:57,CHECKOUT_ABANDONMENT,1095.12,RECOVERY_REMINDER,1095.12,ALTERNATIVE_PAYMENT,1095.12,0.0,False
EVT_00000054,2026-08-25 11:18:47,CHECKOUT_ABANDONMENT,2269.1,RECOVERY_REMINDER,2269.1,ALTERNATIVE_PAYMENT,2269.1,0.0,False
EVT_00000642,2026-08-25 11:48:04,PAYMENT_FAILURE,12163.7,ALTERNATIVE_PAYMENT,12163.7,ALTERNATIVE_PAYMENT,12163.7,0.0,True
EVT_00005249,2026-08-25 12:02:10,PAYMENT_FAILURE,6820.96,ALTERNATIVE_PAYMENT,6820.96,ALTERNATIVE_PAYMENT,6820.96,0.0,True
EVT_00008746,2026-08-25 12:42:27,PAYMENT_FAILURE,4356.64,ALTERNATIVE_PAYMENT,0.0,HUMAN_ESCALATION,4356.64,4356.64,False
EVT_00004351,2026-08-25 13:23:39,SUBSCRIPTION_FAILURE,1293.03,RECOVERY_REMINDER,0.0,ALTERNATIVE_PAYMENT,1293.03,1293.03,False
EVT_00002030,2026-08-25 13:54:01,PAYMENT_FAILURE,4262.04,RETRY_LATER,0.0,ALTERNATIVE_PAYMENT,0.0,0.0,False
EVT_00001642,2026-08-25 14:22:08,PAYMENT_FAILURE,3280.12,RETRY_LATER,3280.12,RECOVERY_REMINDER,3280.12,0.0,False
EVT_00003384,2026-08-25 14:43:07,CHECKOUT_ABANDONMENT,4497.42,RECOVERY_REMINDER,4497.42,ALTERNATIVE_PAYMENT,4497.42,0.0,False
EVT_00005156,2026-08-25 14:48:30,PAYMENT_FAILURE,1351.02,ALTERNATIVE_PAYMENT,0.0,RECOVERY_REMINDER,1351.02,1351.02,False
EVT_00000092,2026-08-25 15:55:21,PAYMENT_FAILURE,683.07,ALTERNATIVE_PAYMENT,683.07,ALTERNATIVE_PAYMENT,683.07,0.0,True
EVT_00002783,2026-08-25 16:13:38,PAYMENT_FAILURE,2300.23,ALTERNATIVE_PAYMENT,2300.23,ALTERNATIVE_PAYMENT,2300.23,0.0,True
EVT_00001047,2026-08-25 16:15:14,SUBSCRIPTION_FAILURE,3930.1,RECOVERY_REMINDER,0.0,HUMAN_ESCALATION,3930.1,3930.1,False
EVT_00007413,2026-08-25 17:47:11,SUBSCRIPTION_FAILURE,7293.54,RECOVERY_REMINDER,7293.54,ALTERNATIVE_PAYMENT,7293.54,0.0,False
EVT_00000807,2026-08-25 18:31:54,PAYMENT_FAILURE,6120.8,ALTERNATIVE_PAYMENT,0.0,ALTERNATIVE_PAYMENT,0.0,0.0,True
EVT_00006095,2026-08-25 18:45:12,SUBSCRIPTION_FAILURE,2208.0,RECOVERY_REMINDER,0.0,RETRY_LATER,2208.0,2208.0,False
EVT_00000775,2026-08-25 19:40:47,PAYMENT_FAILURE,4276.68,RETRY_LATER,4276.68,RECOVERY_REMINDER,4276.68,0.0,False
EVT_00005642,2026-08-25 21:05:47,SUBSCRIPTION_FAILURE,33633.03,RECOVERY_REMINDER,33633.03,ALTERNATIVE_PAYMENT,33633.03,0.0,False
EVT_00004341,2026-08-25 21:15:41,CHECKOUT_ABANDONMENT,10747.58,RECOVERY_REMINDER,10747.58,RECOVERY_REMINDER,10747.58,0.0,True
EVT_00004201,2026-08-25 22:09:15,PAYMENT_FAILURE,11397.33,ALTERNATIVE_PAYMENT,0.0,RECOVERY_REMINDER,11397.33,11397.33,False
EVT_00000988,2026-08-25 22:37:45,PAYMENT_FAILURE,1299.11,ALTERNATIVE_PAYMENT,1299.11,ALTERNATIVE_PAYMENT,1299.11,0.0,True
EVT_00003191,2026-08-25 22:45:34,CHECKOUT_ABANDONMENT,7378.0,RECOVERY_REMINDER,7378.0,ALTERNATIVE_PAYMENT,7378.0,0.0,False
EVT_00008143,2026-08-25 23:04:05,PAYMENT_FAILURE,24122.9,HUMAN_ESCALATION,24122.9,RECOVERY_REMINDER,24122.9,0.0,False
EVT_00000697,2026-08-26 00:39:54,PAYMENT_FAILURE,4606.78,ALTERNATIVE_PAYMENT,0.0,ALTERNATIVE_PAYMENT,0.0,0.0,True
EVT_00005902,2026-08-26 01:31:29,PAYMENT_FAILURE,2719.11,ALTERNATIVE_PAYMENT,2719.11,ALTERNATIVE_PAYMENT,2719.11,0.0,True
EVT_00002303,2026-08-26 01:36:33,PAYMENT_FAILURE,6340.36,ALTERNATIVE_PAYMENT,0.0,RECOVERY_REMINDER,6340.36,6340.36,False
EVT_00008408,2026-08-26 02:03:41,CHECKOUT_ABANDONMENT,6815.44,RECOVERY_REMINDER,6815.44,ALTERNATIVE_PAYMENT,6815.44,0.0,False
EVT_00002994,2026-08-26 02:18:08,PAYMENT_FAILURE,1974.41,ALTERNATIVE_PAYMENT,1974.41,ALTERNATIVE_PAYMENT,1974.41,0.0,True
EVT_00000337,2026-08-26 02:27:36,CHECKOUT_ABANDONMENT,1384.46,RECOVERY_REMINDER,0.0,ALTERNATIVE_PAYMENT,1384.46,1384.46,False
EVT_00005242,2026-08-26 02:48:46,PAYMENT_FAILURE,2962.61,ALTERNATIVE_PAYMENT,2962.61,ALTERNATIVE_PAYMENT,2962.61,0.0,True
EVT_00009257,2026-08-26 03:58:56,PAYMENT_FAILURE,2705.34,ALTERNATIVE_PAYMENT,2705.34,ALTERNATIVE_PAYMENT,2705.34,0.0,True
EVT_00008164,2026-08-26 04:01:34,PAYMENT_FAILURE,2624.01,ALTERNATIVE_PAYMENT,0.0,ALTERNATIVE_PAYMENT,0.0,0.0,True
EVT_00006788,2026-08-26 05:05:54,SUBSCRIPTION_FAILURE,2105.94,RECOVERY_REMINDER,2105.94,ALTERNATIVE_PAYMENT,2105.94,0.0,False
EVT_00002147,2026-08-26 05:10:36,SUBSCRIPTION_FAILURE,1110.85,RECOVERY_REMINDER,0.0,ALTERNATIVE_PAYMENT,1110.85,1110.85,False
EVT_00006128,2026-08-26 06:30:09,CHECKOUT_ABANDONMENT,2992.01,RECOVERY_REMINDER,2992.01,ALTERNATIVE_PAYMENT,2992.01,0.0,False
EVT_00005375,2026-08-26 06:33:42,PAYMENT_FAILURE,5063.69,ALTERNATIVE_PAYMENT,0.0,RECOVERY_REMINDER,5063.69,5063.69,False
EVT_00000517,2026-08-26 07:32:22,SUBSCRIPTION_FAILURE,5808.8,RECOVERY_REMINDER,5808.8,ALTERNATIVE_PAYMENT,5808.8,0.0,False
EVT_00002782,2026-08-26 08:16:08,PAYMENT_FAILURE,34173.78,RETRY_LATER,34173.78,ALTERNATIVE_PAYMENT,34173.78,0.0,False
EVT_00004423,2026-08-26 08:40:40,PAYMENT_FAILURE,7372.92,ALTERNATIVE_PAYMENT,0.0,RECOVERY_REMINDER,7372.92,7372.92,False
EVT_00002679,2026-08-26 09:09:28,CHECKOUT_ABANDONMENT,4566.87,RECOVERY_REMINDER,4566.87,ALTERNATIVE_PAYMENT,4566.87,0.0,False
EVT_00007208,2026-08-26 11:51:52,PAYMENT_FAILURE,646.39,ALTERNATIVE_PAYMENT,0.0,ALTERNATIVE_PAYMENT,0.0,0.0,True
EVT_00008790,2026-08-26 12:27:25,PAYMENT_FAILURE,2923.58,RETRY_LATER,2923.58,ALTERNATIVE_PAYMENT,2923.58,0.0,False
EVT_00002840,2026-08-26 13:08:39,PAYMENT_FAILURE,5884.69,ALTERNATIVE_PAYMENT,5884.69,ALTERNATIVE_PAYMENT,5884.69,0.0,True
EVT_00002256,2026-08-26 13:23:27,PAYMENT_FAILURE,6331.19,ALTERNATIVE_PAYMENT,0.0,ALTERNATIVE_PAYMENT,0.0,0.0,True
EVT_00004655,2026-08-26 13:55:06,PAYMENT_FAILURE,17525.41,RETRY_LATER,0.0,ALTERNATIVE_PAYMENT,17525.41,17525.41,False
EVT_00003021,2026-08-26 15:00:06,PAYMENT_FAILURE,9527.92,ALTERNATIVE_PAYMENT,9527.92,ALTERNATIVE_PAYMENT,9527.92,0.0,True
EVT_00005907,2026-08-26 15:54:26,PAYMENT_FAILURE,18216.78,HUMAN_ESCALATION,0.0,ALTERNATIVE_PAYMENT,0.0,0.0,False
EVT_00008446,2026-08-26 16:10:22,PAYMENT_FAILURE,7159.78,ALTERNATIVE_PAYMENT,7159.78,ALTERNATIVE_PAYMENT,7159.78,0.0,True
EVT_00008936,2026-08-26 16:13:40,PAYMENT_FAILURE,1592.82,RETRY_LATER,1592.82,ALTERNATIVE_PAYMENT,1592.82,0.0,False
EVT_00000917,2026-08-26 17:18:12,PAYMENT_FAILURE,632.31,ALTERNATIVE_PAYMENT,632.31,ALTERNATIVE_PAYMENT,632.31,0.0,True
EVT_00006050,2026-08-26 18:36:15,PAYMENT_FAILURE,4130.64,ALTERNATIVE_PAYMENT,4130.64,ALTERNATIVE_PAYMENT,4130.64,0.0,True
EVT_00009487,2026-08-26 20:39:18,PAYMENT_FAILURE,4645.85,RETRY_LATER,4645.85,ALTERNATIVE_PAYMENT,4645.85,0.0,False
EVT_00008377,2026-08-26 20:58:07,PAYMENT_FAILURE,31879.18,RETRY_LATER,31879.18,ALTERNATIVE_PAYMENT,31879.18,0.0,False
EVT_00006784,2026-08-26 21:31:05,PAYMENT_FAILURE,4322.24,ALTERNATIVE_PAYMENT,0.0,RECOVERY_REMINDER,4322.24,4322.24,False
EVT_00004488,2026-08-26 21:51:07,SUBSCRIPTION_FAILURE,2945.65,RECOVERY_REMINDER,0.0,ALTERNATIVE_PAYMENT,2945.65,2945.65,False
EVT_00003643,2026-08-26 22:25:52,PAYMENT_FAILURE,10311.61,ALTERNATIVE_PAYMENT,10311.61,ALTERNATIVE_PAYMENT,10311.61,0.0,True
EVT_00004221,2026-08-26 22:39:51,SUBSCRIPTION_FAILURE,7413.05,RECOVERY_REMINDER,7413.05,ALTERNATIVE_PAYMENT,7413.05,0.0,False
EVT_00000820,2026-08-26 23:43:59,CHECKOUT_ABANDONMENT,26672.3,RECOVERY_REMINDER,26672.3,ALTERNATIVE_PAYMENT,26672.3,0.0,False
EVT_00000074,2026-08-27 00:52:27,PAYMENT_FAILURE,2378.28,ALTERNATIVE_PAYMENT,2378.28,ALTERNATIVE_PAYMENT,2378.28,0.0,True
EVT_00006223,2026-08-27 01:08:05,PAYMENT_FAILURE,6278.23,ALTERNATIVE_PAYMENT,6278.23,ALTERNATIVE_PAYMENT,6278.23,0.0,True
EVT_00004912,2026-08-27 01:32:24,CHECKOUT_ABANDONMENT,3717.29,RECOVERY_REMINDER,3717.29,ALTERNATIVE_PAYMENT,3717.29,0.0,False
EVT_00006368,2026-08-27 02:14:26,PAYMENT_FAILURE,7762.46,ALTERNATIVE_PAYMENT,0.0,ALTERNATIVE_PAYMENT,0.0,0.0,True
EVT_00005530,2026-08-27 02:15:04,SUBSCRIPTION_FAILURE,2867.93,RECOVERY_REMINDER,0.0,RETRY_LATER,2867.93,2867.93,False
EVT_00004014,2026-08-27 05:07:26,PAYMENT_FAILURE,1204.78,ALTERNATIVE_PAYMENT,1204.78,ALTERNATIVE_PAYMENT,1204.78,0.0,True
EVT_00004721,2026-08-27 06:42:17,PAYMENT_FAILURE,770.21,RETRY_LATER,770.21,RECOVERY_REMINDER,770.21,0.0,False
EVT_00003865,2026-08-27 06:55:47,CHECKOUT_ABANDONMENT,6491.88,RECOVERY_REMINDER,6491.88,ALTERNATIVE_PAYMENT,6491.88,0.0,False
EVT_00003042,2026-08-27 06:58:36,SUBSCRIPTION_FAILURE,29010.29,RECOVERY_REMINDER,29010.29,RECOVERY_REMINDER,29010.29,0.0,True
EVT_00006771,2026-08-27 07:57:47,PAYMENT_FAILURE,3405.24,ALTERNATIVE_PAYMENT,3405.24,ALTERNATIVE_PAYMENT,3405.24,0.0,True
EVT_00007753,2026-08-27 08:09:00,PAYMENT_FAILURE,8901.27,ALTERNATIVE_PAYMENT,8901.27,ALTERNATIVE_PAYMENT,8901.27,0.0,True
EVT_00004626,2026-08-27 08:39:17,PAYMENT_FAILURE,3825.97,RETRY_LATER,0.0,RECOVERY_REMINDER,3825.97,3825.97,False
EVT_00008965,2026-08-27 08:47:23,CHECKOUT_ABANDONMENT,979.9,RECOVERY_REMINDER,979.9,ALTERNATIVE_PAYMENT,979.9,0.0,False
EVT_00008566,2026-08-27 08:53:58,PAYMENT_FAILURE,10026.1,ALTERNATIVE_PAYMENT,0.0,ALTERNATIVE_PAYMENT,0.0,0.0,True
EVT_00007472,2026-08-27 09:13:47,PAYMENT_FAILURE,1345.25,ALTERNATIVE_PAYMENT,0.0,ALTERNATIVE_PAYMENT,0.0,0.0,True
EVT_00002864,2026-08-27 09:27:07,PAYMENT_FAILURE,1913.42,ALTERNATIVE_PAYMENT,0.0,ALTERNATIVE_PAYMENT,0.0,0.0,True
EVT_00004120,2026-08-27 09:41:39,PAYMENT_FAILURE,11105.63,ALTERNATIVE_PAYMENT,0.0,ALTERNATIVE_PAYMENT,0.0,0.0,True
EVT_00001669,2026-08-27 09:55:41,CHECKOUT_ABANDONMENT,3795.17,RECOVERY_REMINDER,3795.17,ALTERNATIVE_PAYMENT,3795.17,0.0,False
EVT_00005990,2026-08-27 10:01:12,PAYMENT_FAILURE,13100.34,ALTERNATIVE_PAYMENT,13100.34,ALTERNATIVE_PAYMENT,13100.34,0.0,True
EVT_00005367,2026-08-27 10:21:04,PAYMENT_FAILURE,2805.87,ALTERNATIVE_PAYMENT,0.0,ALTERNATIVE_PAYMENT,0.0,0.0,True
EVT_00005120,2026-08-27 11:32:43,PAYMENT_FAILURE,6580.02,ALTERNATIVE_PAYMENT,0.0,ALTERNATIVE_PAYMENT,0.0,0.0,True
EVT_00007724,2026-08-27 11:44:31,PAYMENT_FAILURE,3347.86,ALTERNATIVE_PAYMENT,0.0,ALTERNATIVE_PAYMENT,0.0,0.0,True
EVT_00003641,2026-08-27 12:59:09,SUBSCRIPTION_FAILURE,12711.86,RECOVERY_REMINDER,0.0,ALTERNATIVE_PAYMENT,0.0,0.0,False
EVT_00004510,2026-08-27 13:06:33,PAYMENT_FAILURE,7418.38,ALTERNATIVE_PAYMENT,0.0,ALTERNATIVE_PAYMENT,0.0,0.0,True
EVT_00000583,2026-08-27 13:25:02,PAYMENT_FAILURE,723.45,ALTERNATIVE_PAYMENT,723.45,ALTERNATIVE_PAYMENT,723.45,0.0,True
EVT_00006067,2026-08-27 13:51:11,PAYMENT_FAILURE,7860.33,ALTERNATIVE_PAYMENT,7860.33,ALTERNATIVE_PAYMENT,7860.33,0.0,True
EVT_00005019,2026-08-27 14:56:14,PAYMENT_FAILURE,1833.02,RETRY_LATER,1833.02,ALTERNATIVE_PAYMENT,1833.02,0.0,False
EVT_00008675,2026-08-27 15:33:19,SUBSCRIPTION_FAILURE,5262.15,RECOVERY_REMINDER,0.0,ALTERNATIVE_PAYMENT,5262.15,5262.15,False
EVT_00005247,2026-08-27 15:33:37,CHECKOUT_ABANDONMENT,14571.64,RECOVERY_REMINDER,14571.64,RECOVERY_REMINDER,14571.64,0.0,True
EVT_00002624,2026-08-27 17:08:14,CHECKOUT_ABANDONMENT,3609.65,RECOVERY_REMINDER,3609.65,ALTERNATIVE_PAYMENT,3609.65,0.0,False
EVT_00008004,2026-08-27 17:28:30,CHECKOUT_ABANDONMENT,23286.79,RECOVERY_REMINDER,23286.79,ALTERNATIVE_PAYMENT,23286.79,0.0,False
EVT_00003093,2026-08-27 18:55:14,PAYMENT_FAILURE,3468.47,ALTERNATIVE_PAYMENT,3468.47,ALTERNATIVE_PAYMENT,3468.47,0.0,True
EVT_00003216,2026-08-27 19:14:40,SUBSCRIPTION_FAILURE,4335.57,RECOVERY_REMINDER,0.0,ALTERNATIVE_PAYMENT,0.0,0.0,False
EVT_00009004,2026-08-27 19:31:09,SUBSCRIPTION_FAILURE,2256.61,RECOVERY_REMINDER,0.0,ALTERNATIVE_PAYMENT,2256.61,2256.61,False
EVT_00002070,2026-08-27 20:10:44,PAYMENT_FAILURE,17828.47,ALTERNATIVE_PAYMENT,0.0,ALTERNATIVE_PAYMENT,0.0,0.0,True
EVT_00000123,2026-08-27 21:33:49,SUBSCRIPTION_FAILURE,7414.18,RECOVERY_REMINDER,7414.18,ALTERNATIVE_PAYMENT,7414.18,0.0,False
EVT_00008516,2026-08-27 21:57:47,CHECKOUT_ABANDONMENT,4428.71,RECOVERY_REMINDER,4428.71,RECOVERY_REMINDER,4428.71,0.0,True
EVT_00000027,2026-08-27 22:12:04,PAYMENT_FAILURE,4235.78,RETRY_LATER,4235.78,ALTERNATIVE_PAYMENT,4235.78,0.0,False
EVT_00001481,2026-08-27 22:31:44,PAYMENT_FAILURE,2460.5,ALTERNATIVE_PAYMENT,2460.5,ALTERNATIVE_PAYMENT,2460.5,0.0,True
EVT_00001136,2026-08-27 22:44:58,CHECKOUT_ABANDONMENT,589.2,RECOVERY_REMINDER,589.2,ALTERNATIVE_PAYMENT,589.2,0.0,False
EVT_00009688,2026-08-27 23:24:20,PAYMENT_FAILURE,5895.67,ALTERNATIVE_PAYMENT,5895.67,ALTERNATIVE_PAYMENT,5895.67,0.0,True
EVT_00009729,2026-08-28 00:04:43,CHECKOUT_ABANDONMENT,1785.66,RECOVERY_REMINDER,1785.66,ALTERNATIVE_PAYMENT,1785.66,0.0,False
EVT_00005867,2026-08-28 00:08:46,PAYMENT_FAILURE,9731.85,RETRY_LATER,0.0,ALTERNATIVE_PAYMENT,9731.85,9731.85,False
EVT_00003999,2026-08-28 00:18:43,PAYMENT_FAILURE,3018.91,ALTERNATIVE_PAYMENT,0.0,ALTERNATIVE_PAYMENT,0.0,0.0,True
EVT_00003860,2026-08-28 00:46:54,SUBSCRIPTION_FAILURE,4552.5,RECOVERY_REMINDER,4552.5,RECOVERY_REMINDER,4552.5,0.0,True
EVT_00008256,2026-08-28 00:52:58,SUBSCRIPTION_FAILURE,882.95,RECOVERY_REMINDER,0.0,ALTERNATIVE_PAYMENT,882.95,882.95,False
EVT_00006836,2026-08-28 00:53:34,PAYMENT_FAILURE,3225.08,RETRY_LATER,3225.08,ALTERNATIVE_PAYMENT,3225.08,0.0,False
EVT_00004449,2026-08-28 01:49:32,SUBSCRIPTION_FAILURE,2262.67,RECOVERY_REMINDER,2262.67,RECOVERY_REMINDER,2262.67,0.0,True
EVT_00007589,2026-08-28 01:56:00,PAYMENT_FAILURE,1998.11,ALTERNATIVE_PAYMENT,0.0,ALTERNATIVE_PAYMENT,0.0,0.0,True
EVT_00003877,2026-08-28 02:49:17,PAYMENT_FAILURE,2982.38,ALTERNATIVE_PAYMENT,0.0,HUMAN_ESCALATION,2982.38,2982.38,False
EVT_00003973,2026-08-28 03:20:22,SUBSCRIPTION_FAILURE,3241.34,RECOVERY_REMINDER,0.0,ALTERNATIVE_PAYMENT,3241.34,3241.34,False
EVT_00008216,2026-08-28 03:51:44,PAYMENT_FAILURE,5487.52,RETRY_LATER,0.0,ALTERNATIVE_PAYMENT,5487.52,5487.52,False
EVT_00009051,2026-08-28 04:11:44,SUBSCRIPTION_FAILURE,7438.04,RECOVERY_REMINDER,7438.04,ALTERNATIVE_PAYMENT,7438.04,0.0,False
EVT_00000743,2026-08-28 04:32:03,SUBSCRIPTION_FAILURE,3359.42,RECOVERY_REMINDER,3359.42,RECOVERY_REMINDER,3359.42,0.0,True
EVT_00003102,2026-08-28 05:34:51,PAYMENT_FAILURE,851.91,ALTERNATIVE_PAYMENT,851.91,ALTERNATIVE_PAYMENT,851.91,0.0,True
EVT_00004936,2026-08-28 05:38:39,PAYMENT_FAILURE,5542.14,ALTERNATIVE_PAYMENT,0.0,ALTERNATIVE_PAYMENT,0.0,0.0,True
EVT_00007184,2026-08-28 05:46:29,SUBSCRIPTION_FAILURE,14714.78,RECOVERY_REMINDER,14714.78,RECOVERY_REMINDER,14714.78,0.0,True
EVT_00001007,2026-08-28 05:49:44,PAYMENT_FAILURE,3862.91,ALTERNATIVE_PAYMENT,3862.91,ALTERNATIVE_PAYMENT,3862.91,0.0,True
EVT_00007979,2026-08-28 06:06:06,PAYMENT_FAILURE,7949.63,ALTERNATIVE_PAYMENT,7949.63,ALTERNATIVE_PAYMENT,7949.63,0.0,True
EVT_00009534,2026-08-28 08:06:07,PAYMENT_FAILURE,17308.67,ALTERNATIVE_PAYMENT,0.0,ALTERNATIVE_PAYMENT,0.0,0.0,True
EVT_00009339,2026-08-28 09:43:09,PAYMENT_FAILURE,4922.54,ALTERNATIVE_PAYMENT,0.0,RECOVERY_REMINDER,4922.54,4922.54,False
EVT_00005661,2026-08-28 09:58:27,CHECKOUT_ABANDONMENT,6532.47,RECOVERY_REMINDER,6532.47,ALTERNATIVE_PAYMENT,6532.47,0.0,False
EVT_00006199,2026-08-28 10:01:57,SUBSCRIPTION_FAILURE,4224.21,RECOVERY_REMINDER,4224.21,RECOVERY_REMINDER,4224.21,0.0,True
EVT_00001408,2026-08-28 10:35:10,PAYMENT_FAILURE,3978.1,ALTERNATIVE_PAYMENT,3978.1,ALTERNATIVE_PAYMENT,3978.1,0.0,True
EVT_00007385,2026-08-28 10:42:57,PAYMENT_FAILURE,11566.13,ALTERNATIVE_PAYMENT,0.0,ALTERNATIVE_PAYMENT,0.0,0.0,True
EVT_00009841,2026-08-28 11:07:40,PAYMENT_FAILURE,1210.96,ALTERNATIVE_PAYMENT,1210.96,ALTERNATIVE_PAYMENT,1210.96,0.0,True
EVT_00008851,2026-08-28 11:31:08,PAYMENT_FAILURE,35551.41,ALTERNATIVE_PAYMENT,35551.41,ALTERNATIVE_PAYMENT,35551.41,0.0,True
EVT_00001420,2026-08-28 12:58:44,CHECKOUT_ABANDONMENT,22596.51,RECOVERY_REMINDER,22596.51,ALTERNATIVE_PAYMENT,22596.51,0.0,False
EVT_00005133,2026-08-28 13:24:58,PAYMENT_FAILURE,2015.62,RETRY_LATER,0.0,ALTERNATIVE_PAYMENT,2015.62,2015.62,False
EVT_00005410,2026-08-28 14:10:04,PAYMENT_FAILURE,2311.11,RETRY_LATER,2311.11,ALTERNATIVE_PAYMENT,2311.11,0.0,False
EVT_00002671,2026-08-28 14:38:33,CHECKOUT_ABANDONMENT,565.47,RECOVERY_REMINDER,565.47,ALTERNATIVE_PAYMENT,565.47,0.0,False
EVT_00002191,2026-08-28 14:39:25,PAYMENT_FAILURE,370.03,ALTERNATIVE_PAYMENT,0.0,ALTERNATIVE_PAYMENT,0.0,0.0,True
EVT_00000333,2026-08-28 14:42:27,PAYMENT_FAILURE,2647.12,ALTERNATIVE_PAYMENT,0.0,RECOVERY_REMINDER,2647.12,2647.12,False
EVT_00005687,2026-08-28 14:49:36,PAYMENT_FAILURE,4031.43,RETRY_LATER,4031.43,ALTERNATIVE_PAYMENT,4031.43,0.0,False
EVT_00001249,2026-08-28 14:58:24,PAYMENT_FAILURE,1057.5,ALTERNATIVE_PAYMENT,1057.5,ALTERNATIVE_PAYMENT,1057.5,0.0,True
EVT_00007899,2026-08-28 15:13:27,PAYMENT_FAILURE,8304.55,ALTERNATIVE_PAYMENT,0.0,ALTERNATIVE_PAYMENT,0.0,0.0,True
EVT_00003217,2026-08-28 15:58:19,PAYMENT_FAILURE,9285.13,ALTERNATIVE_PAYMENT,0.0,HUMAN_ESCALATION,9285.13,9285.13,False
EVT_00006323,2026-08-28 17:44:32,CHECKOUT_ABANDONMENT,2528.62,RECOVERY_REMINDER,2528.62,ALTERNATIVE_PAYMENT,2528.62,0.0,False
EVT_00004229,2026-08-28 18:20:34,PAYMENT_FAILURE,4800.06,ALTERNATIVE_PAYMENT,0.0,ALTERNATIVE_PAYMENT,0.0,0.0,True
EVT_00003338,2026-08-28 18:37:00,PAYMENT_FAILURE,604.33,ALTERNATIVE_PAYMENT,0.0,ALTERNATIVE_PAYMENT,0.0,0.0,True
EVT_00005361,2026-08-28 18:39:42,PAYMENT_FAILURE,9151.86,ALTERNATIVE_PAYMENT,9151.86,ALTERNATIVE_PAYMENT,9151.86,0.0,True
EVT_00005285,2026-08-28 19:43:37,PAYMENT_FAILURE,3977.69,RETRY_LATER,3977.69,ALTERNATIVE_PAYMENT,3977.69,0.0,False
EVT_00008884,2026-08-28 20:18:38,PAYMENT_FAILURE,16149.91,ALTERNATIVE_PAYMENT,16149.91,ALTERNATIVE_PAYMENT,16149.91,0.0,True
EVT_00000049,2026-08-28 20:51:19,SUBSCRIPTION_FAILURE,3181.77,RECOVERY_REMINDER,0.0,ALTERNATIVE_PAYMENT,0.0,0.0,False
EVT_00000482,2026-08-28 20:52:05,CHECKOUT_ABANDONMENT,5449.91,RECOVERY_REMINDER,5449.91,RECOVERY_REMINDER,5449.91,0.0,True
EVT_00004082,2026-08-28 21:29:17,PAYMENT_FAILURE,2679.25,ALTERNATIVE_PAYMENT,0.0,RECOVERY_REMINDER,2679.25,2679.25,False
EVT_00004410,2026-08-28 21:38:38,CHECKOUT_ABANDONMENT,32344.54,RECOVERY_REMINDER,32344.54,ALTERNATIVE_PAYMENT,32344.54,0.0,False
EVT_00004810,2026-08-28 21:43:06,PAYMENT_FAILURE,21642.17,ALTERNATIVE_PAYMENT,0.0,ALTERNATIVE_PAYMENT,0.0,0.0,True
EVT_00008465,2026-08-28 23:31:39,SUBSCRIPTION_FAILURE,21036.0,RECOVERY_REMINDER,0.0,ALTERNATIVE_PAYMENT,21036.0,21036.0,False
EVT_00008524,2026-08-28 23:35:54,PAYMENT_FAILURE,30390.59,HUMAN_ESCALATION,30390.59,HUMAN_ESCALATION,30390.59,0.0,True
EVT_00003706,2026-08-29 00:10:54,SUBSCRIPTION_FAILURE,2740.11,RECOVERY_REMINDER,0.0,ALTERNATIVE_PAYMENT,2740.11,2740.11,False
EVT_00003904,2026-08-29 01:32:29,SUBSCRIPTION_FAILURE,4081.62,RECOVERY_REMINDER,0.0,ALTERNATIVE_PAYMENT,0.0,0.0,False
EVT_00001394,2026-08-29 01:41:28,PAYMENT_FAILURE,9413.23,ALTERNATIVE_PAYMENT,0.0,RECOVERY_REMINDER,9413.23,9413.23,False
EVT_00002514,2026-08-29 01:44:13,PAYMENT_FAILURE,5653.52,ALTERNATIVE_PAYMENT,0.0,ALTERNATIVE_PAYMENT,0.0,0.0,True
EVT_00009264,2026-08-29 01:49:24,PAYMENT_FAILURE,4834.46,ALTERNATIVE_PAYMENT,4834.46,ALTERNATIVE_PAYMENT,4834.46,0.0,True
EVT_00009103,2026-08-29 02:35:27,PAYMENT_FAILURE,25177.93,ALTERNATIVE_PAYMENT,0.0,RETRY_LATER,25177.93,25177.93,False
EVT_00008069,2026-08-29 02:59:28,PAYMENT_FAILURE,5931.81,ALTERNATIVE_PAYMENT,5931.81,ALTERNATIVE_PAYMENT,5931.81,0.0,True
EVT_00003105,2026-08-29 03:52:20,PAYMENT_FAILURE,15981.97,ALTERNATIVE_PAYMENT,0.0,HUMAN_ESCALATION,15981.97,15981.97,False
EVT_00006429,2026-08-29 04:09:54,PAYMENT_FAILURE,10348.78,RETRY_LATER,10348.78,ALTERNATIVE_PAYMENT,10348.78,0.0,False
EVT_00006476,2026-08-29 04:14:30,PAYMENT_FAILURE,1349.32,RETRY_LATER,1349.32,ALTERNATIVE_PAYMENT,1349.32,0.0,False
EVT_00000273,2026-08-29 05:07:11,CHECKOUT_ABANDONMENT,1176.79,RECOVERY_REMINDER,1176.79,ALTERNATIVE_PAYMENT,1176.79,0.0,False
EVT_00003076,2026-08-29 05:41:04,PAYMENT_FAILURE,4428.21,ALTERNATIVE_PAYMENT,0.0,ALTERNATIVE_PAYMENT,0.0,0.0,True
EVT_00000778,2026-08-29 06:04:58,SUBSCRIPTION_FAILURE,10870.41,RECOVERY_REMINDER,0.0,HUMAN_ESCALATION,10870.41,10870.41,False
EVT_00002062,2026-08-29 06:12:51,SUBSCRIPTION_FAILURE,2534.51,RECOVERY_REMINDER,0.0,ALTERNATIVE_PAYMENT,0.0,0.0,False
EVT_00008085,2026-08-29 06:59:29,PAYMENT_FAILURE,23065.42,ALTERNATIVE_PAYMENT,0.0,ALTERNATIVE_PAYMENT,0.0,0.0,True
EVT_00003762,2026-08-29 07:03:23,PAYMENT_FAILURE,6071.92,RETRY_LATER,6071.92,RECOVERY_REMINDER,6071.92,0.0,False
EVT_00005975,2026-08-29 07:07:38,PAYMENT_FAILURE,2196.63,ALTERNATIVE_PAYMENT,0.0,RECOVERY_REMINDER,2196.63,2196.63,False
EVT_00000282,2026-08-29 07:14:59,CHECKOUT_ABANDONMENT,1453.31,RECOVERY_REMINDER,1453.31,ALTERNATIVE_PAYMENT,1453.31,0.0,False
EVT_00009552,2026-08-29 07:18:38,SUBSCRIPTION_FAILURE,1329.12,RECOVERY_REMINDER,0.0,ALTERNATIVE_PAYMENT,1329.12,1329.12,False
EVT_00002367,2026-08-29 07:26:37,CHECKOUT_ABANDONMENT,5924.0,RECOVERY_REMINDER,5924.0,ALTERNATIVE_PAYMENT,5924.0,0.0,False
EVT_00009868,2026-08-29 08:03:24,PAYMENT_FAILURE,3779.48,ALTERNATIVE_PAYMENT,3779.48,ALTERNATIVE_PAYMENT,3779.48,0.0,True
EVT_00002416,2026-08-29 08:14:12,CHECKOUT_ABANDONMENT,1509.38,RECOVERY_REMINDER,1509.38,ALTERNATIVE_PAYMENT,1509.38,0.0,False
EVT_00001710,2026-08-29 08:46:34,SUBSCRIPTION_FAILURE,2810.09,RECOVERY_REMINDER,0.0,ALTERNATIVE_PAYMENT,2810.09,2810.09,False
EVT_00007094,2026-08-29 09:23:28,PAYMENT_FAILURE,3359.77,RETRY_LATER,0.0,HUMAN_ESCALATION,3359.77,3359.77,False
EVT_00008252,2026-08-29 09:49:00,PAYMENT_FAILURE,2379.73,ALTERNATIVE_PAYMENT,0.0,ALTERNATIVE_PAYMENT,0.0,0.0,True
EVT_00006060,2026-08-29 10:08:34,CHECKOUT_ABANDONMENT,1873.64,RECOVERY_REMINDER,1873.64,ALTERNATIVE_PAYMENT,1873.64,0.0,False
EVT_00007766,2026-08-29 10:14:50,SUBSCRIPTION_FAILURE,1920.56,RECOVERY_REMINDER,0.0,ALTERNATIVE_PAYMENT,1920.56,1920.56,False
EVT_00008544,2026-08-29 10:32:34,PAYMENT_FAILURE,5374.25,ALTERNATIVE_PAYMENT,0.0,ALTERNATIVE_PAYMENT,0.0,0.0,True
EVT_00000564,2026-08-29 11:03:44,SUBSCRIPTION_FAILURE,5569.08,RECOVERY_REMINDER,0.0,ALTERNATIVE_PAYMENT,5569.08,5569.08,False
EVT_00001428,2026-08-29 11:44:38,PAYMENT_FAILURE,4367.17,ALTERNATIVE_PAYMENT,0.0,RECOVERY_REMINDER,4367.17,4367.17,False
EVT_00003080,2026-08-29 12:06:14,PAYMENT_FAILURE,6000.74,RETRY_LATER,6000.74,ALTERNATIVE_PAYMENT,6000.74,0.0,False
EVT_00000655,2026-08-29 12:06:29,PAYMENT_FAILURE,1203.16,ALTERNATIVE_PAYMENT,0.0,RECOVERY_REMINDER,1203.16,1203.16,False
EVT_00000011,2026-08-29 13:20:54,CHECKOUT_ABANDONMENT,3232.27,RECOVERY_REMINDER,3232.27,RECOVERY_REMINDER,3232.27,0.0,True
EVT_00004015,2026-08-29 13:27:45,SUBSCRIPTION_FAILURE,3785.63,RECOVERY_REMINDER,3785.63,ALTERNATIVE_PAYMENT,3785.63,0.0,False
EVT_00009464,2026-08-29 13:28:19,PAYMENT_FAILURE,1444.66,ALTERNATIVE_PAYMENT,1444.66,ALTERNATIVE_PAYMENT,1444.66,0.0,True
EVT_00008409,2026-08-29 15:38:51,SUBSCRIPTION_FAILURE,3197.23,RECOVERY_REMINDER,3197.23,ALTERNATIVE_PAYMENT,3197.23,0.0,False
EVT_00005953,2026-08-29 15:43:31,PAYMENT_FAILURE,2878.62,ALTERNATIVE_PAYMENT,0.0,ALTERNATIVE_PAYMENT,0.0,0.0,True
EVT_00001316,2026-08-29 16:52:59,CHECKOUT_ABANDONMENT,1296.53,RECOVERY_REMINDER,1296.53,RECOVERY_REMINDER,1296.53,0.0,True
EVT_00002577,2026-08-29 16:53:32,PAYMENT_FAILURE,8356.26,ALTERNATIVE_PAYMENT,8356.26,ALTERNATIVE_PAYMENT,8356.26,0.0,True
EVT_00007058,2026-08-29 17:00:35,PAYMENT_FAILURE,2049.22,ALTERNATIVE_PAYMENT,0.0,ALTERNATIVE_PAYMENT,0.0,0.0,True
EVT_00003106,2026-08-29 17:01:55,CHECKOUT_ABANDONMENT,4726.14,RECOVERY_REMINDER,4726.14,ALTERNATIVE_PAYMENT,4726.14,0.0,False
EVT_00006075,2026-08-29 17:12:00,PAYMENT_FAILURE,6870.6,ALTERNATIVE_PAYMENT,6870.6,ALTERNATIVE_PAYMENT,6870.6,0.0,True
EVT_00009612,2026-08-29 17:46:51,CHECKOUT_ABANDONMENT,6204.97,RECOVERY_REMINDER,6204.97,ALTERNATIVE_PAYMENT,6204.97,0.0,False
EVT_00001718,2026-08-29 17:47:35,PAYMENT_FAILURE,9337.81,ALTERNATIVE_PAYMENT,0.0,ALTERNATIVE_PAYMENT,0.0,0.0,True
EVT_00002926,2026-08-29 17:49:43,PAYMENT_FAILURE,28760.3,ALTERNATIVE_PAYMENT,28760.3,ALTERNATIVE_PAYMENT,28760.3,0.0,True
EVT_00006544,2026-08-29 18:53:23,PAYMENT_FAILURE,3524.84,RETRY_LATER,3524.84,ALTERNATIVE_PAYMENT,3524.84,0.0,False
EVT_00007010,2026-08-29 18:57:58,PAYMENT_FAILURE,2321.37,ALTERNATIVE_PAYMENT,2321.37,ALTERNATIVE_PAYMENT,2321.37,0.0,True
EVT_00000765,2026-08-29 19:04:48,PAYMENT_FAILURE,5100.77,ALTERNATIVE_PAYMENT,5100.77,ALTERNATIVE_PAYMENT,5100.77,0.0,True
EVT_00008910,2026-08-29 19:49:01,SUBSCRIPTION_FAILURE,5350.67,RECOVERY_REMINDER,0.0,ALTERNATIVE_PAYMENT,5350.67,5350.67,False
EVT_00006858,2026-08-29 20:21:41,PAYMENT_FAILURE,4062.88,ALTERNATIVE_PAYMENT,4062.88,ALTERNATIVE_PAYMENT,4062.88,0.0,True
EVT_00007687,2026-08-29 20:41:41,PAYMENT_FAILURE,5138.43,ALTERNATIVE_PAYMENT,5138.43,ALTERNATIVE_PAYMENT,5138.43,0.0,True
EVT_00008260,2026-08-29 20:44:51,PAYMENT_FAILURE,5878.15,ALTERNATIVE_PAYMENT,0.0,ALTERNATIVE_PAYMENT,0.0,0.0,True
EVT_00006613,2026-08-29 20:49:49,CHECKOUT_ABANDONMENT,1935.97,RECOVERY_REMINDER,1935.97,ALTERNATIVE_PAYMENT,1935.97,0.0,False
EVT_00000130,2026-08-29 21:12:00,PAYMENT_FAILURE,3059.95,ALTERNATIVE_PAYMENT,0.0,RECOVERY_REMINDER,3059.95,3059.95,False
EVT_00004411,2026-08-29 21:23:44,CHECKOUT_ABANDONMENT,3073.19,RECOVERY_REMINDER,3073.19,ALTERNATIVE_PAYMENT,3073.19,0.0,False
EVT_00009099,2026-08-29 21:27:42,SUBSCRIPTION_FAILURE,3433.93,RECOVERY_REMINDER,0.0,ALTERNATIVE_PAYMENT,3433.93,3433.93,False
EVT_00000339,2026-08-29 21:35:01,PAYMENT_FAILURE,5517.13,RETRY_LATER,5517.13,ALTERNATIVE_PAYMENT,5517.13,0.0,False
EVT_00004164,2026-08-29 22:41:45,PAYMENT_FAILURE,1637.14,ALTERNATIVE_PAYMENT,0.0,ALTERNATIVE_PAYMENT,0.0,0.0,True
EVT_00008304,2026-08-29 23:14:19,PAYMENT_FAILURE,1598.09,ALTERNATIVE_PAYMENT,1598.09,ALTERNATIVE_PAYMENT,1598.09,0.0,True
EVT_00006806,2026-08-29 23:29:28,PAYMENT_FAILURE,1014.55,ALTERNATIVE_PAYMENT,1014.55,ALTERNATIVE_PAYMENT,1014.55,0.0,True
EVT_00001146,2026-08-29 23:39:12,PAYMENT_FAILURE,1004.7,ALTERNATIVE_PAYMENT,0.0,ALTERNATIVE_PAYMENT,0.0,0.0,True
EVT_00005373,2026-08-29 23:42:39,PAYMENT_FAILURE,9390.78,ALTERNATIVE_PAYMENT,0.0,ALTERNATIVE_PAYMENT,0.0,0.0,True
EVT_00005618,2026-08-30 00:30:50,CHECKOUT_ABANDONMENT,4982.45,RECOVERY_REMINDER,4982.45,ALTERNATIVE_PAYMENT,4982.45,0.0,False
EVT_00002564,2026-08-30 01:36:05,PAYMENT_FAILURE,5598.96,ALTERNATIVE_PAYMENT,0.0,HUMAN_ESCALATION,5598.96,5598.96,False
EVT_00004274,2026-08-30 02:00:51,PAYMENT_FAILURE,3060.49,ALTERNATIVE_PAYMENT,3060.49,ALTERNATIVE_PAYMENT,3060.49,0.0,True
EVT_00001767,2026-08-30 04:32:04,PAYMENT_FAILURE,1698.06,ALTERNATIVE_PAYMENT,0.0,ALTERNATIVE_PAYMENT,0.0,0.0,True
EVT_00001008,2026-08-30 04:38:19,PAYMENT_FAILURE,4960.48,ALTERNATIVE_PAYMENT,0.0,ALTERNATIVE_PAYMENT,0.0,0.0,True
EVT_00005646,2026-08-30 05:02:43,CHECKOUT_ABANDONMENT,2094.07,RECOVERY_REMINDER,2094.07,ALTERNATIVE_PAYMENT,2094.07,0.0,False
EVT_00002174,2026-08-30 06:55:26,CHECKOUT_ABANDONMENT,5350.35,RECOVERY_REMINDER,5350.35,ALTERNATIVE_PAYMENT,5350.35,0.0,False
EVT_00002285,2026-08-30 09:12:31,PAYMENT_FAILURE,3969.94,ALTERNATIVE_PAYMENT,0.0,ALTERNATIVE_PAYMENT,0.0,0.0,True
EVT_00006447,2026-08-30 09:22:45,CHECKOUT_ABANDONMENT,7382.76,RECOVERY_REMINDER,0.0,ALTERNATIVE_PAYMENT,7382.76,7382.76,False
EVT_00008768,2026-08-30 09:46:06,PAYMENT_FAILURE,2661.72,ALTERNATIVE_PAYMENT,2661.72,ALTERNATIVE_PAYMENT,2661.72,0.0,True
EVT_00001166,2026-08-30 10:30:42,PAYMENT_FAILURE,4315.38,ALTERNATIVE_PAYMENT,0.0,RECOVERY_REMINDER,4315.38,4315.38,False
EVT_00005774,2026-08-30 13:25:15,CHECKOUT_ABANDONMENT,18289.6,RECOVERY_REMINDER,18289.6,ALTERNATIVE_PAYMENT,18289.6,0.0,False
EVT_00009377,2026-08-30 14:50:20,SUBSCRIPTION_FAILURE,4852.79,RECOVERY_REMINDER,0.0,ALTERNATIVE_PAYMENT,4852.79,4852.79,False
EVT_00008022,2026-08-30 15:03:34,PAYMENT_FAILURE,10900.62,ALTERNATIVE_PAYMENT,0.0,ALTERNATIVE_PAYMENT,0.0,0.0,True
EVT_00003696,2026-08-30 15:25:51,CHECKOUT_ABANDONMENT,12253.38,RECOVERY_REMINDER,12253.38,ALTERNATIVE_PAYMENT,12253.38,0.0,False
EVT_00004601,2026-08-30 15:47:50,PAYMENT_FAILURE,702.5,RETRY_LATER,0.0,RECOVERY_REMINDER,702.5,702.5,False
EVT_00007816,2026-08-30 15:52:47,SUBSCRIPTION_FAILURE,10023.24,RECOVERY_REMINDER,0.0,ALTERNATIVE_PAYMENT,0.0,0.0,False
EVT_00001787,2026-08-30 16:27:26,PAYMENT_FAILURE,1663.29,RETRY_LATER,0.0,RECOVERY_REMINDER,1663.29,1663.29,False
EVT_00001993,2026-08-30 17:02:50,PAYMENT_FAILURE,18592.32,ALTERNATIVE_PAYMENT,18592.32,ALTERNATIVE_PAYMENT,18592.32,0.0,True
EVT_00008283,2026-08-30 17:19:26,PAYMENT_FAILURE,3673.08,ALTERNATIVE_PAYMENT,3673.08,ALTERNATIVE_PAYMENT,3673.08,0.0,True
EVT_00007793,2026-08-30 17:19:56,PAYMENT_FAILURE,4102.27,ALTERNATIVE_PAYMENT,0.0,RETRY_LATER,4102.27,4102.27,False
EVT_00009886,2026-08-30 17:29:11,PAYMENT_FAILURE,1575.21,ALTERNATIVE_PAYMENT,0.0,HUMAN_ESCALATION,1575.21,1575.21,False
EVT_00009883,2026-08-30 17:31:06,PAYMENT_FAILURE,8324.76,ALTERNATIVE_PAYMENT,0.0,ALTERNATIVE_PAYMENT,0.0,0.0,True
EVT_00000771,2026-08-30 17:52:07,PAYMENT_FAILURE,4592.68,ALTERNATIVE_PAYMENT,0.0,ALTERNATIVE_PAYMENT,0.0,0.0,True
EVT_00005377,2026-08-30 17:53:23,CHECKOUT_ABANDONMENT,10655.4,RECOVERY_REMINDER,0.0,ALTERNATIVE_PAYMENT,10655.4,10655.4,False
EVT_00007969,2026-08-30 17:55:13,SUBSCRIPTION_FAILURE,6322.4,RECOVERY_REMINDER,6322.4,RECOVERY_REMINDER,6322.4,0.0,True
EVT_00008010,2026-08-30 17:55:17,PAYMENT_FAILURE,346486.79,ALTERNATIVE_PAYMENT,0.0,RETRY_LATER,346486.79,346486.79,False
EVT_00009093,2026-08-30 18:09:40,PAYMENT_FAILURE,18100.87,ALTERNATIVE_PAYMENT,18100.87,ALTERNATIVE_PAYMENT,18100.87,0.0,True
EVT_00007046,2026-08-30 18:16:55,CHECKOUT_ABANDONMENT,897.69,RECOVERY_REMINDER,897.69,ALTERNATIVE_PAYMENT,897.69,0.0,False
EVT_00006672,2026-08-30 18:27:28,PAYMENT_FAILURE,27989.65,ALTERNATIVE_PAYMENT,0.0,HUMAN_ESCALATION,27989.65,27989.65,False
EVT_00007923,2026-08-30 19:04:01,PAYMENT_FAILURE,6756.66,ALTERNATIVE_PAYMENT,0.0,RETRY_LATER,6756.66,6756.66,False
EVT_00000972,2026-08-30 19:24:28,SUBSCRIPTION_FAILURE,2350.7,RECOVERY_REMINDER,0.0,RETRY_LATER,2350.7,2350.7,False
EVT_00008249,2026-08-30 19:39:43,CHECKOUT_ABANDONMENT,7215.65,RECOVERY_REMINDER,7215.65,ALTERNATIVE_PAYMENT,7215.65,0.0,False
EVT_00004950,2026-08-30 19:45:37,CHECKOUT_ABANDONMENT,8576.22,RECOVERY_REMINDER,8576.22,RECOVERY_REMINDER,8576.22,0.0,True
EVT_00006824,2026-08-30 20:17:13,SUBSCRIPTION_FAILURE,739.7,RECOVERY_REMINDER,739.7,ALTERNATIVE_PAYMENT,739.7,0.0,False
EVT_00007624,2026-08-30 22:18:36,PAYMENT_FAILURE,7004.79,RETRY_LATER,7004.79,ALTERNATIVE_PAYMENT,7004.79,0.0,False
EVT_00009706,2026-08-30 23:28:20,PAYMENT_FAILURE,1200.28,ALTERNATIVE_PAYMENT,0.0,ALTERNATIVE_PAYMENT,0.0,0.0,True
EVT_00003208,2026-08-30 23:49:25,SUBSCRIPTION_FAILURE,1076.02,RECOVERY_REMINDER,1076.02,RECOVERY_REMINDER,1076.02,0.0,True
EVT_00002433,2026-08-30 23:55:48,PAYMENT_FAILURE,1958.79,ALTERNATIVE_PAYMENT,0.0,RETRY_LATER,1958.79,1958.79,False
