event_id,chosen_action,action,recovery_success,revenue_recovered,event_type,failure_type,amount,retry_count,oracle_action,oracle_success,oracle_revenue,correct_action,regret
EVT_00006346,ALTERNATIVE_PAYMENT,ALTERNATIVE_PAYMENT,1,9184.03,PAYMENT_FAILURE,ISSUER_DECLINE,9184.03,3,ALTERNATIVE_PAYMENT,1,9184.03,True,0.0
EVT_00004698,ALTERNATIVE_PAYMENT,ALTERNATIVE_PAYMENT,1,161.36,PAYMENT_FAILURE,NETWORK_ERROR,161.36,0,RETRY_LATER,1,161.36,False,0.0
EVT_00000380,ALTERNATIVE_PAYMENT,ALTERNATIVE_PAYMENT,1,3344.75,PAYMENT_FAILURE,BANK_TECHNICAL_ERROR,3344.75,2,ALTERNATIVE_PAYMENT,1,3344.75,True,0.0
EVT_00006176,ALTERNATIVE_PAYMENT,ALTERNATIVE_PAYMENT,1,22610.07,PAYMENT_FAILURE,TIMEOUT,22610.07,1,ALTERNATIVE_PAYMENT,1,22610.07,True,0.0
EVT_00007595,ALTERNATIVE_PAYMENT,ALTERNATIVE_PAYMENT,1,3361.7,PAYMENT_FAILURE,TIMEOUT,3361.7,0,RETRY_LATER,1,3361.7,False,0.0
EVT_00003138,ALTERNATIVE_PAYMENT,ALTERNATIVE_PAYMENT,1,2304.3,SUBSCRIPTION_FAILURE,,2304.3,0,ALTERNATIVE_PAYMENT,1,2304.3,True,0.0
EVT_00009275,RECOVERY_REMINDER,RECOVERY_REMINDER,1,5457.02,PAYMENT_FAILURE,TIMEOUT,5457.02,1,RETRY_LATER,1,5457.02,False,0.0
EVT_00002270,RECOVERY_REMINDER,RECOVERY_REMINDER,1,3499.81,CHECKOUT_ABANDONMENT,,3499.81,0,RETRY_LATER,1,3499.81,False,0.0
EVT_00007510,ALTERNATIVE_PAYMENT,ALTERNATIVE_PAYMENT,0,0.0,PAYMENT_FAILURE,PAYMENT_LIMIT,20214.6,1,HUMAN_ESCALATION,1,20214.6,False,20214.6
EVT_00001915,ALTERNATIVE_PAYMENT,ALTERNATIVE_PAYMENT,1,718.55,PAYMENT_FAILURE,TIMEOUT,718.55,1,ALTERNATIVE_PAYMENT,1,718.55,True,0.0
EVT_00003773,ALTERNATIVE_PAYMENT,ALTERNATIVE_PAYMENT,0,0.0,PAYMENT_FAILURE,INSUFFICIENT_BALANCE,2593.78,3,RETRY_LATER,0,0.0,False,0.0
EVT_00005116,RECOVERY_REMINDER,RECOVERY_REMINDER,1,10309.04,CHECKOUT_ABANDONMENT,,10309.04,0,RETRY_LATER,1,10309.04,False,0.0
EVT_00000385,RECOVERY_REMINDER,RECOVERY_REMINDER,1,29917.74,CHECKOUT_ABANDONMENT,,29917.74,0,ALTERNATIVE_PAYMENT,1,29917.74,False,0.0
EVT_00007250,ALTERNATIVE_PAYMENT,ALTERNATIVE_PAYMENT,0,0.0,PAYMENT_FAILURE,NETWORK_ERROR,1192.53,0,RETRY_LATER,1,1192.53,False,1192.53
EVT_00005982,ALTERNATIVE_PAYMENT,ALTERNATIVE_PAYMENT,0,0.0,PAYMENT_FAILURE,BANK_TECHNICAL_ERROR,4392.74,1,HUMAN_ESCALATION,1,4392.74,False,4392.74
EVT_00001167,RECOVERY_REMINDER,RECOVERY_REMINDER,0,0.0,SUBSCRIPTION_FAILURE,,2195.06,0,RETRY_LATER,0,0.0,False,0.0
EVT_00005319,RECOVERY_REMINDER,RECOVERY_REMINDER,1,20143.37,CHECKOUT_ABANDONMENT,,20143.37,0,ALTERNATIVE_PAYMENT,1,20143.37,False,0.0
EVT_00007100,ALTERNATIVE_PAYMENT,ALTERNATIVE_PAYMENT,0,0.0,PAYMENT_FAILURE,NETWORK_ERROR,3069.28,0,RECOVERY_REMINDER,1,3069.28,False,3069.28
EVT_00005354,ALTERNATIVE_PAYMENT,ALTERNATIVE_PAYMENT,0,0.0,PAYMENT_FAILURE,ISSUER_DECLINE,2399.7,1,RETRY_LATER,0,0.0,False,0.0
EVT_00008028,RECOVERY_REMINDER,RECOVERY_REMINDER,1,11324.91,CHECKOUT_ABANDONMENT,,11324.91,0,ALTERNATIVE_PAYMENT,1,11324.91,False,0.0
EVT_00003239,RECOVERY_REMINDER,RECOVERY_REMINDER,1,2737.7,SUBSCRIPTION_FAILURE,,2737.7,0,RECOVERY_REMINDER,1,2737.7,True,0.0
EVT_00003408,ALTERNATIVE_PAYMENT,ALTERNATIVE_PAYMENT,1,733.05,PAYMENT_FAILURE,NETWORK_ERROR,733.05,2,RETRY_LATER,1,733.05,False,0.0
EVT_00008617,ALTERNATIVE_PAYMENT,ALTERNATIVE_PAYMENT,0,0.0,PAYMENT_FAILURE,TIMEOUT,3956.62,0,RETRY_LATER,1,3956.62,False,3956.62
EVT_00002612,ALTERNATIVE_PAYMENT,ALTERNATIVE_PAYMENT,0,0.0,PAYMENT_FAILURE,INSUFFICIENT_BALANCE,6401.98,0,RETRY_LATER,1,6401.98,False,6401.98
EVT_00006736,RECOVERY_REMINDER,RECOVERY_REMINDER,1,3110.08,PAYMENT_FAILURE,INSUFFICIENT_BALANCE,3110.08,2,RECOVERY_REMINDER,1,3110.08,True,0.0
EVT_00005764,ALTERNATIVE_PAYMENT,ALTERNATIVE_PAYMENT,1,3719.49,PAYMENT_FAILURE,PAYMENT_LIMIT,3719.49,0,ALTERNATIVE_PAYMENT,1,3719.49,True,0.0
EVT_00009452,ALTERNATIVE_PAYMENT,ALTERNATIVE_PAYMENT,0,0.0,PAYMENT_FAILURE,ISSUER_DECLINE,4001.57,3,RETRY_LATER,0,0.0,False,0.0
EVT_00007164,ALTERNATIVE_PAYMENT,ALTERNATIVE_PAYMENT,0,0.0,PAYMENT_FAILURE,ISSUER_DECLINE,439.65,1,RETRY_LATER,0,0.0,False,0.0
EVT_00000677,RECOVERY_REMINDER,RECOVERY_REMINDER,1,6931.08,CHECKOUT_ABANDONMENT,,6931.08,0,RETRY_LATER,1,6931.08,False,0.0
EVT_00007690,ALTERNATIVE_PAYMENT,ALTERNATIVE_PAYMENT,0,0.0,PAYMENT_FAILURE,TIMEOUT,2928.26,3,RETRY_LATER,0,0.0,False,0.0
EVT_00005706,ALTERNATIVE_PAYMENT,ALTERNATIVE_PAYMENT,1,11496.89,PAYMENT_FAILURE,EXPIRED_PAYMENT_METHOD,11496.89,0,ALTERNATIVE_PAYMENT,1,11496.89,True,0.0
EVT_00008836,ALTERNATIVE_PAYMENT,ALTERNATIVE_PAYMENT,0,0.0,PAYMENT_FAILURE,PAYMENT_LIMIT,10292.55,3,RETRY_LATER,0,0.0,False,0.0
EVT_00002728,RECOVERY_REMINDER,RECOVERY_REMINDER,1,3808.84,CHECKOUT_ABANDONMENT,,3808.84,0,ALTERNATIVE_PAYMENT,1,3808.84,False,0.0
EVT_00005302,ALTERNATIVE_PAYMENT,ALTERNATIVE_PAYMENT,0,0.0,PAYMENT_FAILURE,TIMEOUT,11704.0,2,RETRY_LATER,0,0.0,False,0.0
EVT_00006349,ALTERNATIVE_PAYMENT,ALTERNATIVE_PAYMENT,1,7619.42,PAYMENT_FAILURE,NETWORK_ERROR,7619.42,0,RETRY_LATER,1,7619.42,False,0.0
EVT_00009780,RECOVERY_REMINDER,RECOVERY_REMINDER,1,3328.72,SUBSCRIPTION_FAILURE,,3328.72,0,RETRY_LATER,1,3328.72,False,0.0
EVT_00008008,RECOVERY_REMINDER,RECOVERY_REMINDER,1,20060.6,CHECKOUT_ABANDONMENT,,20060.6,0,RETRY_LATER,1,20060.6,False,0.0
EVT_00001005,RECOVERY_REMINDER,RECOVERY_REMINDER,1,4183.34,CHECKOUT_ABANDONMENT,,4183.34,0,ALTERNATIVE_PAYMENT,1,4183.34,False,0.0
EVT_00007118,ALTERNATIVE_PAYMENT,ALTERNATIVE_PAYMENT,0,0.0,PAYMENT_FAILURE,ISSUER_DECLINE,10538.36,2,RETRY_LATER,0,0.0,False,0.0
EVT_00003469,ALTERNATIVE_PAYMENT,ALTERNATIVE_PAYMENT,0,0.0,PAYMENT_FAILURE,PAYMENT_LIMIT,1774.19,3,RETRY_LATER,0,0.0,False,0.0
EVT_00003218,ALTERNATIVE_PAYMENT,ALTERNATIVE_PAYMENT,1,1349.32,PAYMENT_FAILURE,BANK_TECHNICAL_ERROR,1349.32,2,ALTERNATIVE_PAYMENT,1,1349.32,True,0.0
EVT_00006180,RECOVERY_REMINDER,RECOVERY_REMINDER,1,2054.74,PAYMENT_FAILURE,INSUFFICIENT_BALANCE,2054.74,2,RECOVERY_REMINDER,1,2054.74,True,0.0
EVT_00004050,RECOVERY_REMINDER,RECOVERY_REMINDER,1,21686.8,SUBSCRIPTION_FAILURE,,21686.8,0,RETRY_LATER,1,21686.8,False,0.0
EVT_00007684,ALTERNATIVE_PAYMENT,ALTERNATIVE_PAYMENT,0,0.0,PAYMENT_FAILURE,PAYMENT_LIMIT,8863.15,0,RETRY_LATER,0,0.0,False,0.0
EVT_00008653,ALTERNATIVE_PAYMENT,ALTERNATIVE_PAYMENT,0,0.0,PAYMENT_FAILURE,TIMEOUT,602.75,2,RETRY_LATER,1,602.75,False,602.75
EVT_00008119,ALTERNATIVE_PAYMENT,ALTERNATIVE_PAYMENT,0,0.0,SUBSCRIPTION_FAILURE,,5941.04,0,RETRY_LATER,1,5941.04,False,5941.04
EVT_00007090,RECOVERY_REMINDER,RECOVERY_REMINDER,1,1943.89,CHECKOUT_ABANDONMENT,,1943.89,0,RETRY_LATER,1,1943.89,False,0.0
EVT_00004081,RECOVERY_REMINDER,RECOVERY_REMINDER,0,0.0,SUBSCRIPTION_FAILURE,,790.48,0,RETRY_LATER,0,0.0,False,0.0
EVT_00004666,ALTERNATIVE_PAYMENT,ALTERNATIVE_PAYMENT,0,0.0,SUBSCRIPTION_FAILURE,,4170.83,0,RECOVERY_REMINDER,1,4170.83,False,4170.83
EVT_00002396,RECOVERY_REMINDER,RECOVERY_REMINDER,0,0.0,SUBSCRIPTION_FAILURE,,8670.58,0,RETRY_LATER,1,8670.58,False,8670.58
EVT_00009261,ALTERNATIVE_PAYMENT,ALTERNATIVE_PAYMENT,1,4902.07,PAYMENT_FAILURE,ISSUER_DECLINE,4902.07,1,ALTERNATIVE_PAYMENT,1,4902.07,True,0.0
EVT_00000780,ALTERNATIVE_PAYMENT,ALTERNATIVE_PAYMENT,0,0.0,SUBSCRIPTION_FAILURE,,3756.14,0,RETRY_LATER,1,3756.14,False,3756.14
EVT_00005348,ALTERNATIVE_PAYMENT,ALTERNATIVE_PAYMENT,0,0.0,PAYMENT_FAILURE,ISSUER_DECLINE,16776.06,2,RETRY_LATER,0,0.0,False,0.0
EVT_00000611,ALTERNATIVE_PAYMENT,ALTERNATIVE_PAYMENT,1,9815.59,PAYMENT_FAILURE,PAYMENT_LIMIT,9815.59,2,ALTERNATIVE_PAYMENT,1,9815.59,True,0.0
EVT_00009728,ALTERNATIVE_PAYMENT,ALTERNATIVE_PAYMENT,1,10146.65,PAYMENT_FAILURE,BANK_TECHNICAL_ERROR,10146.65,0,RETRY_LATER,1,10146.65,False,0.0
EVT_00009734,ALTERNATIVE_PAYMENT,ALTERNATIVE_PAYMENT,0,0.0,PAYMENT_FAILURE,EXPIRED_PAYMENT_METHOD,3591.07,3,RETRY_LATER,0,0.0,False,0.0
EVT_00003112,HUMAN_ESCALATION,HUMAN_ESCALATION,1,70703.08,PAYMENT_FAILURE,INSUFFICIENT_BALANCE,70703.08,3,HUMAN_ESCALATION,1,70703.08,True,0.0
EVT_00006564,RECOVERY_REMINDER,RECOVERY_REMINDER,1,16202.87,CHECKOUT_ABANDONMENT,,16202.87,0,ALTERNATIVE_PAYMENT,1,16202.87,False,0.0
EVT_00009492,ALTERNATIVE_PAYMENT,ALTERNATIVE_PAYMENT,0,0.0,PAYMENT_FAILURE,EXPIRED_PAYMENT_METHOD,4752.7,0,RECOVERY_REMINDER,1,4752.7,False,4752.7
EVT_00007334,RECOVERY_REMINDER,RECOVERY_REMINDER,1,6699.6,CHECKOUT_ABANDONMENT,,6699.6,0,RETRY_LATER,1,6699.6,False,0.0
EVT_00009273,ALTERNATIVE_PAYMENT,ALTERNATIVE_PAYMENT,1,7505.27,SUBSCRIPTION_FAILURE,,7505.27,0,RETRY_LATER,1,7505.27,False,0.0
EVT_00008221,RECOVERY_REMINDER,RECOVERY_REMINDER,0,0.0,PAYMENT_FAILURE,INSUFFICIENT_BALANCE,14208.92,1,RETRY_LATER,0,0.0,False,0.0
EVT_00003815,RECOVERY_REMINDER,RECOVERY_REMINDER,0,0.0,CHECKOUT_ABANDONMENT,,965.45,0,ALTERNATIVE_PAYMENT,1,965.45,False,965.45
EVT_00009258,ALTERNATIVE_PAYMENT,ALTERNATIVE_PAYMENT,1,2457.45,PAYMENT_FAILURE,NETWORK_ERROR,2457.45,0,RETRY_LATER,1,2457.45,False,0.0
EVT_00006760,ALTERNATIVE_PAYMENT,ALTERNATIVE_PAYMENT,0,0.0,PAYMENT_FAILURE,NETWORK_ERROR,1321.23,1,RETRY_LATER,1,1321.23,False,1321.23
EVT_00003124,ALTERNATIVE_PAYMENT,ALTERNATIVE_PAYMENT,0,0.0,PAYMENT_FAILURE,ISSUER_DECLINE,1339.47,2,RETRY_LATER,0,0.0,False,0.0
EVT_00007126,ALTERNATIVE_PAYMENT,ALTERNATIVE_PAYMENT,1,3588.13,PAYMENT_FAILURE,INSUFFICIENT_BALANCE,3588.13,0,ALTERNATIVE_PAYMENT,1,3588.13,True,0.0
EVT_00002826,ALTERNATIVE_PAYMENT,ALTERNATIVE_PAYMENT,1,4030.65,PAYMENT_FAILURE,NETWORK_ERROR,4030.65,3,ALTERNATIVE_PAYMENT,1,4030.65,True,0.0
EVT_00001187,ALTERNATIVE_PAYMENT,ALTERNATIVE_PAYMENT,1,2058.89,PAYMENT_FAILURE,PAYMENT_LIMIT,2058.89,1,ALTERNATIVE_PAYMENT,1,2058.89,True,0.0
EVT_00009849,ALTERNATIVE_PAYMENT,ALTERNATIVE_PAYMENT,1,11576.73,PAYMENT_FAILURE,PAYMENT_LIMIT,11576.73,1,ALTERNATIVE_PAYMENT,1,11576.73,True,0.0
EVT_00005251,ALTERNATIVE_PAYMENT,ALTERNATIVE_PAYMENT,0,0.0,PAYMENT_FAILURE,NETWORK_ERROR,7645.82,1,RETRY_LATER,1,7645.82,False,7645.82
EVT_00007081,RECOVERY_REMINDER,RECOVERY_REMINDER,1,3453.48,CHECKOUT_ABANDONMENT,,3453.48,0,RETRY_LATER,1,3453.48,False,0.0
EVT_00002916,ALTERNATIVE_PAYMENT,ALTERNATIVE_PAYMENT,0,0.0,PAYMENT_FAILURE,NETWORK_ERROR,2497.4,1,RETRY_LATER,1,2497.4,False,2497.4
EVT_00001434,ALTERNATIVE_PAYMENT,ALTERNATIVE_PAYMENT,0,0.0,PAYMENT_FAILURE,EXPIRED_PAYMENT_METHOD,221.55,3,RETRY_LATER,0,0.0,False,0.0
EVT_00001807,ALTERNATIVE_PAYMENT,ALTERNATIVE_PAYMENT,1,5258.78,PAYMENT_FAILURE,EXPIRED_PAYMENT_METHOD,5258.78,3,ALTERNATIVE_PAYMENT,1,5258.78,True,0.0
EVT_00000395,ALTERNATIVE_PAYMENT,ALTERNATIVE_PAYMENT,1,5246.71,PAYMENT_FAILURE,ISSUER_DECLINE,5246.71,3,ALTERNATIVE_PAYMENT,1,5246.71,True,0.0
EVT_00002869,ALTERNATIVE_PAYMENT,ALTERNATIVE_PAYMENT,1,834.73,PAYMENT_FAILURE,ISSUER_DECLINE,834.73,0,RETRY_LATER,1,834.73,False,0.0
EVT_00000957,ALTERNATIVE_PAYMENT,ALTERNATIVE_PAYMENT,1,5237.01,PAYMENT_FAILURE,PAYMENT_LIMIT,5237.01,0,ALTERNATIVE_PAYMENT,1,5237.01,True,0.0
EVT_00002413,ALTERNATIVE_PAYMENT,ALTERNATIVE_PAYMENT,0,0.0,PAYMENT_FAILURE,INSUFFICIENT_BALANCE,1656.78,0,RETRY_LATER,1,1656.78,False,1656.78
EVT_00006552,ALTERNATIVE_PAYMENT,ALTERNATIVE_PAYMENT,1,20570.36,SUBSCRIPTION_FAILURE,,20570.36,0,RETRY_LATER,1,20570.36,False,0.0
EVT_00003326,RECOVERY_REMINDER,RECOVERY_REMINDER,1,2308.07,CHECKOUT_ABANDONMENT,,2308.07,0,ALTERNATIVE_PAYMENT,1,2308.07,False,0.0
EVT_00000139,ALTERNATIVE_PAYMENT,ALTERNATIVE_PAYMENT,1,7210.91,SUBSCRIPTION_FAILURE,,7210.91,0,ALTERNATIVE_PAYMENT,1,7210.91,True,0.0
EVT_00007137,ALTERNATIVE_PAYMENT,ALTERNATIVE_PAYMENT,0,0.0,PAYMENT_FAILURE,ISSUER_DECLINE,1530.19,3,RETRY_LATER,0,0.0,False,0.0
EVT_00000735,ALTERNATIVE_PAYMENT,ALTERNATIVE_PAYMENT,0,0.0,PAYMENT_FAILURE,TIMEOUT,4699.11,3,HUMAN_ESCALATION,1,4699.11,False,4699.11
EVT_00002421,RECOVERY_REMINDER,RECOVERY_REMINDER,0,0.0,SUBSCRIPTION_FAILURE,,4874.13,0,RETRY_LATER,0,0.0,False,0.0
EVT_00000628,RECOVERY_REMINDER,RECOVERY_REMINDER,0,0.0,CHECKOUT_ABANDONMENT,,18101.16,0,ALTERNATIVE_PAYMENT,1,18101.16,False,18101.16
EVT_00001562,RECOVERY_REMINDER,RECOVERY_REMINDER,1,2698.95,CHECKOUT_ABANDONMENT,,2698.95,0,RETRY_LATER,1,2698.95,False,0.0
EVT_00002657,ALTERNATIVE_PAYMENT,ALTERNATIVE_PAYMENT,0,0.0,PAYMENT_FAILURE,PAYMENT_LIMIT,3192.96,1,RECOVERY_REMINDER,1,3192.96,False,3192.96
EVT_00001276,ALTERNATIVE_PAYMENT,ALTERNATIVE_PAYMENT,1,8327.91,PAYMENT_FAILURE,NETWORK_ERROR,8327.91,0,ALTERNATIVE_PAYMENT,1,8327.91,True,0.0
EVT_00001104,ALTERNATIVE_PAYMENT,ALTERNATIVE_PAYMENT,1,12997.43,PAYMENT_FAILURE,TIMEOUT,12997.43,0,ALTERNATIVE_PAYMENT,1,12997.43,True,0.0
EVT_00007622,ALTERNATIVE_PAYMENT,ALTERNATIVE_PAYMENT,0,0.0,PAYMENT_FAILURE,NETWORK_ERROR,7981.91,3,RETRY_LATER,0,0.0,False,0.0
EVT_00008513,RECOVERY_REMINDER,RECOVERY_REMINDER,0,0.0,SUBSCRIPTION_FAILURE,,9175.85,0,RETRY_LATER,1,9175.85,False,9175.85
EVT_00000231,ALTERNATIVE_PAYMENT,ALTERNATIVE_PAYMENT,0,0.0,SUBSCRIPTION_FAILURE,,3151.44,0,RETRY_LATER,0,0.0,False,0.0
EVT_00004021,RECOVERY_REMINDER,RECOVERY_REMINDER,0,0.0,PAYMENT_FAILURE,INSUFFICIENT_BALANCE,6418.96,0,RETRY_LATER,1,6418.96,False,6418.96
EVT_00006433,ALTERNATIVE_PAYMENT,ALTERNATIVE_PAYMENT,0,0.0,PAYMENT_FAILURE,ISSUER_DECLINE,1608.42,0,RETRY_LATER,1,1608.42,False,1608.42
EVT_00008419,RECOVERY_REMINDER,RECOVERY_REMINDER,1,1839.74,CHECKOUT_ABANDONMENT,,1839.74,0,ALTERNATIVE_PAYMENT,1,1839.74,False,0.0
EVT_00009684,RECOVERY_REMINDER,RECOVERY_REMINDER,1,6353.31,CHECKOUT_ABANDONMENT,,6353.31,0,ALTERNATIVE_PAYMENT,1,6353.31,False,0.0
EVT_00008336,RECOVERY_REMINDER,RECOVERY_REMINDER,1,6488.1,CHECKOUT_ABANDONMENT,,6488.1,0,RETRY_LATER,1,6488.1,False,0.0
EVT_00001657,RECOVERY_REMINDER,RECOVERY_REMINDER,1,8115.98,PAYMENT_FAILURE,INSUFFICIENT_BALANCE,8115.98,2,RECOVERY_REMINDER,1,8115.98,True,0.0
EVT_00003348,RECOVERY_REMINDER,RECOVERY_REMINDER,0,0.0,PAYMENT_FAILURE,TIMEOUT,14993.71,2,RETRY_LATER,1,14993.71,False,14993.71
EVT_00009312,ALTERNATIVE_PAYMENT,ALTERNATIVE_PAYMENT,0,0.0,PAYMENT_FAILURE,EXPIRED_PAYMENT_METHOD,5855.63,3,RETRY_LATER,0,0.0,False,0.0
EVT_00003816,ALTERNATIVE_PAYMENT,ALTERNATIVE_PAYMENT,1,4385.37,PAYMENT_FAILURE,BANK_TECHNICAL_ERROR,4385.37,0,RETRY_LATER,1,4385.37,False,0.0
EVT_00008943,ALTERNATIVE_PAYMENT,ALTERNATIVE_PAYMENT,1,26533.23,PAYMENT_FAILURE,BANK_TECHNICAL_ERROR,26533.23,0,ALTERNATIVE_PAYMENT,1,26533.23,True,0.0
EVT_00002204,RECOVERY_REMINDER,RECOVERY_REMINDER,1,63873.75,CHECKOUT_ABANDONMENT,,63873.75,0,RETRY_LATER,1,63873.75,False,0.0
EVT_00001745,ALTERNATIVE_PAYMENT,ALTERNATIVE_PAYMENT,0,0.0,SUBSCRIPTION_FAILURE,,3483.93,0,HUMAN_ESCALATION,1,3483.93,False,3483.93
EVT_00008725,ALTERNATIVE_PAYMENT,ALTERNATIVE_PAYMENT,1,1809.23,PAYMENT_FAILURE,BANK_TECHNICAL_ERROR,1809.23,3,ALTERNATIVE_PAYMENT,1,1809.23,True,0.0
EVT_00006827,RECOVERY_REMINDER,RECOVERY_REMINDER,1,3535.21,CHECKOUT_ABANDONMENT,,3535.21,0,ALTERNATIVE_PAYMENT,1,3535.21,False,0.0
EVT_00002436,ALTERNATIVE_PAYMENT,ALTERNATIVE_PAYMENT,0,0.0,PAYMENT_FAILURE,BANK_TECHNICAL_ERROR,4167.77,2,RETRY_LATER,1,4167.77,False,4167.77
EVT_00001246,ALTERNATIVE_PAYMENT,ALTERNATIVE_PAYMENT,0,0.0,PAYMENT_FAILURE,INSUFFICIENT_BALANCE,19491.24,1,RECOVERY_REMINDER,1,19491.24,False,19491.24
EVT_00005193,ALTERNATIVE_PAYMENT,ALTERNATIVE_PAYMENT,1,2458.48,PAYMENT_FAILURE,EXPIRED_PAYMENT_METHOD,2458.48,0,ALTERNATIVE_PAYMENT,1,2458.48,True,0.0
EVT_00009368,RECOVERY_REMINDER,RECOVERY_REMINDER,0,0.0,SUBSCRIPTION_FAILURE,,9838.8,0,ALTERNATIVE_PAYMENT,1,9838.8,False,9838.8
EVT_00005566,RECOVERY_REMINDER,RECOVERY_REMINDER,0,0.0,SUBSCRIPTION_FAILURE,,2818.35,0,ALTERNATIVE_PAYMENT,1,2818.35,False,2818.35
EVT_00004273,RECOVERY_REMINDER,RECOVERY_REMINDER,1,3411.84,CHECKOUT_ABANDONMENT,,3411.84,0,ALTERNATIVE_PAYMENT,1,3411.84,False,0.0
EVT_00003942,ALTERNATIVE_PAYMENT,ALTERNATIVE_PAYMENT,0,0.0,PAYMENT_FAILURE,INSUFFICIENT_BALANCE,14049.02,3,HUMAN_ESCALATION,1,14049.02,False,14049.02
EVT_00004169,ALTERNATIVE_PAYMENT,ALTERNATIVE_PAYMENT,1,5320.3,SUBSCRIPTION_FAILURE,,5320.3,0,RETRY_LATER,1,5320.3,False,0.0
EVT_00001301,ALTERNATIVE_PAYMENT,ALTERNATIVE_PAYMENT,1,4594.72,SUBSCRIPTION_FAILURE,,4594.72,0,ALTERNATIVE_PAYMENT,1,4594.72,True,0.0
EVT_00007608,ALTERNATIVE_PAYMENT,ALTERNATIVE_PAYMENT,0,0.0,PAYMENT_FAILURE,ISSUER_DECLINE,8937.95,1,RECOVERY_REMINDER,1,8937.95,False,8937.95
EVT_00001224,ALTERNATIVE_PAYMENT,ALTERNATIVE_PAYMENT,0,0.0,PAYMENT_FAILURE,PAYMENT_LIMIT,12819.78,0,HUMAN_ESCALATION,1,12819.78,False,12819.78
EVT_00002949,RECOVERY_REMINDER,RECOVERY_REMINDER,1,8763.56,CHECKOUT_ABANDONMENT,,8763.56,0,RETRY_LATER,1,8763.56,False,0.0
EVT_00004513,ALTERNATIVE_PAYMENT,ALTERNATIVE_PAYMENT,1,3118.45,PAYMENT_FAILURE,NETWORK_ERROR,3118.45,2,ALTERNATIVE_PAYMENT,1,3118.45,True,0.0
EVT_00009203,RECOVERY_REMINDER,RECOVERY_REMINDER,1,19512.96,PAYMENT_FAILURE,TIMEOUT,19512.96,0,RETRY_LATER,1,19512.96,False,0.0
EVT_00006683,RECOVERY_REMINDER,RECOVERY_REMINDER,1,8943.94,SUBSCRIPTION_FAILURE,,8943.94,0,RECOVERY_REMINDER,1,8943.94,True,0.0
EVT_00009975,ALTERNATIVE_PAYMENT,ALTERNATIVE_PAYMENT,0,0.0,PAYMENT_FAILURE,TIMEOUT,823.1,1,RETRY_LATER,1,823.1,False,823.1
EVT_00009545,ALTERNATIVE_PAYMENT,ALTERNATIVE_PAYMENT,1,1163.55,PAYMENT_FAILURE,NETWORK_ERROR,1163.55,1,RETRY_LATER,1,1163.55,False,0.0
EVT_00003866,RECOVERY_REMINDER,RECOVERY_REMINDER,1,5278.17,CHECKOUT_ABANDONMENT,,5278.17,0,RETRY_LATER,1,5278.17,False,0.0
EVT_00002687,RECOVERY_REMINDER,RECOVERY_REMINDER,1,16435.23,CHECKOUT_ABANDONMENT,,16435.23,0,ALTERNATIVE_PAYMENT,1,16435.23,False,0.0
EVT_00007606,ALTERNATIVE_PAYMENT,ALTERNATIVE_PAYMENT,1,5608.32,PAYMENT_FAILURE,TIMEOUT,5608.32,0,RETRY_LATER,1,5608.32,False,0.0
EVT_00002483,RECOVERY_REMINDER,RECOVERY_REMINDER,0,0.0,PAYMENT_FAILURE,BANK_TECHNICAL_ERROR,22571.35,2,ALTERNATIVE_PAYMENT,1,22571.35,False,22571.35
EVT_00003455,ALTERNATIVE_PAYMENT,ALTERNATIVE_PAYMENT,1,4825.99,PAYMENT_FAILURE,TIMEOUT,4825.99,2,ALTERNATIVE_PAYMENT,1,4825.99,True,0.0
EVT_00007741,ALTERNATIVE_PAYMENT,ALTERNATIVE_PAYMENT,0,0.0,PAYMENT_FAILURE,TIMEOUT,542.55,2,RETRY_LATER,0,0.0,False,0.0
EVT_00008814,RECOVERY_REMINDER,RECOVERY_REMINDER,0,0.0,PAYMENT_FAILURE,INSUFFICIENT_BALANCE,1361.52,2,RETRY_LATER,0,0.0,False,0.0
EVT_00001660,RECOVERY_REMINDER,RECOVERY_REMINDER,1,12556.54,CHECKOUT_ABANDONMENT,,12556.54,0,RETRY_LATER,1,12556.54,False,0.0
EVT_00001204,ALTERNATIVE_PAYMENT,ALTERNATIVE_PAYMENT,1,22781.37,PAYMENT_FAILURE,BANK_TECHNICAL_ERROR,22781.37,3,ALTERNATIVE_PAYMENT,1,22781.37,True,0.0
EVT_00009710,ALTERNATIVE_PAYMENT,ALTERNATIVE_PAYMENT,1,5637.9,PAYMENT_FAILURE,BANK_TECHNICAL_ERROR,5637.9,3,ALTERNATIVE_PAYMENT,1,5637.9,True,0.0
EVT_00004491,RECOVERY_REMINDER,RECOVERY_REMINDER,1,7513.54,CHECKOUT_ABANDONMENT,,7513.54,0,RETRY_LATER,1,7513.54,False,0.0
EVT_00008478,RECOVERY_REMINDER,RECOVERY_REMINDER,1,4076.44,CHECKOUT_ABANDONMENT,,4076.44,0,RETRY_LATER,1,4076.44,False,0.0
EVT_00002685,RECOVERY_REMINDER,RECOVERY_REMINDER,1,13393.48,CHECKOUT_ABANDONMENT,,13393.48,0,ALTERNATIVE_PAYMENT,1,13393.48,False,0.0
EVT_00007501,ALTERNATIVE_PAYMENT,ALTERNATIVE_PAYMENT,1,1111.6,PAYMENT_FAILURE,PAYMENT_LIMIT,1111.6,0,RETRY_LATER,1,1111.6,False,0.0
EVT_00005458,RECOVERY_REMINDER,RECOVERY_REMINDER,1,3982.34,CHECKOUT_ABANDONMENT,,3982.34,0,RETRY_LATER,1,3982.34,False,0.0
EVT_00008818,ALTERNATIVE_PAYMENT,ALTERNATIVE_PAYMENT,1,2099.34,PAYMENT_FAILURE,ISSUER_DECLINE,2099.34,0,ALTERNATIVE_PAYMENT,1,2099.34,True,0.0
EVT_00008932,RECOVERY_REMINDER,RECOVERY_REMINDER,0,0.0,SUBSCRIPTION_FAILURE,,148107.55,0,RETRY_LATER,1,148107.55,False,148107.55
EVT_00004132,ALTERNATIVE_PAYMENT,ALTERNATIVE_PAYMENT,1,1387.11,PAYMENT_FAILURE,ISSUER_DECLINE,1387.11,1,ALTERNATIVE_PAYMENT,1,1387.11,True,0.0
EVT_00001349,RECOVERY_REMINDER,RECOVERY_REMINDER,1,5549.59,CHECKOUT_ABANDONMENT,,5549.59,0,ALTERNATIVE_PAYMENT,1,5549.59,False,0.0
EVT_00008727,ALTERNATIVE_PAYMENT,ALTERNATIVE_PAYMENT,1,792.83,PAYMENT_FAILURE,TIMEOUT,792.83,1,ALTERNATIVE_PAYMENT,1,792.83,True,0.0
EVT_00008557,ALTERNATIVE_PAYMENT,ALTERNATIVE_PAYMENT,0,0.0,PAYMENT_FAILURE,TIMEOUT,1197.78,3,HUMAN_ESCALATION,1,1197.78,False,1197.78
EVT_00009105,ALTERNATIVE_PAYMENT,ALTERNATIVE_PAYMENT,0,0.0,PAYMENT_FAILURE,TIMEOUT,885.45,1,RETRY_LATER,0,0.0,False,0.0
EVT_00000547,ALTERNATIVE_PAYMENT,ALTERNATIVE_PAYMENT,1,1431.32,PAYMENT_FAILURE,INSUFFICIENT_BALANCE,1431.32,3,ALTERNATIVE_PAYMENT,1,1431.32,True,0.0
EVT_00001078,RECOVERY_REMINDER,RECOVERY_REMINDER,0,0.0,CHECKOUT_ABANDONMENT,,5116.45,0,ALTERNATIVE_PAYMENT,1,5116.45,False,5116.45
EVT_00004694,RECOVERY_REMINDER,RECOVERY_REMINDER,1,1906.18,CHECKOUT_ABANDONMENT,,1906.18,0,RETRY_LATER,1,1906.18,False,0.0
EVT_00000278,ALTERNATIVE_PAYMENT,ALTERNATIVE_PAYMENT,1,4748.86,PAYMENT_FAILURE,BANK_TECHNICAL_ERROR,4748.86,0,RETRY_LATER,1,4748.86,False,0.0
EVT_00006732,RECOVERY_REMINDER,RECOVERY_REMINDER,1,7711.52,CHECKOUT_ABANDONMENT,,7711.52,0,RETRY_LATER,1,7711.52,False,0.0
EVT_00006991,ALTERNATIVE_PAYMENT,ALTERNATIVE_PAYMENT,1,4199.97,PAYMENT_FAILURE,BANK_TECHNICAL_ERROR,4199.97,1,RETRY_LATER,1,4199.97,False,0.0
EVT_00004574,ALTERNATIVE_PAYMENT,ALTERNATIVE_PAYMENT,1,6231.39,PAYMENT_FAILURE,TIMEOUT,6231.39,3,ALTERNATIVE_PAYMENT,1,6231.39,True,0.0
EVT_00002634,ALTERNATIVE_PAYMENT,ALTERNATIVE_PAYMENT,1,1351.61,PAYMENT_FAILURE,TIMEOUT,1351.61,3,ALTERNATIVE_PAYMENT,1,1351.61,True,0.0
EVT_00002632,RECOVERY_REMINDER,RECOVERY_REMINDER,0,0.0,SUBSCRIPTION_FAILURE,,8083.2,0,ALTERNATIVE_PAYMENT,1,8083.2,False,8083.2
EVT_00002211,ALTERNATIVE_PAYMENT,ALTERNATIVE_PAYMENT,0,0.0,PAYMENT_FAILURE,TIMEOUT,1288.71,3,RETRY_LATER,0,0.0,False,0.0
EVT_00008427,RECOVERY_REMINDER,RECOVERY_REMINDER,0,0.0,PAYMENT_FAILURE,BANK_TECHNICAL_ERROR,16721.12,0,ALTERNATIVE_PAYMENT,1,16721.12,False,16721.12
EVT_00001418,ALTERNATIVE_PAYMENT,ALTERNATIVE_PAYMENT,1,4570.65,PAYMENT_FAILURE,ISSUER_DECLINE,4570.65,1,ALTERNATIVE_PAYMENT,1,4570.65,True,0.0
EVT_00004878,ALTERNATIVE_PAYMENT,ALTERNATIVE_PAYMENT,0,0.0,PAYMENT_FAILURE,INSUFFICIENT_BALANCE,1119.02,2,RETRY_LATER,0,0.0,False,0.0
EVT_00002784,RECOVERY_REMINDER,RECOVERY_REMINDER,1,1325.04,CHECKOUT_ABANDONMENT,,1325.04,0,RETRY_LATER,1,1325.04,False,0.0
EVT_00004758,RECOVERY_REMINDER,RECOVERY_REMINDER,1,9423.32,CHECKOUT_ABANDONMENT,,9423.32,0,RETRY_LATER,1,9423.32,False,0.0
EVT_00003628,ALTERNATIVE_PAYMENT,ALTERNATIVE_PAYMENT,0,0.0,PAYMENT_FAILURE,ISSUER_DECLINE,2732.77,3,RETRY_LATER,0,0.0,False,0.0
EVT_00005972,ALTERNATIVE_PAYMENT,ALTERNATIVE_PAYMENT,1,4189.69,PAYMENT_FAILURE,BANK_TECHNICAL_ERROR,4189.69,1,RETRY_LATER,1,4189.69,False,0.0
EVT_00009424,ALTERNATIVE_PAYMENT,ALTERNATIVE_PAYMENT,1,3937.78,PAYMENT_FAILURE,TIMEOUT,3937.78,3,ALTERNATIVE_PAYMENT,1,3937.78,True,0.0
EVT_00004074,RECOVERY_REMINDER,RECOVERY_REMINDER,0,0.0,SUBSCRIPTION_FAILURE,,598.53,0,RETRY_LATER,0,0.0,False,0.0
EVT_00002114,ALTERNATIVE_PAYMENT,ALTERNATIVE_PAYMENT,1,5681.36,PAYMENT_FAILURE,ISSUER_DECLINE,5681.36,3,ALTERNATIVE_PAYMENT,1,5681.36,True,0.0
EVT_00009387,RECOVERY_REMINDER,RECOVERY_REMINDER,1,6070.52,CHECKOUT_ABANDONMENT,,6070.52,0,RETRY_LATER,1,6070.52,False,0.0
EVT_00006393,RECOVERY_REMINDER,RECOVERY_REMINDER,1,33617.13,CHECKOUT_ABANDONMENT,,33617.13,0,RETRY_LATER,1,33617.13,False,0.0
EVT_00005947,RECOVERY_REMINDER,RECOVERY_REMINDER,0,0.0,SUBSCRIPTION_FAILURE,,8928.75,0,RETRY_LATER,0,0.0,False,0.0
EVT_00006744,ALTERNATIVE_PAYMENT,ALTERNATIVE_PAYMENT,1,1178.8,PAYMENT_FAILURE,ISSUER_DECLINE,1178.8,0,RETRY_LATER,1,1178.8,False,0.0
EVT_00000370,ALTERNATIVE_PAYMENT,ALTERNATIVE_PAYMENT,1,3208.09,PAYMENT_FAILURE,ISSUER_DECLINE,3208.09,0,RETRY_LATER,1,3208.09,False,0.0
EVT_00007340,ALTERNATIVE_PAYMENT,ALTERNATIVE_PAYMENT,1,2218.36,PAYMENT_FAILURE,TIMEOUT,2218.36,2,ALTERNATIVE_PAYMENT,1,2218.36,True,0.0
EVT_00004661,ALTERNATIVE_PAYMENT,ALTERNATIVE_PAYMENT,0,0.0,PAYMENT_FAILURE,ISSUER_DECLINE,4525.91,1,RETRY_LATER,0,0.0,False,0.0
EVT_00000815,ALTERNATIVE_PAYMENT,ALTERNATIVE_PAYMENT,0,0.0,PAYMENT_FAILURE,ISSUER_DECLINE,8907.68,2,RETRY_LATER,0,0.0,False,0.0
EVT_00004986,RECOVERY_REMINDER,RECOVERY_REMINDER,1,4833.55,SUBSCRIPTION_FAILURE,,4833.55,0,ALTERNATIVE_PAYMENT,1,4833.55,False,0.0
EVT_00002775,ALTERNATIVE_PAYMENT,ALTERNATIVE_PAYMENT,0,0.0,PAYMENT_FAILURE,ISSUER_DECLINE,4934.87,2,HUMAN_ESCALATION,1,4934.87,False,4934.87
EVT_00005481,ALTERNATIVE_PAYMENT,ALTERNATIVE_PAYMENT,1,15267.58,PAYMENT_FAILURE,BANK_TECHNICAL_ERROR,15267.58,1,ALTERNATIVE_PAYMENT,1,15267.58,True,0.0
EVT_00002979,ALTERNATIVE_PAYMENT,ALTERNATIVE_PAYMENT,0,0.0,PAYMENT_FAILURE,TIMEOUT,750.14,3,RETRY_LATER,0,0.0,False,0.0
EVT_00000886,ALTERNATIVE_PAYMENT,ALTERNATIVE_PAYMENT,0,0.0,SUBSCRIPTION_FAILURE,,4866.78,0,RETRY_LATER,1,4866.78,False,4866.78
EVT_00008417,RECOVERY_REMINDER,RECOVERY_REMINDER,0,0.0,PAYMENT_FAILURE,INSUFFICIENT_BALANCE,9502.73,2,RETRY_LATER,0,0.0,False,0.0
EVT_00009597,ALTERNATIVE_PAYMENT,ALTERNATIVE_PAYMENT,1,5353.23,PAYMENT_FAILURE,PAYMENT_LIMIT,5353.23,2,ALTERNATIVE_PAYMENT,1,5353.23,True,0.0
EVT_00006165,ALTERNATIVE_PAYMENT,ALTERNATIVE_PAYMENT,1,4539.21,PAYMENT_FAILURE,BANK_TECHNICAL_ERROR,4539.21,1,ALTERNATIVE_PAYMENT,1,4539.21,True,0.0
EVT_00001970,RECOVERY_REMINDER,RECOVERY_REMINDER,1,2412.53,CHECKOUT_ABANDONMENT,,2412.53,0,ALTERNATIVE_PAYMENT,1,2412.53,False,0.0
EVT_00008634,RECOVERY_REMINDER,RECOVERY_REMINDER,0,0.0,CHECKOUT_ABANDONMENT,,3549.75,0,RETRY_LATER,1,3549.75,False,3549.75
EVT_00009730,ALTERNATIVE_PAYMENT,ALTERNATIVE_PAYMENT,0,0.0,PAYMENT_FAILURE,INSUFFICIENT_BALANCE,5017.74,0,RETRY_LATER,1,5017.74,False,5017.74
EVT_00000094,ALTERNATIVE_PAYMENT,ALTERNATIVE_PAYMENT,0,0.0,PAYMENT_FAILURE,INSUFFICIENT_BALANCE,1075.61,2,RECOVERY_REMINDER,1,1075.61,False,1075.61
EVT_00009876,ALTERNATIVE_PAYMENT,ALTERNATIVE_PAYMENT,0,0.0,PAYMENT_FAILURE,EXPIRED_PAYMENT_METHOD,10708.33,0,RETRY_LATER,1,10708.33,False,10708.33
EVT_00006945,ALTERNATIVE_PAYMENT,ALTERNATIVE_PAYMENT,0,0.0,PAYMENT_FAILURE,EXPIRED_PAYMENT_METHOD,2658.32,2,RETRY_LATER,0,0.0,False,0.0
EVT_00005321,RECOVERY_REMINDER,RECOVERY_REMINDER,1,133156.89,PAYMENT_FAILURE,TIMEOUT,133156.89,2,RECOVERY_REMINDER,1,133156.89,True,0.0
EVT_00002746,ALTERNATIVE_PAYMENT,ALTERNATIVE_PAYMENT,1,2670.2,PAYMENT_FAILURE,INSUFFICIENT_BALANCE,2670.2,2,ALTERNATIVE_PAYMENT,1,2670.2,True,0.0
EVT_00009871,RECOVERY_REMINDER,RECOVERY_REMINDER,1,5275.32,CHECKOUT_ABANDONMENT,,5275.32,0,RETRY_LATER,1,5275.32,False,0.0
EVT_00002519,ALTERNATIVE_PAYMENT,ALTERNATIVE_PAYMENT,1,11526.8,PAYMENT_FAILURE,ISSUER_DECLINE,11526.8,3,ALTERNATIVE_PAYMENT,1,11526.8,True,0.0
EVT_00008363,ALTERNATIVE_PAYMENT,ALTERNATIVE_PAYMENT,0,0.0,PAYMENT_FAILURE,INSUFFICIENT_BALANCE,2660.57,3,RETRY_LATER,0,0.0,False,0.0
EVT_00004038,ALTERNATIVE_PAYMENT,ALTERNATIVE_PAYMENT,0,0.0,PAYMENT_FAILURE,TIMEOUT,10944.81,3,RETRY_LATER,0,0.0,False,0.0
EVT_00002309,ALTERNATIVE_PAYMENT,ALTERNATIVE_PAYMENT,1,1024.52,PAYMENT_FAILURE,TIMEOUT,1024.52,0,ALTERNATIVE_PAYMENT,1,1024.52,True,0.0
EVT_00002901,ALTERNATIVE_PAYMENT,ALTERNATIVE_PAYMENT,0,0.0,PAYMENT_FAILURE,BANK_TECHNICAL_ERROR,10886.67,3,RETRY_LATER,0,0.0,False,0.0
EVT_00003646,ALTERNATIVE_PAYMENT,ALTERNATIVE_PAYMENT,0,0.0,PAYMENT_FAILURE,NETWORK_ERROR,16396.53,1,RETRY_LATER,1,16396.53,False,16396.53
EVT_00006802,ALTERNATIVE_PAYMENT,ALTERNATIVE_PAYMENT,1,2601.34,PAYMENT_FAILURE,TIMEOUT,2601.34,2,ALTERNATIVE_PAYMENT,1,2601.34,True,0.0
EVT_00005389,ALTERNATIVE_PAYMENT,ALTERNATIVE_PAYMENT,1,11008.27,PAYMENT_FAILURE,BANK_TECHNICAL_ERROR,11008.27,3,ALTERNATIVE_PAYMENT,1,11008.27,True,0.0
EVT_00002534,ALTERNATIVE_PAYMENT,ALTERNATIVE_PAYMENT,0,0.0,PAYMENT_FAILURE,ISSUER_DECLINE,3769.86,3,RETRY_LATER,0,0.0,False,0.0
EVT_00001059,ALTERNATIVE_PAYMENT,ALTERNATIVE_PAYMENT,1,7677.56,PAYMENT_FAILURE,ISSUER_DECLINE,7677.56,3,ALTERNATIVE_PAYMENT,1,7677.56,True,0.0
EVT_00000627,RECOVERY_REMINDER,RECOVERY_REMINDER,1,987.9,CHECKOUT_ABANDONMENT,,987.9,0,RETRY_LATER,1,987.9,False,0.0
EVT_00009296,ALTERNATIVE_PAYMENT,ALTERNATIVE_PAYMENT,0,0.0,SUBSCRIPTION_FAILURE,,1637.26,0,RECOVERY_REMINDER,1,1637.26,False,1637.26
EVT_00003453,ALTERNATIVE_PAYMENT,ALTERNATIVE_PAYMENT,1,6575.94,SUBSCRIPTION_FAILURE,,6575.94,0,RETRY_LATER,1,6575.94,False,0.0
EVT_00003243,RECOVERY_REMINDER,RECOVERY_REMINDER,0,0.0,SUBSCRIPTION_FAILURE,,10147.03,0,HUMAN_ESCALATION,1,10147.03,False,10147.03
EVT_00006131,ALTERNATIVE_PAYMENT,ALTERNATIVE_PAYMENT,0,0.0,PAYMENT_FAILURE,ISSUER_DECLINE,3308.59,1,RECOVERY_REMINDER,1,3308.59,False,3308.59
EVT_00003296,ALTERNATIVE_PAYMENT,ALTERNATIVE_PAYMENT,0,0.0,SUBSCRIPTION_FAILURE,,3249.17,0,RECOVERY_REMINDER,1,3249.17,False,3249.17
EVT_00001572,ALTERNATIVE_PAYMENT,ALTERNATIVE_PAYMENT,1,3310.05,SUBSCRIPTION_FAILURE,,3310.05,0,RETRY_LATER,1,3310.05,False,0.0
EVT_00002538,ALTERNATIVE_PAYMENT,ALTERNATIVE_PAYMENT,1,2469.97,PAYMENT_FAILURE,TIMEOUT,2469.97,3,ALTERNATIVE_PAYMENT,1,2469.97,True,0.0
EVT_00003799,ALTERNATIVE_PAYMENT,ALTERNATIVE_PAYMENT,1,7996.89,SUBSCRIPTION_FAILURE,,7996.89,0,RETRY_LATER,1,7996.89,False,0.0
EVT_00004515,ALTERNATIVE_PAYMENT,ALTERNATIVE_PAYMENT,0,0.0,PAYMENT_FAILURE,ISSUER_DECLINE,16332.96,3,RETRY_LATER,0,0.0,False,0.0
EVT_00007240,ALTERNATIVE_PAYMENT,ALTERNATIVE_PAYMENT,0,0.0,PAYMENT_FAILURE,INSUFFICIENT_BALANCE,3194.54,3,RETRY_LATER,0,0.0,False,0.0
EVT_00005733,RECOVERY_REMINDER,RECOVERY_REMINDER,0,0.0,SUBSCRIPTION_FAILURE,,33069.78,0,HUMAN_ESCALATION,1,33069.78,False,33069.78
EVT_00000497,RECOVERY_REMINDER,RECOVERY_REMINDER,0,0.0,SUBSCRIPTION_FAILURE,,3533.28,0,RETRY_LATER,0,0.0,False,0.0
EVT_00006434,ALTERNATIVE_PAYMENT,ALTERNATIVE_PAYMENT,0,0.0,SUBSCRIPTION_FAILURE,,3498.08,0,RETRY_LATER,1,3498.08,False,3498.08
EVT_00008538,ALTERNATIVE_PAYMENT,ALTERNATIVE_PAYMENT,1,2988.06,PAYMENT_FAILURE,BANK_TECHNICAL_ERROR,2988.06,1,ALTERNATIVE_PAYMENT,1,2988.06,True,0.0
EVT_00003914,RECOVERY_REMINDER,RECOVERY_REMINDER,1,1432.19,CHECKOUT_ABANDONMENT,,1432.19,0,RETRY_LATER,1,1432.19,False,0.0
EVT_00001343,RECOVERY_REMINDER,RECOVERY_REMINDER,0,0.0,CHECKOUT_ABANDONMENT,,2049.94,0,RETRY_LATER,1,2049.94,False,2049.94
EVT_00005199,ALTERNATIVE_PAYMENT,ALTERNATIVE_PAYMENT,1,1816.57,PAYMENT_FAILURE,TIMEOUT,1816.57,0,RETRY_LATER,1,1816.57,False,0.0
EVT_00003018,ALTERNATIVE_PAYMENT,ALTERNATIVE_PAYMENT,1,2705.85,SUBSCRIPTION_FAILURE,,2705.85,0,RETRY_LATER,1,2705.85,False,0.0
EVT_00008919,RECOVERY_REMINDER,RECOVERY_REMINDER,0,0.0,CHECKOUT_ABANDONMENT,,9873.72,0,RETRY_LATER,1,9873.72,False,9873.72
EVT_00009097,RECOVERY_REMINDER,RECOVERY_REMINDER,1,5942.49,CHECKOUT_ABANDONMENT,,5942.49,0,ALTERNATIVE_PAYMENT,1,5942.49,False,0.0
EVT_00006478,ALTERNATIVE_PAYMENT,ALTERNATIVE_PAYMENT,0,0.0,PAYMENT_FAILURE,INSUFFICIENT_BALANCE,629.43,1,RETRY_LATER,0,0.0,False,0.0
EVT_00007647,ALTERNATIVE_PAYMENT,ALTERNATIVE_PAYMENT,0,0.0,PAYMENT_FAILURE,NETWORK_ERROR,7544.99,3,HUMAN_ESCALATION,1,7544.99,False,7544.99
EVT_00002315,ALTERNATIVE_PAYMENT,ALTERNATIVE_PAYMENT,0,0.0,PAYMENT_FAILURE,EXPIRED_PAYMENT_METHOD,2750.15,3,RETRY_LATER,0,0.0,False,0.0
EVT_00001262,ALTERNATIVE_PAYMENT,ALTERNATIVE_PAYMENT,0,0.0,PAYMENT_FAILURE,INSUFFICIENT_BALANCE,2145.28,0,RETRY_LATER,1,2145.28,False,2145.28
EVT_00009179,RECOVERY_REMINDER,RECOVERY_REMINDER,1,15152.26,CHECKOUT_ABANDONMENT,,15152.26,0,ALTERNATIVE_PAYMENT,1,15152.26,False,0.0
EVT_00008987,ALTERNATIVE_PAYMENT,ALTERNATIVE_PAYMENT,1,4815.62,PAYMENT_FAILURE,BANK_TECHNICAL_ERROR,4815.62,0,RETRY_LATER,1,4815.62,False,0.0
EVT_00000299,ALTERNATIVE_PAYMENT,ALTERNATIVE_PAYMENT,0,0.0,PAYMENT_FAILURE,TIMEOUT,4674.0,0,RECOVERY_REMINDER,1,4674.0,False,4674.0
EVT_00001222,ALTERNATIVE_PAYMENT,ALTERNATIVE_PAYMENT,0,0.0,PAYMENT_FAILURE,BANK_TECHNICAL_ERROR,2277.25,3,RETRY_LATER,0,0.0,False,0.0
EVT_00006759,ALTERNATIVE_PAYMENT,ALTERNATIVE_PAYMENT,0,0.0,PAYMENT_FAILURE,TIMEOUT,7226.17,2,RETRY_LATER,1,7226.17,False,7226.17
EVT_00007004,RECOVERY_REMINDER,RECOVERY_REMINDER,1,5829.75,SUBSCRIPTION_FAILURE,,5829.75,0,RETRY_LATER,1,5829.75,False,0.0
EVT_00002844,RECOVERY_REMINDER,RECOVERY_REMINDER,1,11102.7,CHECKOUT_ABANDONMENT,,11102.7,0,RETRY_LATER,1,11102.7,False,0.0
EVT_00007467,RECOVERY_REMINDER,RECOVERY_REMINDER,0,0.0,SUBSCRIPTION_FAILURE,,22557.41,0,RETRY_LATER,0,0.0,False,0.0
EVT_00009853,ALTERNATIVE_PAYMENT,ALTERNATIVE_PAYMENT,1,1224.52,PAYMENT_FAILURE,INSUFFICIENT_BALANCE,1224.52,3,ALTERNATIVE_PAYMENT,1,1224.52,True,0.0
EVT_00000527,ALTERNATIVE_PAYMENT,ALTERNATIVE_PAYMENT,1,6567.81,PAYMENT_FAILURE,TIMEOUT,6567.81,1,ALTERNATIVE_PAYMENT,1,6567.81,True,0.0
EVT_00008150,RECOVERY_REMINDER,RECOVERY_REMINDER,1,6971.67,CHECKOUT_ABANDONMENT,,6971.67,0,RETRY_LATER,1,6971.67,False,0.0
EVT_00006804,ALTERNATIVE_PAYMENT,ALTERNATIVE_PAYMENT,0,0.0,PAYMENT_FAILURE,EXPIRED_PAYMENT_METHOD,1845.5,0,RETRY_LATER,1,1845.5,False,1845.5
EVT_00003149,ALTERNATIVE_PAYMENT,ALTERNATIVE_PAYMENT,0,0.0,PAYMENT_FAILURE,NETWORK_ERROR,6531.85,1,RETRY_LATER,1,6531.85,False,6531.85
EVT_00002434,RECOVERY_REMINDER,RECOVERY_REMINDER,1,11244.21,CHECKOUT_ABANDONMENT,,11244.21,0,RETRY_LATER,1,11244.21,False,0.0
EVT_00003219,ALTERNATIVE_PAYMENT,ALTERNATIVE_PAYMENT,1,2596.16,PAYMENT_FAILURE,INSUFFICIENT_BALANCE,2596.16,0,ALTERNATIVE_PAYMENT,1,2596.16,True,0.0
EVT_00003414,ALTERNATIVE_PAYMENT,ALTERNATIVE_PAYMENT,0,0.0,PAYMENT_FAILURE,INSUFFICIENT_BALANCE,1940.63,2,HUMAN_ESCALATION,1,1940.63,False,1940.63
EVT_00009769,ALTERNATIVE_PAYMENT,ALTERNATIVE_PAYMENT,1,2499.91,PAYMENT_FAILURE,TIMEOUT,2499.91,3,ALTERNATIVE_PAYMENT,1,2499.91,True,0.0
EVT_00002875,ALTERNATIVE_PAYMENT,ALTERNATIVE_PAYMENT,1,2067.2,PAYMENT_FAILURE,INSUFFICIENT_BALANCE,2067.2,0,RETRY_LATER,1,2067.2,False,0.0
EVT_00000036,ALTERNATIVE_PAYMENT,ALTERNATIVE_PAYMENT,1,1038.63,PAYMENT_FAILURE,BANK_TECHNICAL_ERROR,1038.63,3,ALTERNATIVE_PAYMENT,1,1038.63,True,0.0
EVT_00004471,RECOVERY_REMINDER,RECOVERY_REMINDER,0,0.0,SUBSCRIPTION_FAILURE,,9067.23,0,RETRY_LATER,0,0.0,False,0.0
EVT_00008769,RECOVERY_REMINDER,RECOVERY_REMINDER,0,0.0,PAYMENT_FAILURE,INSUFFICIENT_BALANCE,14058.28,0,ALTERNATIVE_PAYMENT,1,14058.28,False,14058.28
EVT_00005170,RECOVERY_REMINDER,RECOVERY_REMINDER,0,0.0,PAYMENT_FAILURE,INSUFFICIENT_BALANCE,3042.39,2,HUMAN_ESCALATION,1,3042.39,False,3042.39
EVT_00005329,ALTERNATIVE_PAYMENT,ALTERNATIVE_PAYMENT,0,0.0,PAYMENT_FAILURE,ISSUER_DECLINE,2949.58,3,RETRY_LATER,0,0.0,False,0.0
EVT_00003381,RETRY_LATER,RETRY_LATER,1,4490.77,PAYMENT_FAILURE,TIMEOUT,4490.77,0,RETRY_LATER,1,4490.77,True,0.0
EVT_00002052,ALTERNATIVE_PAYMENT,ALTERNATIVE_PAYMENT,1,2008.68,PAYMENT_FAILURE,BANK_TECHNICAL_ERROR,2008.68,0,RETRY_LATER,1,2008.68,False,0.0
EVT_00007064,ALTERNATIVE_PAYMENT,ALTERNATIVE_PAYMENT,1,13108.85,PAYMENT_FAILURE,TIMEOUT,13108.85,0,RETRY_LATER,1,13108.85,False,0.0
EVT_00002071,ALTERNATIVE_PAYMENT,ALTERNATIVE_PAYMENT,0,0.0,PAYMENT_FAILURE,ISSUER_DECLINE,2413.11,2,RECOVERY_REMINDER,1,2413.11,False,2413.11
EVT_00004053,RECOVERY_REMINDER,RECOVERY_REMINDER,1,1388.47,PAYMENT_FAILURE,TIMEOUT,1388.47,0,RECOVERY_REMINDER,1,1388.47,True,0.0
EVT_00002313,ALTERNATIVE_PAYMENT,ALTERNATIVE_PAYMENT,1,4906.83,PAYMENT_FAILURE,PAYMENT_LIMIT,4906.83,2,ALTERNATIVE_PAYMENT,1,4906.83,True,0.0
EVT_00003278,RECOVERY_REMINDER,RECOVERY_REMINDER,1,3929.66,PAYMENT_FAILURE,INSUFFICIENT_BALANCE,3929.66,2,RECOVERY_REMINDER,1,3929.66,True,0.0
EVT_00002507,ALTERNATIVE_PAYMENT,ALTERNATIVE_PAYMENT,0,0.0,SUBSCRIPTION_FAILURE,,4834.08,0,RETRY_LATER,1,4834.08,False,4834.08
EVT_00009701,RECOVERY_REMINDER,RECOVERY_REMINDER,1,3116.07,CHECKOUT_ABANDONMENT,,3116.07,0,RETRY_LATER,1,3116.07,False,0.0
EVT_00000928,ALTERNATIVE_PAYMENT,ALTERNATIVE_PAYMENT,1,6433.57,PAYMENT_FAILURE,TIMEOUT,6433.57,0,RETRY_LATER,1,6433.57,False,0.0
EVT_00005780,RECOVERY_REMINDER,RECOVERY_REMINDER,1,4344.81,CHECKOUT_ABANDONMENT,,4344.81,0,RETRY_LATER,1,4344.81,False,0.0
EVT_00002102,ALTERNATIVE_PAYMENT,ALTERNATIVE_PAYMENT,0,0.0,PAYMENT_FAILURE,NETWORK_ERROR,9247.69,3,RETRY_LATER,0,0.0,False,0.0
EVT_00000935,ALTERNATIVE_PAYMENT,ALTERNATIVE_PAYMENT,0,0.0,SUBSCRIPTION_FAILURE,,7850.41,0,RETRY_LATER,1,7850.41,False,7850.41
EVT_00008912,ALTERNATIVE_PAYMENT,ALTERNATIVE_PAYMENT,1,4817.32,PAYMENT_FAILURE,TIMEOUT,4817.32,1,RETRY_LATER,1,4817.32,False,0.0
EVT_00000091,ALTERNATIVE_PAYMENT,ALTERNATIVE_PAYMENT,1,9947.8,PAYMENT_FAILURE,PAYMENT_LIMIT,9947.8,1,ALTERNATIVE_PAYMENT,1,9947.8,True,0.0
EVT_00006747,ALTERNATIVE_PAYMENT,ALTERNATIVE_PAYMENT,1,4919.68,PAYMENT_FAILURE,BANK_TECHNICAL_ERROR,4919.68,2,ALTERNATIVE_PAYMENT,1,4919.68,True,0.0
EVT_00003210,RECOVERY_REMINDER,RECOVERY_REMINDER,0,0.0,PAYMENT_FAILURE,BANK_TECHNICAL_ERROR,17573.93,1,ALTERNATIVE_PAYMENT,1,17573.93,False,17573.93
EVT_00008110,ALTERNATIVE_PAYMENT,ALTERNATIVE_PAYMENT,1,1404.15,PAYMENT_FAILURE,BANK_TECHNICAL_ERROR,1404.15,3,ALTERNATIVE_PAYMENT,1,1404.15,True,0.0
EVT_00002710,RECOVERY_REMINDER,RECOVERY_REMINDER,1,2909.83,CHECKOUT_ABANDONMENT,,2909.83,0,RETRY_LATER,1,2909.83,False,0.0
EVT_00005228,ALTERNATIVE_PAYMENT,ALTERNATIVE_PAYMENT,1,4005.92,PAYMENT_FAILURE,BANK_TECHNICAL_ERROR,4005.92,3,ALTERNATIVE_PAYMENT,1,4005.92,True,0.0
EVT_00000192,RECOVERY_REMINDER,RECOVERY_REMINDER,0,0.0,PAYMENT_FAILURE,INSUFFICIENT_BALANCE,9264.34,2,ALTERNATIVE_PAYMENT,1,9264.34,False,9264.34
EVT_00007616,RECOVERY_REMINDER,RECOVERY_REMINDER,1,1859.84,CHECKOUT_ABANDONMENT,,1859.84,0,RECOVERY_REMINDER,1,1859.84,True,0.0
EVT_00001482,ALTERNATIVE_PAYMENT,ALTERNATIVE_PAYMENT,0,0.0,PAYMENT_FAILURE,INSUFFICIENT_BALANCE,7283.71,1,RECOVERY_REMINDER,1,7283.71,False,7283.71
EVT_00002772,HUMAN_ESCALATION,HUMAN_ESCALATION,1,26009.0,PAYMENT_FAILURE,BANK_TECHNICAL_ERROR,26009.0,3,ALTERNATIVE_PAYMENT,1,26009.0,False,0.0
EVT_00005429,ALTERNATIVE_PAYMENT,ALTERNATIVE_PAYMENT,1,3257.34,SUBSCRIPTION_FAILURE,,3257.34,0,ALTERNATIVE_PAYMENT,1,3257.34,True,0.0
EVT_00006783,ALTERNATIVE_PAYMENT,ALTERNATIVE_PAYMENT,0,0.0,PAYMENT_FAILURE,TIMEOUT,2199.6,3,HUMAN_ESCALATION,1,2199.6,False,2199.6
EVT_00004808,RECOVERY_REMINDER,RECOVERY_REMINDER,1,3973.23,CHECKOUT_ABANDONMENT,,3973.23,0,RETRY_LATER,1,3973.23,False,0.0
EVT_00004294,ALTERNATIVE_PAYMENT,ALTERNATIVE_PAYMENT,0,0.0,PAYMENT_FAILURE,EXPIRED_PAYMENT_METHOD,4154.01,2,HUMAN_ESCALATION,1,4154.01,False,4154.01
EVT_00008541,RECOVERY_REMINDER,RECOVERY_REMINDER,0,0.0,CHECKOUT_ABANDONMENT,,924.56,0,RETRY_LATER,0,0.0,False,0.0
EVT_00000975,ALTERNATIVE_PAYMENT,ALTERNATIVE_PAYMENT,0,0.0,PAYMENT_FAILURE,ISSUER_DECLINE,1395.97,2,RETRY_LATER,0,0.0,False,0.0
EVT_00004133,ALTERNATIVE_PAYMENT,ALTERNATIVE_PAYMENT,1,12256.85,PAYMENT_FAILURE,NETWORK_ERROR,12256.85,0,RETRY_LATER,1,12256.85,False,0.0
EVT_00008166,ALTERNATIVE_PAYMENT,ALTERNATIVE_PAYMENT,1,1989.61,PAYMENT_FAILURE,TIMEOUT,1989.61,3,ALTERNATIVE_PAYMENT,1,1989.61,True,0.0
EVT_00002766,ALTERNATIVE_PAYMENT,ALTERNATIVE_PAYMENT,1,1799.06,PAYMENT_FAILURE,TIMEOUT,1799.06,1,ALTERNATIVE_PAYMENT,1,1799.06,True,0.0
EVT_00001264,ALTERNATIVE_PAYMENT,ALTERNATIVE_PAYMENT,1,1917.03,SUBSCRIPTION_FAILURE,,1917.03,0,ALTERNATIVE_PAYMENT,1,1917.03,True,0.0
EVT_00003633,ALTERNATIVE_PAYMENT,ALTERNATIVE_PAYMENT,0,0.0,PAYMENT_FAILURE,INSUFFICIENT_BALANCE,1915.97,3,RETRY_LATER,0,0.0,False,0.0
EVT_00000869,RECOVERY_REMINDER,RECOVERY_REMINDER,0,0.0,CHECKOUT_ABANDONMENT,,1737.04,0,RETRY_LATER,1,1737.04,False,1737.04
EVT_00003957,ALTERNATIVE_PAYMENT,ALTERNATIVE_PAYMENT,0,0.0,PAYMENT_FAILURE,ISSUER_DECLINE,2807.5,1,RECOVERY_REMINDER,1,2807.5,False,2807.5
EVT_00003133,ALTERNATIVE_PAYMENT,ALTERNATIVE_PAYMENT,1,7286.38,PAYMENT_FAILURE,NETWORK_ERROR,7286.38,2,ALTERNATIVE_PAYMENT,1,7286.38,True,0.0
EVT_00005020,RECOVERY_REMINDER,RECOVERY_REMINDER,0,0.0,PAYMENT_FAILURE,TIMEOUT,28963.06,2,RETRY_LATER,1,28963.06,False,28963.06
EVT_00006709,RECOVERY_REMINDER,RECOVERY_REMINDER,1,1544.75,CHECKOUT_ABANDONMENT,,1544.75,0,RETRY_LATER,1,1544.75,False,0.0
EVT_00007820,ALTERNATIVE_PAYMENT,ALTERNATIVE_PAYMENT,0,0.0,PAYMENT_FAILURE,INSUFFICIENT_BALANCE,16001.73,0,RETRY_LATER,0,0.0,False,0.0
EVT_00006779,RECOVERY_REMINDER,RECOVERY_REMINDER,0,0.0,PAYMENT_FAILURE,ISSUER_DECLINE,36795.59,1,RETRY_LATER,1,36795.59,False,36795.59
EVT_00000088,ALTERNATIVE_PAYMENT,ALTERNATIVE_PAYMENT,1,1591.4,PAYMENT_FAILURE,TIMEOUT,1591.4,1,RETRY_LATER,1,1591.4,False,0.0
EVT_00008413,ALTERNATIVE_PAYMENT,ALTERNATIVE_PAYMENT,0,0.0,PAYMENT_FAILURE,INSUFFICIENT_BALANCE,5472.3,2,RETRY_LATER,0,0.0,False,0.0
EVT_00004498,ALTERNATIVE_PAYMENT,ALTERNATIVE_PAYMENT,1,5289.51,PAYMENT_FAILURE,BANK_TECHNICAL_ERROR,5289.51,0,RETRY_LATER,1,5289.51,False,0.0
EVT_00002849,ALTERNATIVE_PAYMENT,ALTERNATIVE_PAYMENT,1,9005.19,PAYMENT_FAILURE,INSUFFICIENT_BALANCE,9005.19,1,ALTERNATIVE_PAYMENT,1,9005.19,True,0.0
EVT_00001300,ALTERNATIVE_PAYMENT,ALTERNATIVE_PAYMENT,1,2808.28,PAYMENT_FAILURE,PAYMENT_LIMIT,2808.28,0,RETRY_LATER,1,2808.28,False,0.0
EVT_00004902,ALTERNATIVE_PAYMENT,ALTERNATIVE_PAYMENT,0,0.0,PAYMENT_FAILURE,INSUFFICIENT_BALANCE,3227.09,2,RETRY_LATER,0,0.0,False,0.0
EVT_00002456,ALTERNATIVE_PAYMENT,ALTERNATIVE_PAYMENT,1,1794.51,PAYMENT_FAILURE,TIMEOUT,1794.51,1,RETRY_LATER,1,1794.51,False,0.0
EVT_00000854,RECOVERY_REMINDER,RECOVERY_REMINDER,1,9062.97,CHECKOUT_ABANDONMENT,,9062.97,0,RETRY_LATER,1,9062.97,False,0.0
EVT_00001464,RECOVERY_REMINDER,RECOVERY_REMINDER,1,1607.6,CHECKOUT_ABANDONMENT,,1607.6,0,RETRY_LATER,1,1607.6,False,0.0
EVT_00006035,ALTERNATIVE_PAYMENT,ALTERNATIVE_PAYMENT,1,12000.02,PAYMENT_FAILURE,PAYMENT_LIMIT,12000.02,1,ALTERNATIVE_PAYMENT,1,12000.02,True,0.0
EVT_00007372,ALTERNATIVE_PAYMENT,ALTERNATIVE_PAYMENT,1,3375.64,PAYMENT_FAILURE,EXPIRED_PAYMENT_METHOD,3375.64,3,ALTERNATIVE_PAYMENT,1,3375.64,True,0.0
EVT_00001035,RECOVERY_REMINDER,RECOVERY_REMINDER,1,529.43,CHECKOUT_ABANDONMENT,,529.43,0,RETRY_LATER,1,529.43,False,0.0
EVT_00009429,ALTERNATIVE_PAYMENT,ALTERNATIVE_PAYMENT,0,0.0,PAYMENT_FAILURE,ISSUER_DECLINE,6391.17,2,RETRY_LATER,0,0.0,False,0.0
EVT_00007845,RECOVERY_REMINDER,RECOVERY_REMINDER,1,4743.14,CHECKOUT_ABANDONMENT,,4743.14,0,RETRY_LATER,1,4743.14,False,0.0
EVT_00005267,RECOVERY_REMINDER,RECOVERY_REMINDER,1,3716.67,CHECKOUT_ABANDONMENT,,3716.67,0,RETRY_LATER,1,3716.67,False,0.0
EVT_00000399,RECOVERY_REMINDER,RECOVERY_REMINDER,1,3885.6,CHECKOUT_ABANDONMENT,,3885.6,0,RETRY_LATER,1,3885.6,False,0.0
EVT_00009928,ALTERNATIVE_PAYMENT,ALTERNATIVE_PAYMENT,0,0.0,PAYMENT_FAILURE,EXPIRED_PAYMENT_METHOD,7947.0,0,RETRY_LATER,1,7947.0,False,7947.0
EVT_00009962,RECOVERY_REMINDER,RECOVERY_REMINDER,1,3661.72,SUBSCRIPTION_FAILURE,,3661.72,0,RETRY_LATER,1,3661.72,False,0.0
EVT_00003388,RECOVERY_REMINDER,RECOVERY_REMINDER,0,0.0,CHECKOUT_ABANDONMENT,,9290.19,0,RETRY_LATER,1,9290.19,False,9290.19
EVT_00003136,ALTERNATIVE_PAYMENT,ALTERNATIVE_PAYMENT,0,0.0,PAYMENT_FAILURE,TIMEOUT,3932.33,1,HUMAN_ESCALATION,1,3932.33,False,3932.33
EVT_00005412,RECOVERY_REMINDER,RECOVERY_REMINDER,1,1875.16,CHECKOUT_ABANDONMENT,,1875.16,0,RETRY_LATER,1,1875.16,False,0.0
EVT_00007473,RECOVERY_REMINDER,RECOVERY_REMINDER,0,0.0,CHECKOUT_ABANDONMENT,,1148.19,0,ALTERNATIVE_PAYMENT,1,1148.19,False,1148.19
EVT_00005391,RECOVERY_REMINDER,RECOVERY_REMINDER,0,0.0,SUBSCRIPTION_FAILURE,,842.41,0,RETRY_LATER,0,0.0,False,0.0
EVT_00000254,ALTERNATIVE_PAYMENT,ALTERNATIVE_PAYMENT,1,1302.17,PAYMENT_FAILURE,ISSUER_DECLINE,1302.17,3,ALTERNATIVE_PAYMENT,1,1302.17,True,0.0
EVT_00009450,ALTERNATIVE_PAYMENT,ALTERNATIVE_PAYMENT,0,0.0,PAYMENT_FAILURE,TIMEOUT,4103.08,1,RECOVERY_REMINDER,1,4103.08,False,4103.08
EVT_00004539,RECOVERY_REMINDER,RECOVERY_REMINDER,1,10613.54,CHECKOUT_ABANDONMENT,,10613.54,0,RETRY_LATER,1,10613.54,False,0.0
EVT_00004634,ALTERNATIVE_PAYMENT,ALTERNATIVE_PAYMENT,1,1727.11,SUBSCRIPTION_FAILURE,,1727.11,0,RETRY_LATER,1,1727.11,False,0.0
EVT_00001910,RECOVERY_REMINDER,RECOVERY_REMINDER,1,18307.96,CHECKOUT_ABANDONMENT,,18307.96,0,RETRY_LATER,1,18307.96,False,0.0
EVT_00001529,RECOVERY_REMINDER,RECOVERY_REMINDER,1,14700.02,CHECKOUT_ABANDONMENT,,14700.02,0,RETRY_LATER,1,14700.02,False,0.0
EVT_00007752,RECOVERY_REMINDER,RECOVERY_REMINDER,0,0.0,PAYMENT_FAILURE,ISSUER_DECLINE,18152.8,1,ALTERNATIVE_PAYMENT,1,18152.8,False,18152.8
EVT_00002150,RECOVERY_REMINDER,RECOVERY_REMINDER,1,52028.64,PAYMENT_FAILURE,TIMEOUT,52028.64,2,RETRY_LATER,1,52028.64,False,0.0
EVT_00000698,ALTERNATIVE_PAYMENT,ALTERNATIVE_PAYMENT,0,0.0,PAYMENT_FAILURE,INSUFFICIENT_BALANCE,36193.4,1,RECOVERY_REMINDER,1,36193.4,False,36193.4
EVT_00008498,ALTERNATIVE_PAYMENT,ALTERNATIVE_PAYMENT,0,0.0,PAYMENT_FAILURE,ISSUER_DECLINE,20599.36,0,RETRY_LATER,1,20599.36,False,20599.36
EVT_00002450,RECOVERY_REMINDER,RECOVERY_REMINDER,1,3295.16,CHECKOUT_ABANDONMENT,,3295.16,0,ALTERNATIVE_PAYMENT,1,3295.16,False,0.0
EVT_00006886,RECOVERY_REMINDER,RECOVERY_REMINDER,0,0.0,SUBSCRIPTION_FAILURE,,2455.09,0,HUMAN_ESCALATION,1,2455.09,False,2455.09
EVT_00003004,ALTERNATIVE_PAYMENT,ALTERNATIVE_PAYMENT,0,0.0,PAYMENT_FAILURE,NETWORK_ERROR,617.88,0,RETRY_LATER,1,617.88,False,617.88
EVT_00001100,ALTERNATIVE_PAYMENT,ALTERNATIVE_PAYMENT,0,0.0,PAYMENT_FAILURE,ISSUER_DECLINE,6593.31,3,RETRY_LATER,0,0.0,False,0.0
EVT_00008462,ALTERNATIVE_PAYMENT,ALTERNATIVE_PAYMENT,1,4354.89,PAYMENT_FAILURE,ISSUER_DECLINE,4354.89,3,ALTERNATIVE_PAYMENT,1,4354.89,True,0.0
EVT_00005604,RECOVERY_REMINDER,RECOVERY_REMINDER,1,4404.23,CHECKOUT_ABANDONMENT,,4404.23,0,RETRY_LATER,1,4404.23,False,0.0
EVT_00003869,RECOVERY_REMINDER,RECOVERY_REMINDER,0,0.0,PAYMENT_FAILURE,ISSUER_DECLINE,27035.33,2,ALTERNATIVE_PAYMENT,1,27035.33,False,27035.33
EVT_00003602,ALTERNATIVE_PAYMENT,ALTERNATIVE_PAYMENT,0,0.0,PAYMENT_FAILURE,TIMEOUT,14112.9,0,RETRY_LATER,1,14112.9,False,14112.9
EVT_00002499,RECOVERY_REMINDER,RECOVERY_REMINDER,1,12937.09,CHECKOUT_ABANDONMENT,,12937.09,0,RECOVERY_REMINDER,1,12937.09,True,0.0
EVT_00003109,ALTERNATIVE_PAYMENT,ALTERNATIVE_PAYMENT,1,4022.23,SUBSCRIPTION_FAILURE,,4022.23,0,RETRY_LATER,1,4022.23,False,0.0
EVT_00006314,ALTERNATIVE_PAYMENT,ALTERNATIVE_PAYMENT,0,0.0,PAYMENT_FAILURE,ISSUER_DECLINE,1552.81,3,RETRY_LATER,0,0.0,False,0.0
EVT_00004235,RECOVERY_REMINDER,RECOVERY_REMINDER,0,0.0,CHECKOUT_ABANDONMENT,,3754.02,0,ALTERNATIVE_PAYMENT,1,3754.02,False,3754.02
EVT_00004659,ALTERNATIVE_PAYMENT,ALTERNATIVE_PAYMENT,1,8096.14,PAYMENT_FAILURE,PAYMENT_LIMIT,8096.14,1,ALTERNATIVE_PAYMENT,1,8096.14,True,0.0
EVT_00001798,RECOVERY_REMINDER,RECOVERY_REMINDER,0,0.0,SUBSCRIPTION_FAILURE,,3863.27,0,RETRY_LATER,1,3863.27,False,3863.27
EVT_00001542,RECOVERY_REMINDER,RECOVERY_REMINDER,1,34275.18,CHECKOUT_ABANDONMENT,,34275.18,0,RETRY_LATER,1,34275.18,False,0.0
EVT_00007312,RECOVERY_REMINDER,RECOVERY_REMINDER,0,0.0,SUBSCRIPTION_FAILURE,,4891.04,0,RETRY_LATER,1,4891.04,False,4891.04
EVT_00005695,RECOVERY_REMINDER,RECOVERY_REMINDER,1,6517.36,CHECKOUT_ABANDONMENT,,6517.36,0,RETRY_LATER,1,6517.36,False,0.0
EVT_00009863,ALTERNATIVE_PAYMENT,ALTERNATIVE_PAYMENT,1,6347.36,PAYMENT_FAILURE,PAYMENT_LIMIT,6347.36,3,ALTERNATIVE_PAYMENT,1,6347.36,True,0.0
EVT_00000739,ALTERNATIVE_PAYMENT,ALTERNATIVE_PAYMENT,1,1492.09,PAYMENT_FAILURE,EXPIRED_PAYMENT_METHOD,1492.09,2,ALTERNATIVE_PAYMENT,1,1492.09,True,0.0
EVT_00007760,ALTERNATIVE_PAYMENT,ALTERNATIVE_PAYMENT,1,16298.1,PAYMENT_FAILURE,EXPIRED_PAYMENT_METHOD,16298.1,3,ALTERNATIVE_PAYMENT,1,16298.1,True,0.0
EVT_00001165,ALTERNATIVE_PAYMENT,ALTERNATIVE_PAYMENT,0,0.0,SUBSCRIPTION_FAILURE,,8590.33,0,RETRY_LATER,0,0.0,False,0.0
EVT_00003690,RECOVERY_REMINDER,RECOVERY_REMINDER,1,3189.78,CHECKOUT_ABANDONMENT,,3189.78,0,RETRY_LATER,1,3189.78,False,0.0
EVT_00009254,ALTERNATIVE_PAYMENT,ALTERNATIVE_PAYMENT,0,0.0,PAYMENT_FAILURE,INSUFFICIENT_BALANCE,4554.91,1,RETRY_LATER,0,0.0,False,0.0
EVT_00004155,ALTERNATIVE_PAYMENT,ALTERNATIVE_PAYMENT,0,0.0,PAYMENT_FAILURE,TIMEOUT,6742.12,0,RETRY_LATER,0,0.0,False,0.0
EVT_00006630,ALTERNATIVE_PAYMENT,ALTERNATIVE_PAYMENT,0,0.0,PAYMENT_FAILURE,PAYMENT_LIMIT,4102.03,0,RETRY_LATER,1,4102.03,False,4102.03
EVT_00006692,ALTERNATIVE_PAYMENT,ALTERNATIVE_PAYMENT,0,0.0,PAYMENT_FAILURE,ISSUER_DECLINE,5197.65,2,RETRY_LATER,0,0.0,False,0.0
EVT_00008886,ALTERNATIVE_PAYMENT,ALTERNATIVE_PAYMENT,0,0.0,PAYMENT_FAILURE,NETWORK_ERROR,2888.9,1,RETRY_LATER,0,0.0,False,0.0
EVT_00001652,ALTERNATIVE_PAYMENT,ALTERNATIVE_PAYMENT,1,10712.75,PAYMENT_FAILURE,INSUFFICIENT_BALANCE,10712.75,0,ALTERNATIVE_PAYMENT,1,10712.75,True,0.0
EVT_00000215,ALTERNATIVE_PAYMENT,ALTERNATIVE_PAYMENT,1,8106.52,PAYMENT_FAILURE,PAYMENT_LIMIT,8106.52,3,ALTERNATIVE_PAYMENT,1,8106.52,True,0.0
EVT_00003936,RECOVERY_REMINDER,RECOVERY_REMINDER,1,14618.31,CHECKOUT_ABANDONMENT,,14618.31,0,RETRY_LATER,1,14618.31,False,0.0
EVT_00008594,RECOVERY_REMINDER,RECOVERY_REMINDER,0,0.0,PAYMENT_FAILURE,INSUFFICIENT_BALANCE,983.97,2,RETRY_LATER,0,0.0,False,0.0
EVT_00004125,ALTERNATIVE_PAYMENT,ALTERNATIVE_PAYMENT,0,0.0,SUBSCRIPTION_FAILURE,,13554.49,0,RETRY_LATER,1,13554.49,False,13554.49
EVT_00000983,ALTERNATIVE_PAYMENT,ALTERNATIVE_PAYMENT,0,0.0,PAYMENT_FAILURE,TIMEOUT,1565.45,1,HUMAN_ESCALATION,1,1565.45,False,1565.45
EVT_00005897,ALTERNATIVE_PAYMENT,ALTERNATIVE_PAYMENT,0,0.0,PAYMENT_FAILURE,INSUFFICIENT_BALANCE,2999.11,2,RETRY_LATER,0,0.0,False,0.0
EVT_00006351,ALTERNATIVE_PAYMENT,ALTERNATIVE_PAYMENT,1,6924.8,PAYMENT_FAILURE,ISSUER_DECLINE,6924.8,0,ALTERNATIVE_PAYMENT,1,6924.8,True,0.0
EVT_00005896,RECOVERY_REMINDER,RECOVERY_REMINDER,0,0.0,CHECKOUT_ABANDONMENT,,5135.34,0,ALTERNATIVE_PAYMENT,1,5135.34,False,5135.34
EVT_00002398,ALTERNATIVE_PAYMENT,ALTERNATIVE_PAYMENT,1,5596.72,PAYMENT_FAILURE,TIMEOUT,5596.72,1,RETRY_LATER,1,5596.72,False,0.0
EVT_00005264,RECOVERY_REMINDER,RECOVERY_REMINDER,1,8537.8,CHECKOUT_ABANDONMENT,,8537.8,0,RETRY_LATER,1,8537.8,False,0.0
EVT_00008095,RECOVERY_REMINDER,RECOVERY_REMINDER,0,0.0,PAYMENT_FAILURE,NETWORK_ERROR,4670.65,2,ALTERNATIVE_PAYMENT,1,4670.65,False,4670.65
EVT_00005823,RETRY_LATER,RETRY_LATER,1,5705.42,PAYMENT_FAILURE,TIMEOUT,5705.42,0,RETRY_LATER,1,5705.42,True,0.0
EVT_00006915,ALTERNATIVE_PAYMENT,ALTERNATIVE_PAYMENT,0,0.0,PAYMENT_FAILURE,EXPIRED_PAYMENT_METHOD,1229.26,3,HUMAN_ESCALATION,1,1229.26,False,1229.26
EVT_00004707,ALTERNATIVE_PAYMENT,ALTERNATIVE_PAYMENT,1,5451.41,PAYMENT_FAILURE,INSUFFICIENT_BALANCE,5451.41,0,RETRY_LATER,1,5451.41,False,0.0
EVT_00008355,ALTERNATIVE_PAYMENT,ALTERNATIVE_PAYMENT,1,15160.0,PAYMENT_FAILURE,TIMEOUT,15160.0,2,RETRY_LATER,1,15160.0,False,0.0
EVT_00002871,ALTERNATIVE_PAYMENT,ALTERNATIVE_PAYMENT,1,3360.17,PAYMENT_FAILURE,INSUFFICIENT_BALANCE,3360.17,1,ALTERNATIVE_PAYMENT,1,3360.17,True,0.0
EVT_00007204,ALTERNATIVE_PAYMENT,ALTERNATIVE_PAYMENT,0,0.0,PAYMENT_FAILURE,PAYMENT_LIMIT,1729.43,2,RETRY_LATER,0,0.0,False,0.0
EVT_00006659,ALTERNATIVE_PAYMENT,ALTERNATIVE_PAYMENT,0,0.0,PAYMENT_FAILURE,ISSUER_DECLINE,8356.37,2,RETRY_LATER,0,0.0,False,0.0
EVT_00000847,RECOVERY_REMINDER,RECOVERY_REMINDER,1,24952.23,CHECKOUT_ABANDONMENT,,24952.23,0,ALTERNATIVE_PAYMENT,1,24952.23,False,0.0
EVT_00001456,ALTERNATIVE_PAYMENT,ALTERNATIVE_PAYMENT,0,0.0,PAYMENT_FAILURE,INSUFFICIENT_BALANCE,2403.93,3,RETRY_LATER,0,0.0,False,0.0
EVT_00002744,RECOVERY_REMINDER,RECOVERY_REMINDER,0,0.0,CHECKOUT_ABANDONMENT,,3152.0,0,RETRY_LATER,0,0.0,False,0.0
EVT_00005698,ALTERNATIVE_PAYMENT,ALTERNATIVE_PAYMENT,0,0.0,PAYMENT_FAILURE,EXPIRED_PAYMENT_METHOD,19560.34,3,RETRY_LATER,0,0.0,False,0.0
EVT_00003638,ALTERNATIVE_PAYMENT,ALTERNATIVE_PAYMENT,0,0.0,PAYMENT_FAILURE,EXPIRED_PAYMENT_METHOD,1784.73,3,RETRY_LATER,0,0.0,False,0.0
EVT_00006650,ALTERNATIVE_PAYMENT,ALTERNATIVE_PAYMENT,0,0.0,PAYMENT_FAILURE,PAYMENT_LIMIT,2157.8,2,RETRY_LATER,0,0.0,False,0.0
EVT_00002798,RECOVERY_REMINDER,RECOVERY_REMINDER,1,3186.35,CHECKOUT_ABANDONMENT,,3186.35,0,RETRY_LATER,1,3186.35,False,0.0
EVT_00002537,RECOVERY_REMINDER,RECOVERY_REMINDER,1,416.98,SUBSCRIPTION_FAILURE,,416.98,0,RECOVERY_REMINDER,1,416.98,True,0.0
EVT_00008370,ALTERNATIVE_PAYMENT,ALTERNATIVE_PAYMENT,1,1635.1,PAYMENT_FAILURE,INSUFFICIENT_BALANCE,1635.1,3,ALTERNATIVE_PAYMENT,1,1635.1,True,0.0
EVT_00000082,ALTERNATIVE_PAYMENT,ALTERNATIVE_PAYMENT,1,22272.71,PAYMENT_FAILURE,PAYMENT_LIMIT,22272.71,3,ALTERNATIVE_PAYMENT,1,22272.71,True,0.0
EVT_00009921,RECOVERY_REMINDER,RECOVERY_REMINDER,1,3204.58,CHECKOUT_ABANDONMENT,,3204.58,0,RETRY_LATER,1,3204.58,False,0.0
EVT_00000830,ALTERNATIVE_PAYMENT,ALTERNATIVE_PAYMENT,1,7518.66,PAYMENT_FAILURE,TIMEOUT,7518.66,0,RETRY_LATER,1,7518.66,False,0.0
EVT_00009739,RECOVERY_REMINDER,RECOVERY_REMINDER,1,6404.11,CHECKOUT_ABANDONMENT,,6404.11,0,RETRY_LATER,1,6404.11,False,0.0
EVT_00008286,ALTERNATIVE_PAYMENT,ALTERNATIVE_PAYMENT,0,0.0,PAYMENT_FAILURE,TIMEOUT,15675.35,2,RETRY_LATER,1,15675.35,False,15675.35
EVT_00006698,RECOVERY_REMINDER,RECOVERY_REMINDER,0,0.0,PAYMENT_FAILURE,TIMEOUT,7413.28,2,RETRY_LATER,1,7413.28,False,7413.28
EVT_00004142,RECOVERY_REMINDER,RECOVERY_REMINDER,1,9524.93,SUBSCRIPTION_FAILURE,,9524.93,0,ALTERNATIVE_PAYMENT,1,9524.93,False,0.0
EVT_00003462,RECOVERY_REMINDER,RECOVERY_REMINDER,1,9734.54,SUBSCRIPTION_FAILURE,,9734.54,0,RECOVERY_REMINDER,1,9734.54,True,0.0
EVT_00005077,ALTERNATIVE_PAYMENT,ALTERNATIVE_PAYMENT,0,0.0,PAYMENT_FAILURE,ISSUER_DECLINE,5797.34,3,RETRY_LATER,0,0.0,False,0.0
EVT_00009073,ALTERNATIVE_PAYMENT,ALTERNATIVE_PAYMENT,1,5040.91,PAYMENT_FAILURE,BANK_TECHNICAL_ERROR,5040.91,1,ALTERNATIVE_PAYMENT,1,5040.91,True,0.0
EVT_00004747,RECOVERY_REMINDER,RECOVERY_REMINDER,1,4882.0,CHECKOUT_ABANDONMENT,,4882.0,0,RETRY_LATER,1,4882.0,False,0.0
EVT_00006525,ALTERNATIVE_PAYMENT,ALTERNATIVE_PAYMENT,1,6313.9,PAYMENT_FAILURE,EXPIRED_PAYMENT_METHOD,6313.9,0,RETRY_LATER,1,6313.9,False,0.0
EVT_00007085,ALTERNATIVE_PAYMENT,ALTERNATIVE_PAYMENT,0,0.0,PAYMENT_FAILURE,PAYMENT_LIMIT,3134.96,0,RETRY_LATER,0,0.0,False,0.0
EVT_00003285,ALTERNATIVE_PAYMENT,ALTERNATIVE_PAYMENT,0,0.0,SUBSCRIPTION_FAILURE,,6083.08,0,RECOVERY_REMINDER,1,6083.08,False,6083.08
EVT_00006551,ALTERNATIVE_PAYMENT,ALTERNATIVE_PAYMENT,0,0.0,PAYMENT_FAILURE,NETWORK_ERROR,2096.61,1,RETRY_LATER,0,0.0,False,0.0
EVT_00009797,ALTERNATIVE_PAYMENT,ALTERNATIVE_PAYMENT,1,3212.11,PAYMENT_FAILURE,TIMEOUT,3212.11,0,RETRY_LATER,1,3212.11,False,0.0
EVT_00002530,ALTERNATIVE_PAYMENT,ALTERNATIVE_PAYMENT,1,10187.94,PAYMENT_FAILURE,BANK_TECHNICAL_ERROR,10187.94,2,RETRY_LATER,1,10187.94,False,0.0
EVT_00002760,ALTERNATIVE_PAYMENT,ALTERNATIVE_PAYMENT,0,0.0,PAYMENT_FAILURE,NETWORK_ERROR,2253.99,2,RETRY_LATER,0,0.0,False,0.0
EVT_00001861,ALTERNATIVE_PAYMENT,ALTERNATIVE_PAYMENT,0,0.0,PAYMENT_FAILURE,ISSUER_DECLINE,3692.34,3,RETRY_LATER,0,0.0,False,0.0
EVT_00005528,RECOVERY_REMINDER,RECOVERY_REMINDER,1,2191.33,CHECKOUT_ABANDONMENT,,2191.33,0,RETRY_LATER,1,2191.33,False,0.0
EVT_00000353,RECOVERY_REMINDER,RECOVERY_REMINDER,1,5508.83,CHECKOUT_ABANDONMENT,,5508.83,0,RETRY_LATER,1,5508.83,False,0.0
EVT_00005167,RECOVERY_REMINDER,RECOVERY_REMINDER,0,0.0,SUBSCRIPTION_FAILURE,,5293.9,0,ALTERNATIVE_PAYMENT,1,5293.9,False,5293.9
EVT_00002254,ALTERNATIVE_PAYMENT,ALTERNATIVE_PAYMENT,0,0.0,PAYMENT_FAILURE,EXPIRED_PAYMENT_METHOD,9698.48,0,RECOVERY_REMINDER,1,9698.48,False,9698.48
EVT_00007858,ALTERNATIVE_PAYMENT,ALTERNATIVE_PAYMENT,0,0.0,PAYMENT_FAILURE,BANK_TECHNICAL_ERROR,4616.12,0,RETRY_LATER,1,4616.12,False,4616.12
EVT_00007676,RECOVERY_REMINDER,RECOVERY_REMINDER,0,0.0,CHECKOUT_ABANDONMENT,,2970.59,0,RETRY_LATER,1,2970.59,False,2970.59
EVT_00009900,RECOVERY_REMINDER,RECOVERY_REMINDER,0,0.0,PAYMENT_FAILURE,INSUFFICIENT_BALANCE,3874.53,2,RETRY_LATER,0,0.0,False,0.0
EVT_00006896,RECOVERY_REMINDER,RECOVERY_REMINDER,1,21743.99,CHECKOUT_ABANDONMENT,,21743.99,0,RETRY_LATER,1,21743.99,False,0.0
EVT_00008456,ALTERNATIVE_PAYMENT,ALTERNATIVE_PAYMENT,0,0.0,PAYMENT_FAILURE,BANK_TECHNICAL_ERROR,2934.93,3,HUMAN_ESCALATION,1,2934.93,False,2934.93
EVT_00005038,ALTERNATIVE_PAYMENT,ALTERNATIVE_PAYMENT,0,0.0,PAYMENT_FAILURE,ISSUER_DECLINE,4266.21,3,RETRY_LATER,0,0.0,False,0.0
EVT_00008167,ALTERNATIVE_PAYMENT,ALTERNATIVE_PAYMENT,1,14023.17,PAYMENT_FAILURE,BANK_TECHNICAL_ERROR,14023.17,0,RETRY_LATER,1,14023.17,False,0.0
EVT_00007635,ALTERNATIVE_PAYMENT,ALTERNATIVE_PAYMENT,0,0.0,PAYMENT_FAILURE,ISSUER_DECLINE,10974.53,3,RETRY_LATER,0,0.0,False,0.0
EVT_00005436,ALTERNATIVE_PAYMENT,ALTERNATIVE_PAYMENT,1,4466.18,PAYMENT_FAILURE,EXPIRED_PAYMENT_METHOD,4466.18,0,ALTERNATIVE_PAYMENT,1,4466.18,True,0.0
EVT_00002756,ALTERNATIVE_PAYMENT,ALTERNATIVE_PAYMENT,1,4341.03,SUBSCRIPTION_FAILURE,,4341.03,0,RETRY_LATER,1,4341.03,False,0.0
EVT_00004594,ALTERNATIVE_PAYMENT,ALTERNATIVE_PAYMENT,0,0.0,PAYMENT_FAILURE,ISSUER_DECLINE,7472.44,2,RECOVERY_REMINDER,1,7472.44,False,7472.44
EVT_00008396,ALTERNATIVE_PAYMENT,ALTERNATIVE_PAYMENT,0,0.0,PAYMENT_FAILURE,ISSUER_DECLINE,10609.16,0,RECOVERY_REMINDER,1,10609.16,False,10609.16
EVT_00001730,RECOVERY_REMINDER,RECOVERY_REMINDER,1,824.85,CHECKOUT_ABANDONMENT,,824.85,0,RETRY_LATER,1,824.85,False,0.0
EVT_00007000,RECOVERY_REMINDER,RECOVERY_REMINDER,1,3186.09,CHECKOUT_ABANDONMENT,,3186.09,0,ALTERNATIVE_PAYMENT,1,3186.09,False,0.0
EVT_00006141,ALTERNATIVE_PAYMENT,ALTERNATIVE_PAYMENT,1,8075.47,PAYMENT_FAILURE,ISSUER_DECLINE,8075.47,3,ALTERNATIVE_PAYMENT,1,8075.47,True,0.0
EVT_00009154,ALTERNATIVE_PAYMENT,ALTERNATIVE_PAYMENT,0,0.0,PAYMENT_FAILURE,NETWORK_ERROR,26474.5,0,RETRY_LATER,1,26474.5,False,26474.5
EVT_00005712,ALTERNATIVE_PAYMENT,ALTERNATIVE_PAYMENT,0,0.0,PAYMENT_FAILURE,TIMEOUT,5501.17,0,RETRY_LATER,1,5501.17,False,5501.17
EVT_00007176,ALTERNATIVE_PAYMENT,ALTERNATIVE_PAYMENT,0,0.0,PAYMENT_FAILURE,NETWORK_ERROR,4319.4,3,RETRY_LATER,0,0.0,False,0.0
EVT_00002930,ALTERNATIVE_PAYMENT,ALTERNATIVE_PAYMENT,0,0.0,PAYMENT_FAILURE,ISSUER_DECLINE,6137.69,2,RETRY_LATER,0,0.0,False,0.0
EVT_00009520,ALTERNATIVE_PAYMENT,ALTERNATIVE_PAYMENT,0,0.0,PAYMENT_FAILURE,TIMEOUT,5805.53,3,HUMAN_ESCALATION,1,5805.53,False,5805.53
EVT_00000455,RECOVERY_REMINDER,RECOVERY_REMINDER,0,0.0,SUBSCRIPTION_FAILURE,,7282.38,0,RETRY_LATER,0,0.0,False,0.0
EVT_00005610,ALTERNATIVE_PAYMENT,ALTERNATIVE_PAYMENT,0,0.0,SUBSCRIPTION_FAILURE,,2835.32,0,RETRY_LATER,0,0.0,False,0.0
EVT_00008806,ALTERNATIVE_PAYMENT,ALTERNATIVE_PAYMENT,0,0.0,PAYMENT_FAILURE,PAYMENT_LIMIT,5025.43,2,RECOVERY_REMINDER,1,5025.43,False,5025.43
EVT_00006465,ALTERNATIVE_PAYMENT,ALTERNATIVE_PAYMENT,0,0.0,PAYMENT_FAILURE,TIMEOUT,27975.18,3,HUMAN_ESCALATION,1,27975.18,False,27975.18
EVT_00002526,ALTERNATIVE_PAYMENT,ALTERNATIVE_PAYMENT,0,0.0,PAYMENT_FAILURE,NETWORK_ERROR,7021.81,3,RETRY_LATER,0,0.0,False,0.0
EVT_00000408,RECOVERY_REMINDER,RECOVERY_REMINDER,1,3083.8,SUBSCRIPTION_FAILURE,,3083.8,0,RECOVERY_REMINDER,1,3083.8,True,0.0
EVT_00005540,ALTERNATIVE_PAYMENT,ALTERNATIVE_PAYMENT,0,0.0,PAYMENT_FAILURE,BANK_TECHNICAL_ERROR,395.91,1,RETRY_LATER,0,0.0,False,0.0
EVT_00002333,ALTERNATIVE_PAYMENT,ALTERNATIVE_PAYMENT,0,0.0,PAYMENT_FAILURE,TIMEOUT,1575.38,3,HUMAN_ESCALATION,1,1575.38,False,1575.38
EVT_00004131,RECOVERY_REMINDER,RECOVERY_REMINDER,0,0.0,SUBSCRIPTION_FAILURE,,6677.38,0,RETRY_LATER,0,0.0,False,0.0
EVT_00006962,ALTERNATIVE_PAYMENT,ALTERNATIVE_PAYMENT,0,0.0,PAYMENT_FAILURE,PAYMENT_LIMIT,6134.94,1,RETRY_LATER,0,0.0,False,0.0
EVT_00009483,ALTERNATIVE_PAYMENT,ALTERNATIVE_PAYMENT,0,0.0,PAYMENT_FAILURE,INSUFFICIENT_BALANCE,788.41,1,RECOVERY_REMINDER,1,788.41,False,788.41
EVT_00009563,RECOVERY_REMINDER,RECOVERY_REMINDER,0,0.0,CHECKOUT_ABANDONMENT,,21356.51,0,RETRY_LATER,1,21356.51,False,21356.51
EVT_00001451,ALTERNATIVE_PAYMENT,ALTERNATIVE_PAYMENT,1,8820.51,PAYMENT_FAILURE,BANK_TECHNICAL_ERROR,8820.51,0,RETRY_LATER,1,8820.51,False,0.0
EVT_00002023,RECOVERY_REMINDER,RECOVERY_REMINDER,0,0.0,CHECKOUT_ABANDONMENT,,2434.85,0,RETRY_LATER,1,2434.85,False,2434.85
EVT_00004153,RECOVERY_REMINDER,RECOVERY_REMINDER,1,1316.58,CHECKOUT_ABANDONMENT,,1316.58,0,ALTERNATIVE_PAYMENT,1,1316.58,False,0.0
EVT_00007133,ALTERNATIVE_PAYMENT,ALTERNATIVE_PAYMENT,1,747.88,PAYMENT_FAILURE,BANK_TECHNICAL_ERROR,747.88,0,ALTERNATIVE_PAYMENT,1,747.88,True,0.0
EVT_00005799,ALTERNATIVE_PAYMENT,ALTERNATIVE_PAYMENT,1,8958.92,PAYMENT_FAILURE,ISSUER_DECLINE,8958.92,1,ALTERNATIVE_PAYMENT,1,8958.92,True,0.0
EVT_00006714,RECOVERY_REMINDER,RECOVERY_REMINDER,0,0.0,SUBSCRIPTION_FAILURE,,1262.8,0,RETRY_LATER,0,0.0,False,0.0
EVT_00008676,RECOVERY_REMINDER,RECOVERY_REMINDER,1,3884.47,CHECKOUT_ABANDONMENT,,3884.47,0,ALTERNATIVE_PAYMENT,1,3884.47,False,0.0
EVT_00006134,RECOVERY_REMINDER,RECOVERY_REMINDER,1,2578.65,CHECKOUT_ABANDONMENT,,2578.65,0,ALTERNATIVE_PAYMENT,1,2578.65,False,0.0
EVT_00006249,ALTERNATIVE_PAYMENT,ALTERNATIVE_PAYMENT,0,0.0,PAYMENT_FAILURE,INSUFFICIENT_BALANCE,1292.07,2,RETRY_LATER,0,0.0,False,0.0
EVT_00006230,ALTERNATIVE_PAYMENT,ALTERNATIVE_PAYMENT,1,17376.01,PAYMENT_FAILURE,NETWORK_ERROR,17376.01,0,RETRY_LATER,1,17376.01,False,0.0
EVT_00000885,RECOVERY_REMINDER,RECOVERY_REMINDER,0,0.0,SUBSCRIPTION_FAILURE,,10156.77,0,RETRY_LATER,1,10156.77,False,10156.77
EVT_00007405,ALTERNATIVE_PAYMENT,ALTERNATIVE_PAYMENT,1,6605.01,SUBSCRIPTION_FAILURE,,6605.01,0,RETRY_LATER,1,6605.01,False,0.0
EVT_00009218,ALTERNATIVE_PAYMENT,ALTERNATIVE_PAYMENT,0,0.0,PAYMENT_FAILURE,INSUFFICIENT_BALANCE,6130.44,1,RETRY_LATER,0,0.0,False,0.0
EVT_00007855,ALTERNATIVE_PAYMENT,ALTERNATIVE_PAYMENT,1,63401.22,PAYMENT_FAILURE,ISSUER_DECLINE,63401.22,3,ALTERNATIVE_PAYMENT,1,63401.22,True,0.0
EVT_00006769,ALTERNATIVE_PAYMENT,ALTERNATIVE_PAYMENT,1,2529.95,PAYMENT_FAILURE,EXPIRED_PAYMENT_METHOD,2529.95,0,ALTERNATIVE_PAYMENT,1,2529.95,True,0.0
EVT_00003594,ALTERNATIVE_PAYMENT,ALTERNATIVE_PAYMENT,1,5015.81,PAYMENT_FAILURE,BANK_TECHNICAL_ERROR,5015.81,1,ALTERNATIVE_PAYMENT,1,5015.81,True,0.0
EVT_00006671,ALTERNATIVE_PAYMENT,ALTERNATIVE_PAYMENT,1,845.75,PAYMENT_FAILURE,NETWORK_ERROR,845.75,1,RETRY_LATER,1,845.75,False,0.0
EVT_00002194,ALTERNATIVE_PAYMENT,ALTERNATIVE_PAYMENT,1,6374.7,PAYMENT_FAILURE,EXPIRED_PAYMENT_METHOD,6374.7,0,RETRY_LATER,1,6374.7,False,0.0
EVT_00006361,ALTERNATIVE_PAYMENT,ALTERNATIVE_PAYMENT,0,0.0,PAYMENT_FAILURE,INSUFFICIENT_BALANCE,11176.98,3,RETRY_LATER,0,0.0,False,0.0
EVT_00003931,ALTERNATIVE_PAYMENT,ALTERNATIVE_PAYMENT,1,4374.64,PAYMENT_FAILURE,NETWORK_ERROR,4374.64,1,RETRY_LATER,1,4374.64,False,0.0
EVT_00001449,ALTERNATIVE_PAYMENT,ALTERNATIVE_PAYMENT,0,0.0,PAYMENT_FAILURE,NETWORK_ERROR,8480.0,0,RETRY_LATER,1,8480.0,False,8480.0
EVT_00003261,ALTERNATIVE_PAYMENT,ALTERNATIVE_PAYMENT,1,12563.06,SUBSCRIPTION_FAILURE,,12563.06,0,ALTERNATIVE_PAYMENT,1,12563.06,True,0.0
EVT_00008508,ALTERNATIVE_PAYMENT,ALTERNATIVE_PAYMENT,0,0.0,SUBSCRIPTION_FAILURE,,7848.21,0,RETRY_LATER,0,0.0,False,0.0
EVT_00000260,RECOVERY_REMINDER,RECOVERY_REMINDER,1,10690.16,PAYMENT_FAILURE,TIMEOUT,10690.16,0,RETRY_LATER,1,10690.16,False,0.0
EVT_00003801,ALTERNATIVE_PAYMENT,ALTERNATIVE_PAYMENT,0,0.0,PAYMENT_FAILURE,TIMEOUT,9332.6,0,RETRY_LATER,1,9332.6,False,9332.6
EVT_00001512,RECOVERY_REMINDER,RECOVERY_REMINDER,1,847.77,CHECKOUT_ABANDONMENT,,847.77,0,ALTERNATIVE_PAYMENT,1,847.77,False,0.0
EVT_00002477,ALTERNATIVE_PAYMENT,ALTERNATIVE_PAYMENT,0,0.0,PAYMENT_FAILURE,NETWORK_ERROR,11877.76,0,RETRY_LATER,1,11877.76,False,11877.76
EVT_00009704,ALTERNATIVE_PAYMENT,ALTERNATIVE_PAYMENT,0,0.0,PAYMENT_FAILURE,TIMEOUT,1821.48,2,RECOVERY_REMINDER,1,1821.48,False,1821.48
EVT_00002650,ALTERNATIVE_PAYMENT,ALTERNATIVE_PAYMENT,0,0.0,SUBSCRIPTION_FAILURE,,1842.21,0,RETRY_LATER,1,1842.21,False,1842.21
EVT_00004287,RECOVERY_REMINDER,RECOVERY_REMINDER,1,12285.78,CHECKOUT_ABANDONMENT,,12285.78,0,RETRY_LATER,1,12285.78,False,0.0
EVT_00007361,ALTERNATIVE_PAYMENT,ALTERNATIVE_PAYMENT,0,0.0,SUBSCRIPTION_FAILURE,,1799.45,0,RETRY_LATER,1,1799.45,False,1799.45
EVT_00008641,ALTERNATIVE_PAYMENT,ALTERNATIVE_PAYMENT,1,5291.36,SUBSCRIPTION_FAILURE,,5291.36,0,RETRY_LATER,1,5291.36,False,0.0
EVT_00000687,RECOVERY_REMINDER,RECOVERY_REMINDER,1,3792.0,CHECKOUT_ABANDONMENT,,3792.0,0,RETRY_LATER,1,3792.0,False,0.0
EVT_00007780,ALTERNATIVE_PAYMENT,ALTERNATIVE_PAYMENT,1,2120.79,PAYMENT_FAILURE,TIMEOUT,2120.79,1,ALTERNATIVE_PAYMENT,1,2120.79,True,0.0
EVT_00003089,RECOVERY_REMINDER,RECOVERY_REMINDER,1,29473.8,CHECKOUT_ABANDONMENT,,29473.8,0,RETRY_LATER,1,29473.8,False,0.0
EVT_00001041,RECOVERY_REMINDER,RECOVERY_REMINDER,1,6742.86,CHECKOUT_ABANDONMENT,,6742.86,0,RETRY_LATER,1,6742.86,False,0.0
EVT_00006313,ALTERNATIVE_PAYMENT,ALTERNATIVE_PAYMENT,0,0.0,PAYMENT_FAILURE,ISSUER_DECLINE,2119.3,1,RETRY_LATER,0,0.0,False,0.0
EVT_00009516,RECOVERY_REMINDER,RECOVERY_REMINDER,0,0.0,PAYMENT_FAILURE,TIMEOUT,19155.66,1,RETRY_LATER,1,19155.66,False,19155.66
EVT_00002982,ALTERNATIVE_PAYMENT,ALTERNATIVE_PAYMENT,1,14082.79,PAYMENT_FAILURE,BANK_TECHNICAL_ERROR,14082.79,0,RETRY_LATER,1,14082.79,False,0.0
EVT_00004546,ALTERNATIVE_PAYMENT,ALTERNATIVE_PAYMENT,0,0.0,PAYMENT_FAILURE,NETWORK_ERROR,7716.47,3,RETRY_LATER,0,0.0,False,0.0
EVT_00002717,ALTERNATIVE_PAYMENT,ALTERNATIVE_PAYMENT,1,5077.4,PAYMENT_FAILURE,ISSUER_DECLINE,5077.4,2,ALTERNATIVE_PAYMENT,1,5077.4,True,0.0
EVT_00004265,ALTERNATIVE_PAYMENT,ALTERNATIVE_PAYMENT,0,0.0,PAYMENT_FAILURE,ISSUER_DECLINE,6208.3,2,RETRY_LATER,0,0.0,False,0.0
EVT_00001056,ALTERNATIVE_PAYMENT,ALTERNATIVE_PAYMENT,1,8586.36,PAYMENT_FAILURE,ISSUER_DECLINE,8586.36,2,ALTERNATIVE_PAYMENT,1,8586.36,True,0.0
EVT_00009433,ALTERNATIVE_PAYMENT,ALTERNATIVE_PAYMENT,0,0.0,PAYMENT_FAILURE,ISSUER_DECLINE,1839.91,1,RECOVERY_REMINDER,1,1839.91,False,1839.91
EVT_00000233,ALTERNATIVE_PAYMENT,ALTERNATIVE_PAYMENT,1,7093.28,PAYMENT_FAILURE,INSUFFICIENT_BALANCE,7093.28,1,ALTERNATIVE_PAYMENT,1,7093.28,True,0.0
EVT_00005927,RECOVERY_REMINDER,RECOVERY_REMINDER,1,6014.87,CHECKOUT_ABANDONMENT,,6014.87,0,RETRY_LATER,1,6014.87,False,0.0
EVT_00001308,ALTERNATIVE_PAYMENT,ALTERNATIVE_PAYMENT,0,0.0,PAYMENT_FAILURE,NETWORK_ERROR,4498.87,2,RETRY_LATER,1,4498.87,False,4498.87
EVT_00006675,RECOVERY_REMINDER,RECOVERY_REMINDER,1,9894.87,CHECKOUT_ABANDONMENT,,9894.87,0,ALTERNATIVE_PAYMENT,1,9894.87,False,0.0
EVT_00004907,ALTERNATIVE_PAYMENT,ALTERNATIVE_PAYMENT,0,0.0,PAYMENT_FAILURE,ISSUER_DECLINE,5104.08,2,RETRY_LATER,0,0.0,False,0.0
EVT_00009466,RECOVERY_REMINDER,RECOVERY_REMINDER,1,8581.67,CHECKOUT_ABANDONMENT,,8581.67,0,RETRY_LATER,1,8581.67,False,0.0
EVT_00000794,ALTERNATIVE_PAYMENT,ALTERNATIVE_PAYMENT,0,0.0,PAYMENT_FAILURE,TIMEOUT,973.11,3,RETRY_LATER,0,0.0,False,0.0
EVT_00007735,RECOVERY_REMINDER,RECOVERY_REMINDER,1,1257.36,CHECKOUT_ABANDONMENT,,1257.36,0,RETRY_LATER,1,1257.36,False,0.0
EVT_00004005,ALTERNATIVE_PAYMENT,ALTERNATIVE_PAYMENT,0,0.0,PAYMENT_FAILURE,INSUFFICIENT_BALANCE,6215.19,2,RETRY_LATER,0,0.0,False,0.0
EVT_00000531,ALTERNATIVE_PAYMENT,ALTERNATIVE_PAYMENT,0,0.0,PAYMENT_FAILURE,ISSUER_DECLINE,24040.29,1,RETRY_LATER,0,0.0,False,0.0
EVT_00006117,ALTERNATIVE_PAYMENT,ALTERNATIVE_PAYMENT,1,12887.41,PAYMENT_FAILURE,INSUFFICIENT_BALANCE,12887.41,1,ALTERNATIVE_PAYMENT,1,12887.41,True,0.0
EVT_00001072,ALTERNATIVE_PAYMENT,ALTERNATIVE_PAYMENT,1,2316.88,SUBSCRIPTION_FAILURE,,2316.88,0,ALTERNATIVE_PAYMENT,1,2316.88,True,0.0
EVT_00002618,ALTERNATIVE_PAYMENT,ALTERNATIVE_PAYMENT,0,0.0,SUBSCRIPTION_FAILURE,,1754.29,0,RECOVERY_REMINDER,1,1754.29,False,1754.29
EVT_00005295,RECOVERY_REMINDER,RECOVERY_REMINDER,1,8302.96,SUBSCRIPTION_FAILURE,,8302.96,0,ALTERNATIVE_PAYMENT,1,8302.96,False,0.0
EVT_00009115,ALTERNATIVE_PAYMENT,ALTERNATIVE_PAYMENT,1,1388.99,PAYMENT_FAILURE,TIMEOUT,1388.99,2,RETRY_LATER,1,1388.99,False,0.0
EVT_00008713,ALTERNATIVE_PAYMENT,ALTERNATIVE_PAYMENT,1,1467.89,PAYMENT_FAILURE,TIMEOUT,1467.89,1,ALTERNATIVE_PAYMENT,1,1467.89,True,0.0
EVT_00001826,ALTERNATIVE_PAYMENT,ALTERNATIVE_PAYMENT,1,2852.36,PAYMENT_FAILURE,ISSUER_DECLINE,2852.36,0,ALTERNATIVE_PAYMENT,1,2852.36,True,0.0
EVT_00001487,ALTERNATIVE_PAYMENT,ALTERNATIVE_PAYMENT,1,1738.99,PAYMENT_FAILURE,ISSUER_DECLINE,1738.99,1,RETRY_LATER,1,1738.99,False,0.0
EVT_00008582,ALTERNATIVE_PAYMENT,ALTERNATIVE_PAYMENT,0,0.0,PAYMENT_FAILURE,EXPIRED_PAYMENT_METHOD,4634.26,0,RECOVERY_REMINDER,1,4634.26,False,4634.26
EVT_00009301,ALTERNATIVE_PAYMENT,ALTERNATIVE_PAYMENT,0,0.0,PAYMENT_FAILURE,INSUFFICIENT_BALANCE,4179.89,1,RETRY_LATER,0,0.0,False,0.0
EVT_00005358,ALTERNATIVE_PAYMENT,ALTERNATIVE_PAYMENT,1,1262.79,PAYMENT_FAILURE,ISSUER_DECLINE,1262.79,0,ALTERNATIVE_PAYMENT,1,1262.79,True,0.0
EVT_00005289,ALTERNATIVE_PAYMENT,ALTERNATIVE_PAYMENT,0,0.0,PAYMENT_FAILURE,TIMEOUT,8590.73,3,RETRY_LATER,0,0.0,False,0.0
EVT_00000457,ALTERNATIVE_PAYMENT,ALTERNATIVE_PAYMENT,0,0.0,PAYMENT_FAILURE,PAYMENT_LIMIT,1576.37,2,RETRY_LATER,0,0.0,False,0.0
EVT_00007003,RECOVERY_REMINDER,RECOVERY_REMINDER,1,2300.53,CHECKOUT_ABANDONMENT,,2300.53,0,RETRY_LATER,1,2300.53,False,0.0
EVT_00008182,RECOVERY_REMINDER,RECOVERY_REMINDER,1,2614.27,CHECKOUT_ABANDONMENT,,2614.27,0,ALTERNATIVE_PAYMENT,1,2614.27,False,0.0
EVT_00009933,ALTERNATIVE_PAYMENT,ALTERNATIVE_PAYMENT,0,0.0,PAYMENT_FAILURE,PAYMENT_LIMIT,1340.85,2,RETRY_LATER,0,0.0,False,0.0
EVT_00007466,ALTERNATIVE_PAYMENT,ALTERNATIVE_PAYMENT,1,597.52,SUBSCRIPTION_FAILURE,,597.52,0,ALTERNATIVE_PAYMENT,1,597.52,True,0.0
EVT_00008863,ALTERNATIVE_PAYMENT,ALTERNATIVE_PAYMENT,0,0.0,PAYMENT_FAILURE,PAYMENT_LIMIT,21373.93,1,RETRY_LATER,0,0.0,False,0.0
EVT_00006018,RECOVERY_REMINDER,RECOVERY_REMINDER,0,0.0,PAYMENT_FAILURE,INSUFFICIENT_BALANCE,13370.59,0,RETRY_LATER,1,13370.59,False,13370.59
EVT_00004146,ALTERNATIVE_PAYMENT,ALTERNATIVE_PAYMENT,0,0.0,PAYMENT_FAILURE,EXPIRED_PAYMENT_METHOD,1044.29,3,RETRY_LATER,0,0.0,False,0.0
EVT_00003836,RECOVERY_REMINDER,RECOVERY_REMINDER,0,0.0,SUBSCRIPTION_FAILURE,,17007.75,0,HUMAN_ESCALATION,1,17007.75,False,17007.75
EVT_00009025,ALTERNATIVE_PAYMENT,ALTERNATIVE_PAYMENT,0,0.0,PAYMENT_FAILURE,INSUFFICIENT_BALANCE,8990.93,0,RETRY_LATER,1,8990.93,False,8990.93
EVT_00003481,ALTERNATIVE_PAYMENT,ALTERNATIVE_PAYMENT,0,0.0,PAYMENT_FAILURE,ISSUER_DECLINE,1911.44,3,RETRY_LATER,0,0.0,False,0.0
EVT_00001384,RECOVERY_REMINDER,RECOVERY_REMINDER,1,6252.83,CHECKOUT_ABANDONMENT,,6252.83,0,RETRY_LATER,1,6252.83,False,0.0
EVT_00009555,ALTERNATIVE_PAYMENT,ALTERNATIVE_PAYMENT,0,0.0,PAYMENT_FAILURE,TIMEOUT,1185.51,3,RETRY_LATER,0,0.0,False,0.0
EVT_00000137,ALTERNATIVE_PAYMENT,ALTERNATIVE_PAYMENT,0,0.0,PAYMENT_FAILURE,INSUFFICIENT_BALANCE,4792.11,2,HUMAN_ESCALATION,1,4792.11,False,4792.11
EVT_00005457,ALTERNATIVE_PAYMENT,ALTERNATIVE_PAYMENT,1,3230.86,PAYMENT_FAILURE,PAYMENT_LIMIT,3230.86,3,ALTERNATIVE_PAYMENT,1,3230.86,True,0.0
EVT_00002701,RECOVERY_REMINDER,RECOVERY_REMINDER,1,3898.4,SUBSCRIPTION_FAILURE,,3898.4,0,ALTERNATIVE_PAYMENT,1,3898.4,False,0.0
EVT_00001957,ALTERNATIVE_PAYMENT,ALTERNATIVE_PAYMENT,0,0.0,SUBSCRIPTION_FAILURE,,2411.19,0,RETRY_LATER,1,2411.19,False,2411.19
EVT_00006471,ALTERNATIVE_PAYMENT,ALTERNATIVE_PAYMENT,0,0.0,PAYMENT_FAILURE,NETWORK_ERROR,1786.87,0,HUMAN_ESCALATION,1,1786.87,False,1786.87
EVT_00003069,ALTERNATIVE_PAYMENT,ALTERNATIVE_PAYMENT,1,6394.68,PAYMENT_FAILURE,TIMEOUT,6394.68,0,ALTERNATIVE_PAYMENT,1,6394.68,True,0.0
EVT_00006312,ALTERNATIVE_PAYMENT,ALTERNATIVE_PAYMENT,0,0.0,PAYMENT_FAILURE,INSUFFICIENT_BALANCE,5610.65,3,RETRY_LATER,0,0.0,False,0.0
EVT_00006437,RECOVERY_REMINDER,RECOVERY_REMINDER,1,13023.63,SUBSCRIPTION_FAILURE,,13023.63,0,RETRY_LATER,1,13023.63,False,0.0
EVT_00004358,ALTERNATIVE_PAYMENT,ALTERNATIVE_PAYMENT,1,17459.87,PAYMENT_FAILURE,PAYMENT_LIMIT,17459.87,2,ALTERNATIVE_PAYMENT,1,17459.87,True,0.0
EVT_00002808,RECOVERY_REMINDER,RECOVERY_REMINDER,0,0.0,SUBSCRIPTION_FAILURE,,11823.76,0,RETRY_LATER,0,0.0,False,0.0
EVT_00007274,ALTERNATIVE_PAYMENT,ALTERNATIVE_PAYMENT,1,944.95,PAYMENT_FAILURE,ISSUER_DECLINE,944.95,3,ALTERNATIVE_PAYMENT,1,944.95,True,0.0
EVT_00004349,RECOVERY_REMINDER,RECOVERY_REMINDER,1,3928.57,SUBSCRIPTION_FAILURE,,3928.57,0,RECOVERY_REMINDER,1,3928.57,True,0.0
EVT_00007548,RECOVERY_REMINDER,RECOVERY_REMINDER,1,3981.12,CHECKOUT_ABANDONMENT,,3981.12,0,RETRY_LATER,1,3981.12,False,0.0
EVT_00008968,ALTERNATIVE_PAYMENT,ALTERNATIVE_PAYMENT,1,586.17,PAYMENT_FAILURE,INSUFFICIENT_BALANCE,586.17,1,ALTERNATIVE_PAYMENT,1,586.17,True,0.0
EVT_00004181,ALTERNATIVE_PAYMENT,ALTERNATIVE_PAYMENT,1,15041.07,PAYMENT_FAILURE,PAYMENT_LIMIT,15041.07,1,RETRY_LATER,1,15041.07,False,0.0
EVT_00005565,ALTERNATIVE_PAYMENT,ALTERNATIVE_PAYMENT,0,0.0,PAYMENT_FAILURE,INSUFFICIENT_BALANCE,1953.18,3,RETRY_LATER,0,0.0,False,0.0
EVT_00001097,RECOVERY_REMINDER,RECOVERY_REMINDER,1,2652.59,CHECKOUT_ABANDONMENT,,2652.59,0,RETRY_LATER,1,2652.59,False,0.0
EVT_00003728,ALTERNATIVE_PAYMENT,ALTERNATIVE_PAYMENT,0,0.0,PAYMENT_FAILURE,ISSUER_DECLINE,13035.3,0,RETRY_LATER,0,0.0,False,0.0
EVT_00000785,RECOVERY_REMINDER,RECOVERY_REMINDER,1,1446.83,CHECKOUT_ABANDONMENT,,1446.83,0,RETRY_LATER,1,1446.83,False,0.0
EVT_00004630,ALTERNATIVE_PAYMENT,ALTERNATIVE_PAYMENT,1,1879.8,PAYMENT_FAILURE,EXPIRED_PAYMENT_METHOD,1879.8,0,ALTERNATIVE_PAYMENT,1,1879.8,True,0.0
EVT_00005488,ALTERNATIVE_PAYMENT,ALTERNATIVE_PAYMENT,0,0.0,PAYMENT_FAILURE,TIMEOUT,5960.15,1,RECOVERY_REMINDER,1,5960.15,False,5960.15
EVT_00007576,RECOVERY_REMINDER,RECOVERY_REMINDER,0,0.0,PAYMENT_FAILURE,BANK_TECHNICAL_ERROR,10406.26,1,RETRY_LATER,1,10406.26,False,10406.26
EVT_00001433,RECOVERY_REMINDER,RECOVERY_REMINDER,1,33523.53,PAYMENT_FAILURE,NETWORK_ERROR,33523.53,2,ALTERNATIVE_PAYMENT,1,33523.53,False,0.0
EVT_00004716,RECOVERY_REMINDER,RECOVERY_REMINDER,1,8759.69,CHECKOUT_ABANDONMENT,,8759.69,0,RETRY_LATER,1,8759.69,False,0.0
EVT_00009087,ALTERNATIVE_PAYMENT,ALTERNATIVE_PAYMENT,0,0.0,PAYMENT_FAILURE,EXPIRED_PAYMENT_METHOD,708.45,0,RETRY_LATER,1,708.45,False,708.45
EVT_00007807,RECOVERY_REMINDER,RECOVERY_REMINDER,0,0.0,CHECKOUT_ABANDONMENT,,1229.42,0,ALTERNATIVE_PAYMENT,1,1229.42,False,1229.42
EVT_00008730,ALTERNATIVE_PAYMENT,ALTERNATIVE_PAYMENT,1,4446.76,PAYMENT_FAILURE,INSUFFICIENT_BALANCE,4446.76,3,ALTERNATIVE_PAYMENT,1,4446.76,True,0.0
EVT_00002304,ALTERNATIVE_PAYMENT,ALTERNATIVE_PAYMENT,0,0.0,PAYMENT_FAILURE,TIMEOUT,944.31,2,RECOVERY_REMINDER,1,944.31,False,944.31
EVT_00000028,ALTERNATIVE_PAYMENT,ALTERNATIVE_PAYMENT,1,5889.06,PAYMENT_FAILURE,PAYMENT_LIMIT,5889.06,1,RETRY_LATER,1,5889.06,False,0.0
EVT_00000617,RECOVERY_REMINDER,RECOVERY_REMINDER,1,2789.82,CHECKOUT_ABANDONMENT,,2789.82,0,RETRY_LATER,1,2789.82,False,0.0
EVT_00001123,ALTERNATIVE_PAYMENT,ALTERNATIVE_PAYMENT,0,0.0,PAYMENT_FAILURE,ISSUER_DECLINE,9769.08,2,RETRY_LATER,0,0.0,False,0.0
EVT_00000804,RECOVERY_REMINDER,RECOVERY_REMINDER,1,4974.68,CHECKOUT_ABANDONMENT,,4974.68,0,RETRY_LATER,1,4974.68,False,0.0
EVT_00001869,ALTERNATIVE_PAYMENT,ALTERNATIVE_PAYMENT,0,0.0,PAYMENT_FAILURE,EXPIRED_PAYMENT_METHOD,19733.3,3,RETRY_LATER,0,0.0,False,0.0
EVT_00004303,ALTERNATIVE_PAYMENT,ALTERNATIVE_PAYMENT,0,0.0,PAYMENT_FAILURE,BANK_TECHNICAL_ERROR,9699.15,1,RECOVERY_REMINDER,1,9699.15,False,9699.15
EVT_00001759,ALTERNATIVE_PAYMENT,ALTERNATIVE_PAYMENT,0,0.0,PAYMENT_FAILURE,EXPIRED_PAYMENT_METHOD,12329.33,1,RETRY_LATER,0,0.0,False,0.0
EVT_00000855,ALTERNATIVE_PAYMENT,ALTERNATIVE_PAYMENT,1,946.39,SUBSCRIPTION_FAILURE,,946.39,0,ALTERNATIVE_PAYMENT,1,946.39,True,0.0
EVT_00003165,ALTERNATIVE_PAYMENT,ALTERNATIVE_PAYMENT,0,0.0,PAYMENT_FAILURE,BANK_TECHNICAL_ERROR,23670.6,0,RETRY_LATER,1,23670.6,False,23670.6
EVT_00004359,ALTERNATIVE_PAYMENT,ALTERNATIVE_PAYMENT,0,0.0,PAYMENT_FAILURE,TIMEOUT,3999.08,3,RETRY_LATER,0,0.0,False,0.0
EVT_00006187,RECOVERY_REMINDER,RECOVERY_REMINDER,0,0.0,PAYMENT_FAILURE,NETWORK_ERROR,6573.4,2,RETRY_LATER,1,6573.4,False,6573.4
EVT_00005241,ALTERNATIVE_PAYMENT,ALTERNATIVE_PAYMENT,0,0.0,PAYMENT_FAILURE,INSUFFICIENT_BALANCE,6919.37,1,RECOVERY_REMINDER,1,6919.37,False,6919.37
EVT_00006505,ALTERNATIVE_PAYMENT,ALTERNATIVE_PAYMENT,1,2096.5,SUBSCRIPTION_FAILURE,,2096.5,0,ALTERNATIVE_PAYMENT,1,2096.5,True,0.0
EVT_00002838,ALTERNATIVE_PAYMENT,ALTERNATIVE_PAYMENT,1,1501.66,SUBSCRIPTION_FAILURE,,1501.66,0,ALTERNATIVE_PAYMENT,1,1501.66,True,0.0
EVT_00009743,ALTERNATIVE_PAYMENT,ALTERNATIVE_PAYMENT,0,0.0,PAYMENT_FAILURE,PAYMENT_LIMIT,1429.33,2,RECOVERY_REMINDER,1,1429.33,False,1429.33
EVT_00004187,ALTERNATIVE_PAYMENT,ALTERNATIVE_PAYMENT,0,0.0,SUBSCRIPTION_FAILURE,,5638.58,0,RECOVERY_REMINDER,1,5638.58,False,5638.58
EVT_00009993,ALTERNATIVE_PAYMENT,ALTERNATIVE_PAYMENT,1,1649.19,PAYMENT_FAILURE,NETWORK_ERROR,1649.19,0,RETRY_LATER,1,1649.19,False,0.0
EVT_00004250,ALTERNATIVE_PAYMENT,ALTERNATIVE_PAYMENT,1,1650.96,PAYMENT_FAILURE,PAYMENT_LIMIT,1650.96,2,ALTERNATIVE_PAYMENT,1,1650.96,True,0.0
EVT_00008316,RECOVERY_REMINDER,RECOVERY_REMINDER,1,3754.72,CHECKOUT_ABANDONMENT,,3754.72,0,ALTERNATIVE_PAYMENT,1,3754.72,False,0.0
EVT_00008012,ALTERNATIVE_PAYMENT,ALTERNATIVE_PAYMENT,0,0.0,PAYMENT_FAILURE,TIMEOUT,4251.0,3,RETRY_LATER,0,0.0,False,0.0
EVT_00008070,RECOVERY_REMINDER,RECOVERY_REMINDER,1,12466.53,CHECKOUT_ABANDONMENT,,12466.53,0,RETRY_LATER,1,12466.53,False,0.0
EVT_00005459,ALTERNATIVE_PAYMENT,ALTERNATIVE_PAYMENT,0,0.0,PAYMENT_FAILURE,ISSUER_DECLINE,9881.4,1,RETRY_LATER,0,0.0,False,0.0
EVT_00007116,ALTERNATIVE_PAYMENT,ALTERNATIVE_PAYMENT,1,6409.03,PAYMENT_FAILURE,EXPIRED_PAYMENT_METHOD,6409.03,0,RETRY_LATER,1,6409.03,False,0.0
EVT_00007660,RECOVERY_REMINDER,RECOVERY_REMINDER,1,6147.59,SUBSCRIPTION_FAILURE,,6147.59,0,RETRY_LATER,1,6147.59,False,0.0
EVT_00002290,ALTERNATIVE_PAYMENT,ALTERNATIVE_PAYMENT,0,0.0,PAYMENT_FAILURE,TIMEOUT,2292.02,2,RETRY_LATER,0,0.0,False,0.0
EVT_00009985,RECOVERY_REMINDER,RECOVERY_REMINDER,0,0.0,PAYMENT_FAILURE,NETWORK_ERROR,2953.09,2,RETRY_LATER,0,0.0,False,0.0
EVT_00004833,RECOVERY_REMINDER,RECOVERY_REMINDER,1,2344.47,CHECKOUT_ABANDONMENT,,2344.47,0,RETRY_LATER,1,2344.47,False,0.0
EVT_00008759,RECOVERY_REMINDER,RECOVERY_REMINDER,1,5939.1,CHECKOUT_ABANDONMENT,,5939.1,0,ALTERNATIVE_PAYMENT,1,5939.1,False,0.0
EVT_00008457,ALTERNATIVE_PAYMENT,ALTERNATIVE_PAYMENT,1,2721.5,PAYMENT_FAILURE,TIMEOUT,2721.5,0,RETRY_LATER,1,2721.5,False,0.0
EVT_00002900,ALTERNATIVE_PAYMENT,ALTERNATIVE_PAYMENT,0,0.0,PAYMENT_FAILURE,INSUFFICIENT_BALANCE,20734.69,1,HUMAN_ESCALATION,1,20734.69,False,20734.69
EVT_00006094,ALTERNATIVE_PAYMENT,ALTERNATIVE_PAYMENT,0,0.0,PAYMENT_FAILURE,EXPIRED_PAYMENT_METHOD,2640.68,1,RETRY_LATER,0,0.0,False,0.0
EVT_00001218,ALTERNATIVE_PAYMENT,ALTERNATIVE_PAYMENT,0,0.0,PAYMENT_FAILURE,TIMEOUT,2285.7,1,RECOVERY_REMINDER,1,2285.7,False,2285.7
EVT_00004266,RECOVERY_REMINDER,RECOVERY_REMINDER,0,0.0,SUBSCRIPTION_FAILURE,,8345.92,0,RETRY_LATER,0,0.0,False,0.0
EVT_00009225,ALTERNATIVE_PAYMENT,ALTERNATIVE_PAYMENT,0,0.0,PAYMENT_FAILURE,ISSUER_DECLINE,5861.29,1,RETRY_LATER,0,0.0,False,0.0
EVT_00008723,RECOVERY_REMINDER,RECOVERY_REMINDER,1,12002.67,CHECKOUT_ABANDONMENT,,12002.67,0,ALTERNATIVE_PAYMENT,1,12002.67,False,0.0
EVT_00001315,ALTERNATIVE_PAYMENT,ALTERNATIVE_PAYMENT,0,0.0,PAYMENT_FAILURE,ISSUER_DECLINE,902.55,0,RETRY_LATER,1,902.55,False,902.55
EVT_00006298,RECOVERY_REMINDER,RECOVERY_REMINDER,0,0.0,SUBSCRIPTION_FAILURE,,1304.4,0,ALTERNATIVE_PAYMENT,1,1304.4,False,1304.4
EVT_00004972,ALTERNATIVE_PAYMENT,ALTERNATIVE_PAYMENT,0,0.0,PAYMENT_FAILURE,ISSUER_DECLINE,1324.71,2,RETRY_LATER,0,0.0,False,0.0
EVT_00006451,ALTERNATIVE_PAYMENT,ALTERNATIVE_PAYMENT,0,0.0,PAYMENT_FAILURE,INSUFFICIENT_BALANCE,3281.0,3,RETRY_LATER,0,0.0,False,0.0
EVT_00000962,RECOVERY_REMINDER,RECOVERY_REMINDER,1,3775.61,CHECKOUT_ABANDONMENT,,3775.61,0,ALTERNATIVE_PAYMENT,1,3775.61,False,0.0
EVT_00006823,RECOVERY_REMINDER,RECOVERY_REMINDER,0,0.0,PAYMENT_FAILURE,TIMEOUT,27316.65,2,ALTERNATIVE_PAYMENT,1,27316.65,False,27316.65
EVT_00002970,ALTERNATIVE_PAYMENT,ALTERNATIVE_PAYMENT,0,0.0,PAYMENT_FAILURE,ISSUER_DECLINE,1749.03,1,RECOVERY_REMINDER,1,1749.03,False,1749.03
EVT_00003313,ALTERNATIVE_PAYMENT,ALTERNATIVE_PAYMENT,0,0.0,PAYMENT_FAILURE,TIMEOUT,2038.26,2,RECOVERY_REMINDER,1,2038.26,False,2038.26
EVT_00002621,ALTERNATIVE_PAYMENT,ALTERNATIVE_PAYMENT,1,7120.14,SUBSCRIPTION_FAILURE,,7120.14,0,ALTERNATIVE_PAYMENT,1,7120.14,True,0.0
EVT_00002557,ALTERNATIVE_PAYMENT,ALTERNATIVE_PAYMENT,0,0.0,PAYMENT_FAILURE,EXPIRED_PAYMENT_METHOD,6057.3,0,RETRY_LATER,0,0.0,False,0.0
EVT_00003976,ALTERNATIVE_PAYMENT,ALTERNATIVE_PAYMENT,0,0.0,PAYMENT_FAILURE,INSUFFICIENT_BALANCE,947.69,3,RETRY_LATER,0,0.0,False,0.0
EVT_00005217,ALTERNATIVE_PAYMENT,ALTERNATIVE_PAYMENT,1,7792.89,PAYMENT_FAILURE,BANK_TECHNICAL_ERROR,7792.89,0,RETRY_LATER,1,7792.89,False,0.0
EVT_00004460,ALTERNATIVE_PAYMENT,ALTERNATIVE_PAYMENT,1,2341.87,PAYMENT_FAILURE,EXPIRED_PAYMENT_METHOD,2341.87,0,RETRY_LATER,1,2341.87,False,0.0
EVT_00007193,RECOVERY_REMINDER,RECOVERY_REMINDER,1,3965.91,PAYMENT_FAILURE,INSUFFICIENT_BALANCE,3965.91,2,ALTERNATIVE_PAYMENT,1,3965.91,False,0.0
EVT_00005589,ALTERNATIVE_PAYMENT,ALTERNATIVE_PAYMENT,1,18539.89,PAYMENT_FAILURE,TIMEOUT,18539.89,1,ALTERNATIVE_PAYMENT,1,18539.89,True,0.0
EVT_00009448,RECOVERY_REMINDER,RECOVERY_REMINDER,1,869.31,SUBSCRIPTION_FAILURE,,869.31,0,ALTERNATIVE_PAYMENT,1,869.31,False,0.0
EVT_00001943,ALTERNATIVE_PAYMENT,ALTERNATIVE_PAYMENT,0,0.0,PAYMENT_FAILURE,INSUFFICIENT_BALANCE,3463.14,1,RETRY_LATER,0,0.0,False,0.0
EVT_00001021,ALTERNATIVE_PAYMENT,ALTERNATIVE_PAYMENT,0,0.0,PAYMENT_FAILURE,TIMEOUT,1719.32,3,HUMAN_ESCALATION,1,1719.32,False,1719.32
EVT_00005958,ALTERNATIVE_PAYMENT,ALTERNATIVE_PAYMENT,0,0.0,PAYMENT_FAILURE,NETWORK_ERROR,12010.55,1,RETRY_LATER,0,0.0,False,0.0
EVT_00007179,RECOVERY_REMINDER,RECOVERY_REMINDER,1,21023.5,SUBSCRIPTION_FAILURE,,21023.5,0,RETRY_LATER,1,21023.5,False,0.0
EVT_00003423,ALTERNATIVE_PAYMENT,ALTERNATIVE_PAYMENT,0,0.0,PAYMENT_FAILURE,EXPIRED_PAYMENT_METHOD,879.23,3,RETRY_LATER,0,0.0,False,0.0
EVT_00006355,ALTERNATIVE_PAYMENT,ALTERNATIVE_PAYMENT,0,0.0,PAYMENT_FAILURE,BANK_TECHNICAL_ERROR,13518.34,3,RETRY_LATER,0,0.0,False,0.0
EVT_00001867,ALTERNATIVE_PAYMENT,ALTERNATIVE_PAYMENT,1,2556.02,PAYMENT_FAILURE,PAYMENT_LIMIT,2556.02,0,ALTERNATIVE_PAYMENT,1,2556.02,True,0.0
EVT_00006121,ALTERNATIVE_PAYMENT,ALTERNATIVE_PAYMENT,0,0.0,PAYMENT_FAILURE,TIMEOUT,7243.26,3,RETRY_LATER,0,0.0,False,0.0
EVT_00000581,RECOVERY_REMINDER,RECOVERY_REMINDER,0,0.0,PAYMENT_FAILURE,NETWORK_ERROR,9786.74,0,RETRY_LATER,1,9786.74,False,9786.74
EVT_00004379,RECOVERY_REMINDER,RECOVERY_REMINDER,1,19269.81,SUBSCRIPTION_FAILURE,,19269.81,0,RETRY_LATER,1,19269.81,False,0.0
EVT_00003923,ALTERNATIVE_PAYMENT,ALTERNATIVE_PAYMENT,0,0.0,PAYMENT_FAILURE,ISSUER_DECLINE,8295.13,0,RETRY_LATER,0,0.0,False,0.0
EVT_00006578,RECOVERY_REMINDER,RECOVERY_REMINDER,1,584.44,CHECKOUT_ABANDONMENT,,584.44,0,RETRY_LATER,1,584.44,False,0.0
EVT_00000871,ALTERNATIVE_PAYMENT,ALTERNATIVE_PAYMENT,1,4321.69,SUBSCRIPTION_FAILURE,,4321.69,0,ALTERNATIVE_PAYMENT,1,4321.69,True,0.0
EVT_00002320,ALTERNATIVE_PAYMENT,ALTERNATIVE_PAYMENT,0,0.0,PAYMENT_FAILURE,INSUFFICIENT_BALANCE,4604.61,0,RETRY_LATER,0,0.0,False,0.0
EVT_00003678,RECOVERY_REMINDER,RECOVERY_REMINDER,1,6602.0,CHECKOUT_ABANDONMENT,,6602.0,0,RETRY_LATER,1,6602.0,False,0.0
EVT_00005497,ALTERNATIVE_PAYMENT,ALTERNATIVE_PAYMENT,1,1918.23,PAYMENT_FAILURE,INSUFFICIENT_BALANCE,1918.23,1,ALTERNATIVE_PAYMENT,1,1918.23,True,0.0
EVT_00003510,RECOVERY_REMINDER,RECOVERY_REMINDER,1,3735.1,CHECKOUT_ABANDONMENT,,3735.1,0,ALTERNATIVE_PAYMENT,1,3735.1,False,0.0
EVT_00001763,ALTERNATIVE_PAYMENT,ALTERNATIVE_PAYMENT,0,0.0,PAYMENT_FAILURE,ISSUER_DECLINE,12387.95,2,HUMAN_ESCALATION,1,12387.95,False,12387.95
EVT_00006816,ALTERNATIVE_PAYMENT,ALTERNATIVE_PAYMENT,0,0.0,PAYMENT_FAILURE,INSUFFICIENT_BALANCE,16796.18,0,RECOVERY_REMINDER,1,16796.18,False,16796.18
EVT_00005401,ALTERNATIVE_PAYMENT,ALTERNATIVE_PAYMENT,0,0.0,PAYMENT_FAILURE,NETWORK_ERROR,3102.93,3,HUMAN_ESCALATION,1,3102.93,False,3102.93
EVT_00008820,ALTERNATIVE_PAYMENT,ALTERNATIVE_PAYMENT,0,0.0,PAYMENT_FAILURE,ISSUER_DECLINE,3626.48,2,RETRY_LATER,0,0.0,False,0.0
EVT_00007898,RECOVERY_REMINDER,RECOVERY_REMINDER,1,1530.19,CHECKOUT_ABANDONMENT,,1530.19,0,RETRY_LATER,1,1530.19,False,0.0
EVT_00005220,ALTERNATIVE_PAYMENT,ALTERNATIVE_PAYMENT,1,2611.51,PAYMENT_FAILURE,BANK_TECHNICAL_ERROR,2611.51,3,ALTERNATIVE_PAYMENT,1,2611.51,True,0.0
EVT_00001211,ALTERNATIVE_PAYMENT,ALTERNATIVE_PAYMENT,1,5675.73,PAYMENT_FAILURE,ISSUER_DECLINE,5675.73,0,ALTERNATIVE_PAYMENT,1,5675.73,True,0.0
EVT_00009856,RECOVERY_REMINDER,RECOVERY_REMINDER,0,0.0,SUBSCRIPTION_FAILURE,,15115.03,0,RETRY_LATER,0,0.0,False,0.0
EVT_00001219,ALTERNATIVE_PAYMENT,ALTERNATIVE_PAYMENT,0,0.0,PAYMENT_FAILURE,ISSUER_DECLINE,8437.64,0,RETRY_LATER,1,8437.64,False,8437.64
EVT_00002958,RECOVERY_REMINDER,RECOVERY_REMINDER,1,8382.84,CHECKOUT_ABANDONMENT,,8382.84,0,RETRY_LATER,1,8382.84,False,0.0
EVT_00009673,RECOVERY_REMINDER,RECOVERY_REMINDER,0,0.0,PAYMENT_FAILURE,NETWORK_ERROR,4334.96,1,ALTERNATIVE_PAYMENT,1,4334.96,False,4334.96
EVT_00005932,RECOVERY_REMINDER,RECOVERY_REMINDER,0,0.0,PAYMENT_FAILURE,INSUFFICIENT_BALANCE,3833.82,0,RETRY_LATER,0,0.0,False,0.0
EVT_00001641,ALTERNATIVE_PAYMENT,ALTERNATIVE_PAYMENT,1,1113.7,PAYMENT_FAILURE,INSUFFICIENT_BALANCE,1113.7,1,ALTERNATIVE_PAYMENT,1,1113.7,True,0.0
EVT_00005683,ALTERNATIVE_PAYMENT,ALTERNATIVE_PAYMENT,0,0.0,PAYMENT_FAILURE,ISSUER_DECLINE,5168.57,1,RETRY_LATER,0,0.0,False,0.0
EVT_00008575,ALTERNATIVE_PAYMENT,ALTERNATIVE_PAYMENT,0,0.0,PAYMENT_FAILURE,INSUFFICIENT_BALANCE,60930.52,0,RECOVERY_REMINDER,1,60930.52,False,60930.52
EVT_00006719,RECOVERY_REMINDER,RECOVERY_REMINDER,1,417.04,CHECKOUT_ABANDONMENT,,417.04,0,RETRY_LATER,1,417.04,False,0.0
EVT_00007196,ALTERNATIVE_PAYMENT,ALTERNATIVE_PAYMENT,1,4765.35,PAYMENT_FAILURE,NETWORK_ERROR,4765.35,3,ALTERNATIVE_PAYMENT,1,4765.35,True,0.0
EVT_00008767,RECOVERY_REMINDER,RECOVERY_REMINDER,1,1302.54,CHECKOUT_ABANDONMENT,,1302.54,0,RETRY_LATER,1,1302.54,False,0.0
EVT_00002780,ALTERNATIVE_PAYMENT,ALTERNATIVE_PAYMENT,1,2163.99,PAYMENT_FAILURE,NETWORK_ERROR,2163.99,2,RETRY_LATER,1,2163.99,False,0.0
EVT_00001683,ALTERNATIVE_PAYMENT,ALTERNATIVE_PAYMENT,1,3886.16,PAYMENT_FAILURE,ISSUER_DECLINE,3886.16,1,ALTERNATIVE_PAYMENT,1,3886.16,True,0.0
EVT_00006775,RECOVERY_REMINDER,RECOVERY_REMINDER,0,0.0,SUBSCRIPTION_FAILURE,,2149.19,0,RETRY_LATER,0,0.0,False,0.0
EVT_00005882,ALTERNATIVE_PAYMENT,ALTERNATIVE_PAYMENT,1,10442.9,PAYMENT_FAILURE,TIMEOUT,10442.9,2,RETRY_LATER,1,10442.9,False,0.0
EVT_00008765,RECOVERY_REMINDER,RECOVERY_REMINDER,1,35512.46,CHECKOUT_ABANDONMENT,,35512.46,0,ALTERNATIVE_PAYMENT,1,35512.46,False,0.0
EVT_00005415,ALTERNATIVE_PAYMENT,ALTERNATIVE_PAYMENT,0,0.0,PAYMENT_FAILURE,BANK_TECHNICAL_ERROR,6653.09,2,RETRY_LATER,1,6653.09,False,6653.09
EVT_00007504,ALTERNATIVE_PAYMENT,ALTERNATIVE_PAYMENT,0,0.0,PAYMENT_FAILURE,ISSUER_DECLINE,5392.75,0,HUMAN_ESCALATION,1,5392.75,False,5392.75
EVT_00003933,ALTERNATIVE_PAYMENT,ALTERNATIVE_PAYMENT,1,1841.37,PAYMENT_FAILURE,BANK_TECHNICAL_ERROR,1841.37,0,RETRY_LATER,1,1841.37,False,0.0
EVT_00007688,RECOVERY_REMINDER,RECOVERY_REMINDER,0,0.0,PAYMENT_FAILURE,INSUFFICIENT_BALANCE,787.7,2,RETRY_LATER,0,0.0,False,0.0
EVT_00007152,ALTERNATIVE_PAYMENT,ALTERNATIVE_PAYMENT,0,0.0,PAYMENT_FAILURE,EXPIRED_PAYMENT_METHOD,9363.32,3,RETRY_LATER,0,0.0,False,0.0
EVT_00000288,ALTERNATIVE_PAYMENT,ALTERNATIVE_PAYMENT,0,0.0,PAYMENT_FAILURE,TIMEOUT,2726.27,2,RETRY_LATER,0,0.0,False,0.0
EVT_00002292,RECOVERY_REMINDER,RECOVERY_REMINDER,1,9631.46,PAYMENT_FAILURE,INSUFFICIENT_BALANCE,9631.46,2,RECOVERY_REMINDER,1,9631.46,True,0.0
EVT_00007856,ALTERNATIVE_PAYMENT,ALTERNATIVE_PAYMENT,0,0.0,PAYMENT_FAILURE,TIMEOUT,1663.69,2,RETRY_LATER,1,1663.69,False,1663.69
EVT_00009564,RECOVERY_REMINDER,RECOVERY_REMINDER,1,23427.67,CHECKOUT_ABANDONMENT,,23427.67,0,RETRY_LATER,1,23427.67,False,0.0
EVT_00000774,RECOVERY_REMINDER,RECOVERY_REMINDER,1,11488.27,SUBSCRIPTION_FAILURE,,11488.27,0,RETRY_LATER,1,11488.27,False,0.0
EVT_00003845,RECOVERY_REMINDER,RECOVERY_REMINDER,1,6049.92,CHECKOUT_ABANDONMENT,,6049.92,0,RETRY_LATER,1,6049.92,False,0.0
EVT_00009948,RECOVERY_REMINDER,RECOVERY_REMINDER,1,1478.15,CHECKOUT_ABANDONMENT,,1478.15,0,RETRY_LATER,1,1478.15,False,0.0
EVT_00008779,ALTERNATIVE_PAYMENT,ALTERNATIVE_PAYMENT,0,0.0,PAYMENT_FAILURE,EXPIRED_PAYMENT_METHOD,6843.8,2,RETRY_LATER,0,0.0,False,0.0
EVT_00009553,ALTERNATIVE_PAYMENT,ALTERNATIVE_PAYMENT,0,0.0,PAYMENT_FAILURE,ISSUER_DECLINE,2342.0,0,RECOVERY_REMINDER,1,2342.0,False,2342.0
EVT_00007834,ALTERNATIVE_PAYMENT,ALTERNATIVE_PAYMENT,1,38989.22,PAYMENT_FAILURE,ISSUER_DECLINE,38989.22,1,ALTERNATIVE_PAYMENT,1,38989.22,True,0.0
EVT_00007291,ALTERNATIVE_PAYMENT,ALTERNATIVE_PAYMENT,0,0.0,PAYMENT_FAILURE,INSUFFICIENT_BALANCE,1243.36,0,RETRY_LATER,0,0.0,False,0.0
EVT_00006493,RECOVERY_REMINDER,RECOVERY_REMINDER,0,0.0,CHECKOUT_ABANDONMENT,,9870.74,0,RETRY_LATER,1,9870.74,False,9870.74
EVT_00006009,RECOVERY_REMINDER,RECOVERY_REMINDER,1,4341.25,CHECKOUT_ABANDONMENT,,4341.25,0,RETRY_LATER,1,4341.25,False,0.0
EVT_00007849,RECOVERY_REMINDER,RECOVERY_REMINDER,1,1728.44,SUBSCRIPTION_FAILURE,,1728.44,0,RECOVERY_REMINDER,1,1728.44,True,0.0
EVT_00006139,ALTERNATIVE_PAYMENT,ALTERNATIVE_PAYMENT,0,0.0,PAYMENT_FAILURE,BANK_TECHNICAL_ERROR,6232.5,1,RECOVERY_REMINDER,1,6232.5,False,6232.5
EVT_00004333,RECOVERY_REMINDER,RECOVERY_REMINDER,1,2852.95,CHECKOUT_ABANDONMENT,,2852.95,0,RETRY_LATER,1,2852.95,False,0.0
EVT_00004667,RECOVERY_REMINDER,RECOVERY_REMINDER,1,15134.75,CHECKOUT_ABANDONMENT,,15134.75,0,RETRY_LATER,1,15134.75,False,0.0
EVT_00000026,RECOVERY_REMINDER,RECOVERY_REMINDER,1,5699.8,CHECKOUT_ABANDONMENT,,5699.8,0,RETRY_LATER,1,5699.8,False,0.0
EVT_00009066,ALTERNATIVE_PAYMENT,ALTERNATIVE_PAYMENT,0,0.0,PAYMENT_FAILURE,BANK_TECHNICAL_ERROR,13885.47,1,RETRY_LATER,1,13885.47,False,13885.47
EVT_00004205,ALTERNATIVE_PAYMENT,ALTERNATIVE_PAYMENT,0,0.0,PAYMENT_FAILURE,BANK_TECHNICAL_ERROR,5092.18,2,RECOVERY_REMINDER,1,5092.18,False,5092.18
EVT_00000816,ALTERNATIVE_PAYMENT,ALTERNATIVE_PAYMENT,0,0.0,PAYMENT_FAILURE,INSUFFICIENT_BALANCE,2081.28,0,RECOVERY_REMINDER,1,2081.28,False,2081.28
EVT_00001779,ALTERNATIVE_PAYMENT,ALTERNATIVE_PAYMENT,0,0.0,SUBSCRIPTION_FAILURE,,28822.87,0,RETRY_LATER,1,28822.87,False,28822.87
EVT_00007508,ALTERNATIVE_PAYMENT,ALTERNATIVE_PAYMENT,1,12076.05,PAYMENT_FAILURE,NETWORK_ERROR,12076.05,0,RETRY_LATER,1,12076.05,False,0.0
EVT_00000304,ALTERNATIVE_PAYMENT,ALTERNATIVE_PAYMENT,0,0.0,PAYMENT_FAILURE,EXPIRED_PAYMENT_METHOD,5760.44,3,RETRY_LATER,0,0.0,False,0.0
EVT_00006787,RECOVERY_REMINDER,RECOVERY_REMINDER,0,0.0,PAYMENT_FAILURE,INSUFFICIENT_BALANCE,10641.71,0,RETRY_LATER,1,10641.71,False,10641.71
EVT_00001012,RECOVERY_REMINDER,RECOVERY_REMINDER,0,0.0,PAYMENT_FAILURE,INSUFFICIENT_BALANCE,2940.68,2,ALTERNATIVE_PAYMENT,1,2940.68,False,2940.68
EVT_00005198,ALTERNATIVE_PAYMENT,ALTERNATIVE_PAYMENT,1,7086.08,PAYMENT_FAILURE,BANK_TECHNICAL_ERROR,7086.08,2,ALTERNATIVE_PAYMENT,1,7086.08,True,0.0
EVT_00001403,ALTERNATIVE_PAYMENT,ALTERNATIVE_PAYMENT,1,18347.39,PAYMENT_FAILURE,INSUFFICIENT_BALANCE,18347.39,0,RETRY_LATER,1,18347.39,False,0.0
EVT_00005680,RECOVERY_REMINDER,RECOVERY_REMINDER,0,0.0,CHECKOUT_ABANDONMENT,,2206.95,0,ALTERNATIVE_PAYMENT,1,2206.95,False,2206.95
EVT_00004580,RECOVERY_REMINDER,RECOVERY_REMINDER,0,0.0,CHECKOUT_ABANDONMENT,,6111.28,0,ALTERNATIVE_PAYMENT,1,6111.28,False,6111.28
EVT_00002948,ALTERNATIVE_PAYMENT,ALTERNATIVE_PAYMENT,0,0.0,PAYMENT_FAILURE,PAYMENT_LIMIT,2779.26,0,RETRY_LATER,0,0.0,False,0.0
EVT_00001800,RECOVERY_REMINDER,RECOVERY_REMINDER,1,2269.97,CHECKOUT_ABANDONMENT,,2269.97,0,ALTERNATIVE_PAYMENT,1,2269.97,False,0.0
EVT_00002057,ALTERNATIVE_PAYMENT,ALTERNATIVE_PAYMENT,1,10157.33,PAYMENT_FAILURE,TIMEOUT,10157.33,3,ALTERNATIVE_PAYMENT,1,10157.33,True,0.0
EVT_00004472,ALTERNATIVE_PAYMENT,ALTERNATIVE_PAYMENT,0,0.0,PAYMENT_FAILURE,INSUFFICIENT_BALANCE,5092.83,0,RECOVERY_REMINDER,1,5092.83,False,5092.83
EVT_00007368,RECOVERY_REMINDER,RECOVERY_REMINDER,1,2435.72,CHECKOUT_ABANDONMENT,,2435.72,0,RETRY_LATER,1,2435.72,False,0.0
EVT_00004441,ALTERNATIVE_PAYMENT,ALTERNATIVE_PAYMENT,0,0.0,PAYMENT_FAILURE,ISSUER_DECLINE,2682.99,3,RETRY_LATER,0,0.0,False,0.0
EVT_00007804,RECOVERY_REMINDER,RECOVERY_REMINDER,1,4531.41,SUBSCRIPTION_FAILURE,,4531.41,0,RETRY_LATER,1,4531.41,False,0.0
EVT_00009338,RECOVERY_REMINDER,RECOVERY_REMINDER,1,15037.01,SUBSCRIPTION_FAILURE,,15037.01,0,RETRY_LATER,1,15037.01,False,0.0
EVT_00002769,RECOVERY_REMINDER,RECOVERY_REMINDER,1,11226.1,CHECKOUT_ABANDONMENT,,11226.1,0,RETRY_LATER,1,11226.1,False,0.0
EVT_00005127,ALTERNATIVE_PAYMENT,ALTERNATIVE_PAYMENT,0,0.0,PAYMENT_FAILURE,ISSUER_DECLINE,7837.28,0,RETRY_LATER,0,0.0,False,0.0
EVT_00000653,ALTERNATIVE_PAYMENT,ALTERNATIVE_PAYMENT,0,0.0,PAYMENT_FAILURE,INSUFFICIENT_BALANCE,5343.62,2,RETRY_LATER,0,0.0,False,0.0
EVT_00004456,ALTERNATIVE_PAYMENT,ALTERNATIVE_PAYMENT,1,4334.94,PAYMENT_FAILURE,BANK_TECHNICAL_ERROR,4334.94,0,RETRY_LATER,1,4334.94,False,0.0
EVT_00006984,ALTERNATIVE_PAYMENT,ALTERNATIVE_PAYMENT,1,11497.67,PAYMENT_FAILURE,ISSUER_DECLINE,11497.67,0,ALTERNATIVE_PAYMENT,1,11497.67,True,0.0
EVT_00007691,ALTERNATIVE_PAYMENT,ALTERNATIVE_PAYMENT,0,0.0,PAYMENT_FAILURE,PAYMENT_LIMIT,14799.41,0,RETRY_LATER,1,14799.41,False,14799.41
EVT_00003719,ALTERNATIVE_PAYMENT,ALTERNATIVE_PAYMENT,1,796.1,PAYMENT_FAILURE,NETWORK_ERROR,796.1,0,RETRY_LATER,1,796.1,False,0.0
EVT_00002992,ALTERNATIVE_PAYMENT,ALTERNATIVE_PAYMENT,0,0.0,PAYMENT_FAILURE,INSUFFICIENT_BALANCE,6159.35,3,RETRY_LATER,0,0.0,False,0.0
EVT_00003660,RECOVERY_REMINDER,RECOVERY_REMINDER,1,3269.41,CHECKOUT_ABANDONMENT,,3269.41,0,RETRY_LATER,1,3269.41,False,0.0
EVT_00000621,ALTERNATIVE_PAYMENT,ALTERNATIVE_PAYMENT,0,0.0,SUBSCRIPTION_FAILURE,,1785.43,0,RETRY_LATER,1,1785.43,False,1785.43
EVT_00009396,ALTERNATIVE_PAYMENT,ALTERNATIVE_PAYMENT,1,5595.92,PAYMENT_FAILURE,INSUFFICIENT_BALANCE,5595.92,0,RETRY_LATER,1,5595.92,False,0.0
EVT_00005283,ALTERNATIVE_PAYMENT,ALTERNATIVE_PAYMENT,1,1722.68,PAYMENT_FAILURE,ISSUER_DECLINE,1722.68,0,ALTERNATIVE_PAYMENT,1,1722.68,True,0.0
EVT_00006482,ALTERNATIVE_PAYMENT,ALTERNATIVE_PAYMENT,1,6999.89,PAYMENT_FAILURE,TIMEOUT,6999.89,1,RETRY_LATER,1,6999.89,False,0.0
EVT_00004138,RECOVERY_REMINDER,RECOVERY_REMINDER,0,0.0,CHECKOUT_ABANDONMENT,,10256.67,0,ALTERNATIVE_PAYMENT,1,10256.67,False,10256.67
EVT_00003177,RECOVERY_REMINDER,RECOVERY_REMINDER,0,0.0,CHECKOUT_ABANDONMENT,,1641.22,0,RETRY_LATER,1,1641.22,False,1641.22
EVT_00002075,RECOVERY_REMINDER,RECOVERY_REMINDER,1,3091.27,CHECKOUT_ABANDONMENT,,3091.27,0,ALTERNATIVE_PAYMENT,1,3091.27,False,0.0
EVT_00004024,ALTERNATIVE_PAYMENT,ALTERNATIVE_PAYMENT,0,0.0,PAYMENT_FAILURE,TIMEOUT,3924.85,2,HUMAN_ESCALATION,1,3924.85,False,3924.85
EVT_00006755,RECOVERY_REMINDER,RECOVERY_REMINDER,1,2719.87,CHECKOUT_ABANDONMENT,,2719.87,0,RECOVERY_REMINDER,1,2719.87,True,0.0
EVT_00003067,ALTERNATIVE_PAYMENT,ALTERNATIVE_PAYMENT,1,4028.92,PAYMENT_FAILURE,EXPIRED_PAYMENT_METHOD,4028.92,0,ALTERNATIVE_PAYMENT,1,4028.92,True,0.0
EVT_00004306,RECOVERY_REMINDER,RECOVERY_REMINDER,1,1444.86,CHECKOUT_ABANDONMENT,,1444.86,0,RETRY_LATER,1,1444.86,False,0.0
EVT_00009318,RECOVERY_REMINDER,RECOVERY_REMINDER,1,1355.54,SUBSCRIPTION_FAILURE,,1355.54,0,RECOVERY_REMINDER,1,1355.54,True,0.0
EVT_00003465,RECOVERY_REMINDER,RECOVERY_REMINDER,1,1041.11,CHECKOUT_ABANDONMENT,,1041.11,0,RETRY_LATER,1,1041.11,False,0.0
EVT_00009510,RECOVERY_REMINDER,RECOVERY_REMINDER,1,6395.81,CHECKOUT_ABANDONMENT,,6395.81,0,RETRY_LATER,1,6395.81,False,0.0
EVT_00005748,RECOVERY_REMINDER,RECOVERY_REMINDER,0,0.0,CHECKOUT_ABANDONMENT,,5931.8,0,RETRY_LATER,1,5931.8,False,5931.8
EVT_00004769,ALTERNATIVE_PAYMENT,ALTERNATIVE_PAYMENT,1,7146.35,PAYMENT_FAILURE,BANK_TECHNICAL_ERROR,7146.35,1,ALTERNATIVE_PAYMENT,1,7146.35,True,0.0
EVT_00005952,RECOVERY_REMINDER,RECOVERY_REMINDER,1,3035.14,CHECKOUT_ABANDONMENT,,3035.14,0,ALTERNATIVE_PAYMENT,1,3035.14,False,0.0
EVT_00003426,ALTERNATIVE_PAYMENT,ALTERNATIVE_PAYMENT,1,6837.56,PAYMENT_FAILURE,PAYMENT_LIMIT,6837.56,0,ALTERNATIVE_PAYMENT,1,6837.56,True,0.0
EVT_00000708,RECOVERY_REMINDER,RECOVERY_REMINDER,1,11292.61,CHECKOUT_ABANDONMENT,,11292.61,0,RECOVERY_REMINDER,1,11292.61,True,0.0
EVT_00007262,ALTERNATIVE_PAYMENT,ALTERNATIVE_PAYMENT,0,0.0,SUBSCRIPTION_FAILURE,,6623.83,0,RETRY_LATER,1,6623.83,False,6623.83
EVT_00008567,ALTERNATIVE_PAYMENT,ALTERNATIVE_PAYMENT,1,10448.32,PAYMENT_FAILURE,TIMEOUT,10448.32,1,ALTERNATIVE_PAYMENT,1,10448.32,True,0.0
EVT_00003945,RECOVERY_REMINDER,RECOVERY_REMINDER,1,3780.2,CHECKOUT_ABANDONMENT,,3780.2,0,ALTERNATIVE_PAYMENT,1,3780.2,False,0.0
EVT_00007763,ALTERNATIVE_PAYMENT,ALTERNATIVE_PAYMENT,1,4055.68,PAYMENT_FAILURE,PAYMENT_LIMIT,4055.68,0,RETRY_LATER,1,4055.68,False,0.0
EVT_00007482,RECOVERY_REMINDER,RECOVERY_REMINDER,0,0.0,SUBSCRIPTION_FAILURE,,32320.42,0,RETRY_LATER,1,32320.42,False,32320.42
EVT_00005955,ALTERNATIVE_PAYMENT,ALTERNATIVE_PAYMENT,0,0.0,PAYMENT_FAILURE,EXPIRED_PAYMENT_METHOD,1386.12,1,RETRY_LATER,0,0.0,False,0.0
EVT_00009713,ALTERNATIVE_PAYMENT,ALTERNATIVE_PAYMENT,0,0.0,PAYMENT_FAILURE,BANK_TECHNICAL_ERROR,3692.9,2,RETRY_LATER,1,3692.9,False,3692.9
EVT_00002339,ALTERNATIVE_PAYMENT,ALTERNATIVE_PAYMENT,0,0.0,PAYMENT_FAILURE,BANK_TECHNICAL_ERROR,663.09,1,RECOVERY_REMINDER,1,663.09,False,663.09
EVT_00009601,ALTERNATIVE_PAYMENT,ALTERNATIVE_PAYMENT,1,3858.94,PAYMENT_FAILURE,BANK_TECHNICAL_ERROR,3858.94,1,RETRY_LATER,1,3858.94,False,0.0
EVT_00001751,ALTERNATIVE_PAYMENT,ALTERNATIVE_PAYMENT,1,5230.72,PAYMENT_FAILURE,BANK_TECHNICAL_ERROR,5230.72,2,RETRY_LATER,1,5230.72,False,0.0
EVT_00004696,ALTERNATIVE_PAYMENT,ALTERNATIVE_PAYMENT,1,8267.87,PAYMENT_FAILURE,TIMEOUT,8267.87,2,RETRY_LATER,1,8267.87,False,0.0
EVT_00009430,ALTERNATIVE_PAYMENT,ALTERNATIVE_PAYMENT,1,5562.15,SUBSCRIPTION_FAILURE,,5562.15,0,ALTERNATIVE_PAYMENT,1,5562.15,True,0.0
EVT_00007349,ALTERNATIVE_PAYMENT,ALTERNATIVE_PAYMENT,0,0.0,PAYMENT_FAILURE,BANK_TECHNICAL_ERROR,5230.5,2,RETRY_LATER,1,5230.5,False,5230.5
EVT_00000867,RECOVERY_REMINDER,RECOVERY_REMINDER,1,11874.22,SUBSCRIPTION_FAILURE,,11874.22,0,RETRY_LATER,1,11874.22,False,0.0
EVT_00006007,RECOVERY_REMINDER,RECOVERY_REMINDER,1,6168.94,CHECKOUT_ABANDONMENT,,6168.94,0,RETRY_LATER,1,6168.94,False,0.0
EVT_00009650,RECOVERY_REMINDER,RECOVERY_REMINDER,1,3545.46,CHECKOUT_ABANDONMENT,,3545.46,0,RETRY_LATER,1,3545.46,False,0.0
EVT_00006715,ALTERNATIVE_PAYMENT,ALTERNATIVE_PAYMENT,1,6079.33,PAYMENT_FAILURE,BANK_TECHNICAL_ERROR,6079.33,0,ALTERNATIVE_PAYMENT,1,6079.33,True,0.0
EVT_00006441,ALTERNATIVE_PAYMENT,ALTERNATIVE_PAYMENT,1,3015.75,PAYMENT_FAILURE,BANK_TECHNICAL_ERROR,3015.75,0,RETRY_LATER,1,3015.75,False,0.0
EVT_00000805,RECOVERY_REMINDER,RECOVERY_REMINDER,1,21441.48,SUBSCRIPTION_FAILURE,,21441.48,0,RECOVERY_REMINDER,1,21441.48,True,0.0
EVT_00001842,ALTERNATIVE_PAYMENT,ALTERNATIVE_PAYMENT,0,0.0,PAYMENT_FAILURE,BANK_TECHNICAL_ERROR,6174.89,3,RETRY_LATER,0,0.0,False,0.0
EVT_00003188,RECOVERY_REMINDER,RECOVERY_REMINDER,1,1903.41,CHECKOUT_ABANDONMENT,,1903.41,0,ALTERNATIVE_PAYMENT,1,1903.41,False,0.0
EVT_00003636,ALTERNATIVE_PAYMENT,ALTERNATIVE_PAYMENT,1,30226.41,PAYMENT_FAILURE,ISSUER_DECLINE,30226.41,1,ALTERNATIVE_PAYMENT,1,30226.41,True,0.0
EVT_00006497,RECOVERY_REMINDER,RECOVERY_REMINDER,1,1002.94,CHECKOUT_ABANDONMENT,,1002.94,0,RETRY_LATER,1,1002.94,False,0.0
EVT_00001157,ALTERNATIVE_PAYMENT,ALTERNATIVE_PAYMENT,0,0.0,PAYMENT_FAILURE,EXPIRED_PAYMENT_METHOD,6844.02,1,RECOVERY_REMINDER,1,6844.02,False,6844.02
EVT_00002237,ALTERNATIVE_PAYMENT,ALTERNATIVE_PAYMENT,1,1063.42,PAYMENT_FAILURE,TIMEOUT,1063.42,0,RETRY_LATER,1,1063.42,False,0.0
EVT_00005379,RECOVERY_REMINDER,RECOVERY_REMINDER,1,27543.57,CHECKOUT_ABANDONMENT,,27543.57,0,RETRY_LATER,1,27543.57,False,0.0
EVT_00009284,ALTERNATIVE_PAYMENT,ALTERNATIVE_PAYMENT,1,3644.2,SUBSCRIPTION_FAILURE,,3644.2,0,ALTERNATIVE_PAYMENT,1,3644.2,True,0.0
EVT_00007015,RECOVERY_REMINDER,RECOVERY_REMINDER,1,33868.73,CHECKOUT_ABANDONMENT,,33868.73,0,RETRY_LATER,1,33868.73,False,0.0
EVT_00006649,RECOVERY_REMINDER,RECOVERY_REMINDER,1,15820.86,CHECKOUT_ABANDONMENT,,15820.86,0,RETRY_LATER,1,15820.86,False,0.0
EVT_00008698,ALTERNATIVE_PAYMENT,ALTERNATIVE_PAYMENT,0,0.0,PAYMENT_FAILURE,BANK_TECHNICAL_ERROR,3462.16,3,HUMAN_ESCALATION,1,3462.16,False,3462.16
EVT_00005750,ALTERNATIVE_PAYMENT,ALTERNATIVE_PAYMENT,1,2336.76,SUBSCRIPTION_FAILURE,,2336.76,0,ALTERNATIVE_PAYMENT,1,2336.76,True,0.0
EVT_00008237,ALTERNATIVE_PAYMENT,ALTERNATIVE_PAYMENT,1,4480.78,PAYMENT_FAILURE,PAYMENT_LIMIT,4480.78,3,ALTERNATIVE_PAYMENT,1,4480.78,True,0.0
EVT_00009030,ALTERNATIVE_PAYMENT,ALTERNATIVE_PAYMENT,0,0.0,PAYMENT_FAILURE,BANK_TECHNICAL_ERROR,6467.54,1,RETRY_LATER,1,6467.54,False,6467.54
EVT_00002295,ALTERNATIVE_PAYMENT,ALTERNATIVE_PAYMENT,0,0.0,PAYMENT_FAILURE,NETWORK_ERROR,2352.38,3,RETRY_LATER,0,0.0,False,0.0
EVT_00008741,RECOVERY_REMINDER,RECOVERY_REMINDER,1,2427.58,SUBSCRIPTION_FAILURE,,2427.58,0,RETRY_LATER,1,2427.58,False,0.0
EVT_00009500,ALTERNATIVE_PAYMENT,ALTERNATIVE_PAYMENT,1,24472.11,PAYMENT_FAILURE,PAYMENT_LIMIT,24472.11,2,RETRY_LATER,1,24472.11,False,0.0
EVT_00007806,ALTERNATIVE_PAYMENT,ALTERNATIVE_PAYMENT,0,0.0,PAYMENT_FAILURE,NETWORK_ERROR,5074.39,2,RETRY_LATER,1,5074.39,False,5074.39
EVT_00006655,ALTERNATIVE_PAYMENT,ALTERNATIVE_PAYMENT,1,4603.36,SUBSCRIPTION_FAILURE,,4603.36,0,ALTERNATIVE_PAYMENT,1,4603.36,True,0.0
EVT_00003005,ALTERNATIVE_PAYMENT,ALTERNATIVE_PAYMENT,0,0.0,PAYMENT_FAILURE,ISSUER_DECLINE,9247.72,3,RETRY_LATER,0,0.0,False,0.0
EVT_00002755,ALTERNATIVE_PAYMENT,ALTERNATIVE_PAYMENT,1,18107.92,SUBSCRIPTION_FAILURE,,18107.92,0,RETRY_LATER,1,18107.92,False,0.0
EVT_00000275,RECOVERY_REMINDER,RECOVERY_REMINDER,1,1192.56,CHECKOUT_ABANDONMENT,,1192.56,0,ALTERNATIVE_PAYMENT,1,1192.56,False,0.0
EVT_00006506,ALTERNATIVE_PAYMENT,ALTERNATIVE_PAYMENT,1,4496.91,PAYMENT_FAILURE,ISSUER_DECLINE,4496.91,0,ALTERNATIVE_PAYMENT,1,4496.91,True,0.0
EVT_00009735,RECOVERY_REMINDER,RECOVERY_REMINDER,1,7627.47,PAYMENT_FAILURE,INSUFFICIENT_BALANCE,7627.47,2,RECOVERY_REMINDER,1,7627.47,True,0.0
EVT_00003342,RECOVERY_REMINDER,RECOVERY_REMINDER,1,3425.96,CHECKOUT_ABANDONMENT,,3425.96,0,ALTERNATIVE_PAYMENT,1,3425.96,False,0.0
EVT_00001338,RECOVERY_REMINDER,RECOVERY_REMINDER,0,0.0,CHECKOUT_ABANDONMENT,,2136.01,0,ALTERNATIVE_PAYMENT,1,2136.01,False,2136.01
EVT_00001969,ALTERNATIVE_PAYMENT,ALTERNATIVE_PAYMENT,0,0.0,PAYMENT_FAILURE,EXPIRED_PAYMENT_METHOD,5733.45,3,HUMAN_ESCALATION,1,5733.45,False,5733.45
EVT_00006868,RECOVERY_REMINDER,RECOVERY_REMINDER,1,31492.08,PAYMENT_FAILURE,BANK_TECHNICAL_ERROR,31492.08,0,RETRY_LATER,1,31492.08,False,0.0
EVT_00003451,RECOVERY_REMINDER,RECOVERY_REMINDER,1,11262.33,CHECKOUT_ABANDONMENT,,11262.33,0,ALTERNATIVE_PAYMENT,1,11262.33,False,0.0
EVT_00003764,RECOVERY_REMINDER,RECOVERY_REMINDER,1,4237.52,CHECKOUT_ABANDONMENT,,4237.52,0,RETRY_LATER,1,4237.52,False,0.0
EVT_00006720,RECOVERY_REMINDER,RECOVERY_REMINDER,0,0.0,SUBSCRIPTION_FAILURE,,3017.66,0,ALTERNATIVE_PAYMENT,1,3017.66,False,3017.66
EVT_00005830,RECOVERY_REMINDER,RECOVERY_REMINDER,0,0.0,PAYMENT_FAILURE,ISSUER_DECLINE,10643.04,1,RETRY_LATER,1,10643.04,False,10643.04
EVT_00003146,ALTERNATIVE_PAYMENT,ALTERNATIVE_PAYMENT,0,0.0,PAYMENT_FAILURE,INSUFFICIENT_BALANCE,794.6,2,RETRY_LATER,0,0.0,False,0.0
EVT_00004700,ALTERNATIVE_PAYMENT,ALTERNATIVE_PAYMENT,1,1987.76,PAYMENT_FAILURE,ISSUER_DECLINE,1987.76,2,ALTERNATIVE_PAYMENT,1,1987.76,True,0.0
EVT_00005016,ALTERNATIVE_PAYMENT,ALTERNATIVE_PAYMENT,1,1609.7,PAYMENT_FAILURE,INSUFFICIENT_BALANCE,1609.7,0,RETRY_LATER,1,1609.7,False,0.0
EVT_00007061,ALTERNATIVE_PAYMENT,ALTERNATIVE_PAYMENT,0,0.0,PAYMENT_FAILURE,TIMEOUT,4848.02,3,HUMAN_ESCALATION,1,4848.02,False,4848.02
EVT_00003126,RECOVERY_REMINDER,RECOVERY_REMINDER,1,542.11,CHECKOUT_ABANDONMENT,,542.11,0,RETRY_LATER,1,542.11,False,0.0
EVT_00008017,ALTERNATIVE_PAYMENT,ALTERNATIVE_PAYMENT,0,0.0,PAYMENT_FAILURE,TIMEOUT,12691.88,3,RETRY_LATER,0,0.0,False,0.0
EVT_00002214,ALTERNATIVE_PAYMENT,ALTERNATIVE_PAYMENT,0,0.0,PAYMENT_FAILURE,PAYMENT_LIMIT,3549.74,0,RECOVERY_REMINDER,1,3549.74,False,3549.74
EVT_00005873,ALTERNATIVE_PAYMENT,ALTERNATIVE_PAYMENT,0,0.0,SUBSCRIPTION_FAILURE,,2793.22,0,RETRY_LATER,1,2793.22,False,2793.22
EVT_00001639,ALTERNATIVE_PAYMENT,ALTERNATIVE_PAYMENT,1,5791.74,PAYMENT_FAILURE,ISSUER_DECLINE,5791.74,1,ALTERNATIVE_PAYMENT,1,5791.74,True,0.0
EVT_00001098,ALTERNATIVE_PAYMENT,ALTERNATIVE_PAYMENT,0,0.0,PAYMENT_FAILURE,TIMEOUT,12698.63,0,RETRY_LATER,1,12698.63,False,12698.63
EVT_00006098,RECOVERY_REMINDER,RECOVERY_REMINDER,1,2313.17,SUBSCRIPTION_FAILURE,,2313.17,0,ALTERNATIVE_PAYMENT,1,2313.17,False,0.0
EVT_00003569,ALTERNATIVE_PAYMENT,ALTERNATIVE_PAYMENT,0,0.0,PAYMENT_FAILURE,BANK_TECHNICAL_ERROR,5417.87,3,HUMAN_ESCALATION,1,5417.87,False,5417.87
EVT_00003360,ALTERNATIVE_PAYMENT,ALTERNATIVE_PAYMENT,0,0.0,PAYMENT_FAILURE,EXPIRED_PAYMENT_METHOD,2629.3,0,RETRY_LATER,0,0.0,False,0.0
EVT_00000967,RECOVERY_REMINDER,RECOVERY_REMINDER,1,1609.47,CHECKOUT_ABANDONMENT,,1609.47,0,RECOVERY_REMINDER,1,1609.47,True,0.0
EVT_00008460,RECOVERY_REMINDER,RECOVERY_REMINDER,0,0.0,CHECKOUT_ABANDONMENT,,3610.83,0,HUMAN_ESCALATION,1,3610.83,False,3610.83
EVT_00004815,RECOVERY_REMINDER,RECOVERY_REMINDER,0,0.0,CHECKOUT_ABANDONMENT,,1874.05,0,ALTERNATIVE_PAYMENT,1,1874.05,False,1874.05
EVT_00008187,RECOVERY_REMINDER,RECOVERY_REMINDER,1,1890.89,CHECKOUT_ABANDONMENT,,1890.89,0,RETRY_LATER,1,1890.89,False,0.0
EVT_00008077,ALTERNATIVE_PAYMENT,ALTERNATIVE_PAYMENT,0,0.0,PAYMENT_FAILURE,INSUFFICIENT_BALANCE,6339.04,1,HUMAN_ESCALATION,1,6339.04,False,6339.04
EVT_00004249,ALTERNATIVE_PAYMENT,ALTERNATIVE_PAYMENT,0,0.0,PAYMENT_FAILURE,INSUFFICIENT_BALANCE,10956.95,0,RETRY_LATER,0,0.0,False,0.0
EVT_00001463,RECOVERY_REMINDER,RECOVERY_REMINDER,1,3232.19,PAYMENT_FAILURE,INSUFFICIENT_BALANCE,3232.19,0,RECOVERY_REMINDER,1,3232.19,True,0.0
EVT_00001926,RECOVERY_REMINDER,RECOVERY_REMINDER,0,0.0,PAYMENT_FAILURE,INSUFFICIENT_BALANCE,3672.45,2,RETRY_LATER,0,0.0,False,0.0
EVT_00000394,RECOVERY_REMINDER,RECOVERY_REMINDER,1,947.77,CHECKOUT_ABANDONMENT,,947.77,0,ALTERNATIVE_PAYMENT,1,947.77,False,0.0
EVT_00003127,ALTERNATIVE_PAYMENT,ALTERNATIVE_PAYMENT,0,0.0,PAYMENT_FAILURE,INSUFFICIENT_BALANCE,1204.73,3,RETRY_LATER,0,0.0,False,0.0
EVT_00001792,RECOVERY_REMINDER,RECOVERY_REMINDER,0,0.0,PAYMENT_FAILURE,BANK_TECHNICAL_ERROR,19697.75,2,ALTERNATIVE_PAYMENT,1,19697.75,False,19697.75
EVT_00000633,ALTERNATIVE_PAYMENT,ALTERNATIVE_PAYMENT,0,0.0,PAYMENT_FAILURE,PAYMENT_LIMIT,3000.73,1,RETRY_LATER,0,0.0,False,0.0
EVT_00007113,RECOVERY_REMINDER,RECOVERY_REMINDER,1,1846.85,CHECKOUT_ABANDONMENT,,1846.85,0,RETRY_LATER,1,1846.85,False,0.0
EVT_00008844,ALTERNATIVE_PAYMENT,ALTERNATIVE_PAYMENT,0,0.0,PAYMENT_FAILURE,TIMEOUT,31793.46,3,HUMAN_ESCALATION,1,31793.46,False,31793.46
EVT_00001697,ALTERNATIVE_PAYMENT,ALTERNATIVE_PAYMENT,0,0.0,PAYMENT_FAILURE,PAYMENT_LIMIT,1002.48,2,RETRY_LATER,0,0.0,False,0.0
EVT_00002249,ALTERNATIVE_PAYMENT,ALTERNATIVE_PAYMENT,0,0.0,PAYMENT_FAILURE,INSUFFICIENT_BALANCE,5580.36,2,RECOVERY_REMINDER,1,5580.36,False,5580.36
EVT_00006191,RECOVERY_REMINDER,RECOVERY_REMINDER,1,10155.91,CHECKOUT_ABANDONMENT,,10155.91,0,RETRY_LATER,1,10155.91,False,0.0
EVT_00003729,RECOVERY_REMINDER,RECOVERY_REMINDER,1,40428.06,CHECKOUT_ABANDONMENT,,40428.06,0,RETRY_LATER,1,40428.06,False,0.0
EVT_00007200,RECOVERY_REMINDER,RECOVERY_REMINDER,1,4349.54,CHECKOUT_ABANDONMENT,,4349.54,0,ALTERNATIVE_PAYMENT,1,4349.54,False,0.0
EVT_00006874,RECOVERY_REMINDER,RECOVERY_REMINDER,1,1777.19,CHECKOUT_ABANDONMENT,,1777.19,0,ALTERNATIVE_PAYMENT,1,1777.19,False,0.0
EVT_00004464,ALTERNATIVE_PAYMENT,ALTERNATIVE_PAYMENT,1,5475.69,PAYMENT_FAILURE,INSUFFICIENT_BALANCE,5475.69,0,RETRY_LATER,1,5475.69,False,0.0
EVT_00000982,ALTERNATIVE_PAYMENT,ALTERNATIVE_PAYMENT,0,0.0,PAYMENT_FAILURE,ISSUER_DECLINE,1816.21,0,RETRY_LATER,1,1816.21,False,1816.21
EVT_00006017,ALTERNATIVE_PAYMENT,ALTERNATIVE_PAYMENT,1,2795.96,SUBSCRIPTION_FAILURE,,2795.96,0,RETRY_LATER,1,2795.96,False,0.0
EVT_00003478,RECOVERY_REMINDER,RECOVERY_REMINDER,1,991.31,CHECKOUT_ABANDONMENT,,991.31,0,RETRY_LATER,1,991.31,False,0.0
EVT_00001329,ALTERNATIVE_PAYMENT,ALTERNATIVE_PAYMENT,0,0.0,PAYMENT_FAILURE,INSUFFICIENT_BALANCE,4307.85,3,RETRY_LATER,0,0.0,False,0.0
EVT_00007566,ALTERNATIVE_PAYMENT,ALTERNATIVE_PAYMENT,1,8455.6,PAYMENT_FAILURE,PAYMENT_LIMIT,8455.6,2,ALTERNATIVE_PAYMENT,1,8455.6,True,0.0
EVT_00005404,ALTERNATIVE_PAYMENT,ALTERNATIVE_PAYMENT,1,5019.12,PAYMENT_FAILURE,BANK_TECHNICAL_ERROR,5019.12,0,RETRY_LATER,1,5019.12,False,0.0
EVT_00006225,ALTERNATIVE_PAYMENT,ALTERNATIVE_PAYMENT,0,0.0,PAYMENT_FAILURE,NETWORK_ERROR,5422.81,1,RETRY_LATER,1,5422.81,False,5422.81
EVT_00005965,RECOVERY_REMINDER,RECOVERY_REMINDER,1,7260.36,CHECKOUT_ABANDONMENT,,7260.36,0,ALTERNATIVE_PAYMENT,1,7260.36,False,0.0
EVT_00007812,RECOVERY_REMINDER,RECOVERY_REMINDER,1,5430.5,SUBSCRIPTION_FAILURE,,5430.5,0,RETRY_LATER,1,5430.5,False,0.0
EVT_00002096,ALTERNATIVE_PAYMENT,ALTERNATIVE_PAYMENT,0,0.0,PAYMENT_FAILURE,ISSUER_DECLINE,1215.25,1,RECOVERY_REMINDER,1,1215.25,False,1215.25
EVT_00007049,RECOVERY_REMINDER,RECOVERY_REMINDER,1,1637.95,CHECKOUT_ABANDONMENT,,1637.95,0,RECOVERY_REMINDER,1,1637.95,True,0.0
EVT_00006350,ALTERNATIVE_PAYMENT,ALTERNATIVE_PAYMENT,0,0.0,PAYMENT_FAILURE,EXPIRED_PAYMENT_METHOD,4764.32,1,RECOVERY_REMINDER,1,4764.32,False,4764.32
EVT_00007694,ALTERNATIVE_PAYMENT,ALTERNATIVE_PAYMENT,1,13061.72,PAYMENT_FAILURE,PAYMENT_LIMIT,13061.72,0,ALTERNATIVE_PAYMENT,1,13061.72,True,0.0
EVT_00003711,ALTERNATIVE_PAYMENT,ALTERNATIVE_PAYMENT,0,0.0,PAYMENT_FAILURE,TIMEOUT,9157.83,3,RETRY_LATER,0,0.0,False,0.0
EVT_00000022,ALTERNATIVE_PAYMENT,ALTERNATIVE_PAYMENT,1,4815.98,PAYMENT_FAILURE,NETWORK_ERROR,4815.98,0,RETRY_LATER,1,4815.98,False,0.0
EVT_00004046,ALTERNATIVE_PAYMENT,ALTERNATIVE_PAYMENT,0,0.0,PAYMENT_FAILURE,EXPIRED_PAYMENT_METHOD,5088.25,3,RETRY_LATER,0,0.0,False,0.0
EVT_00006127,ALTERNATIVE_PAYMENT,ALTERNATIVE_PAYMENT,0,0.0,SUBSCRIPTION_FAILURE,,8893.26,0,RETRY_LATER,0,0.0,False,0.0
EVT_00002857,RECOVERY_REMINDER,RECOVERY_REMINDER,1,1722.95,CHECKOUT_ABANDONMENT,,1722.95,0,RECOVERY_REMINDER,1,1722.95,True,0.0
EVT_00005509,ALTERNATIVE_PAYMENT,ALTERNATIVE_PAYMENT,1,6029.93,PAYMENT_FAILURE,TIMEOUT,6029.93,1,RETRY_LATER,1,6029.93,False,0.0
EVT_00006048,RECOVERY_REMINDER,RECOVERY_REMINDER,0,0.0,PAYMENT_FAILURE,NETWORK_ERROR,8697.7,2,RETRY_LATER,0,0.0,False,0.0
EVT_00002874,ALTERNATIVE_PAYMENT,ALTERNATIVE_PAYMENT,1,1863.78,PAYMENT_FAILURE,BANK_TECHNICAL_ERROR,1863.78,3,ALTERNATIVE_PAYMENT,1,1863.78,True,0.0
EVT_00001533,ALTERNATIVE_PAYMENT,ALTERNATIVE_PAYMENT,0,0.0,PAYMENT_FAILURE,ISSUER_DECLINE,5131.75,0,RETRY_LATER,0,0.0,False,0.0
EVT_00005428,ALTERNATIVE_PAYMENT,ALTERNATIVE_PAYMENT,0,0.0,PAYMENT_FAILURE,ISSUER_DECLINE,8856.13,2,RETRY_LATER,0,0.0,False,0.0
EVT_00006884,ALTERNATIVE_PAYMENT,ALTERNATIVE_PAYMENT,0,0.0,PAYMENT_FAILURE,INSUFFICIENT_BALANCE,2940.48,2,RECOVERY_REMINDER,1,2940.48,False,2940.48
EVT_00008861,ALTERNATIVE_PAYMENT,ALTERNATIVE_PAYMENT,1,3167.25,PAYMENT_FAILURE,BANK_TECHNICAL_ERROR,3167.25,2,RETRY_LATER,1,3167.25,False,0.0
EVT_00003685,RECOVERY_REMINDER,RECOVERY_REMINDER,1,4553.88,CHECKOUT_ABANDONMENT,,4553.88,0,RETRY_LATER,1,4553.88,False,0.0
EVT_00005800,RECOVERY_REMINDER,RECOVERY_REMINDER,1,5870.12,CHECKOUT_ABANDONMENT,,5870.12,0,RETRY_LATER,1,5870.12,False,0.0
EVT_00007255,RECOVERY_REMINDER,RECOVERY_REMINDER,0,0.0,SUBSCRIPTION_FAILURE,,1641.73,0,RETRY_LATER,1,1641.73,False,1641.73
EVT_00006414,ALTERNATIVE_PAYMENT,ALTERNATIVE_PAYMENT,1,1108.11,PAYMENT_FAILURE,TIMEOUT,1108.11,0,ALTERNATIVE_PAYMENT,1,1108.11,True,0.0
EVT_00001341,ALTERNATIVE_PAYMENT,ALTERNATIVE_PAYMENT,0,0.0,PAYMENT_FAILURE,NETWORK_ERROR,9487.84,3,RETRY_LATER,0,0.0,False,0.0
EVT_00008312,ALTERNATIVE_PAYMENT,ALTERNATIVE_PAYMENT,1,4369.85,SUBSCRIPTION_FAILURE,,4369.85,0,ALTERNATIVE_PAYMENT,1,4369.85,True,0.0
EVT_00005544,RECOVERY_REMINDER,RECOVERY_REMINDER,1,19324.59,SUBSCRIPTION_FAILURE,,19324.59,0,ALTERNATIVE_PAYMENT,1,19324.59,False,0.0
EVT_00007579,ALTERNATIVE_PAYMENT,ALTERNATIVE_PAYMENT,1,5251.02,PAYMENT_FAILURE,EXPIRED_PAYMENT_METHOD,5251.02,0,ALTERNATIVE_PAYMENT,1,5251.02,True,0.0
EVT_00003271,RECOVERY_REMINDER,RECOVERY_REMINDER,0,0.0,SUBSCRIPTION_FAILURE,,2909.1,0,ALTERNATIVE_PAYMENT,1,2909.1,False,2909.1
EVT_00005553,RECOVERY_REMINDER,RECOVERY_REMINDER,0,0.0,SUBSCRIPTION_FAILURE,,2463.08,0,RETRY_LATER,1,2463.08,False,2463.08
EVT_00009779,RECOVERY_REMINDER,RECOVERY_REMINDER,1,3664.27,CHECKOUT_ABANDONMENT,,3664.27,0,RETRY_LATER,1,3664.27,False,0.0
EVT_00003849,RECOVERY_REMINDER,RECOVERY_REMINDER,1,7571.05,CHECKOUT_ABANDONMENT,,7571.05,0,RETRY_LATER,1,7571.05,False,0.0
EVT_00008755,ALTERNATIVE_PAYMENT,ALTERNATIVE_PAYMENT,0,0.0,PAYMENT_FAILURE,EXPIRED_PAYMENT_METHOD,1697.24,1,RECOVERY_REMINDER,1,1697.24,False,1697.24
EVT_00001643,RECOVERY_REMINDER,RECOVERY_REMINDER,0,0.0,SUBSCRIPTION_FAILURE,,22352.41,0,ALTERNATIVE_PAYMENT,1,22352.41,False,22352.41
EVT_00003452,ALTERNATIVE_PAYMENT,ALTERNATIVE_PAYMENT,0,0.0,PAYMENT_FAILURE,TIMEOUT,1661.78,1,RETRY_LATER,1,1661.78,False,1661.78
EVT_00006404,ALTERNATIVE_PAYMENT,ALTERNATIVE_PAYMENT,0,0.0,PAYMENT_FAILURE,TIMEOUT,485.4,1,RETRY_LATER,1,485.4,False,485.4
EVT_00008225,ALTERNATIVE_PAYMENT,ALTERNATIVE_PAYMENT,1,3840.94,PAYMENT_FAILURE,BANK_TECHNICAL_ERROR,3840.94,1,ALTERNATIVE_PAYMENT,1,3840.94,True,0.0
EVT_00008973,RECOVERY_REMINDER,RECOVERY_REMINDER,1,2048.53,CHECKOUT_ABANDONMENT,,2048.53,0,RETRY_LATER,1,2048.53,False,0.0
EVT_00006219,ALTERNATIVE_PAYMENT,ALTERNATIVE_PAYMENT,0,0.0,PAYMENT_FAILURE,TIMEOUT,2250.89,2,RETRY_LATER,1,2250.89,False,2250.89
EVT_00002495,ALTERNATIVE_PAYMENT,ALTERNATIVE_PAYMENT,1,2994.13,PAYMENT_FAILURE,INSUFFICIENT_BALANCE,2994.13,1,ALTERNATIVE_PAYMENT,1,2994.13,True,0.0
EVT_00005999,RECOVERY_REMINDER,RECOVERY_REMINDER,1,13313.13,SUBSCRIPTION_FAILURE,,13313.13,0,ALTERNATIVE_PAYMENT,1,13313.13,False,0.0
EVT_00000252,ALTERNATIVE_PAYMENT,ALTERNATIVE_PAYMENT,0,0.0,PAYMENT_FAILURE,TIMEOUT,4753.21,2,HUMAN_ESCALATION,1,4753.21,False,4753.21
EVT_00003295,ALTERNATIVE_PAYMENT,ALTERNATIVE_PAYMENT,1,788.21,PAYMENT_FAILURE,INSUFFICIENT_BALANCE,788.21,1,RETRY_LATER,1,788.21,False,0.0
EVT_00008655,ALTERNATIVE_PAYMENT,ALTERNATIVE_PAYMENT,1,15907.43,PAYMENT_FAILURE,TIMEOUT,15907.43,2,ALTERNATIVE_PAYMENT,1,15907.43,True,0.0
EVT_00004658,ALTERNATIVE_PAYMENT,ALTERNATIVE_PAYMENT,0,0.0,PAYMENT_FAILURE,TIMEOUT,4010.82,1,HUMAN_ESCALATION,1,4010.82,False,4010.82
EVT_00009949,ALTERNATIVE_PAYMENT,ALTERNATIVE_PAYMENT,0,0.0,SUBSCRIPTION_FAILURE,,12128.96,0,RETRY_LATER,1,12128.96,False,12128.96
EVT_00005803,ALTERNATIVE_PAYMENT,ALTERNATIVE_PAYMENT,0,0.0,PAYMENT_FAILURE,BANK_TECHNICAL_ERROR,6978.37,1,RECOVERY_REMINDER,1,6978.37,False,6978.37
EVT_00008946,RECOVERY_REMINDER,RECOVERY_REMINDER,1,3414.19,SUBSCRIPTION_FAILURE,,3414.19,0,RETRY_LATER,1,3414.19,False,0.0
EVT_00000710,RECOVERY_REMINDER,RECOVERY_REMINDER,0,0.0,SUBSCRIPTION_FAILURE,,21822.29,0,ALTERNATIVE_PAYMENT,1,21822.29,False,21822.29
EVT_00005656,RECOVERY_REMINDER,RECOVERY_REMINDER,1,4928.25,SUBSCRIPTION_FAILURE,,4928.25,0,RETRY_LATER,1,4928.25,False,0.0
EVT_00004141,RECOVERY_REMINDER,RECOVERY_REMINDER,1,2752.67,SUBSCRIPTION_FAILURE,,2752.67,0,RECOVERY_REMINDER,1,2752.67,True,0.0
EVT_00002803,ALTERNATIVE_PAYMENT,ALTERNATIVE_PAYMENT,1,10750.52,PAYMENT_FAILURE,ISSUER_DECLINE,10750.52,2,ALTERNATIVE_PAYMENT,1,10750.52,True,0.0
EVT_00001010,ALTERNATIVE_PAYMENT,ALTERNATIVE_PAYMENT,0,0.0,PAYMENT_FAILURE,BANK_TECHNICAL_ERROR,4643.77,2,RETRY_LATER,1,4643.77,False,4643.77
EVT_00004242,ALTERNATIVE_PAYMENT,ALTERNATIVE_PAYMENT,0,0.0,PAYMENT_FAILURE,INSUFFICIENT_BALANCE,5108.65,3,RETRY_LATER,0,0.0,False,0.0
EVT_00006533,ALTERNATIVE_PAYMENT,ALTERNATIVE_PAYMENT,1,937.09,PAYMENT_FAILURE,TIMEOUT,937.09,0,RETRY_LATER,1,937.09,False,0.0
EVT_00001537,ALTERNATIVE_PAYMENT,ALTERNATIVE_PAYMENT,0,0.0,PAYMENT_FAILURE,PAYMENT_LIMIT,24096.83,2,RECOVERY_REMINDER,1,24096.83,False,24096.83
EVT_00002810,RECOVERY_REMINDER,RECOVERY_REMINDER,1,1791.06,CHECKOUT_ABANDONMENT,,1791.06,0,ALTERNATIVE_PAYMENT,1,1791.06,False,0.0
EVT_00002739,ALTERNATIVE_PAYMENT,ALTERNATIVE_PAYMENT,1,4894.72,PAYMENT_FAILURE,INSUFFICIENT_BALANCE,4894.72,3,ALTERNATIVE_PAYMENT,1,4894.72,True,0.0
EVT_00000523,ALTERNATIVE_PAYMENT,ALTERNATIVE_PAYMENT,0,0.0,PAYMENT_FAILURE,INSUFFICIENT_BALANCE,2427.26,3,RETRY_LATER,0,0.0,False,0.0
EVT_00002691,RECOVERY_REMINDER,RECOVERY_REMINDER,1,4397.35,CHECKOUT_ABANDONMENT,,4397.35,0,RETRY_LATER,1,4397.35,False,0.0
EVT_00002662,RECOVERY_REMINDER,RECOVERY_REMINDER,0,0.0,SUBSCRIPTION_FAILURE,,5725.61,0,HUMAN_ESCALATION,1,5725.61,False,5725.61
EVT_00004058,ALTERNATIVE_PAYMENT,ALTERNATIVE_PAYMENT,1,16525.74,PAYMENT_FAILURE,TIMEOUT,16525.74,3,ALTERNATIVE_PAYMENT,1,16525.74,True,0.0
EVT_00002212,ALTERNATIVE_PAYMENT,ALTERNATIVE_PAYMENT,0,0.0,PAYMENT_FAILURE,TIMEOUT,2102.44,1,RETRY_LATER,1,2102.44,False,2102.44
EVT_00005274,ALTERNATIVE_PAYMENT,ALTERNATIVE_PAYMENT,1,4784.68,PAYMENT_FAILURE,INSUFFICIENT_BALANCE,4784.68,2,ALTERNATIVE_PAYMENT,1,4784.68,True,0.0
EVT_00006979,ALTERNATIVE_PAYMENT,ALTERNATIVE_PAYMENT,1,1781.78,PAYMENT_FAILURE,BANK_TECHNICAL_ERROR,1781.78,3,ALTERNATIVE_PAYMENT,1,1781.78,True,0.0
EVT_00000409,ALTERNATIVE_PAYMENT,ALTERNATIVE_PAYMENT,0,0.0,PAYMENT_FAILURE,PAYMENT_LIMIT,5247.99,1,RETRY_LATER,1,5247.99,False,5247.99
EVT_00002432,RECOVERY_REMINDER,RECOVERY_REMINDER,0,0.0,PAYMENT_FAILURE,TIMEOUT,25708.46,2,HUMAN_ESCALATION,1,25708.46,False,25708.46
EVT_00004363,ALTERNATIVE_PAYMENT,ALTERNATIVE_PAYMENT,0,0.0,PAYMENT_FAILURE,BANK_TECHNICAL_ERROR,5070.8,2,RECOVERY_REMINDER,1,5070.8,False,5070.8
EVT_00008105,RECOVERY_REMINDER,RECOVERY_REMINDER,1,88968.18,CHECKOUT_ABANDONMENT,,88968.18,0,RETRY_LATER,1,88968.18,False,0.0
EVT_00004625,RECOVERY_REMINDER,RECOVERY_REMINDER,1,1961.69,CHECKOUT_ABANDONMENT,,1961.69,0,RETRY_LATER,1,1961.69,False,0.0
EVT_00004730,ALTERNATIVE_PAYMENT,ALTERNATIVE_PAYMENT,1,5974.23,PAYMENT_FAILURE,INSUFFICIENT_BALANCE,5974.23,3,ALTERNATIVE_PAYMENT,1,5974.23,True,0.0
EVT_00004084,RECOVERY_REMINDER,RECOVERY_REMINDER,1,34499.46,CHECKOUT_ABANDONMENT,,34499.46,0,RETRY_LATER,1,34499.46,False,0.0
EVT_00006359,ALTERNATIVE_PAYMENT,ALTERNATIVE_PAYMENT,1,9900.74,PAYMENT_FAILURE,INSUFFICIENT_BALANCE,9900.74,3,ALTERNATIVE_PAYMENT,1,9900.74,True,0.0
EVT_00003433,RECOVERY_REMINDER,RECOVERY_REMINDER,1,10985.9,SUBSCRIPTION_FAILURE,,10985.9,0,RECOVERY_REMINDER,1,10985.9,True,0.0
EVT_00004523,RECOVERY_REMINDER,RECOVERY_REMINDER,0,0.0,CHECKOUT_ABANDONMENT,,2983.97,0,ALTERNATIVE_PAYMENT,1,2983.97,False,2983.97
EVT_00005738,RECOVERY_REMINDER,RECOVERY_REMINDER,0,0.0,PAYMENT_FAILURE,INSUFFICIENT_BALANCE,12631.16,2,RETRY_LATER,0,0.0,False,0.0
EVT_00001768,RECOVERY_REMINDER,RECOVERY_REMINDER,1,4801.24,CHECKOUT_ABANDONMENT,,4801.24,0,RETRY_LATER,1,4801.24,False,0.0
EVT_00004612,ALTERNATIVE_PAYMENT,ALTERNATIVE_PAYMENT,1,7254.98,PAYMENT_FAILURE,ISSUER_DECLINE,7254.98,3,ALTERNATIVE_PAYMENT,1,7254.98,True,0.0
EVT_00000170,RECOVERY_REMINDER,RECOVERY_REMINDER,1,3435.59,CHECKOUT_ABANDONMENT,,3435.59,0,RETRY_LATER,1,3435.59,False,0.0
EVT_00001290,RECOVERY_REMINDER,RECOVERY_REMINDER,1,798.22,SUBSCRIPTION_FAILURE,,798.22,0,RECOVERY_REMINDER,1,798.22,True,0.0
EVT_00007862,ALTERNATIVE_PAYMENT,ALTERNATIVE_PAYMENT,1,4918.36,PAYMENT_FAILURE,PAYMENT_LIMIT,4918.36,3,ALTERNATIVE_PAYMENT,1,4918.36,True,0.0
EVT_00004805,RECOVERY_REMINDER,RECOVERY_REMINDER,1,899.66,CHECKOUT_ABANDONMENT,,899.66,0,RETRY_LATER,1,899.66,False,0.0
EVT_00005029,ALTERNATIVE_PAYMENT,ALTERNATIVE_PAYMENT,1,1807.01,PAYMENT_FAILURE,TIMEOUT,1807.01,1,RETRY_LATER,1,1807.01,False,0.0
EVT_00003963,RECOVERY_REMINDER,RECOVERY_REMINDER,1,10481.13,CHECKOUT_ABANDONMENT,,10481.13,0,ALTERNATIVE_PAYMENT,1,10481.13,False,0.0
EVT_00004703,ALTERNATIVE_PAYMENT,ALTERNATIVE_PAYMENT,0,0.0,PAYMENT_FAILURE,ISSUER_DECLINE,33437.48,0,RECOVERY_REMINDER,1,33437.48,False,33437.48
EVT_00006302,RECOVERY_REMINDER,RECOVERY_REMINDER,0,0.0,SUBSCRIPTION_FAILURE,,989.14,0,RETRY_LATER,1,989.14,False,989.14
EVT_00008320,ALTERNATIVE_PAYMENT,ALTERNATIVE_PAYMENT,1,4176.31,PAYMENT_FAILURE,BANK_TECHNICAL_ERROR,4176.31,3,ALTERNATIVE_PAYMENT,1,4176.31,True,0.0
EVT_00009697,RECOVERY_REMINDER,RECOVERY_REMINDER,1,8965.55,CHECKOUT_ABANDONMENT,,8965.55,0,RECOVERY_REMINDER,1,8965.55,True,0.0
EVT_00009295,ALTERNATIVE_PAYMENT,ALTERNATIVE_PAYMENT,1,19255.37,PAYMENT_FAILURE,EXPIRED_PAYMENT_METHOD,19255.37,0,ALTERNATIVE_PAYMENT,1,19255.37,True,0.0
EVT_00009694,RECOVERY_REMINDER,RECOVERY_REMINDER,1,1981.81,CHECKOUT_ABANDONMENT,,1981.81,0,RECOVERY_REMINDER,1,1981.81,True,0.0
EVT_00004004,RECOVERY_REMINDER,RECOVERY_REMINDER,1,2669.04,CHECKOUT_ABANDONMENT,,2669.04,0,RETRY_LATER,1,2669.04,False,0.0
EVT_00006204,ALTERNATIVE_PAYMENT,ALTERNATIVE_PAYMENT,1,17183.95,PAYMENT_FAILURE,NETWORK_ERROR,17183.95,0,RETRY_LATER,1,17183.95,False,0.0
EVT_00006168,ALTERNATIVE_PAYMENT,ALTERNATIVE_PAYMENT,1,1436.0,PAYMENT_FAILURE,ISSUER_DECLINE,1436.0,2,ALTERNATIVE_PAYMENT,1,1436.0,True,0.0
EVT_00007764,RECOVERY_REMINDER,RECOVERY_REMINDER,1,2134.02,CHECKOUT_ABANDONMENT,,2134.02,0,ALTERNATIVE_PAYMENT,1,2134.02,False,0.0
EVT_00009178,ALTERNATIVE_PAYMENT,ALTERNATIVE_PAYMENT,1,5972.71,PAYMENT_FAILURE,BANK_TECHNICAL_ERROR,5972.71,1,RETRY_LATER,1,5972.71,False,0.0
EVT_00003039,RECOVERY_REMINDER,RECOVERY_REMINDER,0,0.0,SUBSCRIPTION_FAILURE,,2467.95,0,RETRY_LATER,0,0.0,False,0.0
EVT_00005847,ALTERNATIVE_PAYMENT,ALTERNATIVE_PAYMENT,0,0.0,PAYMENT_FAILURE,INSUFFICIENT_BALANCE,2543.64,0,RETRY_LATER,1,2543.64,False,2543.64
EVT_00007241,ALTERNATIVE_PAYMENT,ALTERNATIVE_PAYMENT,0,0.0,PAYMENT_FAILURE,PAYMENT_LIMIT,12914.73,2,RETRY_LATER,0,0.0,False,0.0
EVT_00002550,ALTERNATIVE_PAYMENT,ALTERNATIVE_PAYMENT,0,0.0,PAYMENT_FAILURE,INSUFFICIENT_BALANCE,912.31,2,RETRY_LATER,0,0.0,False,0.0
EVT_00005456,ALTERNATIVE_PAYMENT,ALTERNATIVE_PAYMENT,0,0.0,PAYMENT_FAILURE,INSUFFICIENT_BALANCE,4169.73,1,RECOVERY_REMINDER,1,4169.73,False,4169.73
EVT_00009290,RECOVERY_REMINDER,RECOVERY_REMINDER,1,2462.38,CHECKOUT_ABANDONMENT,,2462.38,0,RETRY_LATER,1,2462.38,False,0.0
EVT_00007636,ALTERNATIVE_PAYMENT,ALTERNATIVE_PAYMENT,1,3844.87,PAYMENT_FAILURE,TIMEOUT,3844.87,2,ALTERNATIVE_PAYMENT,1,3844.87,True,0.0
EVT_00009506,RECOVERY_REMINDER,RECOVERY_REMINDER,1,2362.92,CHECKOUT_ABANDONMENT,,2362.92,0,RECOVERY_REMINDER,1,2362.92,True,0.0
EVT_00005833,RECOVERY_REMINDER,RECOVERY_REMINDER,1,4082.08,CHECKOUT_ABANDONMENT,,4082.08,0,ALTERNATIVE_PAYMENT,1,4082.08,False,0.0
EVT_00000157,ALTERNATIVE_PAYMENT,ALTERNATIVE_PAYMENT,0,0.0,PAYMENT_FAILURE,BANK_TECHNICAL_ERROR,4082.92,1,RECOVERY_REMINDER,1,4082.92,False,4082.92
EVT_00005693,RECOVERY_REMINDER,RECOVERY_REMINDER,0,0.0,CHECKOUT_ABANDONMENT,,1934.04,0,RETRY_LATER,1,1934.04,False,1934.04
EVT_00009953,RECOVERY_REMINDER,RECOVERY_REMINDER,1,8391.69,CHECKOUT_ABANDONMENT,,8391.69,0,RETRY_LATER,1,8391.69,False,0.0
EVT_00008382,RECOVERY_REMINDER,RECOVERY_REMINDER,1,5541.09,CHECKOUT_ABANDONMENT,,5541.09,0,RETRY_LATER,1,5541.09,False,0.0
EVT_00001392,ALTERNATIVE_PAYMENT,ALTERNATIVE_PAYMENT,0,0.0,PAYMENT_FAILURE,NETWORK_ERROR,12242.52,0,RECOVERY_REMINDER,1,12242.52,False,12242.52
EVT_00004360,RECOVERY_REMINDER,RECOVERY_REMINDER,1,13090.71,CHECKOUT_ABANDONMENT,,13090.71,0,RETRY_LATER,1,13090.71,False,0.0
EVT_00000235,ALTERNATIVE_PAYMENT,ALTERNATIVE_PAYMENT,1,8408.57,SUBSCRIPTION_FAILURE,,8408.57,0,ALTERNATIVE_PAYMENT,1,8408.57,True,0.0
EVT_00009582,RECOVERY_REMINDER,RECOVERY_REMINDER,1,9153.62,CHECKOUT_ABANDONMENT,,9153.62,0,RETRY_LATER,1,9153.62,False,0.0
EVT_00004207,ALTERNATIVE_PAYMENT,ALTERNATIVE_PAYMENT,1,14161.57,PAYMENT_FAILURE,BANK_TECHNICAL_ERROR,14161.57,2,ALTERNATIVE_PAYMENT,1,14161.57,True,0.0
EVT_00008935,ALTERNATIVE_PAYMENT,ALTERNATIVE_PAYMENT,1,16086.1,PAYMENT_FAILURE,ISSUER_DECLINE,16086.1,1,ALTERNATIVE_PAYMENT,1,16086.1,True,0.0
EVT_00003664,RECOVERY_REMINDER,RECOVERY_REMINDER,1,3290.55,CHECKOUT_ABANDONMENT,,3290.55,0,RECOVERY_REMINDER,1,3290.55,True,0.0
EVT_00002859,ALTERNATIVE_PAYMENT,ALTERNATIVE_PAYMENT,1,16006.07,PAYMENT_FAILURE,EXPIRED_PAYMENT_METHOD,16006.07,3,ALTERNATIVE_PAYMENT,1,16006.07,True,0.0
EVT_00008593,ALTERNATIVE_PAYMENT,ALTERNATIVE_PAYMENT,1,7685.61,PAYMENT_FAILURE,BANK_TECHNICAL_ERROR,7685.61,0,RETRY_LATER,1,7685.61,False,0.0
EVT_00002225,ALTERNATIVE_PAYMENT,ALTERNATIVE_PAYMENT,1,4869.28,PAYMENT_FAILURE,ISSUER_DECLINE,4869.28,1,ALTERNATIVE_PAYMENT,1,4869.28,True,0.0
EVT_00005825,ALTERNATIVE_PAYMENT,ALTERNATIVE_PAYMENT,0,0.0,PAYMENT_FAILURE,ISSUER_DECLINE,10975.68,2,RETRY_LATER,0,0.0,False,0.0
EVT_00004557,ALTERNATIVE_PAYMENT,ALTERNATIVE_PAYMENT,1,2249.74,PAYMENT_FAILURE,NETWORK_ERROR,2249.74,2,ALTERNATIVE_PAYMENT,1,2249.74,True,0.0
EVT_00009662,ALTERNATIVE_PAYMENT,ALTERNATIVE_PAYMENT,1,3321.04,PAYMENT_FAILURE,BANK_TECHNICAL_ERROR,3321.04,3,ALTERNATIVE_PAYMENT,1,3321.04,True,0.0
EVT_00000821,ALTERNATIVE_PAYMENT,ALTERNATIVE_PAYMENT,1,6010.59,PAYMENT_FAILURE,BANK_TECHNICAL_ERROR,6010.59,1,RETRY_LATER,1,6010.59,False,0.0
EVT_00009436,ALTERNATIVE_PAYMENT,ALTERNATIVE_PAYMENT,0,0.0,PAYMENT_FAILURE,PAYMENT_LIMIT,4587.8,0,RETRY_LATER,0,0.0,False,0.0
EVT_00002341,ALTERNATIVE_PAYMENT,ALTERNATIVE_PAYMENT,0,0.0,PAYMENT_FAILURE,ISSUER_DECLINE,9921.94,3,RETRY_LATER,0,0.0,False,0.0
EVT_00005109,ALTERNATIVE_PAYMENT,ALTERNATIVE_PAYMENT,1,3341.36,SUBSCRIPTION_FAILURE,,3341.36,0,ALTERNATIVE_PAYMENT,1,3341.36,True,0.0
EVT_00009058,RECOVERY_REMINDER,RECOVERY_REMINDER,1,6025.4,CHECKOUT_ABANDONMENT,,6025.4,0,RETRY_LATER,1,6025.4,False,0.0
EVT_00007148,ALTERNATIVE_PAYMENT,ALTERNATIVE_PAYMENT,0,0.0,SUBSCRIPTION_FAILURE,,5065.11,0,RETRY_LATER,0,0.0,False,0.0
EVT_00002897,ALTERNATIVE_PAYMENT,ALTERNATIVE_PAYMENT,0,0.0,PAYMENT_FAILURE,INSUFFICIENT_BALANCE,8219.27,3,RETRY_LATER,0,0.0,False,0.0
EVT_00007628,ALTERNATIVE_PAYMENT,ALTERNATIVE_PAYMENT,1,3576.53,SUBSCRIPTION_FAILURE,,3576.53,0,ALTERNATIVE_PAYMENT,1,3576.53,True,0.0
EVT_00008345,RECOVERY_REMINDER,RECOVERY_REMINDER,0,0.0,SUBSCRIPTION_FAILURE,,5052.77,0,RETRY_LATER,0,0.0,False,0.0
EVT_00002721,ALTERNATIVE_PAYMENT,ALTERNATIVE_PAYMENT,0,0.0,PAYMENT_FAILURE,PAYMENT_LIMIT,2255.53,2,RETRY_LATER,0,0.0,False,0.0
EVT_00005846,ALTERNATIVE_PAYMENT,ALTERNATIVE_PAYMENT,1,1508.81,PAYMENT_FAILURE,TIMEOUT,1508.81,3,ALTERNATIVE_PAYMENT,1,1508.81,True,0.0
EVT_00007546,ALTERNATIVE_PAYMENT,ALTERNATIVE_PAYMENT,1,16878.7,PAYMENT_FAILURE,EXPIRED_PAYMENT_METHOD,16878.7,1,RETRY_LATER,1,16878.7,False,0.0
EVT_00009019,RECOVERY_REMINDER,RECOVERY_REMINDER,1,5684.16,CHECKOUT_ABANDONMENT,,5684.16,0,RETRY_LATER,1,5684.16,False,0.0
EVT_00008214,RECOVERY_REMINDER,RECOVERY_REMINDER,1,9368.25,CHECKOUT_ABANDONMENT,,9368.25,0,RETRY_LATER,1,9368.25,False,0.0
EVT_00007232,RECOVERY_REMINDER,RECOVERY_REMINDER,0,0.0,PAYMENT_FAILURE,INSUFFICIENT_BALANCE,1496.88,2,RETRY_LATER,0,0.0,False,0.0
EVT_00001297,ALTERNATIVE_PAYMENT,ALTERNATIVE_PAYMENT,1,9399.55,PAYMENT_FAILURE,PAYMENT_LIMIT,9399.55,2,ALTERNATIVE_PAYMENT,1,9399.55,True,0.0
EVT_00005245,ALTERNATIVE_PAYMENT,ALTERNATIVE_PAYMENT,0,0.0,PAYMENT_FAILURE,BANK_TECHNICAL_ERROR,1322.46,1,RETRY_LATER,1,1322.46,False,1322.46
EVT_00007818,RECOVERY_REMINDER,RECOVERY_REMINDER,0,0.0,PAYMENT_FAILURE,BANK_TECHNICAL_ERROR,12810.68,2,RETRY_LATER,1,12810.68,False,12810.68
EVT_00002518,ALTERNATIVE_PAYMENT,ALTERNATIVE_PAYMENT,1,6927.6,PAYMENT_FAILURE,BANK_TECHNICAL_ERROR,6927.6,0,RETRY_LATER,1,6927.6,False,0.0
EVT_00004900,ALTERNATIVE_PAYMENT,ALTERNATIVE_PAYMENT,0,0.0,PAYMENT_FAILURE,NETWORK_ERROR,5464.38,3,RETRY_LATER,0,0.0,False,0.0
EVT_00000989,ALTERNATIVE_PAYMENT,ALTERNATIVE_PAYMENT,1,4132.09,PAYMENT_FAILURE,BANK_TECHNICAL_ERROR,4132.09,3,ALTERNATIVE_PAYMENT,1,4132.09,True,0.0
EVT_00001058,ALTERNATIVE_PAYMENT,ALTERNATIVE_PAYMENT,1,3198.05,PAYMENT_FAILURE,TIMEOUT,3198.05,2,ALTERNATIVE_PAYMENT,1,3198.05,True,0.0
EVT_00007982,ALTERNATIVE_PAYMENT,ALTERNATIVE_PAYMENT,0,0.0,PAYMENT_FAILURE,INSUFFICIENT_BALANCE,115935.22,0,RETRY_LATER,1,115935.22,False,115935.22
EVT_00006674,RECOVERY_REMINDER,RECOVERY_REMINDER,0,0.0,SUBSCRIPTION_FAILURE,,17457.77,0,ALTERNATIVE_PAYMENT,1,17457.77,False,17457.77
EVT_00000105,ALTERNATIVE_PAYMENT,ALTERNATIVE_PAYMENT,1,17395.38,PAYMENT_FAILURE,INSUFFICIENT_BALANCE,17395.38,1,RETRY_LATER,1,17395.38,False,0.0
EVT_00006635,ALTERNATIVE_PAYMENT,ALTERNATIVE_PAYMENT,1,5484.45,PAYMENT_FAILURE,NETWORK_ERROR,5484.45,0,RETRY_LATER,1,5484.45,False,0.0
EVT_00009101,ALTERNATIVE_PAYMENT,ALTERNATIVE_PAYMENT,1,2456.37,PAYMENT_FAILURE,PAYMENT_LIMIT,2456.37,1,ALTERNATIVE_PAYMENT,1,2456.37,True,0.0
EVT_00003611,ALTERNATIVE_PAYMENT,ALTERNATIVE_PAYMENT,0,0.0,PAYMENT_FAILURE,INSUFFICIENT_BALANCE,6231.42,2,RETRY_LATER,0,0.0,False,0.0
EVT_00008684,RECOVERY_REMINDER,RECOVERY_REMINDER,1,21993.71,CHECKOUT_ABANDONMENT,,21993.71,0,RETRY_LATER,1,21993.71,False,0.0
EVT_00003437,ALTERNATIVE_PAYMENT,ALTERNATIVE_PAYMENT,1,1971.75,PAYMENT_FAILURE,NETWORK_ERROR,1971.75,0,RETRY_LATER,1,1971.75,False,0.0
EVT_00008812,RECOVERY_REMINDER,RECOVERY_REMINDER,1,21350.06,CHECKOUT_ABANDONMENT,,21350.06,0,RETRY_LATER,1,21350.06,False,0.0
EVT_00004736,ALTERNATIVE_PAYMENT,ALTERNATIVE_PAYMENT,0,0.0,PAYMENT_FAILURE,TIMEOUT,3243.86,1,RETRY_LATER,0,0.0,False,0.0
EVT_00002558,ALTERNATIVE_PAYMENT,ALTERNATIVE_PAYMENT,0,0.0,PAYMENT_FAILURE,ISSUER_DECLINE,5019.24,1,RETRY_LATER,0,0.0,False,0.0
EVT_00009241,RECOVERY_REMINDER,RECOVERY_REMINDER,1,12024.69,CHECKOUT_ABANDONMENT,,12024.69,0,RETRY_LATER,1,12024.69,False,0.0
EVT_00005821,ALTERNATIVE_PAYMENT,ALTERNATIVE_PAYMENT,1,8701.46,PAYMENT_FAILURE,TIMEOUT,8701.46,1,ALTERNATIVE_PAYMENT,1,8701.46,True,0.0
EVT_00004437,ALTERNATIVE_PAYMENT,ALTERNATIVE_PAYMENT,0,0.0,SUBSCRIPTION_FAILURE,,2462.58,0,RETRY_LATER,0,0.0,False,0.0
EVT_00006990,ALTERNATIVE_PAYMENT,ALTERNATIVE_PAYMENT,0,0.0,PAYMENT_FAILURE,NETWORK_ERROR,6284.56,1,RECOVERY_REMINDER,1,6284.56,False,6284.56
EVT_00005489,ALTERNATIVE_PAYMENT,ALTERNATIVE_PAYMENT,1,1538.56,PAYMENT_FAILURE,ISSUER_DECLINE,1538.56,2,ALTERNATIVE_PAYMENT,1,1538.56,True,0.0
EVT_00000055,RECOVERY_REMINDER,RECOVERY_REMINDER,1,3842.3,SUBSCRIPTION_FAILURE,,3842.3,0,RETRY_LATER,1,3842.3,False,0.0
EVT_00003780,RECOVERY_REMINDER,RECOVERY_REMINDER,0,0.0,CHECKOUT_ABANDONMENT,,846.56,0,RETRY_LATER,1,846.56,False,846.56
EVT_00009556,RECOVERY_REMINDER,RECOVERY_REMINDER,0,0.0,CHECKOUT_ABANDONMENT,,6894.45,0,RETRY_LATER,1,6894.45,False,6894.45
EVT_00006776,RECOVERY_REMINDER,RECOVERY_REMINDER,0,0.0,SUBSCRIPTION_FAILURE,,1145.47,0,RETRY_LATER,1,1145.47,False,1145.47
EVT_00007721,RETRY_LATER,RETRY_LATER,1,4556.71,PAYMENT_FAILURE,BANK_TECHNICAL_ERROR,4556.71,1,RETRY_LATER,1,4556.71,True,0.0
EVT_00002511,ALTERNATIVE_PAYMENT,ALTERNATIVE_PAYMENT,0,0.0,PAYMENT_FAILURE,TIMEOUT,5180.09,0,RETRY_LATER,1,5180.09,False,5180.09
EVT_00008466,ALTERNATIVE_PAYMENT,ALTERNATIVE_PAYMENT,0,0.0,PAYMENT_FAILURE,ISSUER_DECLINE,4783.52,3,RETRY_LATER,0,0.0,False,0.0
EVT_00004813,RECOVERY_REMINDER,RECOVERY_REMINDER,0,0.0,SUBSCRIPTION_FAILURE,,9329.58,0,RETRY_LATER,1,9329.58,False,9329.58
EVT_00000041,HUMAN_ESCALATION,HUMAN_ESCALATION,0,0.0,PAYMENT_FAILURE,INSUFFICIENT_BALANCE,41614.64,3,RETRY_LATER,0,0.0,False,0.0
EVT_00000969,RECOVERY_REMINDER,RECOVERY_REMINDER,0,0.0,SUBSCRIPTION_FAILURE,,31574.1,0,RETRY_LATER,1,31574.1,False,31574.1
EVT_00005144,RECOVERY_REMINDER,RECOVERY_REMINDER,1,2949.35,CHECKOUT_ABANDONMENT,,2949.35,0,ALTERNATIVE_PAYMENT,1,2949.35,False,0.0
EVT_00002560,ALTERNATIVE_PAYMENT,ALTERNATIVE_PAYMENT,1,721.5,PAYMENT_FAILURE,ISSUER_DECLINE,721.5,0,ALTERNATIVE_PAYMENT,1,721.5,True,0.0
EVT_00004868,ALTERNATIVE_PAYMENT,ALTERNATIVE_PAYMENT,0,0.0,PAYMENT_FAILURE,INSUFFICIENT_BALANCE,1734.12,0,RECOVERY_REMINDER,1,1734.12,False,1734.12
EVT_00002426,ALTERNATIVE_PAYMENT,ALTERNATIVE_PAYMENT,1,6820.92,PAYMENT_FAILURE,BANK_TECHNICAL_ERROR,6820.92,1,ALTERNATIVE_PAYMENT,1,6820.92,True,0.0
EVT_00009328,RECOVERY_REMINDER,RECOVERY_REMINDER,1,15550.09,CHECKOUT_ABANDONMENT,,15550.09,0,RETRY_LATER,1,15550.09,False,0.0
EVT_00009494,ALTERNATIVE_PAYMENT,ALTERNATIVE_PAYMENT,0,0.0,PAYMENT_FAILURE,INSUFFICIENT_BALANCE,6916.95,2,RETRY_LATER,0,0.0,False,0.0
EVT_00000008,RECOVERY_REMINDER,RECOVERY_REMINDER,1,4906.6,CHECKOUT_ABANDONMENT,,4906.6,0,RETRY_LATER,1,4906.6,False,0.0
EVT_00007543,ALTERNATIVE_PAYMENT,ALTERNATIVE_PAYMENT,0,0.0,PAYMENT_FAILURE,ISSUER_DECLINE,7637.72,3,RETRY_LATER,0,0.0,False,0.0
EVT_00008576,ALTERNATIVE_PAYMENT,ALTERNATIVE_PAYMENT,0,0.0,PAYMENT_FAILURE,INSUFFICIENT_BALANCE,39908.07,0,HUMAN_ESCALATION,1,39908.07,False,39908.07
EVT_00009593,ALTERNATIVE_PAYMENT,ALTERNATIVE_PAYMENT,1,2188.8,PAYMENT_FAILURE,BANK_TECHNICAL_ERROR,2188.8,2,ALTERNATIVE_PAYMENT,1,2188.8,True,0.0
EVT_00001419,RECOVERY_REMINDER,RECOVERY_REMINDER,1,18601.64,CHECKOUT_ABANDONMENT,,18601.64,0,RETRY_LATER,1,18601.64,False,0.0
EVT_00005784,RECOVERY_REMINDER,RECOVERY_REMINDER,0,0.0,CHECKOUT_ABANDONMENT,,11168.39,0,ALTERNATIVE_PAYMENT,1,11168.39,False,11168.39
EVT_00003371,ALTERNATIVE_PAYMENT,ALTERNATIVE_PAYMENT,0,0.0,PAYMENT_FAILURE,ISSUER_DECLINE,5865.74,1,RECOVERY_REMINDER,1,5865.74,False,5865.74
EVT_00000709,ALTERNATIVE_PAYMENT,ALTERNATIVE_PAYMENT,0,0.0,PAYMENT_FAILURE,TIMEOUT,3375.11,0,RETRY_LATER,1,3375.11,False,3375.11
EVT_00002454,RECOVERY_REMINDER,RECOVERY_REMINDER,1,6665.21,CHECKOUT_ABANDONMENT,,6665.21,0,RETRY_LATER,1,6665.21,False,0.0
EVT_00003376,ALTERNATIVE_PAYMENT,ALTERNATIVE_PAYMENT,1,1512.18,PAYMENT_FAILURE,ISSUER_DECLINE,1512.18,1,ALTERNATIVE_PAYMENT,1,1512.18,True,0.0
EVT_00000879,RECOVERY_REMINDER,RECOVERY_REMINDER,1,1081.91,PAYMENT_FAILURE,TIMEOUT,1081.91,0,RECOVERY_REMINDER,1,1081.91,True,0.0
EVT_00005148,ALTERNATIVE_PAYMENT,ALTERNATIVE_PAYMENT,0,0.0,PAYMENT_FAILURE,NETWORK_ERROR,340.54,1,RETRY_LATER,0,0.0,False,0.0
EVT_00007302,RECOVERY_REMINDER,RECOVERY_REMINDER,1,1439.04,CHECKOUT_ABANDONMENT,,1439.04,0,RECOVERY_REMINDER,1,1439.04,True,0.0
EVT_00003574,ALTERNATIVE_PAYMENT,ALTERNATIVE_PAYMENT,0,0.0,SUBSCRIPTION_FAILURE,,6750.62,0,RECOVERY_REMINDER,1,6750.62,False,6750.62
EVT_00006217,RECOVERY_REMINDER,RECOVERY_REMINDER,1,9838.04,CHECKOUT_ABANDONMENT,,9838.04,0,RETRY_LATER,1,9838.04,False,0.0
EVT_00008275,ALTERNATIVE_PAYMENT,ALTERNATIVE_PAYMENT,0,0.0,PAYMENT_FAILURE,ISSUER_DECLINE,4335.55,1,RETRY_LATER,0,0.0,False,0.0
EVT_00004083,ALTERNATIVE_PAYMENT,ALTERNATIVE_PAYMENT,1,6917.45,PAYMENT_FAILURE,ISSUER_DECLINE,6917.45,1,ALTERNATIVE_PAYMENT,1,6917.45,True,0.0
EVT_00004581,ALTERNATIVE_PAYMENT,ALTERNATIVE_PAYMENT,1,5970.25,PAYMENT_FAILURE,BANK_TECHNICAL_ERROR,5970.25,0,RETRY_LATER,1,5970.25,False,0.0
EVT_00005502,RECOVERY_REMINDER,RECOVERY_REMINDER,1,974.01,PAYMENT_FAILURE,INSUFFICIENT_BALANCE,974.01,2,RECOVERY_REMINDER,1,974.01,True,0.0
EVT_00000716,ALTERNATIVE_PAYMENT,ALTERNATIVE_PAYMENT,1,8078.25,SUBSCRIPTION_FAILURE,,8078.25,0,RETRY_LATER,1,8078.25,False,0.0
EVT_00006737,ALTERNATIVE_PAYMENT,ALTERNATIVE_PAYMENT,0,0.0,PAYMENT_FAILURE,PAYMENT_LIMIT,4539.23,2,RETRY_LATER,0,0.0,False,0.0
EVT_00002963,RECOVERY_REMINDER,RECOVERY_REMINDER,1,4390.64,CHECKOUT_ABANDONMENT,,4390.64,0,RETRY_LATER,1,4390.64,False,0.0
EVT_00000978,RECOVERY_REMINDER,RECOVERY_REMINDER,1,4572.18,SUBSCRIPTION_FAILURE,,4572.18,0,RETRY_LATER,1,4572.18,False,0.0
EVT_00007887,RECOVERY_REMINDER,RECOVERY_REMINDER,1,4875.93,PAYMENT_FAILURE,INSUFFICIENT_BALANCE,4875.93,2,RECOVERY_REMINDER,1,4875.93,True,0.0
EVT_00003964,ALTERNATIVE_PAYMENT,ALTERNATIVE_PAYMENT,1,4073.28,PAYMENT_FAILURE,PAYMENT_LIMIT,4073.28,2,ALTERNATIVE_PAYMENT,1,4073.28,True,0.0
EVT_00004988,ALTERNATIVE_PAYMENT,ALTERNATIVE_PAYMENT,1,3466.86,SUBSCRIPTION_FAILURE,,3466.86,0,ALTERNATIVE_PAYMENT,1,3466.86,True,0.0
EVT_00002811,ALTERNATIVE_PAYMENT,ALTERNATIVE_PAYMENT,1,1422.88,PAYMENT_FAILURE,PAYMENT_LIMIT,1422.88,1,ALTERNATIVE_PAYMENT,1,1422.88,True,0.0
EVT_00009554,RECOVERY_REMINDER,RECOVERY_REMINDER,0,0.0,PAYMENT_FAILURE,TIMEOUT,17079.1,1,ALTERNATIVE_PAYMENT,1,17079.1,False,17079.1
EVT_00001633,ALTERNATIVE_PAYMENT,ALTERNATIVE_PAYMENT,0,0.0,PAYMENT_FAILURE,PAYMENT_LIMIT,6492.45,1,RECOVERY_REMINDER,1,6492.45,False,6492.45
EVT_00008071,RECOVERY_REMINDER,RECOVERY_REMINDER,0,0.0,PAYMENT_FAILURE,TIMEOUT,2064.24,2,RETRY_LATER,0,0.0,False,0.0
EVT_00003156,ALTERNATIVE_PAYMENT,ALTERNATIVE_PAYMENT,0,0.0,PAYMENT_FAILURE,ISSUER_DECLINE,21612.68,0,RETRY_LATER,1,21612.68,False,21612.68
EVT_00006604,RECOVERY_REMINDER,RECOVERY_REMINDER,1,1428.84,CHECKOUT_ABANDONMENT,,1428.84,0,RETRY_LATER,1,1428.84,False,0.0
EVT_00005477,ALTERNATIVE_PAYMENT,ALTERNATIVE_PAYMENT,0,0.0,PAYMENT_FAILURE,NETWORK_ERROR,14497.19,3,HUMAN_ESCALATION,1,14497.19,False,14497.19
EVT_00002579,ALTERNATIVE_PAYMENT,ALTERNATIVE_PAYMENT,0,0.0,PAYMENT_FAILURE,BANK_TECHNICAL_ERROR,17462.04,0,RETRY_LATER,1,17462.04,False,17462.04
EVT_00004885,ALTERNATIVE_PAYMENT,ALTERNATIVE_PAYMENT,1,7961.74,SUBSCRIPTION_FAILURE,,7961.74,0,ALTERNATIVE_PAYMENT,1,7961.74,True,0.0
EVT_00000219,RECOVERY_REMINDER,RECOVERY_REMINDER,1,19584.46,CHECKOUT_ABANDONMENT,,19584.46,0,RETRY_LATER,1,19584.46,False,0.0
EVT_00003132,RECOVERY_REMINDER,RECOVERY_REMINDER,1,1422.87,SUBSCRIPTION_FAILURE,,1422.87,0,RETRY_LATER,1,1422.87,False,0.0
EVT_00002863,RECOVERY_REMINDER,RECOVERY_REMINDER,1,2786.74,CHECKOUT_ABANDONMENT,,2786.74,0,RETRY_LATER,1,2786.74,False,0.0
EVT_00000634,RECOVERY_REMINDER,RECOVERY_REMINDER,1,4215.38,CHECKOUT_ABANDONMENT,,4215.38,0,RETRY_LATER,1,4215.38,False,0.0
EVT_00001646,ALTERNATIVE_PAYMENT,ALTERNATIVE_PAYMENT,1,4970.76,PAYMENT_FAILURE,INSUFFICIENT_BALANCE,4970.76,1,ALTERNATIVE_PAYMENT,1,4970.76,True,0.0
EVT_00006158,RECOVERY_REMINDER,RECOVERY_REMINDER,1,2764.47,CHECKOUT_ABANDONMENT,,2764.47,0,ALTERNATIVE_PAYMENT,1,2764.47,False,0.0
EVT_00008139,ALTERNATIVE_PAYMENT,ALTERNATIVE_PAYMENT,1,13434.8,PAYMENT_FAILURE,BANK_TECHNICAL_ERROR,13434.8,0,RETRY_LATER,1,13434.8,False,0.0
EVT_00004780,ALTERNATIVE_PAYMENT,ALTERNATIVE_PAYMENT,1,9401.04,PAYMENT_FAILURE,ISSUER_DECLINE,9401.04,2,ALTERNATIVE_PAYMENT,1,9401.04,True,0.0
EVT_00008947,ALTERNATIVE_PAYMENT,ALTERNATIVE_PAYMENT,1,5460.11,PAYMENT_FAILURE,ISSUER_DECLINE,5460.11,0,ALTERNATIVE_PAYMENT,1,5460.11,True,0.0
EVT_00004760,RECOVERY_REMINDER,RECOVERY_REMINDER,0,0.0,CHECKOUT_ABANDONMENT,,8982.64,0,RETRY_LATER,1,8982.64,False,8982.64
EVT_00003175,ALTERNATIVE_PAYMENT,ALTERNATIVE_PAYMENT,0,0.0,PAYMENT_FAILURE,INSUFFICIENT_BALANCE,6697.0,0,RECOVERY_REMINDER,1,6697.0,False,6697.0
EVT_00001692,RECOVERY_REMINDER,RECOVERY_REMINDER,0,0.0,PAYMENT_FAILURE,INSUFFICIENT_BALANCE,4785.2,1,RETRY_LATER,0,0.0,False,0.0
EVT_00001356,ALTERNATIVE_PAYMENT,ALTERNATIVE_PAYMENT,1,1274.4,PAYMENT_FAILURE,EXPIRED_PAYMENT_METHOD,1274.4,2,ALTERNATIVE_PAYMENT,1,1274.4,True,0.0
EVT_00002387,ALTERNATIVE_PAYMENT,ALTERNATIVE_PAYMENT,0,0.0,PAYMENT_FAILURE,BANK_TECHNICAL_ERROR,4066.22,3,HUMAN_ESCALATION,1,4066.22,False,4066.22
EVT_00005356,ALTERNATIVE_PAYMENT,ALTERNATIVE_PAYMENT,1,20431.11,PAYMENT_FAILURE,PAYMENT_LIMIT,20431.11,0,ALTERNATIVE_PAYMENT,1,20431.11,True,0.0
EVT_00009383,ALTERNATIVE_PAYMENT,ALTERNATIVE_PAYMENT,1,3845.19,PAYMENT_FAILURE,INSUFFICIENT_BALANCE,3845.19,0,ALTERNATIVE_PAYMENT,1,3845.19,True,0.0
EVT_00005420,ALTERNATIVE_PAYMENT,ALTERNATIVE_PAYMENT,0,0.0,PAYMENT_FAILURE,INSUFFICIENT_BALANCE,4819.16,3,RETRY_LATER,0,0.0,False,0.0
EVT_00005313,RECOVERY_REMINDER,RECOVERY_REMINDER,1,2943.63,CHECKOUT_ABANDONMENT,,2943.63,0,RETRY_LATER,1,2943.63,False,0.0
EVT_00002656,RECOVERY_REMINDER,RECOVERY_REMINDER,1,2393.47,CHECKOUT_ABANDONMENT,,2393.47,0,RETRY_LATER,1,2393.47,False,0.0
EVT_00008915,ALTERNATIVE_PAYMENT,ALTERNATIVE_PAYMENT,0,0.0,PAYMENT_FAILURE,ISSUER_DECLINE,10593.57,0,RETRY_LATER,0,0.0,False,0.0
EVT_00006274,RECOVERY_REMINDER,RECOVERY_REMINDER,1,3465.08,CHECKOUT_ABANDONMENT,,3465.08,0,ALTERNATIVE_PAYMENT,1,3465.08,False,0.0
EVT_00003473,RECOVERY_REMINDER,RECOVERY_REMINDER,1,880.86,CHECKOUT_ABANDONMENT,,880.86,0,ALTERNATIVE_PAYMENT,1,880.86,False,0.0
EVT_00002931,RECOVERY_REMINDER,RECOVERY_REMINDER,0,0.0,CHECKOUT_ABANDONMENT,,20421.33,0,RETRY_LATER,1,20421.33,False,20421.33
EVT_00009210,ALTERNATIVE_PAYMENT,ALTERNATIVE_PAYMENT,1,593.84,PAYMENT_FAILURE,EXPIRED_PAYMENT_METHOD,593.84,3,ALTERNATIVE_PAYMENT,1,593.84,True,0.0
EVT_00004571,ALTERNATIVE_PAYMENT,ALTERNATIVE_PAYMENT,0,0.0,PAYMENT_FAILURE,INSUFFICIENT_BALANCE,1937.11,2,RETRY_LATER,0,0.0,False,0.0
EVT_00008191,ALTERNATIVE_PAYMENT,ALTERNATIVE_PAYMENT,1,2148.43,PAYMENT_FAILURE,INSUFFICIENT_BALANCE,2148.43,1,ALTERNATIVE_PAYMENT,1,2148.43,True,0.0
EVT_00008120,RECOVERY_REMINDER,RECOVERY_REMINDER,1,17160.27,PAYMENT_FAILURE,NETWORK_ERROR,17160.27,2,RETRY_LATER,1,17160.27,False,0.0
EVT_00000352,RECOVERY_REMINDER,RECOVERY_REMINDER,1,1059.31,CHECKOUT_ABANDONMENT,,1059.31,0,RETRY_LATER,1,1059.31,False,0.0
EVT_00007588,RECOVERY_REMINDER,RECOVERY_REMINDER,1,10756.75,CHECKOUT_ABANDONMENT,,10756.75,0,ALTERNATIVE_PAYMENT,1,10756.75,False,0.0
EVT_00001658,ALTERNATIVE_PAYMENT,ALTERNATIVE_PAYMENT,0,0.0,PAYMENT_FAILURE,INSUFFICIENT_BALANCE,1467.11,1,RETRY_LATER,1,1467.11,False,1467.11
EVT_00004420,ALTERNATIVE_PAYMENT,ALTERNATIVE_PAYMENT,0,0.0,PAYMENT_FAILURE,ISSUER_DECLINE,3512.94,2,RETRY_LATER,0,0.0,False,0.0
EVT_00010000,RECOVERY_REMINDER,RECOVERY_REMINDER,1,5311.95,CHECKOUT_ABANDONMENT,,5311.95,0,ALTERNATIVE_PAYMENT,1,5311.95,False,0.0
EVT_00006170,RECOVERY_REMINDER,RECOVERY_REMINDER,1,2315.59,SUBSCRIPTION_FAILURE,,2315.59,0,RECOVERY_REMINDER,1,2315.59,True,0.0
EVT_00008985,ALTERNATIVE_PAYMENT,ALTERNATIVE_PAYMENT,1,3922.56,PAYMENT_FAILURE,TIMEOUT,3922.56,3,ALTERNATIVE_PAYMENT,1,3922.56,True,0.0
EVT_00008505,RECOVERY_REMINDER,RECOVERY_REMINDER,1,5175.88,CHECKOUT_ABANDONMENT,,5175.88,0,ALTERNATIVE_PAYMENT,1,5175.88,False,0.0
EVT_00003104,ALTERNATIVE_PAYMENT,ALTERNATIVE_PAYMENT,1,2780.86,PAYMENT_FAILURE,INSUFFICIENT_BALANCE,2780.86,1,ALTERNATIVE_PAYMENT,1,2780.86,True,0.0
EVT_00009794,ALTERNATIVE_PAYMENT,ALTERNATIVE_PAYMENT,1,4295.58,PAYMENT_FAILURE,PAYMENT_LIMIT,4295.58,0,RETRY_LATER,1,4295.58,False,0.0
EVT_00008735,RECOVERY_REMINDER,RECOVERY_REMINDER,1,1095.12,CHECKOUT_ABANDONMENT,,1095.12,0,RETRY_LATER,1,1095.12,False,0.0
EVT_00000054,RECOVERY_REMINDER,RECOVERY_REMINDER,1,2269.1,CHECKOUT_ABANDONMENT,,2269.1,0,RETRY_LATER,1,2269.1,False,0.0
EVT_00000642,ALTERNATIVE_PAYMENT,ALTERNATIVE_PAYMENT,1,12163.7,PAYMENT_FAILURE,ISSUER_DECLINE,12163.7,3,ALTERNATIVE_PAYMENT,1,12163.7,True,0.0
EVT_00005249,ALTERNATIVE_PAYMENT,ALTERNATIVE_PAYMENT,1,6820.96,PAYMENT_FAILURE,BANK_TECHNICAL_ERROR,6820.96,2,ALTERNATIVE_PAYMENT,1,6820.96,True,0.0
EVT_00008746,ALTERNATIVE_PAYMENT,ALTERNATIVE_PAYMENT,0,0.0,PAYMENT_FAILURE,INSUFFICIENT_BALANCE,4356.64,0,HUMAN_ESCALATION,1,4356.64,False,4356.64
EVT_00004351,RECOVERY_REMINDER,RECOVERY_REMINDER,0,0.0,SUBSCRIPTION_FAILURE,,1293.03,0,ALTERNATIVE_PAYMENT,1,1293.03,False,1293.03
EVT_00002030,ALTERNATIVE_PAYMENT,ALTERNATIVE_PAYMENT,0,0.0,PAYMENT_FAILURE,TIMEOUT,4262.04,1,RETRY_LATER,0,0.0,False,0.0
EVT_00001642,ALTERNATIVE_PAYMENT,ALTERNATIVE_PAYMENT,0,0.0,PAYMENT_FAILURE,NETWORK_ERROR,3280.12,0,RETRY_LATER,1,3280.12,False,3280.12
EVT_00003384,RECOVERY_REMINDER,RECOVERY_REMINDER,1,4497.42,CHECKOUT_ABANDONMENT,,4497.42,0,ALTERNATIVE_PAYMENT,1,4497.42,False,0.0
EVT_00005156,ALTERNATIVE_PAYMENT,ALTERNATIVE_PAYMENT,0,0.0,PAYMENT_FAILURE,INSUFFICIENT_BALANCE,1351.02,0,RETRY_LATER,1,1351.02,False,1351.02
EVT_00000092,ALTERNATIVE_PAYMENT,ALTERNATIVE_PAYMENT,1,683.07,PAYMENT_FAILURE,ISSUER_DECLINE,683.07,0,RETRY_LATER,1,683.07,False,0.0
EVT_00002783,ALTERNATIVE_PAYMENT,ALTERNATIVE_PAYMENT,1,2300.23,PAYMENT_FAILURE,EXPIRED_PAYMENT_METHOD,2300.23,3,ALTERNATIVE_PAYMENT,1,2300.23,True,0.0
EVT_00001047,RECOVERY_REMINDER,RECOVERY_REMINDER,0,0.0,SUBSCRIPTION_FAILURE,,3930.1,0,HUMAN_ESCALATION,1,3930.1,False,3930.1
EVT_00007413,ALTERNATIVE_PAYMENT,ALTERNATIVE_PAYMENT,1,7293.54,SUBSCRIPTION_FAILURE,,7293.54,0,RETRY_LATER,1,7293.54,False,0.0
EVT_00000807,ALTERNATIVE_PAYMENT,ALTERNATIVE_PAYMENT,0,0.0,PAYMENT_FAILURE,EXPIRED_PAYMENT_METHOD,6120.8,2,RETRY_LATER,0,0.0,False,0.0
EVT_00006095,RECOVERY_REMINDER,RECOVERY_REMINDER,0,0.0,SUBSCRIPTION_FAILURE,,2208.0,0,RETRY_LATER,1,2208.0,False,2208.0
EVT_00000775,ALTERNATIVE_PAYMENT,ALTERNATIVE_PAYMENT,0,0.0,PAYMENT_FAILURE,NETWORK_ERROR,4276.68,1,RETRY_LATER,1,4276.68,False,4276.68
EVT_00005642,RECOVERY_REMINDER,RECOVERY_REMINDER,1,33633.03,SUBSCRIPTION_FAILURE,,33633.03,0,RETRY_LATER,1,33633.03,False,0.0
EVT_00004341,RECOVERY_REMINDER,RECOVERY_REMINDER,1,10747.58,CHECKOUT_ABANDONMENT,,10747.58,0,RETRY_LATER,1,10747.58,False,0.0
EVT_00004201,ALTERNATIVE_PAYMENT,ALTERNATIVE_PAYMENT,0,0.0,PAYMENT_FAILURE,ISSUER_DECLINE,11397.33,2,RECOVERY_REMINDER,1,11397.33,False,11397.33
EVT_00000988,ALTERNATIVE_PAYMENT,ALTERNATIVE_PAYMENT,1,1299.11,PAYMENT_FAILURE,TIMEOUT,1299.11,2,ALTERNATIVE_PAYMENT,1,1299.11,True,0.0
EVT_00003191,RECOVERY_REMINDER,RECOVERY_REMINDER,1,7378.0,CHECKOUT_ABANDONMENT,,7378.0,0,RETRY_LATER,1,7378.0,False,0.0
EVT_00008143,RECOVERY_REMINDER,RECOVERY_REMINDER,1,24122.9,PAYMENT_FAILURE,ISSUER_DECLINE,24122.9,0,RECOVERY_REMINDER,1,24122.9,True,0.0
EVT_00000697,ALTERNATIVE_PAYMENT,ALTERNATIVE_PAYMENT,0,0.0,PAYMENT_FAILURE,PAYMENT_LIMIT,4606.78,3,RETRY_LATER,0,0.0,False,0.0
EVT_00005902,ALTERNATIVE_PAYMENT,ALTERNATIVE_PAYMENT,1,2719.11,PAYMENT_FAILURE,PAYMENT_LIMIT,2719.11,2,ALTERNATIVE_PAYMENT,1,2719.11,True,0.0
EVT_00002303,ALTERNATIVE_PAYMENT,ALTERNATIVE_PAYMENT,0,0.0,PAYMENT_FAILURE,TIMEOUT,6340.36,2,RECOVERY_REMINDER,1,6340.36,False,6340.36
EVT_00008408,RECOVERY_REMINDER,RECOVERY_REMINDER,1,6815.44,CHECKOUT_ABANDONMENT,,6815.44,0,RETRY_LATER,1,6815.44,False,0.0
EVT_00002994,ALTERNATIVE_PAYMENT,ALTERNATIVE_PAYMENT,1,1974.41,PAYMENT_FAILURE,BANK_TECHNICAL_ERROR,1974.41,3,ALTERNATIVE_PAYMENT,1,1974.41,True,0.0
EVT_00000337,RECOVERY_REMINDER,RECOVERY_REMINDER,0,0.0,CHECKOUT_ABANDONMENT,,1384.46,0,RETRY_LATER,1,1384.46,False,1384.46
EVT_00005242,ALTERNATIVE_PAYMENT,ALTERNATIVE_PAYMENT,1,2962.61,PAYMENT_FAILURE,ISSUER_DECLINE,2962.61,2,ALTERNATIVE_PAYMENT,1,2962.61,True,0.0
EVT_00009257,ALTERNATIVE_PAYMENT,ALTERNATIVE_PAYMENT,1,2705.34,PAYMENT_FAILURE,EXPIRED_PAYMENT_METHOD,2705.34,1,RETRY_LATER,1,2705.34,False,0.0
EVT_00008164,ALTERNATIVE_PAYMENT,ALTERNATIVE_PAYMENT,0,0.0,PAYMENT_FAILURE,NETWORK_ERROR,2624.01,3,RETRY_LATER,0,0.0,False,0.0
EVT_00006788,RECOVERY_REMINDER,RECOVERY_REMINDER,1,2105.94,SUBSCRIPTION_FAILURE,,2105.94,0,ALTERNATIVE_PAYMENT,1,2105.94,False,0.0
EVT_00002147,RECOVERY_REMINDER,RECOVERY_REMINDER,0,0.0,SUBSCRIPTION_FAILURE,,1110.85,0,ALTERNATIVE_PAYMENT,1,1110.85,False,1110.85
EVT_00006128,RECOVERY_REMINDER,RECOVERY_REMINDER,1,2992.01,CHECKOUT_ABANDONMENT,,2992.01,0,ALTERNATIVE_PAYMENT,1,2992.01,False,0.0
EVT_00005375,RECOVERY_REMINDER,RECOVERY_REMINDER,1,5063.69,PAYMENT_FAILURE,TIMEOUT,5063.69,2,RECOVERY_REMINDER,1,5063.69,True,0.0
EVT_00000517,ALTERNATIVE_PAYMENT,ALTERNATIVE_PAYMENT,1,5808.8,SUBSCRIPTION_FAILURE,,5808.8,0,ALTERNATIVE_PAYMENT,1,5808.8,True,0.0
EVT_00002782,ALTERNATIVE_PAYMENT,ALTERNATIVE_PAYMENT,1,34173.78,PAYMENT_FAILURE,TIMEOUT,34173.78,0,RETRY_LATER,1,34173.78,False,0.0
EVT_00004423,ALTERNATIVE_PAYMENT,ALTERNATIVE_PAYMENT,0,0.0,PAYMENT_FAILURE,ISSUER_DECLINE,7372.92,1,RECOVERY_REMINDER,1,7372.92,False,7372.92
EVT_00002679,RECOVERY_REMINDER,RECOVERY_REMINDER,1,4566.87,CHECKOUT_ABANDONMENT,,4566.87,0,ALTERNATIVE_PAYMENT,1,4566.87,False,0.0
EVT_00007208,ALTERNATIVE_PAYMENT,ALTERNATIVE_PAYMENT,0,0.0,PAYMENT_FAILURE,INSUFFICIENT_BALANCE,646.39,0,RETRY_LATER,0,0.0,False,0.0
EVT_00008790,ALTERNATIVE_PAYMENT,ALTERNATIVE_PAYMENT,1,2923.58,PAYMENT_FAILURE,TIMEOUT,2923.58,1,RETRY_LATER,1,2923.58,False,0.0
EVT_00002840,ALTERNATIVE_PAYMENT,ALTERNATIVE_PAYMENT,1,5884.69,PAYMENT_FAILURE,INSUFFICIENT_BALANCE,5884.69,1,ALTERNATIVE_PAYMENT,1,5884.69,True,0.0
EVT_00002256,ALTERNATIVE_PAYMENT,ALTERNATIVE_PAYMENT,0,0.0,PAYMENT_FAILURE,PAYMENT_LIMIT,6331.19,3,RETRY_LATER,0,0.0,False,0.0
EVT_00004655,ALTERNATIVE_PAYMENT,ALTERNATIVE_PAYMENT,1,17525.41,PAYMENT_FAILURE,BANK_TECHNICAL_ERROR,17525.41,0,ALTERNATIVE_PAYMENT,1,17525.41,True,0.0
EVT_00003021,ALTERNATIVE_PAYMENT,ALTERNATIVE_PAYMENT,1,9527.92,PAYMENT_FAILURE,TIMEOUT,9527.92,2,ALTERNATIVE_PAYMENT,1,9527.92,True,0.0
EVT_00005907,RECOVERY_REMINDER,RECOVERY_REMINDER,0,0.0,PAYMENT_FAILURE,ISSUER_DECLINE,18216.78,1,RETRY_LATER,0,0.0,False,0.0
EVT_00008446,ALTERNATIVE_PAYMENT,ALTERNATIVE_PAYMENT,1,7159.78,PAYMENT_FAILURE,EXPIRED_PAYMENT_METHOD,7159.78,0,ALTERNATIVE_PAYMENT,1,7159.78,True,0.0
EVT_00008936,ALTERNATIVE_PAYMENT,ALTERNATIVE_PAYMENT,1,1592.82,PAYMENT_FAILURE,BANK_TECHNICAL_ERROR,1592.82,0,RETRY_LATER,1,1592.82,False,0.0
EVT_00000917,ALTERNATIVE_PAYMENT,ALTERNATIVE_PAYMENT,1,632.31,PAYMENT_FAILURE,ISSUER_DECLINE,632.31,2,ALTERNATIVE_PAYMENT,1,632.31,True,0.0
EVT_00006050,ALTERNATIVE_PAYMENT,ALTERNATIVE_PAYMENT,1,4130.64,PAYMENT_FAILURE,ISSUER_DECLINE,4130.64,0,ALTERNATIVE_PAYMENT,1,4130.64,True,0.0
EVT_00009487,ALTERNATIVE_PAYMENT,ALTERNATIVE_PAYMENT,1,4645.85,PAYMENT_FAILURE,TIMEOUT,4645.85,1,RETRY_LATER,1,4645.85,False,0.0
EVT_00008377,RECOVERY_REMINDER,RECOVERY_REMINDER,1,31879.18,PAYMENT_FAILURE,BANK_TECHNICAL_ERROR,31879.18,1,RETRY_LATER,1,31879.18,False,0.0
EVT_00006784,ALTERNATIVE_PAYMENT,ALTERNATIVE_PAYMENT,0,0.0,PAYMENT_FAILURE,TIMEOUT,4322.24,2,RETRY_LATER,1,4322.24,False,4322.24
EVT_00004488,ALTERNATIVE_PAYMENT,ALTERNATIVE_PAYMENT,1,2945.65,SUBSCRIPTION_FAILURE,,2945.65,0,ALTERNATIVE_PAYMENT,1,2945.65,True,0.0
EVT_00003643,ALTERNATIVE_PAYMENT,ALTERNATIVE_PAYMENT,1,10311.61,PAYMENT_FAILURE,INSUFFICIENT_BALANCE,10311.61,0,ALTERNATIVE_PAYMENT,1,10311.61,True,0.0
EVT_00004221,ALTERNATIVE_PAYMENT,ALTERNATIVE_PAYMENT,1,7413.05,SUBSCRIPTION_FAILURE,,7413.05,0,RETRY_LATER,1,7413.05,False,0.0
EVT_00000820,RECOVERY_REMINDER,RECOVERY_REMINDER,1,26672.3,CHECKOUT_ABANDONMENT,,26672.3,0,RETRY_LATER,1,26672.3,False,0.0
EVT_00000074,ALTERNATIVE_PAYMENT,ALTERNATIVE_PAYMENT,1,2378.28,PAYMENT_FAILURE,EXPIRED_PAYMENT_METHOD,2378.28,1,ALTERNATIVE_PAYMENT,1,2378.28,True,0.0
EVT_00006223,ALTERNATIVE_PAYMENT,ALTERNATIVE_PAYMENT,1,6278.23,PAYMENT_FAILURE,TIMEOUT,6278.23,3,ALTERNATIVE_PAYMENT,1,6278.23,True,0.0
EVT_00004912,RECOVERY_REMINDER,RECOVERY_REMINDER,1,3717.29,CHECKOUT_ABANDONMENT,,3717.29,0,RETRY_LATER,1,3717.29,False,0.0
EVT_00006368,ALTERNATIVE_PAYMENT,ALTERNATIVE_PAYMENT,0,0.0,PAYMENT_FAILURE,EXPIRED_PAYMENT_METHOD,7762.46,0,RETRY_LATER,0,0.0,False,0.0
EVT_00005530,ALTERNATIVE_PAYMENT,ALTERNATIVE_PAYMENT,0,0.0,SUBSCRIPTION_FAILURE,,2867.93,0,RETRY_LATER,1,2867.93,False,2867.93
EVT_00004014,ALTERNATIVE_PAYMENT,ALTERNATIVE_PAYMENT,1,1204.78,PAYMENT_FAILURE,PAYMENT_LIMIT,1204.78,0,ALTERNATIVE_PAYMENT,1,1204.78,True,0.0
EVT_00004721,ALTERNATIVE_PAYMENT,ALTERNATIVE_PAYMENT,0,0.0,PAYMENT_FAILURE,BANK_TECHNICAL_ERROR,770.21,0,RETRY_LATER,1,770.21,False,770.21
EVT_00003865,RECOVERY_REMINDER,RECOVERY_REMINDER,1,6491.88,CHECKOUT_ABANDONMENT,,6491.88,0,ALTERNATIVE_PAYMENT,1,6491.88,False,0.0
EVT_00003042,RECOVERY_REMINDER,RECOVERY_REMINDER,1,29010.29,SUBSCRIPTION_FAILURE,,29010.29,0,RECOVERY_REMINDER,1,29010.29,True,0.0
EVT_00006771,ALTERNATIVE_PAYMENT,ALTERNATIVE_PAYMENT,1,3405.24,PAYMENT_FAILURE,INSUFFICIENT_BALANCE,3405.24,0,ALTERNATIVE_PAYMENT,1,3405.24,True,0.0
EVT_00007753,ALTERNATIVE_PAYMENT,ALTERNATIVE_PAYMENT,1,8901.27,PAYMENT_FAILURE,INSUFFICIENT_BALANCE,8901.27,1,RETRY_LATER,1,8901.27,False,0.0
EVT_00004626,ALTERNATIVE_PAYMENT,ALTERNATIVE_PAYMENT,0,0.0,PAYMENT_FAILURE,TIMEOUT,3825.97,1,RECOVERY_REMINDER,1,3825.97,False,3825.97
EVT_00008965,RECOVERY_REMINDER,RECOVERY_REMINDER,1,979.9,CHECKOUT_ABANDONMENT,,979.9,0,RETRY_LATER,1,979.9,False,0.0
EVT_00008566,ALTERNATIVE_PAYMENT,ALTERNATIVE_PAYMENT,0,0.0,PAYMENT_FAILURE,EXPIRED_PAYMENT_METHOD,10026.1,2,RETRY_LATER,0,0.0,False,0.0
EVT_00007472,ALTERNATIVE_PAYMENT,ALTERNATIVE_PAYMENT,0,0.0,PAYMENT_FAILURE,INSUFFICIENT_BALANCE,1345.25,3,RETRY_LATER,0,0.0,False,0.0
EVT_00002864,ALTERNATIVE_PAYMENT,ALTERNATIVE_PAYMENT,0,0.0,PAYMENT_FAILURE,TIMEOUT,1913.42,3,RETRY_LATER,0,0.0,False,0.0
EVT_00004120,ALTERNATIVE_PAYMENT,ALTERNATIVE_PAYMENT,0,0.0,PAYMENT_FAILURE,INSUFFICIENT_BALANCE,11105.63,3,RETRY_LATER,0,0.0,False,0.0
EVT_00001669,RECOVERY_REMINDER,RECOVERY_REMINDER,1,3795.17,CHECKOUT_ABANDONMENT,,3795.17,0,RETRY_LATER,1,3795.17,False,0.0
EVT_00005990,ALTERNATIVE_PAYMENT,ALTERNATIVE_PAYMENT,1,13100.34,PAYMENT_FAILURE,NETWORK_ERROR,13100.34,3,ALTERNATIVE_PAYMENT,1,13100.34,True,0.0
EVT_00005367,ALTERNATIVE_PAYMENT,ALTERNATIVE_PAYMENT,0,0.0,PAYMENT_FAILURE,INSUFFICIENT_BALANCE,2805.87,2,RETRY_LATER,0,0.0,False,0.0
EVT_00005120,RECOVERY_REMINDER,RECOVERY_REMINDER,0,0.0,PAYMENT_FAILURE,NETWORK_ERROR,6580.02,2,RETRY_LATER,0,0.0,False,0.0
EVT_00007724,ALTERNATIVE_PAYMENT,ALTERNATIVE_PAYMENT,0,0.0,PAYMENT_FAILURE,PAYMENT_LIMIT,3347.86,1,RETRY_LATER,0,0.0,False,0.0
EVT_00003641,RECOVERY_REMINDER,RECOVERY_REMINDER,0,0.0,SUBSCRIPTION_FAILURE,,12711.86,0,RETRY_LATER,0,0.0,False,0.0
EVT_00004510,RECOVERY_REMINDER,RECOVERY_REMINDER,0,0.0,PAYMENT_FAILURE,INSUFFICIENT_BALANCE,7418.38,2,RETRY_LATER,0,0.0,False,0.0
EVT_00000583,ALTERNATIVE_PAYMENT,ALTERNATIVE_PAYMENT,1,723.45,PAYMENT_FAILURE,INSUFFICIENT_BALANCE,723.45,0,ALTERNATIVE_PAYMENT,1,723.45,True,0.0
EVT_00006067,ALTERNATIVE_PAYMENT,ALTERNATIVE_PAYMENT,1,7860.33,PAYMENT_FAILURE,TIMEOUT,7860.33,2,RETRY_LATER,1,7860.33,False,0.0
EVT_00005019,ALTERNATIVE_PAYMENT,ALTERNATIVE_PAYMENT,1,1833.02,PAYMENT_FAILURE,BANK_TECHNICAL_ERROR,1833.02,0,RETRY_LATER,1,1833.02,False,0.0
EVT_00008675,RECOVERY_REMINDER,RECOVERY_REMINDER,0,0.0,SUBSCRIPTION_FAILURE,,5262.15,0,ALTERNATIVE_PAYMENT,1,5262.15,False,5262.15
EVT_00005247,RECOVERY_REMINDER,RECOVERY_REMINDER,1,14571.64,CHECKOUT_ABANDONMENT,,14571.64,0,RECOVERY_REMINDER,1,14571.64,True,0.0
EVT_00002624,RECOVERY_REMINDER,RECOVERY_REMINDER,1,3609.65,CHECKOUT_ABANDONMENT,,3609.65,0,RETRY_LATER,1,3609.65,False,0.0
EVT_00008004,RECOVERY_REMINDER,RECOVERY_REMINDER,1,23286.79,CHECKOUT_ABANDONMENT,,23286.79,0,RETRY_LATER,1,23286.79,False,0.0
EVT_00003093,ALTERNATIVE_PAYMENT,ALTERNATIVE_PAYMENT,1,3468.47,PAYMENT_FAILURE,EXPIRED_PAYMENT_METHOD,3468.47,0,ALTERNATIVE_PAYMENT,1,3468.47,True,0.0
EVT_00003216,RECOVERY_REMINDER,RECOVERY_REMINDER,0,0.0,SUBSCRIPTION_FAILURE,,4335.57,0,RETRY_LATER,0,0.0,False,0.0
EVT_00009004,RECOVERY_REMINDER,RECOVERY_REMINDER,0,0.0,SUBSCRIPTION_FAILURE,,2256.61,0,RETRY_LATER,1,2256.61,False,2256.61
EVT_00002070,ALTERNATIVE_PAYMENT,ALTERNATIVE_PAYMENT,0,0.0,PAYMENT_FAILURE,INSUFFICIENT_BALANCE,17828.47,3,RETRY_LATER,0,0.0,False,0.0
EVT_00000123,ALTERNATIVE_PAYMENT,ALTERNATIVE_PAYMENT,1,7414.18,SUBSCRIPTION_FAILURE,,7414.18,0,ALTERNATIVE_PAYMENT,1,7414.18,True,0.0
EVT_00008516,RECOVERY_REMINDER,RECOVERY_REMINDER,1,4428.71,CHECKOUT_ABANDONMENT,,4428.71,0,RECOVERY_REMINDER,1,4428.71,True,0.0
EVT_00000027,ALTERNATIVE_PAYMENT,ALTERNATIVE_PAYMENT,1,4235.78,PAYMENT_FAILURE,BANK_TECHNICAL_ERROR,4235.78,0,RETRY_LATER,1,4235.78,False,0.0
EVT_00001481,ALTERNATIVE_PAYMENT,ALTERNATIVE_PAYMENT,1,2460.5,PAYMENT_FAILURE,ISSUER_DECLINE,2460.5,2,ALTERNATIVE_PAYMENT,1,2460.5,True,0.0
EVT_00001136,RECOVERY_REMINDER,RECOVERY_REMINDER,1,589.2,CHECKOUT_ABANDONMENT,,589.2,0,RETRY_LATER,1,589.2,False,0.0
EVT_00009688,ALTERNATIVE_PAYMENT,ALTERNATIVE_PAYMENT,1,5895.67,PAYMENT_FAILURE,PAYMENT_LIMIT,5895.67,0,RETRY_LATER,1,5895.67,False,0.0
EVT_00009729,RECOVERY_REMINDER,RECOVERY_REMINDER,1,1785.66,CHECKOUT_ABANDONMENT,,1785.66,0,ALTERNATIVE_PAYMENT,1,1785.66,False,0.0
EVT_00005867,ALTERNATIVE_PAYMENT,ALTERNATIVE_PAYMENT,1,9731.85,PAYMENT_FAILURE,BANK_TECHNICAL_ERROR,9731.85,1,ALTERNATIVE_PAYMENT,1,9731.85,True,0.0
EVT_00003999,ALTERNATIVE_PAYMENT,ALTERNATIVE_PAYMENT,0,0.0,PAYMENT_FAILURE,ISSUER_DECLINE,3018.91,3,RETRY_LATER,0,0.0,False,0.0
EVT_00003860,RECOVERY_REMINDER,RECOVERY_REMINDER,1,4552.5,SUBSCRIPTION_FAILURE,,4552.5,0,RECOVERY_REMINDER,1,4552.5,True,0.0
EVT_00008256,RECOVERY_REMINDER,RECOVERY_REMINDER,0,0.0,SUBSCRIPTION_FAILURE,,882.95,0,RETRY_LATER,1,882.95,False,882.95
EVT_00006836,ALTERNATIVE_PAYMENT,ALTERNATIVE_PAYMENT,1,3225.08,PAYMENT_FAILURE,BANK_TECHNICAL_ERROR,3225.08,0,RETRY_LATER,1,3225.08,False,0.0
EVT_00004449,ALTERNATIVE_PAYMENT,ALTERNATIVE_PAYMENT,0,0.0,SUBSCRIPTION_FAILURE,,2262.67,0,RETRY_LATER,1,2262.67,False,2262.67
EVT_00007589,ALTERNATIVE_PAYMENT,ALTERNATIVE_PAYMENT,0,0.0,PAYMENT_FAILURE,PAYMENT_LIMIT,1998.11,3,RETRY_LATER,0,0.0,False,0.0
EVT_00003877,RECOVERY_REMINDER,RECOVERY_REMINDER,0,0.0,PAYMENT_FAILURE,INSUFFICIENT_BALANCE,2982.38,2,HUMAN_ESCALATION,1,2982.38,False,2982.38
EVT_00003973,RECOVERY_REMINDER,RECOVERY_REMINDER,0,0.0,SUBSCRIPTION_FAILURE,,3241.34,0,ALTERNATIVE_PAYMENT,1,3241.34,False,3241.34
EVT_00008216,ALTERNATIVE_PAYMENT,ALTERNATIVE_PAYMENT,1,5487.52,PAYMENT_FAILURE,TIMEOUT,5487.52,0,ALTERNATIVE_PAYMENT,1,5487.52,True,0.0
EVT_00009051,ALTERNATIVE_PAYMENT,ALTERNATIVE_PAYMENT,1,7438.04,SUBSCRIPTION_FAILURE,,7438.04,0,RETRY_LATER,1,7438.04,False,0.0
EVT_00000743,RECOVERY_REMINDER,RECOVERY_REMINDER,1,3359.42,SUBSCRIPTION_FAILURE,,3359.42,0,RETRY_LATER,1,3359.42,False,0.0
EVT_00003102,ALTERNATIVE_PAYMENT,ALTERNATIVE_PAYMENT,1,851.91,PAYMENT_FAILURE,TIMEOUT,851.91,2,RETRY_LATER,1,851.91,False,0.0
EVT_00004936,ALTERNATIVE_PAYMENT,ALTERNATIVE_PAYMENT,0,0.0,PAYMENT_FAILURE,PAYMENT_LIMIT,5542.14,3,RETRY_LATER,0,0.0,False,0.0
EVT_00007184,ALTERNATIVE_PAYMENT,ALTERNATIVE_PAYMENT,0,0.0,SUBSCRIPTION_FAILURE,,14714.78,0,RECOVERY_REMINDER,1,14714.78,False,14714.78
EVT_00001007,ALTERNATIVE_PAYMENT,ALTERNATIVE_PAYMENT,1,3862.91,PAYMENT_FAILURE,TIMEOUT,3862.91,2,ALTERNATIVE_PAYMENT,1,3862.91,True,0.0
EVT_00007979,ALTERNATIVE_PAYMENT,ALTERNATIVE_PAYMENT,1,7949.63,PAYMENT_FAILURE,PAYMENT_LIMIT,7949.63,0,RETRY_LATER,1,7949.63,False,0.0
EVT_00009534,RECOVERY_REMINDER,RECOVERY_REMINDER,0,0.0,PAYMENT_FAILURE,INSUFFICIENT_BALANCE,17308.67,0,RETRY_LATER,0,0.0,False,0.0
EVT_00009339,ALTERNATIVE_PAYMENT,ALTERNATIVE_PAYMENT,0,0.0,PAYMENT_FAILURE,TIMEOUT,4922.54,2,RETRY_LATER,1,4922.54,False,4922.54
EVT_00005661,RECOVERY_REMINDER,RECOVERY_REMINDER,1,6532.47,CHECKOUT_ABANDONMENT,,6532.47,0,ALTERNATIVE_PAYMENT,1,6532.47,False,0.0
EVT_00006199,ALTERNATIVE_PAYMENT,ALTERNATIVE_PAYMENT,0,0.0,SUBSCRIPTION_FAILURE,,4224.21,0,RECOVERY_REMINDER,1,4224.21,False,4224.21
EVT_00001408,RECOVERY_REMINDER,RECOVERY_REMINDER,0,0.0,PAYMENT_FAILURE,INSUFFICIENT_BALANCE,3978.1,0,ALTERNATIVE_PAYMENT,1,3978.1,False,3978.1
EVT_00007385,ALTERNATIVE_PAYMENT,ALTERNATIVE_PAYMENT,0,0.0,PAYMENT_FAILURE,BANK_TECHNICAL_ERROR,11566.13,3,RETRY_LATER,0,0.0,False,0.0
EVT_00009841,ALTERNATIVE_PAYMENT,ALTERNATIVE_PAYMENT,1,1210.96,PAYMENT_FAILURE,INSUFFICIENT_BALANCE,1210.96,3,ALTERNATIVE_PAYMENT,1,1210.96,True,0.0
EVT_00008851,ALTERNATIVE_PAYMENT,ALTERNATIVE_PAYMENT,1,35551.41,PAYMENT_FAILURE,PAYMENT_LIMIT,35551.41,1,ALTERNATIVE_PAYMENT,1,35551.41,True,0.0
EVT_00001420,RECOVERY_REMINDER,RECOVERY_REMINDER,1,22596.51,CHECKOUT_ABANDONMENT,,22596.51,0,ALTERNATIVE_PAYMENT,1,22596.51,False,0.0
EVT_00005133,ALTERNATIVE_PAYMENT,ALTERNATIVE_PAYMENT,1,2015.62,PAYMENT_FAILURE,TIMEOUT,2015.62,1,ALTERNATIVE_PAYMENT,1,2015.62,True,0.0
EVT_00005410,ALTERNATIVE_PAYMENT,ALTERNATIVE_PAYMENT,1,2311.11,PAYMENT_FAILURE,TIMEOUT,2311.11,1,RETRY_LATER,1,2311.11,False,0.0
EVT_00002671,RECOVERY_REMINDER,RECOVERY_REMINDER,1,565.47,CHECKOUT_ABANDONMENT,,565.47,0,RETRY_LATER,1,565.47,False,0.0
EVT_00002191,ALTERNATIVE_PAYMENT,ALTERNATIVE_PAYMENT,0,0.0,PAYMENT_FAILURE,INSUFFICIENT_BALANCE,370.03,3,RETRY_LATER,0,0.0,False,0.0
EVT_00000333,ALTERNATIVE_PAYMENT,ALTERNATIVE_PAYMENT,0,0.0,PAYMENT_FAILURE,NETWORK_ERROR,2647.12,2,RECOVERY_REMINDER,1,2647.12,False,2647.12
EVT_00005687,ALTERNATIVE_PAYMENT,ALTERNATIVE_PAYMENT,1,4031.43,PAYMENT_FAILURE,BANK_TECHNICAL_ERROR,4031.43,0,RETRY_LATER,1,4031.43,False,0.0
EVT_00001249,ALTERNATIVE_PAYMENT,ALTERNATIVE_PAYMENT,1,1057.5,PAYMENT_FAILURE,EXPIRED_PAYMENT_METHOD,1057.5,0,ALTERNATIVE_PAYMENT,1,1057.5,True,0.0
EVT_00007899,ALTERNATIVE_PAYMENT,ALTERNATIVE_PAYMENT,0,0.0,PAYMENT_FAILURE,ISSUER_DECLINE,8304.55,3,RETRY_LATER,0,0.0,False,0.0
EVT_00003217,ALTERNATIVE_PAYMENT,ALTERNATIVE_PAYMENT,0,0.0,PAYMENT_FAILURE,ISSUER_DECLINE,9285.13,0,HUMAN_ESCALATION,1,9285.13,False,9285.13
EVT_00006323,RECOVERY_REMINDER,RECOVERY_REMINDER,1,2528.62,CHECKOUT_ABANDONMENT,,2528.62,0,ALTERNATIVE_PAYMENT,1,2528.62,False,0.0
EVT_00004229,ALTERNATIVE_PAYMENT,ALTERNATIVE_PAYMENT,0,0.0,PAYMENT_FAILURE,EXPIRED_PAYMENT_METHOD,4800.06,3,RETRY_LATER,0,0.0,False,0.0
EVT_00003338,ALTERNATIVE_PAYMENT,ALTERNATIVE_PAYMENT,0,0.0,PAYMENT_FAILURE,EXPIRED_PAYMENT_METHOD,604.33,0,RETRY_LATER,0,0.0,False,0.0
EVT_00005361,ALTERNATIVE_PAYMENT,ALTERNATIVE_PAYMENT,1,9151.86,PAYMENT_FAILURE,BANK_TECHNICAL_ERROR,9151.86,3,ALTERNATIVE_PAYMENT,1,9151.86,True,0.0
EVT_00005285,ALTERNATIVE_PAYMENT,ALTERNATIVE_PAYMENT,1,3977.69,PAYMENT_FAILURE,BANK_TECHNICAL_ERROR,3977.69,1,RETRY_LATER,1,3977.69,False,0.0
EVT_00008884,ALTERNATIVE_PAYMENT,ALTERNATIVE_PAYMENT,1,16149.91,PAYMENT_FAILURE,EXPIRED_PAYMENT_METHOD,16149.91,2,ALTERNATIVE_PAYMENT,1,16149.91,True,0.0
EVT_00000049,ALTERNATIVE_PAYMENT,ALTERNATIVE_PAYMENT,0,0.0,SUBSCRIPTION_FAILURE,,3181.77,0,RETRY_LATER,0,0.0,False,0.0
EVT_00000482,RECOVERY_REMINDER,RECOVERY_REMINDER,1,5449.91,CHECKOUT_ABANDONMENT,,5449.91,0,RETRY_LATER,1,5449.91,False,0.0
EVT_00004082,ALTERNATIVE_PAYMENT,ALTERNATIVE_PAYMENT,0,0.0,PAYMENT_FAILURE,INSUFFICIENT_BALANCE,2679.25,1,RETRY_LATER,1,2679.25,False,2679.25
EVT_00004410,RECOVERY_REMINDER,RECOVERY_REMINDER,1,32344.54,CHECKOUT_ABANDONMENT,,32344.54,0,ALTERNATIVE_PAYMENT,1,32344.54,False,0.0
EVT_00004810,ALTERNATIVE_PAYMENT,ALTERNATIVE_PAYMENT,0,0.0,PAYMENT_FAILURE,ISSUER_DECLINE,21642.17,3,RETRY_LATER,0,0.0,False,0.0
EVT_00008465,RECOVERY_REMINDER,RECOVERY_REMINDER,0,0.0,SUBSCRIPTION_FAILURE,,21036.0,0,ALTERNATIVE_PAYMENT,1,21036.0,False,21036.0
EVT_00008524,ALTERNATIVE_PAYMENT,ALTERNATIVE_PAYMENT,0,0.0,PAYMENT_FAILURE,ISSUER_DECLINE,30390.59,0,HUMAN_ESCALATION,1,30390.59,False,30390.59
EVT_00003706,RECOVERY_REMINDER,RECOVERY_REMINDER,0,0.0,SUBSCRIPTION_FAILURE,,2740.11,0,RETRY_LATER,1,2740.11,False,2740.11
EVT_00003904,ALTERNATIVE_PAYMENT,ALTERNATIVE_PAYMENT,0,0.0,SUBSCRIPTION_FAILURE,,4081.62,0,RETRY_LATER,0,0.0,False,0.0
EVT_00001394,RECOVERY_REMINDER,RECOVERY_REMINDER,1,9413.23,PAYMENT_FAILURE,ISSUER_DECLINE,9413.23,0,RETRY_LATER,1,9413.23,False,0.0
EVT_00002514,ALTERNATIVE_PAYMENT,ALTERNATIVE_PAYMENT,0,0.0,PAYMENT_FAILURE,ISSUER_DECLINE,5653.52,3,RETRY_LATER,0,0.0,False,0.0
EVT_00009264,ALTERNATIVE_PAYMENT,ALTERNATIVE_PAYMENT,1,4834.46,PAYMENT_FAILURE,EXPIRED_PAYMENT_METHOD,4834.46,1,ALTERNATIVE_PAYMENT,1,4834.46,True,0.0
EVT_00009103,ALTERNATIVE_PAYMENT,ALTERNATIVE_PAYMENT,0,0.0,PAYMENT_FAILURE,INSUFFICIENT_BALANCE,25177.93,1,RETRY_LATER,1,25177.93,False,25177.93
EVT_00008069,RECOVERY_REMINDER,RECOVERY_REMINDER,1,5931.81,PAYMENT_FAILURE,NETWORK_ERROR,5931.81,2,ALTERNATIVE_PAYMENT,1,5931.81,False,0.0
EVT_00003105,ALTERNATIVE_PAYMENT,ALTERNATIVE_PAYMENT,0,0.0,PAYMENT_FAILURE,BANK_TECHNICAL_ERROR,15981.97,3,HUMAN_ESCALATION,1,15981.97,False,15981.97
EVT_00006429,ALTERNATIVE_PAYMENT,ALTERNATIVE_PAYMENT,1,10348.78,PAYMENT_FAILURE,TIMEOUT,10348.78,0,RETRY_LATER,1,10348.78,False,0.0
EVT_00006476,ALTERNATIVE_PAYMENT,ALTERNATIVE_PAYMENT,1,1349.32,PAYMENT_FAILURE,TIMEOUT,1349.32,0,RETRY_LATER,1,1349.32,False,0.0
EVT_00000273,RECOVERY_REMINDER,RECOVERY_REMINDER,1,1176.79,CHECKOUT_ABANDONMENT,,1176.79,0,RETRY_LATER,1,1176.79,False,0.0
EVT_00003076,ALTERNATIVE_PAYMENT,ALTERNATIVE_PAYMENT,0,0.0,PAYMENT_FAILURE,ISSUER_DECLINE,4428.21,1,RETRY_LATER,0,0.0,False,0.0
EVT_00000778,RECOVERY_REMINDER,RECOVERY_REMINDER,0,0.0,SUBSCRIPTION_FAILURE,,10870.41,0,HUMAN_ESCALATION,1,10870.41,False,10870.41
EVT_00002062,RECOVERY_REMINDER,RECOVERY_REMINDER,0,0.0,SUBSCRIPTION_FAILURE,,2534.51,0,RETRY_LATER,0,0.0,False,0.0
EVT_00008085,ALTERNATIVE_PAYMENT,ALTERNATIVE_PAYMENT,0,0.0,PAYMENT_FAILURE,ISSUER_DECLINE,23065.42,3,RETRY_LATER,0,0.0,False,0.0
EVT_00003762,ALTERNATIVE_PAYMENT,ALTERNATIVE_PAYMENT,0,0.0,PAYMENT_FAILURE,TIMEOUT,6071.92,1,RETRY_LATER,1,6071.92,False,6071.92
EVT_00005975,ALTERNATIVE_PAYMENT,ALTERNATIVE_PAYMENT,0,0.0,PAYMENT_FAILURE,INSUFFICIENT_BALANCE,2196.63,2,RECOVERY_REMINDER,1,2196.63,False,2196.63
EVT_00000282,RECOVERY_REMINDER,RECOVERY_REMINDER,1,1453.31,CHECKOUT_ABANDONMENT,,1453.31,0,RETRY_LATER,1,1453.31,False,0.0
EVT_00009552,RECOVERY_REMINDER,RECOVERY_REMINDER,0,0.0,SUBSCRIPTION_FAILURE,,1329.12,0,ALTERNATIVE_PAYMENT,1,1329.12,False,1329.12
EVT_00002367,RECOVERY_REMINDER,RECOVERY_REMINDER,1,5924.0,CHECKOUT_ABANDONMENT,,5924.0,0,RETRY_LATER,1,5924.0,False,0.0
EVT_00009868,ALTERNATIVE_PAYMENT,ALTERNATIVE_PAYMENT,1,3779.48,PAYMENT_FAILURE,INSUFFICIENT_BALANCE,3779.48,3,ALTERNATIVE_PAYMENT,1,3779.48,True,0.0
EVT_00002416,RECOVERY_REMINDER,RECOVERY_REMINDER,1,1509.38,CHECKOUT_ABANDONMENT,,1509.38,0,RETRY_LATER,1,1509.38,False,0.0
EVT_00001710,ALTERNATIVE_PAYMENT,ALTERNATIVE_PAYMENT,1,2810.09,SUBSCRIPTION_FAILURE,,2810.09,0,RETRY_LATER,1,2810.09,False,0.0
EVT_00007094,ALTERNATIVE_PAYMENT,ALTERNATIVE_PAYMENT,0,0.0,PAYMENT_FAILURE,NETWORK_ERROR,3359.77,1,HUMAN_ESCALATION,1,3359.77,False,3359.77
EVT_00008252,ALTERNATIVE_PAYMENT,ALTERNATIVE_PAYMENT,0,0.0,PAYMENT_FAILURE,NETWORK_ERROR,2379.73,2,RETRY_LATER,0,0.0,False,0.0
EVT_00006060,RECOVERY_REMINDER,RECOVERY_REMINDER,1,1873.64,CHECKOUT_ABANDONMENT,,1873.64,0,RETRY_LATER,1,1873.64,False,0.0
EVT_00007766,RECOVERY_REMINDER,RECOVERY_REMINDER,0,0.0,SUBSCRIPTION_FAILURE,,1920.56,0,ALTERNATIVE_PAYMENT,1,1920.56,False,1920.56
EVT_00008544,ALTERNATIVE_PAYMENT,ALTERNATIVE_PAYMENT,0,0.0,PAYMENT_FAILURE,INSUFFICIENT_BALANCE,5374.25,1,RETRY_LATER,0,0.0,False,0.0
EVT_00000564,RECOVERY_REMINDER,RECOVERY_REMINDER,0,0.0,SUBSCRIPTION_FAILURE,,5569.08,0,ALTERNATIVE_PAYMENT,1,5569.08,False,5569.08
EVT_00001428,ALTERNATIVE_PAYMENT,ALTERNATIVE_PAYMENT,0,0.0,PAYMENT_FAILURE,TIMEOUT,4367.17,2,RETRY_LATER,1,4367.17,False,4367.17
EVT_00003080,ALTERNATIVE_PAYMENT,ALTERNATIVE_PAYMENT,1,6000.74,PAYMENT_FAILURE,TIMEOUT,6000.74,0,RETRY_LATER,1,6000.74,False,0.0
EVT_00000655,ALTERNATIVE_PAYMENT,ALTERNATIVE_PAYMENT,0,0.0,PAYMENT_FAILURE,PAYMENT_LIMIT,1203.16,2,RECOVERY_REMINDER,1,1203.16,False,1203.16
EVT_00000011,RECOVERY_REMINDER,RECOVERY_REMINDER,1,3232.27,CHECKOUT_ABANDONMENT,,3232.27,0,RECOVERY_REMINDER,1,3232.27,True,0.0
EVT_00004015,ALTERNATIVE_PAYMENT,ALTERNATIVE_PAYMENT,1,3785.63,SUBSCRIPTION_FAILURE,,3785.63,0,ALTERNATIVE_PAYMENT,1,3785.63,True,0.0
EVT_00009464,ALTERNATIVE_PAYMENT,ALTERNATIVE_PAYMENT,1,1444.66,PAYMENT_FAILURE,ISSUER_DECLINE,1444.66,2,ALTERNATIVE_PAYMENT,1,1444.66,True,0.0
EVT_00008409,ALTERNATIVE_PAYMENT,ALTERNATIVE_PAYMENT,1,3197.23,SUBSCRIPTION_FAILURE,,3197.23,0,RETRY_LATER,1,3197.23,False,0.0
EVT_00005953,RECOVERY_REMINDER,RECOVERY_REMINDER,0,0.0,PAYMENT_FAILURE,INSUFFICIENT_BALANCE,2878.62,2,RETRY_LATER,0,0.0,False,0.0
EVT_00001316,RECOVERY_REMINDER,RECOVERY_REMINDER,1,1296.53,CHECKOUT_ABANDONMENT,,1296.53,0,RECOVERY_REMINDER,1,1296.53,True,0.0
EVT_00002577,ALTERNATIVE_PAYMENT,ALTERNATIVE_PAYMENT,1,8356.26,PAYMENT_FAILURE,EXPIRED_PAYMENT_METHOD,8356.26,0,ALTERNATIVE_PAYMENT,1,8356.26,True,0.0
EVT_00007058,ALTERNATIVE_PAYMENT,ALTERNATIVE_PAYMENT,0,0.0,PAYMENT_FAILURE,ISSUER_DECLINE,2049.22,0,RETRY_LATER,0,0.0,False,0.0
EVT_00003106,RECOVERY_REMINDER,RECOVERY_REMINDER,1,4726.14,CHECKOUT_ABANDONMENT,,4726.14,0,ALTERNATIVE_PAYMENT,1,4726.14,False,0.0
EVT_00006075,ALTERNATIVE_PAYMENT,ALTERNATIVE_PAYMENT,1,6870.6,PAYMENT_FAILURE,NETWORK_ERROR,6870.6,2,RETRY_LATER,1,6870.6,False,0.0
EVT_00009612,RECOVERY_REMINDER,RECOVERY_REMINDER,1,6204.97,CHECKOUT_ABANDONMENT,,6204.97,0,RETRY_LATER,1,6204.97,False,0.0
EVT_00001718,ALTERNATIVE_PAYMENT,ALTERNATIVE_PAYMENT,0,0.0,PAYMENT_FAILURE,ISSUER_DECLINE,9337.81,3,RETRY_LATER,0,0.0,False,0.0
EVT_00002926,ALTERNATIVE_PAYMENT,ALTERNATIVE_PAYMENT,1,28760.3,PAYMENT_FAILURE,ISSUER_DECLINE,28760.3,3,ALTERNATIVE_PAYMENT,1,28760.3,True,0.0
EVT_00006544,ALTERNATIVE_PAYMENT,ALTERNATIVE_PAYMENT,1,3524.84,PAYMENT_FAILURE,BANK_TECHNICAL_ERROR,3524.84,1,RETRY_LATER,1,3524.84,False,0.0
EVT_00007010,ALTERNATIVE_PAYMENT,ALTERNATIVE_PAYMENT,1,2321.37,PAYMENT_FAILURE,TIMEOUT,2321.37,3,ALTERNATIVE_PAYMENT,1,2321.37,True,0.0
EVT_00000765,ALTERNATIVE_PAYMENT,ALTERNATIVE_PAYMENT,1,5100.77,PAYMENT_FAILURE,ISSUER_DECLINE,5100.77,1,ALTERNATIVE_PAYMENT,1,5100.77,True,0.0
EVT_00008910,ALTERNATIVE_PAYMENT,ALTERNATIVE_PAYMENT,1,5350.67,SUBSCRIPTION_FAILURE,,5350.67,0,ALTERNATIVE_PAYMENT,1,5350.67,True,0.0
EVT_00006858,ALTERNATIVE_PAYMENT,ALTERNATIVE_PAYMENT,1,4062.88,PAYMENT_FAILURE,EXPIRED_PAYMENT_METHOD,4062.88,0,ALTERNATIVE_PAYMENT,1,4062.88,True,0.0
EVT_00007687,ALTERNATIVE_PAYMENT,ALTERNATIVE_PAYMENT,1,5138.43,PAYMENT_FAILURE,ISSUER_DECLINE,5138.43,3,ALTERNATIVE_PAYMENT,1,5138.43,True,0.0
EVT_00008260,ALTERNATIVE_PAYMENT,ALTERNATIVE_PAYMENT,0,0.0,PAYMENT_FAILURE,EXPIRED_PAYMENT_METHOD,5878.15,3,RETRY_LATER,0,0.0,False,0.0
EVT_00006613,RECOVERY_REMINDER,RECOVERY_REMINDER,1,1935.97,CHECKOUT_ABANDONMENT,,1935.97,0,RETRY_LATER,1,1935.97,False,0.0
EVT_00000130,ALTERNATIVE_PAYMENT,ALTERNATIVE_PAYMENT,0,0.0,PAYMENT_FAILURE,ISSUER_DECLINE,3059.95,2,RECOVERY_REMINDER,1,3059.95,False,3059.95
EVT_00004411,RECOVERY_REMINDER,RECOVERY_REMINDER,1,3073.19,CHECKOUT_ABANDONMENT,,3073.19,0,RETRY_LATER,1,3073.19,False,0.0
EVT_00009099,RECOVERY_REMINDER,RECOVERY_REMINDER,0,0.0,SUBSCRIPTION_FAILURE,,3433.93,0,ALTERNATIVE_PAYMENT,1,3433.93,False,3433.93
EVT_00000339,ALTERNATIVE_PAYMENT,ALTERNATIVE_PAYMENT,1,5517.13,PAYMENT_FAILURE,BANK_TECHNICAL_ERROR,5517.13,1,RETRY_LATER,1,5517.13,False,0.0
EVT_00004164,ALTERNATIVE_PAYMENT,ALTERNATIVE_PAYMENT,0,0.0,PAYMENT_FAILURE,EXPIRED_PAYMENT_METHOD,1637.14,3,RETRY_LATER,0,0.0,False,0.0
EVT_00008304,ALTERNATIVE_PAYMENT,ALTERNATIVE_PAYMENT,1,1598.09,PAYMENT_FAILURE,ISSUER_DECLINE,1598.09,0,ALTERNATIVE_PAYMENT,1,1598.09,True,0.0
EVT_00006806,ALTERNATIVE_PAYMENT,ALTERNATIVE_PAYMENT,1,1014.55,PAYMENT_FAILURE,PAYMENT_LIMIT,1014.55,0,ALTERNATIVE_PAYMENT,1,1014.55,True,0.0
EVT_00001146,ALTERNATIVE_PAYMENT,ALTERNATIVE_PAYMENT,0,0.0,PAYMENT_FAILURE,INSUFFICIENT_BALANCE,1004.7,0,RETRY_LATER,0,0.0,False,0.0
EVT_00005373,ALTERNATIVE_PAYMENT,ALTERNATIVE_PAYMENT,0,0.0,PAYMENT_FAILURE,TIMEOUT,9390.78,3,RETRY_LATER,0,0.0,False,0.0
EVT_00005618,RECOVERY_REMINDER,RECOVERY_REMINDER,1,4982.45,CHECKOUT_ABANDONMENT,,4982.45,0,RETRY_LATER,1,4982.45,False,0.0
EVT_00002564,ALTERNATIVE_PAYMENT,ALTERNATIVE_PAYMENT,0,0.0,PAYMENT_FAILURE,TIMEOUT,5598.96,3,HUMAN_ESCALATION,1,5598.96,False,5598.96
EVT_00004274,ALTERNATIVE_PAYMENT,ALTERNATIVE_PAYMENT,1,3060.49,PAYMENT_FAILURE,ISSUER_DECLINE,3060.49,2,ALTERNATIVE_PAYMENT,1,3060.49,True,0.0
EVT_00001767,ALTERNATIVE_PAYMENT,ALTERNATIVE_PAYMENT,0,0.0,PAYMENT_FAILURE,PAYMENT_LIMIT,1698.06,0,RETRY_LATER,0,0.0,False,0.0
EVT_00001008,ALTERNATIVE_PAYMENT,ALTERNATIVE_PAYMENT,0,0.0,PAYMENT_FAILURE,INSUFFICIENT_BALANCE,4960.48,3,RETRY_LATER,0,0.0,False,0.0
EVT_00005646,RECOVERY_REMINDER,RECOVERY_REMINDER,1,2094.07,CHECKOUT_ABANDONMENT,,2094.07,0,RETRY_LATER,1,2094.07,False,0.0
EVT_00002174,RECOVERY_REMINDER,RECOVERY_REMINDER,1,5350.35,CHECKOUT_ABANDONMENT,,5350.35,0,RETRY_LATER,1,5350.35,False,0.0
EVT_00002285,ALTERNATIVE_PAYMENT,ALTERNATIVE_PAYMENT,0,0.0,PAYMENT_FAILURE,ISSUER_DECLINE,3969.94,2,RETRY_LATER,0,0.0,False,0.0
EVT_00006447,RECOVERY_REMINDER,RECOVERY_REMINDER,0,0.0,CHECKOUT_ABANDONMENT,,7382.76,0,RETRY_LATER,1,7382.76,False,7382.76
EVT_00008768,ALTERNATIVE_PAYMENT,ALTERNATIVE_PAYMENT,1,2661.72,PAYMENT_FAILURE,INSUFFICIENT_BALANCE,2661.72,0,ALTERNATIVE_PAYMENT,1,2661.72,True,0.0
EVT_00001166,ALTERNATIVE_PAYMENT,ALTERNATIVE_PAYMENT,0,0.0,PAYMENT_FAILURE,PAYMENT_LIMIT,4315.38,2,RECOVERY_REMINDER,1,4315.38,False,4315.38
EVT_00005774,RECOVERY_REMINDER,RECOVERY_REMINDER,1,18289.6,CHECKOUT_ABANDONMENT,,18289.6,0,RETRY_LATER,1,18289.6,False,0.0
EVT_00009377,ALTERNATIVE_PAYMENT,ALTERNATIVE_PAYMENT,1,4852.79,SUBSCRIPTION_FAILURE,,4852.79,0,RETRY_LATER,1,4852.79,False,0.0
EVT_00008022,ALTERNATIVE_PAYMENT,ALTERNATIVE_PAYMENT,0,0.0,PAYMENT_FAILURE,INSUFFICIENT_BALANCE,10900.62,2,RETRY_LATER,0,0.0,False,0.0
EVT_00003696,RECOVERY_REMINDER,RECOVERY_REMINDER,1,12253.38,CHECKOUT_ABANDONMENT,,12253.38,0,RETRY_LATER,1,12253.38,False,0.0
EVT_00004601,ALTERNATIVE_PAYMENT,ALTERNATIVE_PAYMENT,0,0.0,PAYMENT_FAILURE,BANK_TECHNICAL_ERROR,702.5,1,RECOVERY_REMINDER,1,702.5,False,702.5
EVT_00007816,ALTERNATIVE_PAYMENT,ALTERNATIVE_PAYMENT,0,0.0,SUBSCRIPTION_FAILURE,,10023.24,0,RETRY_LATER,0,0.0,False,0.0
EVT_00001787,ALTERNATIVE_PAYMENT,ALTERNATIVE_PAYMENT,0,0.0,PAYMENT_FAILURE,NETWORK_ERROR,1663.29,1,RECOVERY_REMINDER,1,1663.29,False,1663.29
EVT_00001993,ALTERNATIVE_PAYMENT,ALTERNATIVE_PAYMENT,1,18592.32,PAYMENT_FAILURE,TIMEOUT,18592.32,2,ALTERNATIVE_PAYMENT,1,18592.32,True,0.0
EVT_00008283,RECOVERY_REMINDER,RECOVERY_REMINDER,0,0.0,PAYMENT_FAILURE,INSUFFICIENT_BALANCE,3673.08,2,ALTERNATIVE_PAYMENT,1,3673.08,False,3673.08
EVT_00007793,RECOVERY_REMINDER,RECOVERY_REMINDER,0,0.0,PAYMENT_FAILURE,NETWORK_ERROR,4102.27,2,RETRY_LATER,1,4102.27,False,4102.27
EVT_00009886,ALTERNATIVE_PAYMENT,ALTERNATIVE_PAYMENT,0,0.0,PAYMENT_FAILURE,TIMEOUT,1575.21,3,HUMAN_ESCALATION,1,1575.21,False,1575.21
EVT_00009883,ALTERNATIVE_PAYMENT,ALTERNATIVE_PAYMENT,0,0.0,PAYMENT_FAILURE,ISSUER_DECLINE,8324.76,3,RETRY_LATER,0,0.0,False,0.0
EVT_00000771,ALTERNATIVE_PAYMENT,ALTERNATIVE_PAYMENT,0,0.0,PAYMENT_FAILURE,PAYMENT_LIMIT,4592.68,3,RETRY_LATER,0,0.0,False,0.0
EVT_00005377,RECOVERY_REMINDER,RECOVERY_REMINDER,0,0.0,CHECKOUT_ABANDONMENT,,10655.4,0,ALTERNATIVE_PAYMENT,1,10655.4,False,10655.4
EVT_00007969,ALTERNATIVE_PAYMENT,ALTERNATIVE_PAYMENT,0,0.0,SUBSCRIPTION_FAILURE,,6322.4,0,RECOVERY_REMINDER,1,6322.4,False,6322.4
EVT_00008010,ALTERNATIVE_PAYMENT,ALTERNATIVE_PAYMENT,0,0.0,PAYMENT_FAILURE,INSUFFICIENT_BALANCE,346486.79,1,RETRY_LATER,1,346486.79,False,346486.79
EVT_00009093,ALTERNATIVE_PAYMENT,ALTERNATIVE_PAYMENT,1,18100.87,PAYMENT_FAILURE,PAYMENT_LIMIT,18100.87,1,ALTERNATIVE_PAYMENT,1,18100.87,True,0.0
EVT_00007046,RECOVERY_REMINDER,RECOVERY_REMINDER,1,897.69,CHECKOUT_ABANDONMENT,,897.69,0,ALTERNATIVE_PAYMENT,1,897.69,False,0.0
EVT_00006672,ALTERNATIVE_PAYMENT,ALTERNATIVE_PAYMENT,0,0.0,PAYMENT_FAILURE,EXPIRED_PAYMENT_METHOD,27989.65,3,HUMAN_ESCALATION,1,27989.65,False,27989.65
EVT_00007923,ALTERNATIVE_PAYMENT,ALTERNATIVE_PAYMENT,0,0.0,PAYMENT_FAILURE,EXPIRED_PAYMENT_METHOD,6756.66,2,RETRY_LATER,1,6756.66,False,6756.66
EVT_00000972,ALTERNATIVE_PAYMENT,ALTERNATIVE_PAYMENT,0,0.0,SUBSCRIPTION_FAILURE,,2350.7,0,RETRY_LATER,1,2350.7,False,2350.7
EVT_00008249,RECOVERY_REMINDER,RECOVERY_REMINDER,1,7215.65,CHECKOUT_ABANDONMENT,,7215.65,0,RETRY_LATER,1,7215.65,False,0.0
EVT_00004950,RECOVERY_REMINDER,RECOVERY_REMINDER,1,8576.22,CHECKOUT_ABANDONMENT,,8576.22,0,RECOVERY_REMINDER,1,8576.22,True,0.0
EVT_00006824,RECOVERY_REMINDER,RECOVERY_REMINDER,1,739.7,SUBSCRIPTION_FAILURE,,739.7,0,RETRY_LATER,1,739.7,False,0.0
EVT_00007624,ALTERNATIVE_PAYMENT,ALTERNATIVE_PAYMENT,1,7004.79,PAYMENT_FAILURE,BANK_TECHNICAL_ERROR,7004.79,1,RETRY_LATER,1,7004.79,False,0.0
EVT_00009706,ALTERNATIVE_PAYMENT,ALTERNATIVE_PAYMENT,0,0.0,PAYMENT_FAILURE,TIMEOUT,1200.28,3,RETRY_LATER,0,0.0,False,0.0
EVT_00003208,RECOVERY_REMINDER,RECOVERY_REMINDER,1,1076.02,SUBSCRIPTION_FAILURE,,1076.02,0,RECOVERY_REMINDER,1,1076.02,True,0.0
EVT_00002433,ALTERNATIVE_PAYMENT,ALTERNATIVE_PAYMENT,0,0.0,PAYMENT_FAILURE,INSUFFICIENT_BALANCE,1958.79,0,RETRY_LATER,1,1958.79,False,1958.79
