event_id,v7_score_ALTERNATIVE_PAYMENT,v7_score_RECOVERY_REMINDER,v7_score_RETRY_LATER,v7_score_HUMAN_ESCALATION,chosen_action
EVT_00006346,0.3979383616868252,0.0611354299158229,0.03147761257387474,0.0519033334646849,ALTERNATIVE_PAYMENT
EVT_00004698,0.7222088647419829,0.5728092489195415,0.4943678099121203,0.017447302097485032,ALTERNATIVE_PAYMENT
EVT_00000380,0.5338490507202134,0.32878589836218003,0.24944152080581897,0.14668823866085032,ALTERNATIVE_PAYMENT
EVT_00006176,0.8206853079712095,0.7961902963871322,0.45051656677276225,0.48381961894367514,ALTERNATIVE_PAYMENT
EVT_00007595,0.7213932848764933,0.6333431797626244,0.6918175963746377,0.29009457835343305,ALTERNATIVE_PAYMENT
EVT_00003138,0.5824368397305016,0.552081358255851,0.34287800565789756,0.18365237340575963,ALTERNATIVE_PAYMENT
EVT_00009275,0.496930581627211,0.5602847859457785,0.4999846399748885,0.18081460054729326,RECOVERY_REMINDER
EVT_00002270,0.7982039756784447,1.2120547323523105,0.6779468079735813,0.4850007867036567,RECOVERY_REMINDER
EVT_00007510,0.7949681964962049,0.5264859317372028,0.18995269253835748,0.4176698105270445,ALTERNATIVE_PAYMENT
EVT_00001915,0.7525392292942917,0.6221394119764992,0.36444243700022355,0.04347046018958894,ALTERNATIVE_PAYMENT
EVT_00003773,0.31157748777821237,0.05425449942606206,0.017949818547183374,0.04799232962278856,ALTERNATIVE_PAYMENT
EVT_00005116,0.8204085492387008,1.3311170931297607,0.687898033505834,0.40877985053217775,RECOVERY_REMINDER
EVT_00000385,0.8468233949068,1.354467263073972,0.7647759708486813,0.65845171183298,RECOVERY_REMINDER
EVT_00007250,0.5469940554879316,0.501367144732766,0.5062687268066175,0.16598985891333545,ALTERNATIVE_PAYMENT
EVT_00005982,0.6743872427267738,0.6421401349594807,0.6649277830401722,0.276688967542703,ALTERNATIVE_PAYMENT
EVT_00001167,0.6171792781997517,0.7111403793470416,0.42029412347424777,0.14208147887666567,RECOVERY_REMINDER
EVT_00005319,0.8526646156829316,1.4166742691814742,0.6888771800097783,0.6240667358393441,RECOVERY_REMINDER
EVT_00007100,0.7749461978763872,0.47454478237947284,0.5416454800017011,0.1722808551601978,ALTERNATIVE_PAYMENT
EVT_00005354,0.6049340544452285,0.3564429490090392,0.20251498391730538,0.09850244148012445,ALTERNATIVE_PAYMENT
EVT_00008028,0.804813914584193,1.37520273099875,0.6785125312674904,0.4585729054053288,RECOVERY_REMINDER
EVT_00003239,0.6143587108399341,0.6693549015199051,0.3493790454390968,0.1550905182476698,RECOVERY_REMINDER
EVT_00003408,0.5626127649889667,0.51756231571411,0.19390452998757396,0.025762026575542257,ALTERNATIVE_PAYMENT
EVT_00008617,0.6558889260475806,0.5898769724913718,0.6558889260475806,0.3036772609589783,ALTERNATIVE_PAYMENT
EVT_00002612,0.5495692160535435,0.4423073306478738,0.24633699443804538,0.163661308996203,ALTERNATIVE_PAYMENT
EVT_00006736,0.3062620947907437,0.3766601471665737,0.039743342014976694,0.10092082947320606,RECOVERY_REMINDER
EVT_00005764,0.8235655253316415,0.48492763295226926,0.3322831364521098,0.14145740710695015,ALTERNATIVE_PAYMENT
EVT_00009452,0.4339214969894427,0.03902287953125476,0.019003053738145207,0.04092383170237176,ALTERNATIVE_PAYMENT
EVT_00007164,0.6915639735327792,0.38746937624936434,0.15484465389265017,0.025270788478648935,ALTERNATIVE_PAYMENT
EVT_00000677,0.8025542586118842,1.1690024075045524,0.6159666177629473,0.3843154548879364,RECOVERY_REMINDER
EVT_00007690,0.38601525158011557,0.047843959347769395,0.09224378741825913,0.07710501913033281,ALTERNATIVE_PAYMENT
EVT_00005706,0.719612304037772,0.42848393653737243,0.309008990108991,0.14695597298291885,ALTERNATIVE_PAYMENT
EVT_00008836,0.5412520115469632,0.0532735076706206,0.02991877836034272,0.09600385714105604,ALTERNATIVE_PAYMENT
EVT_00002728,0.8102550841727932,1.3302913937811187,0.5938483551057445,0.4282164064191814,RECOVERY_REMINDER
EVT_00005302,0.4166134686374916,0.4166134686374916,0.29973680355309135,0.14349542116237857,ALTERNATIVE_PAYMENT
EVT_00006349,0.7673564333600049,0.6024204570791714,0.6331995413999546,0.18719854163373012,ALTERNATIVE_PAYMENT
EVT_00009780,0.4334153111042771,0.4750987670709256,0.34977759942321457,0.16146216110499192,RECOVERY_REMINDER
EVT_00008008,0.7948643793532576,1.3314862116071475,0.5928413530080167,0.5189903538159407,RECOVERY_REMINDER
EVT_00001005,0.5654059521786545,0.9980943510910666,0.4498063943481006,0.192907926673068,RECOVERY_REMINDER
EVT_00007118,0.4798039501288898,0.4068649174951879,0.05722949055000179,0.10168427949992458,ALTERNATIVE_PAYMENT
EVT_00003469,0.5262818741196659,0.05169939358198109,0.023628734721310118,0.09977759534074054,ALTERNATIVE_PAYMENT
EVT_00003218,0.5484464247008425,0.3496536886290494,0.26316223105195613,0.0959880834883787,ALTERNATIVE_PAYMENT
EVT_00006180,0.24451576261796723,0.2886869178176039,0.03320041381314503,0.05662779818878785,RECOVERY_REMINDER
EVT_00004050,0.4867703913256805,0.7498057387314868,0.35171966091492396,0.40427669142042255,RECOVERY_REMINDER
EVT_00007684,0.779874164758574,0.6576495909216871,0.3215077362640365,0.18490441146630177,ALTERNATIVE_PAYMENT
EVT_00008653,0.7019505482132111,0.4965241401042649,0.28994689631619547,0.042465263688649224,ALTERNATIVE_PAYMENT
EVT_00008119,0.6620021844697799,0.575907676787233,0.3292720341887019,0.27053956962336595,ALTERNATIVE_PAYMENT
EVT_00007090,0.7967057785272439,1.0035599397333668,0.647804469568594,0.43352545565973327,RECOVERY_REMINDER
EVT_00004081,0.6189012627019264,0.7375762439519565,0.3039857431692792,0.016914196952296227,RECOVERY_REMINDER
EVT_00004666,0.5042009766213676,0.42983280807855795,0.2831116063353032,0.12998303251538454,ALTERNATIVE_PAYMENT
EVT_00002396,0.434143226428527,0.44979019800614484,0.34713255403625526,0.14902083443638806,RECOVERY_REMINDER
EVT_00009261,0.4470014606211245,0.3158998871502924,0.2347855816657858,0.08325257177840388,ALTERNATIVE_PAYMENT
EVT_00000780,0.5860329797683326,0.5350670547441128,0.3995026919782732,0.2975731810281252,ALTERNATIVE_PAYMENT
EVT_00005348,0.44268655828620646,0.44268655828620646,0.11010673983773989,0.20083991973154663,ALTERNATIVE_PAYMENT
EVT_00000611,0.503334466198656,0.503334466198656,0.13530371062137442,0.12826887786292557,ALTERNATIVE_PAYMENT
EVT_00009728,0.7655033505473064,0.6903886630469929,0.6912542521533664,0.3139904159627423,ALTERNATIVE_PAYMENT
EVT_00009734,0.4767497230777073,0.03861896112290935,0.022120487617483003,0.07664987160020051,ALTERNATIVE_PAYMENT
EVT_00003112,0.276719736565111,0.11775122780886958,0.1516376530115394,0.47939481522292393,HUMAN_ESCALATION
EVT_00006564,0.8726994000003979,1.3434659676771985,0.6092950009294686,0.3986194753755794,RECOVERY_REMINDER
EVT_00009492,0.7400573462679509,0.3630522999770275,0.3398972240539212,0.1244678162251487,ALTERNATIVE_PAYMENT
EVT_00007334,0.8193645766802811,1.2445896571158992,0.6377663649191061,0.4261554982357702,RECOVERY_REMINDER
EVT_00009273,0.665334071058401,0.5058106358348614,0.3354867019267928,0.27458360536570586,ALTERNATIVE_PAYMENT
EVT_00008221,0.4812926646472521,0.5359414791461262,0.28749183551405894,0.1023167331516332,RECOVERY_REMINDER
EVT_00003815,0.6235574189992651,0.965557126860024,0.3880842499722128,0.03709609119894141,RECOVERY_REMINDER
EVT_00009258,0.7007443211713654,0.6809196562701946,0.5395365298454371,0.2890343286473048,ALTERNATIVE_PAYMENT
EVT_00006760,0.6444247012851325,0.5317638503774414,0.5333790007047837,0.1376526483389045,ALTERNATIVE_PAYMENT
EVT_00003124,0.44942989135329714,0.2589315885212956,0.052237964044556356,0.04891667083421978,ALTERNATIVE_PAYMENT
EVT_00007126,0.5136995012555116,0.5136995012555116,0.28242474366100906,0.1473119251075716,ALTERNATIVE_PAYMENT
EVT_00002826,0.5095082217296546,0.09503306075845706,0.06453248236041786,0.11637365323707975,ALTERNATIVE_PAYMENT
EVT_00001187,0.6852540503069076,0.4273487671310302,0.21735542639515076,0.14380812117471065,ALTERNATIVE_PAYMENT
EVT_00009849,0.5970152093847144,0.4176686559255944,0.19867774486377254,0.13445637308506336,ALTERNATIVE_PAYMENT
EVT_00005251,0.643625944383961,0.5218572842284621,0.47105058196050575,0.14089128049603034,ALTERNATIVE_PAYMENT
EVT_00007081,0.6481726139631055,1.0309601083502375,0.3972320352510496,0.32249014361954503,RECOVERY_REMINDER
EVT_00002916,0.7004005797753965,0.47305992840644245,0.46485968671861266,0.28253133079521553,ALTERNATIVE_PAYMENT
EVT_00001434,0.6139411731253128,0.10522042514130292,0.0799081951975318,0.043008916709390214,ALTERNATIVE_PAYMENT
EVT_00001807,0.4597702488137047,0.030892640519445812,0.0428900948245473,0.06376962606427071,ALTERNATIVE_PAYMENT
EVT_00000395,0.40273263606236553,0.047563484090586174,0.028190673362074894,0.036175870229017124,ALTERNATIVE_PAYMENT
EVT_00002869,0.6210259570288522,0.42622621104747743,0.18534209457757253,0.01433002602181901,ALTERNATIVE_PAYMENT
EVT_00000957,0.7433336476837361,0.5976596668402231,0.3077396898784539,0.1728818520008569,ALTERNATIVE_PAYMENT
EVT_00002413,0.5346698668140438,0.4705169119652761,0.3285596238623905,0.1369336801877519,ALTERNATIVE_PAYMENT
EVT_00006552,0.6525736197885033,0.6525736197885033,0.3596811745949936,0.49169381838817994,ALTERNATIVE_PAYMENT
EVT_00003326,0.8058721939577631,1.1974879271394905,0.6465000876916425,0.38928197458620234,RECOVERY_REMINDER
EVT_00000139,0.4556436218335251,0.3390443317270786,0.21047112666808732,0.14610825848003306,ALTERNATIVE_PAYMENT
EVT_00007137,0.450101458587472,0.05538481902567352,0.029061129139534323,0.034721873035567424,ALTERNATIVE_PAYMENT
EVT_00000735,0.4683862493858673,0.08914759884506515,0.07012258386963921,0.09051921222559461,ALTERNATIVE_PAYMENT
EVT_00002421,0.487650770354894,0.552223169328447,0.2716535650928886,0.15996373246482667,RECOVERY_REMINDER
EVT_00000628,0.8073281491051274,1.3411263568021872,0.6119243683952847,0.537442999205862,RECOVERY_REMINDER
EVT_00001562,0.8847519639864467,1.2434385553289955,0.6777097746397126,0.44160257495272137,RECOVERY_REMINDER
EVT_00002657,0.6156998190088936,0.38931610600403477,0.20564497464386758,0.10751344930900528,ALTERNATIVE_PAYMENT
EVT_00001276,0.6535785780991237,0.5681732473417761,0.46102759371352575,0.33422310857262844,ALTERNATIVE_PAYMENT
EVT_00001104,0.5736544317530551,0.520789883415315,0.5229133378089676,0.323801646648231,ALTERNATIVE_PAYMENT
EVT_00007622,0.5030288466928805,0.09183413973142435,0.05509811176234193,0.13982952130088883,ALTERNATIVE_PAYMENT
EVT_00008513,0.5594976462890026,0.6537312934512338,0.3570522963864704,0.2869846256885015,RECOVERY_REMINDER
EVT_00000231,0.38958400582982206,0.38958400582982206,0.19011155670157126,0.11270193856688777,ALTERNATIVE_PAYMENT
EVT_00004021,0.41860858190649514,0.48106335004193584,0.23394739246438612,0.16617917199433135,RECOVERY_REMINDER
EVT_00006433,0.5478787425544547,0.4585190948266208,0.23363070385915666,0.12107240493967987,ALTERNATIVE_PAYMENT
EVT_00008419,0.8788423930432355,1.118133176649319,0.6188397715018323,0.440769315053659,RECOVERY_REMINDER
EVT_00009684,0.7644762332842391,1.2775087161575065,0.6672680844076808,0.42529390275418694,RECOVERY_REMINDER
EVT_00008336,0.8388749598404661,1.2341577567773347,0.5793229515270439,0.4027237795562366,RECOVERY_REMINDER
EVT_00001657,0.32449863085399117,0.4164510425992782,0.047855948448830045,0.09684360687806179,RECOVERY_REMINDER
EVT_00003348,0.5111392843694731,0.5389795046851523,0.33575977318498573,0.1426164492612629,RECOVERY_REMINDER
EVT_00009312,0.434292161699674,0.057783830093110645,0.04931279436370769,0.11415164527094175,ALTERNATIVE_PAYMENT
EVT_00003816,0.609410532959031,0.5255458154000842,0.5416573473561895,0.1499227751830118,ALTERNATIVE_PAYMENT
EVT_00008943,0.8355736716116993,0.7514915293778528,0.6541547259528938,0.5682986230518646,ALTERNATIVE_PAYMENT
EVT_00002204,0.8164320085409393,1.3662699925155122,0.661771649165971,0.6150898743297724,RECOVERY_REMINDER
EVT_00001745,0.5291005598225815,0.49685014241509584,0.34784843156360506,0.12525338365672398,ALTERNATIVE_PAYMENT
EVT_00008725,0.4217886489408401,0.0839214723106048,0.10359286651866896,0.14197117998813746,ALTERNATIVE_PAYMENT
EVT_00006827,0.8634155122027521,1.2193729483783124,0.589361014491879,0.4247174041621187,RECOVERY_REMINDER
EVT_00002436,0.4472157128431625,0.37013226592621645,0.30316854469004717,0.14553990442283665,ALTERNATIVE_PAYMENT
EVT_00001246,0.5792882104767236,0.5174093099743792,0.26152714255118054,0.32328676778224413,ALTERNATIVE_PAYMENT
EVT_00005193,0.76993741146139,0.5465045451471853,0.4660975502882511,0.1613335538754796,ALTERNATIVE_PAYMENT
EVT_00009368,0.3766867206878922,0.5287785544214548,0.3129635267511548,0.13015053012606098,RECOVERY_REMINDER
EVT_00005566,0.43688517080544614,0.45405458129115106,0.3419821635726484,0.1199401715988073,RECOVERY_REMINDER
EVT_00004273,0.878705320520744,1.2603671411370145,0.6127781016463757,0.4510031315848343,RECOVERY_REMINDER
EVT_00003942,0.2656121884161182,0.056316109221445684,0.019167682817984845,0.0806999767051749,ALTERNATIVE_PAYMENT
EVT_00004169,0.49902922452354426,0.49627012590445874,0.32353757375860426,0.277193142750557,ALTERNATIVE_PAYMENT
EVT_00001301,0.3636537968759756,0.340588872697737,0.20216393559318144,0.08759972357740116,ALTERNATIVE_PAYMENT
EVT_00007608,0.5460388727591668,0.46919985741707915,0.14763321284213957,0.1043925687888773,ALTERNATIVE_PAYMENT
EVT_00001224,0.7157443589666436,0.43756529503290365,0.2790877178892906,0.2686407120347439,ALTERNATIVE_PAYMENT
EVT_00002949,0.818392261293102,1.234807369200984,0.6166945331559666,0.40154265354142804,RECOVERY_REMINDER
EVT_00004513,0.43150056281253535,0.41734906037609854,0.1497317974041219,0.08857651919508265,ALTERNATIVE_PAYMENT
EVT_00009203,0.6733085234954956,0.7081146602145968,0.518502053862494,0.4859239439887422,RECOVERY_REMINDER
EVT_00006683,0.5212204613245388,0.649024911497797,0.29213816314872576,0.18306629667264507,RECOVERY_REMINDER
EVT_00009975,0.7445502901044763,0.6794960787386312,0.40711083734985526,0.05824357214222484,ALTERNATIVE_PAYMENT
EVT_00009545,0.5563783883963463,0.4924668369102958,0.45174324462472093,0.1575473456668262,ALTERNATIVE_PAYMENT
EVT_00003866,0.8776026319374244,1.2709577641013887,0.6296319643364383,0.41531913145286314,RECOVERY_REMINDER
EVT_00002687,0.9147520374434217,1.3332228588849813,0.636044626924813,0.5685466929226218,RECOVERY_REMINDER
EVT_00007606,0.763704939730835,0.6299890531743164,0.6018993037236127,0.30641377318416535,ALTERNATIVE_PAYMENT
EVT_00002483,0.4412531762608787,0.5621537347046449,0.3529109692399373,0.4015159090545293,RECOVERY_REMINDER
EVT_00003455,0.4654490000428176,0.4636172476162494,0.21974304999706742,0.10050852065487115,ALTERNATIVE_PAYMENT
EVT_00007741,0.6233035439050848,0.5630056621713359,0.2780802169984537,0.024157717103795513,ALTERNATIVE_PAYMENT
EVT_00008814,0.28238194050345194,0.31520410900635704,0.03765949336372407,0.04904978830293193,RECOVERY_REMINDER
EVT_00001660,0.8116229294003969,1.283850077671871,0.49191089489316275,0.37727037561410204,RECOVERY_REMINDER
EVT_00001204,0.3656676523095579,0.10073137758532116,0.10907460751799682,0.3474245396711191,ALTERNATIVE_PAYMENT
EVT_00009710,0.4467937399403962,0.04297530916432709,0.05557259809671392,0.10477882037623788,ALTERNATIVE_PAYMENT
EVT_00004491,0.889597565346496,1.30990290910242,0.5563574011749218,0.3995516053760388,RECOVERY_REMINDER
EVT_00008478,0.8209087967300037,1.3260288878630888,0.5248992896850482,0.3486423691849817,RECOVERY_REMINDER
EVT_00002685,0.8114658719075067,1.2404319841578415,0.6076799676622168,0.43377970062898835,RECOVERY_REMINDER
EVT_00007501,0.7068497895323966,0.5580028256686205,0.24850482779935018,0.152353800506142,ALTERNATIVE_PAYMENT
EVT_00005458,0.8122288267587362,1.1456790662277923,0.6246093294118833,0.4173420051563111,RECOVERY_REMINDER
EVT_00008818,0.5760276721367332,0.35673912039683875,0.1794535611357389,0.11146203081716578,ALTERNATIVE_PAYMENT
EVT_00008932,0.6614907404372464,0.7406910364321165,0.44019183937368705,0.5511314852231803,RECOVERY_REMINDER
EVT_00004132,0.5886160442291457,0.3814403712500486,0.1370013336334293,0.06844122948532688,ALTERNATIVE_PAYMENT
EVT_00001349,0.6760154261462988,1.022942381512877,0.4166550943175327,0.327751472524486,RECOVERY_REMINDER
EVT_00008727,0.7063527954272156,0.6345890317674983,0.38149981006845457,0.03192518560191764,ALTERNATIVE_PAYMENT
EVT_00008557,0.498445084744497,0.05233961894218529,0.03840767335028789,0.09136256516283231,ALTERNATIVE_PAYMENT
EVT_00009105,0.6529638697174768,0.5352400370260444,0.352631266730571,0.02429770927496799,ALTERNATIVE_PAYMENT
EVT_00000547,0.297053685043645,0.05328991600376805,0.021584047549496957,0.06074083736035028,ALTERNATIVE_PAYMENT
EVT_00001078,0.8795737268027616,1.1156295588023286,0.6068806740326143,0.44288510819468674,RECOVERY_REMINDER
EVT_00004694,0.8930604966213539,1.1624009579681078,0.6008011604375307,0.4182989463605271,RECOVERY_REMINDER
EVT_00000278,0.6986122927871561,0.6125240382421121,0.5759749041848427,0.14372304625909307,ALTERNATIVE_PAYMENT
EVT_00006732,0.8351500591155621,1.2761183134481018,0.5499634130592228,0.4262722942587538,RECOVERY_REMINDER
EVT_00006991,0.6589474812581683,0.43043519396951596,0.5766856644549143,0.296161181548139,ALTERNATIVE_PAYMENT
EVT_00004574,0.4070451105100595,0.04693289940072465,0.06332592825933558,0.10075882922866634,ALTERNATIVE_PAYMENT
EVT_00002634,0.42670181335178153,0.07495076367563926,0.06711092126269308,0.06775723120696923,ALTERNATIVE_PAYMENT
EVT_00002632,0.3640898460222245,0.4442028627665155,0.251157070962651,0.11644103739904095,RECOVERY_REMINDER
EVT_00002211,0.5772027552073905,0.08422831202894618,0.0730355246101351,0.08121960998859287,ALTERNATIVE_PAYMENT
EVT_00008427,0.7829110620158606,0.870413354956014,0.6281865318142994,0.4385800501966399,RECOVERY_REMINDER
EVT_00001418,0.5326441288645867,0.3098399087186855,0.16328465963183805,0.08712530513841762,ALTERNATIVE_PAYMENT
EVT_00004878,0.4125559512996074,0.3429168750732602,0.06510547437057573,0.06992363293414491,ALTERNATIVE_PAYMENT
EVT_00002784,0.7786206117888773,1.2602257566878543,0.5473691022366904,0.401723209550871,RECOVERY_REMINDER
EVT_00004758,0.8412350712410227,1.2836071840147112,0.651900395488958,0.4465420245478159,RECOVERY_REMINDER
EVT_00003628,0.3951950651867175,0.029914705130327512,0.018795077193600976,0.042399416679577084,ALTERNATIVE_PAYMENT
EVT_00005972,0.77242702404071,0.5928613808880874,0.594104226409812,0.16790475804893445,ALTERNATIVE_PAYMENT
EVT_00009424,0.42833762848309737,0.06753308420315765,0.1210169939650501,0.1247358777388215,ALTERNATIVE_PAYMENT
EVT_00004074,0.4098488190343492,0.45078724297676115,0.22180546416692556,0.01668555987109112,RECOVERY_REMINDER
EVT_00002114,0.4361341767329972,0.034528675692242314,0.027989034589380374,0.03752655041254942,ALTERNATIVE_PAYMENT
EVT_00009387,0.8992669353209957,1.238444753445056,0.6456877314562925,0.4205010609701783,RECOVERY_REMINDER
EVT_00006393,0.803649600395924,1.3376591723327378,0.6384493780094189,0.6334467820446851,RECOVERY_REMINDER
EVT_00005947,0.4200349366398816,0.4446914661570695,0.2503588610226544,0.13230290253218355,RECOVERY_REMINDER
EVT_00006744,0.6111741299098973,0.4667242175529049,0.19546496634949023,0.09844673590760705,ALTERNATIVE_PAYMENT
EVT_00000370,0.5627430566216367,0.33192051017547486,0.19322021777270912,0.11892173209377985,ALTERNATIVE_PAYMENT
EVT_00007340,0.44958241821447653,0.3320880128277016,0.28323510387011885,0.1288853230695837,ALTERNATIVE_PAYMENT
EVT_00004661,0.5104156454097848,0.314159109143582,0.15446230477047004,0.0809705517931675,ALTERNATIVE_PAYMENT
EVT_00000815,0.42868212694525826,0.29856647455276564,0.03255751418788759,0.06398762830197552,ALTERNATIVE_PAYMENT
EVT_00004986,0.5863385536100858,0.6816759951850401,0.41864699473296096,0.16545231873098135,RECOVERY_REMINDER
EVT_00002775,0.5161899036832683,0.2519701087201877,0.040805775427656725,0.055650317847033386,ALTERNATIVE_PAYMENT
EVT_00005481,0.6778750418045293,0.6240738507659472,0.535245385989497,0.17862682601717558,ALTERNATIVE_PAYMENT
EVT_00002979,0.49746829113468655,0.07060438129138752,0.050363491812772214,0.039818621644333176,ALTERNATIVE_PAYMENT
EVT_00000886,0.4398152017707687,0.43782935960785674,0.22185955607113406,0.11329669261533325,ALTERNATIVE_PAYMENT
EVT_00008417,0.3072240990058538,0.3324394435704206,0.05071454798910189,0.10475537256612139,RECOVERY_REMINDER
EVT_00009597,0.5898698064011143,0.40858038429944754,0.07192557852206659,0.1096040498958756,ALTERNATIVE_PAYMENT
EVT_00006165,0.7276137601378007,0.545687781130925,0.4341121943492107,0.15746927072844163,ALTERNATIVE_PAYMENT
EVT_00001970,0.8509240219665796,1.2600160432186704,0.6225672952857677,0.4144617144290346,RECOVERY_REMINDER
EVT_00008634,0.8756850908078214,1.3411407991221298,0.6422264954447938,0.42959373658116196,RECOVERY_REMINDER
EVT_00009730,0.5591170659614321,0.49170097609527014,0.3728866952708047,0.17540892546676884,ALTERNATIVE_PAYMENT
EVT_00000094,0.27586701371303884,0.2735958502232149,0.02896401443667002,0.04531140443402699,ALTERNATIVE_PAYMENT
EVT_00009876,0.674066908160551,0.5005255831633106,0.365019340694587,0.1476298483618984,ALTERNATIVE_PAYMENT
EVT_00006945,0.4585984166642404,0.2853198958844925,0.05145998935023816,0.07742192256728415,ALTERNATIVE_PAYMENT
EVT_00005321,0.5450319737103598,0.6646001617643233,0.40066942375785547,0.5261598153448842,RECOVERY_REMINDER
EVT_00002746,0.2813037773020476,0.2389699595578772,0.03896786913302097,0.05572518360406321,ALTERNATIVE_PAYMENT
EVT_00009871,0.8142200806889948,1.150320092267505,0.5456653223761281,0.38701208120602165,RECOVERY_REMINDER
EVT_00002519,0.5171348988564825,0.06506837879947214,0.01331807575727133,0.04507261508874818,ALTERNATIVE_PAYMENT
EVT_00008363,0.4351595269101241,0.060621926597561764,0.03325797415308711,0.09102094525624688,ALTERNATIVE_PAYMENT
EVT_00004038,0.48113729685160467,0.0620445991733542,0.06866011995156504,0.11266676239321362,ALTERNATIVE_PAYMENT
EVT_00002309,0.7295832049504503,0.6723188294640952,0.5638112611085574,0.16740548761266663,ALTERNATIVE_PAYMENT
EVT_00002901,0.4203635646551028,0.06289021033767998,0.09467766323813255,0.11269622500786398,ALTERNATIVE_PAYMENT
EVT_00003646,0.7532936826551493,0.7287109187950622,0.4045422104292852,0.4276098483030723,ALTERNATIVE_PAYMENT
EVT_00006802,0.49179611280716623,0.437597378825263,0.22428425352478318,0.09800745233597805,ALTERNATIVE_PAYMENT
EVT_00005389,0.39074147438978163,0.09918170311028889,0.10352417396675903,0.14671256319220793,ALTERNATIVE_PAYMENT
EVT_00002534,0.4292806855803208,0.058485208337346495,0.03021453021079219,0.06795106414068433,ALTERNATIVE_PAYMENT
EVT_00001059,0.3418007820539403,0.05528223445903077,0.031145212023700842,0.036566161871123624,ALTERNATIVE_PAYMENT
EVT_00000627,0.899283031696601,1.2888285513234725,0.646019038956777,0.0470327430682575,RECOVERY_REMINDER
EVT_00009296,0.6211272138978268,0.524264349251495,0.32545093364512545,0.18013104544309794,ALTERNATIVE_PAYMENT
EVT_00003453,0.5553643817676844,0.5211779290168482,0.2718982896124453,0.1277860200114946,ALTERNATIVE_PAYMENT
EVT_00003243,0.4956216216998225,0.6919524359162134,0.36100286511397417,0.18303291102986255,RECOVERY_REMINDER
EVT_00006131,0.6235683117665995,0.3589663124499574,0.1793550249228598,0.10720169615789814,ALTERNATIVE_PAYMENT
EVT_00003296,0.489492443935514,0.489492443935514,0.3429064531644638,0.18531727432295783,ALTERNATIVE_PAYMENT
EVT_00001572,0.5729469169723229,0.5301271827489648,0.30718133161509803,0.14653003185882701,ALTERNATIVE_PAYMENT
EVT_00002538,0.44336137161657735,0.06009863271222334,0.10165593424885365,0.09151934025990405,ALTERNATIVE_PAYMENT
EVT_00003799,0.6096285432684733,0.5260683662273123,0.3523044778472793,0.293449314474809,ALTERNATIVE_PAYMENT
EVT_00004515,0.4440672286442946,0.12103472451166064,0.03835407015753738,0.11184564835632192,ALTERNATIVE_PAYMENT
EVT_00007240,0.21123239144128117,0.045370149689230366,0.015289366434032475,0.06593720182566884,ALTERNATIVE_PAYMENT
EVT_00005733,0.43013090272528187,0.5284438347093607,0.29567605263377456,0.4269298738597748,RECOVERY_REMINDER
EVT_00000497,0.35363317157261503,0.4603406120531698,0.17288322890148466,0.07266935104696959,RECOVERY_REMINDER
EVT_00006434,0.6379991674278013,0.6379991674278013,0.42730369697896464,0.16890565696788165,ALTERNATIVE_PAYMENT
EVT_00008538,0.721017099606869,0.5208687612602668,0.6449177691279997,0.27415879631469753,ALTERNATIVE_PAYMENT
EVT_00003914,0.8093248649404396,1.1328441398954003,0.5574498786434993,0.37818276523917327,RECOVERY_REMINDER
EVT_00001343,0.6494637577383814,1.0301771664113946,0.3495004973108391,0.3467816591755057,RECOVERY_REMINDER
EVT_00005199,0.7146405852227954,0.5647640814689593,0.5574848589444104,0.29028508638255124,ALTERNATIVE_PAYMENT
EVT_00003018,0.8124032091647866,0.7144738582377661,0.37144971637115104,0.2878426603978885,ALTERNATIVE_PAYMENT
EVT_00008919,0.6747668940047314,1.0081942364209373,0.4253570423123738,0.19350082936097845,RECOVERY_REMINDER
EVT_00009097,0.8457543225149527,1.2965710250055322,0.6536635996709276,0.45899649318722796,RECOVERY_REMINDER
EVT_00006478,0.5409342683471189,0.41328942225503984,0.1918673775194825,0.02237320215257186,ALTERNATIVE_PAYMENT
EVT_00007647,0.41252908749807476,0.07797513434368337,0.04845626140620152,0.1351073220036303,ALTERNATIVE_PAYMENT
EVT_00002315,0.4329691766568907,0.061265910399400485,0.03776390643493347,0.06852281498049233,ALTERNATIVE_PAYMENT
EVT_00001262,0.541980836441462,0.5162347774478383,0.3061296671173292,0.1866395734394624,ALTERNATIVE_PAYMENT
EVT_00009179,0.8165674885557123,1.2883459902796222,0.643769387820555,0.3916232968175359,RECOVERY_REMINDER
EVT_00008987,0.69052610639368,0.6820165931857289,0.69052610639368,0.1724440101620381,ALTERNATIVE_PAYMENT
EVT_00000299,0.6855950599811643,0.6146627057798657,0.6214888766814269,0.18491099479334627,ALTERNATIVE_PAYMENT
EVT_00001222,0.39731703423327136,0.05549092163565557,0.10554930532183128,0.11117849311188673,ALTERNATIVE_PAYMENT
EVT_00006759,0.5791436464737635,0.5791436464737635,0.35193599840433115,0.13966854895510497,ALTERNATIVE_PAYMENT
EVT_00007004,0.5364878591949609,0.6106070400764928,0.3901974107950955,0.17192852368860634,RECOVERY_REMINDER
EVT_00002844,0.8080093534978346,1.1683638357659656,0.6567653043630586,0.44243347774566916,RECOVERY_REMINDER
EVT_00007467,0.4331211303263905,0.679582815462312,0.30545385027069094,0.3838460729984044,RECOVERY_REMINDER
EVT_00009853,0.21196850976312462,0.03910858033868785,0.011406168158559873,0.04189784979830325,ALTERNATIVE_PAYMENT
EVT_00000527,0.6406848913990515,0.5021434764059166,0.4518938124111621,0.2998008660731702,ALTERNATIVE_PAYMENT
EVT_00008150,0.7822384622585099,1.294128238465877,0.6241087215133753,0.4043536861963121,RECOVERY_REMINDER
EVT_00006804,0.6794671617188609,0.6168198118980277,0.37242009739750304,0.16287226371000416,ALTERNATIVE_PAYMENT
EVT_00003149,0.6498131041929288,0.6022752422697825,0.49254379170280155,0.15834245707736533,ALTERNATIVE_PAYMENT
EVT_00002434,0.5999843883917034,1.0750293843079493,0.4504315884919498,0.3391917014740286,RECOVERY_REMINDER
EVT_00003219,0.5104953571056171,0.4465259764695685,0.32125061969074237,0.13952649867900643,ALTERNATIVE_PAYMENT
EVT_00003414,0.36580233185257455,0.31329059939075904,0.05859558386747999,0.08487531144521568,ALTERNATIVE_PAYMENT
EVT_00009769,0.47825320219401896,0.05456460084624,0.059161964266238765,0.09574384764680567,ALTERNATIVE_PAYMENT
EVT_00002875,0.4788006190247938,0.43258232056517504,0.2861058308822129,0.12797894005756838,ALTERNATIVE_PAYMENT
EVT_00000036,0.40397142666604935,0.05351302980150881,0.09226118326255316,0.11786987283945628,ALTERNATIVE_PAYMENT
EVT_00004471,0.3631657953141532,0.4291811771245085,0.28936802490340474,0.18409736591427983,RECOVERY_REMINDER
EVT_00008769,0.4839413991491588,0.5560351692696639,0.2952504204567858,0.27621234543938694,RECOVERY_REMINDER
EVT_00005170,0.31343547789495757,0.338346835281246,0.04449845696888052,0.07777488642834438,RECOVERY_REMINDER
EVT_00005329,0.4486360370862036,0.042953485758999335,0.0176260636783419,0.061558007012229944,ALTERNATIVE_PAYMENT
EVT_00003381,0.6602933840942247,0.5934753448734108,0.6843134359063306,0.3269850728308564,RETRY_LATER
EVT_00002052,0.8559046554486509,0.6148480094149895,0.5913113245409541,0.2806282887466448,ALTERNATIVE_PAYMENT
EVT_00007064,0.652818660583074,0.652818660583074,0.6291563022155745,0.31312773927834747,ALTERNATIVE_PAYMENT
EVT_00002071,0.5229304081008718,0.28328418773343816,0.07032806081820023,0.05857065066621372,ALTERNATIVE_PAYMENT
EVT_00004053,0.5321542893297733,0.6170450844319675,0.5999768055655572,0.17733228871033951,RECOVERY_REMINDER
EVT_00002313,0.526697240718929,0.35620182871652195,0.07525668744165931,0.07790370397341977,ALTERNATIVE_PAYMENT
EVT_00003278,0.28519280943222797,0.3553591671151321,0.04050079054962494,0.055196904659527785,RECOVERY_REMINDER
EVT_00002507,0.5894390193190018,0.570223334786536,0.323674029116189,0.15742360492071253,ALTERNATIVE_PAYMENT
EVT_00009701,0.8786954259954813,1.2676479921218635,0.6490408334188562,0.4347335020586531,RECOVERY_REMINDER
EVT_00000928,0.7569607736118273,0.6176237418183163,0.6009077211139506,0.2948457737770867,ALTERNATIVE_PAYMENT
EVT_00005780,0.824643227308775,1.3209540002619724,0.6451103852345798,0.3885708495112813,RECOVERY_REMINDER
EVT_00002102,0.40088485275951463,0.09210677018969664,0.06754815714864668,0.1275941516172855,ALTERNATIVE_PAYMENT
EVT_00000935,0.6322316705931793,0.6029780814703972,0.3793673531732669,0.3193551121476763,ALTERNATIVE_PAYMENT
EVT_00008912,0.566662684140519,0.44571708165812735,0.4897359283112955,0.16690828933637913,ALTERNATIVE_PAYMENT
EVT_00000091,0.661483843303211,0.5890590440934131,0.25600627758476635,0.17407139235239003,ALTERNATIVE_PAYMENT
EVT_00006747,0.4975746154245392,0.44797582872869984,0.2965520309686929,0.16247721094541356,ALTERNATIVE_PAYMENT
EVT_00003210,0.6671100704178256,0.7667744721093303,0.5149478435181235,0.37902638802286737,RECOVERY_REMINDER
EVT_00008110,0.43140539367671493,0.05452935444562811,0.06452289789329396,0.15789592644458045,ALTERNATIVE_PAYMENT
EVT_00002710,0.7564713008755114,1.262095929981724,0.5707020399292052,0.4459814141251427,RECOVERY_REMINDER
EVT_00005228,0.4652023588807663,0.04038844970035042,0.07604140345914209,0.14113094104099466,ALTERNATIVE_PAYMENT
EVT_00000192,0.3359764809670198,0.3575318449542585,0.05311879550950404,0.10655653114161694,RECOVERY_REMINDER
EVT_00007616,0.6796357787334013,0.9449558377619367,0.4228579131801177,0.16451720479158152,RECOVERY_REMINDER
EVT_00001482,0.6617528434984026,0.49711648633833744,0.26355930022917945,0.16642144333025913,ALTERNATIVE_PAYMENT
EVT_00002772,0.4317384386604589,0.14242575391491977,0.15489026475363174,0.5161852949699735,HUMAN_ESCALATION
EVT_00005429,0.6374500522405763,0.5368105742342157,0.3934412031839861,0.1715843685070145,ALTERNATIVE_PAYMENT
EVT_00006783,0.42851027715223206,0.05036627517202087,0.06249772205895438,0.08209929458393725,ALTERNATIVE_PAYMENT
EVT_00004808,0.8086773102255521,1.2673090360301602,0.6663716499782136,0.4240042993346618,RECOVERY_REMINDER
EVT_00004294,0.49385502250546714,0.38540941098865555,0.13083412496525737,0.10133405393445123,ALTERNATIVE_PAYMENT
EVT_00008541,0.5405951048905902,0.8301101025802514,0.4495385995517073,0.05481353131869365,RECOVERY_REMINDER
EVT_00000975,0.45404562475866045,0.19243990541414904,0.036071902335221076,0.040801639139317725,ALTERNATIVE_PAYMENT
EVT_00004133,0.8355160197117413,0.6569966422719807,0.6199907205869404,0.2857346054571945,ALTERNATIVE_PAYMENT
EVT_00008166,0.393327465645166,0.053826187939925656,0.048253903667637967,0.07623626105886824,ALTERNATIVE_PAYMENT
EVT_00002766,0.6093020325631003,0.5183566281894656,0.4261445914373479,0.17468821271140858,ALTERNATIVE_PAYMENT
EVT_00001264,0.5636787110988974,0.5601516048095897,0.3185618409040028,0.14328468915323328,ALTERNATIVE_PAYMENT
EVT_00003633,0.2635376015675398,0.06200038271592385,0.020467052542365576,0.07646175526773204,ALTERNATIVE_PAYMENT
EVT_00000869,0.6248019887285904,0.9546685972279737,0.4996557040157645,0.2977827567722168,RECOVERY_REMINDER
EVT_00003957,0.6822794217393805,0.3107222925037298,0.21755839880316907,0.09041002720951838,ALTERNATIVE_PAYMENT
EVT_00003133,0.4872078188224036,0.39967687026117504,0.2136945552877316,0.11967967172677214,ALTERNATIVE_PAYMENT
EVT_00005020,0.5731433059717581,0.6215774119944456,0.31955829613265885,0.33401630256771436,RECOVERY_REMINDER
EVT_00006709,0.7347597299102533,1.1899216194230522,0.6244262599743392,0.2896693728939348,RECOVERY_REMINDER
EVT_00007820,0.5587076497370016,0.5587076497370016,0.3227515872825359,0.17660602338264594,ALTERNATIVE_PAYMENT
EVT_00006779,0.5798586751579564,0.6269514766028755,0.17201807583690187,0.3589426585385584,RECOVERY_REMINDER
EVT_00000088,0.7064314280524301,0.6009873060905249,0.42562493130723456,0.2699489053105856,ALTERNATIVE_PAYMENT
EVT_00008413,0.36322177184632354,0.31850091462833063,0.08409873501965566,0.09395315064923514,ALTERNATIVE_PAYMENT
EVT_00004498,0.696655627213426,0.6795535311663655,0.6076485110513395,0.30037968156735784,ALTERNATIVE_PAYMENT
EVT_00002849,0.6465262363835261,0.4850470116385546,0.28949433554714765,0.11319210839718079,ALTERNATIVE_PAYMENT
EVT_00001300,0.5984021541328167,0.5075137804209442,0.25188631492783453,0.12869322448316647,ALTERNATIVE_PAYMENT
EVT_00004902,0.2716879222096105,0.26364038674866497,0.06722499607788755,0.06681525534470482,ALTERNATIVE_PAYMENT
EVT_00002456,0.6980014203654362,0.5865677568660007,0.5304192147758474,0.28528030435368,ALTERNATIVE_PAYMENT
EVT_00000854,0.8082858453617519,1.3377644572648726,0.6038790838853878,0.3920035304544452,RECOVERY_REMINDER
EVT_00001464,0.8134651567330821,1.0891475415908496,0.552999648320587,0.3470966769633627,RECOVERY_REMINDER
EVT_00006035,0.6775957390370865,0.4140433368734541,0.1772324521107355,0.12815173487565093,ALTERNATIVE_PAYMENT
EVT_00007372,0.44857651810696786,0.06424245125272844,0.03532094975665029,0.06084615332224937,ALTERNATIVE_PAYMENT
EVT_00001035,0.7760542589617273,1.2459357255146115,0.6359518904172397,0.03771230291187267,RECOVERY_REMINDER
EVT_00009429,0.45071329101839797,0.26313098159559384,0.03639604251687338,0.046614005003794506,ALTERNATIVE_PAYMENT
EVT_00007845,0.9133227090784007,1.2686405705707806,0.6905085359108367,0.4137606091231515,RECOVERY_REMINDER
EVT_00005267,0.9212423958416375,1.2970881491768886,0.6488731668006407,0.4137978191166262,RECOVERY_REMINDER
EVT_00000399,0.8661954648189902,1.2369692644880892,0.6260224413015872,0.4928095447396313,RECOVERY_REMINDER
EVT_00009928,0.873288157538326,0.6503435280282903,0.4267276798269336,0.1260960624168557,ALTERNATIVE_PAYMENT
EVT_00009962,0.4661043208460094,0.5962830371520114,0.18866028963831996,0.13985379267663114,RECOVERY_REMINDER
EVT_00003388,0.727288785907134,1.3631999687015477,0.6655228610141857,0.39284762468630513,RECOVERY_REMINDER
EVT_00003136,0.6255452770381712,0.6255452770381712,0.5310300063529978,0.30261127075022426,ALTERNATIVE_PAYMENT
EVT_00005412,0.7592618046035106,1.2165318598956403,0.6406990016081264,0.37202326487230514,RECOVERY_REMINDER
EVT_00007473,0.5488690892811339,0.9994539626488687,0.3917669268242378,0.2872917805439068,RECOVERY_REMINDER
EVT_00005391,0.36238339259481045,0.5235051275038968,0.3271620847538821,0.026936804041784633,RECOVERY_REMINDER
EVT_00000254,0.44124920476557783,0.061754220963435594,0.02069856660681243,0.056761234136700534,ALTERNATIVE_PAYMENT
EVT_00009450,0.578664197673194,0.5281536945321675,0.46570803732551347,0.15788753429733382,ALTERNATIVE_PAYMENT
EVT_00004539,0.8123458621011267,1.217116679689968,0.5546068474361293,0.4373563630283924,RECOVERY_REMINDER
EVT_00004634,0.6767661410912283,0.6538016895810419,0.39992484318692134,0.27728734309853936,ALTERNATIVE_PAYMENT
EVT_00001910,0.8335474333607009,1.3301123736431664,0.6057235867443187,0.5368928525390324,RECOVERY_REMINDER
EVT_00001529,0.8195536407519377,1.3602080807417576,0.6752562248988715,0.46696533545206786,RECOVERY_REMINDER
EVT_00007752,0.5601255645124178,0.610415299337667,0.17900544828547382,0.27348690556068483,RECOVERY_REMINDER
EVT_00002150,0.5068875417570905,0.560922827028452,0.38673931185016824,0.49422645969374773,RECOVERY_REMINDER
EVT_00000698,0.4943385548510005,0.4773341133325907,0.34945340274019615,0.4198140058231846,ALTERNATIVE_PAYMENT
EVT_00008498,0.6549843650528671,0.5765013478559641,0.3072244833036603,0.31772007608039854,ALTERNATIVE_PAYMENT
EVT_00002450,0.8129302935274058,1.3158939387271933,0.6615029491416212,0.46835398382434495,RECOVERY_REMINDER
EVT_00006886,0.3871433821654218,0.5454779253670665,0.40696947143687856,0.16190184842228128,RECOVERY_REMINDER
EVT_00003004,0.622850518857536,0.4561255688827028,0.5935154908807608,0.01719180670846921,ALTERNATIVE_PAYMENT
EVT_00001100,0.3770502068365455,0.03251965439811318,0.014821141009066278,0.04036861970090666,ALTERNATIVE_PAYMENT
EVT_00008462,0.3746355193148996,0.11808758016711002,0.02760774421710156,0.05322057698279247,ALTERNATIVE_PAYMENT
EVT_00005604,0.7811724380456966,1.3154854472396729,0.6180727897317412,0.44656458595797743,RECOVERY_REMINDER
EVT_00003869,0.4839268439362307,0.5272038312555908,0.08138316680579527,0.2593588138489717,RECOVERY_REMINDER
EVT_00003602,0.6987205353072543,0.6303386253275581,0.572923611757131,0.3417159274798756,ALTERNATIVE_PAYMENT
EVT_00002499,0.8567167426900638,1.2709602781764333,0.6204729111895109,0.2887494786687765,RECOVERY_REMINDER
EVT_00003109,0.6519418472553762,0.5020478877459756,0.280008886240227,0.16499695986758905,ALTERNATIVE_PAYMENT
EVT_00006314,0.4491935448947039,0.050699538258230877,0.031226258348154404,0.024334879121857382,ALTERNATIVE_PAYMENT
EVT_00004235,0.5936479925721229,1.0919839904361646,0.4200829032281536,0.29150645042039824,RECOVERY_REMINDER
EVT_00004659,0.7499346761077268,0.5122723224358524,0.21188660707671322,0.14579702186833265,ALTERNATIVE_PAYMENT
EVT_00001798,0.345338836847445,0.5708047188202569,0.32653035480275633,0.14014294881640585,RECOVERY_REMINDER
EVT_00001542,0.8440732918585623,1.3776613673990352,0.6819063246423114,0.6212743383885458,RECOVERY_REMINDER
EVT_00007312,0.39040422175843054,0.4413466874391199,0.2636254765544366,0.12293850606056735,RECOVERY_REMINDER
EVT_00005695,0.8721905200836231,1.2407035187584496,0.6201272844557344,0.4338480820412279,RECOVERY_REMINDER
EVT_00009863,0.5407843674803369,0.08073715331159224,0.029931642946572842,0.10302418169592079,ALTERNATIVE_PAYMENT
EVT_00000739,0.6476455737061679,0.4592226333990899,0.13844409725048,0.11178252760596652,ALTERNATIVE_PAYMENT
EVT_00007760,0.4320280494726888,0.07861012626342988,0.02698402167279938,0.07943570119421693,ALTERNATIVE_PAYMENT
EVT_00001165,0.5229146707274954,0.5178746230084871,0.3366599839125283,0.1409952170893869,ALTERNATIVE_PAYMENT
EVT_00003690,0.8177397859036004,1.1716061519588141,0.6162449947769085,0.43002514331146324,RECOVERY_REMINDER
EVT_00009254,0.465757627901623,0.3727049159415324,0.2609570907822138,0.139322629117253,ALTERNATIVE_PAYMENT
EVT_00004155,0.7301785842906293,0.6995242923084701,0.5292325066732,0.3464271062622347,ALTERNATIVE_PAYMENT
EVT_00006630,0.6930999798769066,0.5771242201502835,0.24257847513736117,0.27312891038654497,ALTERNATIVE_PAYMENT
EVT_00006692,0.5214713219097534,0.24144778208130163,0.048525629293072685,0.038903274577734716,ALTERNATIVE_PAYMENT
EVT_00008886,0.6580111293207183,0.4582298381748968,0.41215588024089267,0.15147194424480084,ALTERNATIVE_PAYMENT
EVT_00001652,0.49032639274789575,0.4348649567343333,0.34262856930035934,0.16380142495935,ALTERNATIVE_PAYMENT
EVT_00000215,0.5553580301813071,0.04974167381623452,0.03275189165520263,0.10828198595551787,ALTERNATIVE_PAYMENT
EVT_00003936,0.910136198342613,1.3124768529804507,0.5850415690192096,0.40582233303934245,RECOVERY_REMINDER
EVT_00008594,0.271125389670216,0.309032081681919,0.06742618873121838,0.02535787310664853,RECOVERY_REMINDER
EVT_00004125,0.5430384565533113,0.519507326023545,0.34609592385909144,0.2908143857036798,ALTERNATIVE_PAYMENT
EVT_00000983,0.5641556503098744,0.4320724279131898,0.33629003448034694,0.17041611867429302,ALTERNATIVE_PAYMENT
EVT_00005897,0.328767687701411,0.23879416022709773,0.03913183268857642,0.07223824595780891,ALTERNATIVE_PAYMENT
EVT_00006351,0.5751694916167986,0.4238306729133324,0.24084546544624102,0.15641982635106966,ALTERNATIVE_PAYMENT
EVT_00005896,0.8842078312154302,1.0769559491268244,0.6464771866067599,0.41719869013588207,RECOVERY_REMINDER
EVT_00002398,0.6786351160070688,0.5843255915753642,0.5421070420266905,0.27638460419999417,ALTERNATIVE_PAYMENT
EVT_00005264,0.691031487739304,1.2529538890747842,0.5971652705197966,0.3845148601418809,RECOVERY_REMINDER
EVT_00008095,0.46634782884645604,0.49243731653254824,0.2300178824809865,0.1101331908370794,RECOVERY_REMINDER
EVT_00005823,0.6210589306335108,0.5692660916039308,0.6739990944243387,0.1779540160234856,RETRY_LATER
EVT_00006915,0.47335088804295256,0.044887791145970656,0.029722914311554764,0.06777480687281777,ALTERNATIVE_PAYMENT
EVT_00004707,0.6857513325619842,0.5176296515533031,0.3248354377186733,0.1602800086600901,ALTERNATIVE_PAYMENT
EVT_00008355,0.5726791690663556,0.5726791690663556,0.31774317975945804,0.14930019209490666,ALTERNATIVE_PAYMENT
EVT_00002871,0.5713060626811676,0.41016940044828953,0.25539642642154975,0.10697302593623936,ALTERNATIVE_PAYMENT
EVT_00007204,0.4751238898865791,0.2888351651423644,0.044249489990026564,0.08865068468042506,ALTERNATIVE_PAYMENT
EVT_00006659,0.4220225355661631,0.20912557656310127,0.03238283467973734,0.05610297803831752,ALTERNATIVE_PAYMENT
EVT_00000847,0.8658687990175037,1.282768714942405,0.7044792386778094,0.6511436875687027,RECOVERY_REMINDER
EVT_00001456,0.2886725190368922,0.04440821435991663,0.01979480476130611,0.06039545965777793,ALTERNATIVE_PAYMENT
EVT_00002744,0.8692618487464386,1.0878431004164577,0.5806162040743696,0.45940384190468114,RECOVERY_REMINDER
EVT_00005698,0.41659351048422927,0.0830785700429869,0.027638204052596232,0.28485288734036773,ALTERNATIVE_PAYMENT
EVT_00003638,0.41970253198552315,0.03819832353691575,0.02580177877283227,0.059506523363071585,ALTERNATIVE_PAYMENT
EVT_00006650,0.5199482322214647,0.276765159570643,0.059908558844735574,0.08195135315525426,ALTERNATIVE_PAYMENT
EVT_00002798,0.7862489025295416,1.2172058543954638,0.6620407167797552,0.4366487547261191,RECOVERY_REMINDER
EVT_00002537,0.5281211062573111,0.5816746607445213,0.2488932938125972,0.018188467864537854,RECOVERY_REMINDER
EVT_00008370,0.18614580358227445,0.03851166569390393,0.028505479602489323,0.07467537137600971,ALTERNATIVE_PAYMENT
EVT_00000082,0.5862868638464522,0.09942406532218764,0.042366451913786685,0.41109310157357654,ALTERNATIVE_PAYMENT
EVT_00009921,0.738661771862403,1.2558418949588745,0.5923869507693683,0.43587516105400825,RECOVERY_REMINDER
EVT_00000830,0.6674583997794876,0.6579836980604382,0.6624347458001373,0.3039043002977201,ALTERNATIVE_PAYMENT
EVT_00009739,0.8238333394020306,1.2075643535631242,0.5800263221161767,0.3912050938431129,RECOVERY_REMINDER
EVT_00008286,0.5665853981569073,0.5024878011875589,0.39229155957404455,0.15485561416672494,ALTERNATIVE_PAYMENT
EVT_00006698,0.5115718721238317,0.5604254430169714,0.26109260093891945,0.3084928813580122,RECOVERY_REMINDER
EVT_00004142,0.5207460605067846,0.54322303206887,0.3231498685460334,0.1759223721191283,RECOVERY_REMINDER
EVT_00003462,0.5086980537083811,0.5761053371560209,0.2910249958344195,0.1522045410077415,RECOVERY_REMINDER
EVT_00005077,0.5030234269133429,0.056873458222414096,0.023865101774081285,0.03668644559080262,ALTERNATIVE_PAYMENT
EVT_00009073,0.7205871753210057,0.5991543301270141,0.5765191684103984,0.3098468598907835,ALTERNATIVE_PAYMENT
EVT_00004747,0.8383008098722902,1.2014702473527006,0.5666392778526083,0.3820682145880452,RECOVERY_REMINDER
EVT_00006525,0.7603921256482007,0.5087799884925024,0.4192030986192415,0.13980554584389243,ALTERNATIVE_PAYMENT
EVT_00007085,0.6787609478856934,0.5120248433714908,0.26269624281340254,0.18501942985042455,ALTERNATIVE_PAYMENT
EVT_00003285,0.5740247846931568,0.549985085953862,0.35773749036276487,0.1746849242976234,ALTERNATIVE_PAYMENT
EVT_00006551,0.5841492743678917,0.43472151295299255,0.5149718039622392,0.27143632857718575,ALTERNATIVE_PAYMENT
EVT_00009797,0.5707790527608188,0.5009017315837697,0.5483676273426441,0.2715851302561611,ALTERNATIVE_PAYMENT
EVT_00002530,0.441818307858318,0.3000905132871326,0.25745347337874425,0.14291700461714518,ALTERNATIVE_PAYMENT
EVT_00002760,0.5047913678365334,0.4411177399717886,0.18073454568994665,0.15876726150185716,ALTERNATIVE_PAYMENT
EVT_00001861,0.44681800691847606,0.07045599452649387,0.03846296368506193,0.07587720089719262,ALTERNATIVE_PAYMENT
EVT_00005528,0.7732619832613724,1.0898257018033344,0.6063934941501856,0.4692397361455495,RECOVERY_REMINDER
EVT_00000353,0.8426730794205708,1.2330667041881194,0.6031668271291591,0.4017570686629126,RECOVERY_REMINDER
EVT_00005167,0.40229950194550185,0.48947504447979406,0.374330427437013,0.14464874103178982,RECOVERY_REMINDER
EVT_00002254,0.7211208869846799,0.6024452281040656,0.3743175473170925,0.14997830847484037,ALTERNATIVE_PAYMENT
EVT_00007858,0.6945561109891224,0.5509920130117668,0.588196080241067,0.2747327086925237,ALTERNATIVE_PAYMENT
EVT_00007676,0.8525321319846692,1.1413588473891327,0.5621346535132591,0.397275421146838,RECOVERY_REMINDER
EVT_00009900,0.3392596117060363,0.36974875762727233,0.05320100627201307,0.10168633237035409,RECOVERY_REMINDER
EVT_00006896,0.8668710767379598,1.4027642256462254,0.7361543500092935,0.6813002456685984,RECOVERY_REMINDER
EVT_00008456,0.4919308764599749,0.05123176073818897,0.08394627668031479,0.13236339790497464,ALTERNATIVE_PAYMENT
EVT_00005038,0.4135694732684037,0.06290742620444803,0.03448637169556846,0.04734246851973581,ALTERNATIVE_PAYMENT
EVT_00008167,0.703288194321558,0.6065761887114403,0.6149767879044697,0.2755953159192967,ALTERNATIVE_PAYMENT
EVT_00007635,0.5256142681610654,0.1017489377724658,0.04403089672423792,0.07865566616430786,ALTERNATIVE_PAYMENT
EVT_00005436,0.7220199979408196,0.6685241459654692,0.3383103354946908,0.15189327948771025,ALTERNATIVE_PAYMENT
EVT_00002756,0.6388963715994306,0.5800846077028383,0.3451491725941328,0.16519422147895083,ALTERNATIVE_PAYMENT
EVT_00004594,0.43737404892880744,0.2733846842378732,0.04536740533615929,0.0707114168581598,ALTERNATIVE_PAYMENT
EVT_00008396,0.5570444221536147,0.4571214384650058,0.260275919557254,0.10156934343320109,ALTERNATIVE_PAYMENT
EVT_00001730,0.7235854069465497,1.3189810034644363,0.5415196535972617,0.027836027595899985,RECOVERY_REMINDER
EVT_00007000,0.857868039708702,1.2610200831497846,0.6230737269090418,0.3895755378448872,RECOVERY_REMINDER
EVT_00006141,0.3774518737297907,0.05983708146518,0.017965790936746592,0.050081555765395934,ALTERNATIVE_PAYMENT
EVT_00009154,0.7130029880383127,0.6658836809699441,0.4846987511376318,0.46046038386146215,ALTERNATIVE_PAYMENT
EVT_00005712,0.7267991381709331,0.6053789725921445,0.6445878949874134,0.27823186704325703,ALTERNATIVE_PAYMENT
EVT_00007176,0.3950772479107097,0.048558045304372625,0.05976572645977833,0.14550372758329175,ALTERNATIVE_PAYMENT
EVT_00002930,0.4359595125264819,0.22691709851157993,0.03116234955735343,0.07628808918775305,ALTERNATIVE_PAYMENT
EVT_00009520,0.4194646487396227,0.062432772981115735,0.11376777375961454,0.09992802535086215,ALTERNATIVE_PAYMENT
EVT_00000455,0.30341071617275833,0.3369073715602302,0.27443946225647226,0.1112963470861682,RECOVERY_REMINDER
EVT_00005610,0.42413544791185814,0.36165146455759795,0.17892098068461343,0.10767809190442573,ALTERNATIVE_PAYMENT
EVT_00008806,0.5366488089213747,0.4297242764221778,0.06339109453121482,0.081787463432977,ALTERNATIVE_PAYMENT
EVT_00006465,0.6308028268784792,0.11854286318018008,0.10624601578739522,0.3944438190160229,ALTERNATIVE_PAYMENT
EVT_00002526,0.4071206254221798,0.09165870350521714,0.08569658798979926,0.15582783123696842,ALTERNATIVE_PAYMENT
EVT_00000408,0.3550912488030272,0.37034651955135367,0.20638813807977152,0.09966299115632059,RECOVERY_REMINDER
EVT_00005540,0.6366302804341563,0.5153039224920377,0.4042014410346047,0.03699533762088106,ALTERNATIVE_PAYMENT
EVT_00002333,0.4441437969059685,0.06442390420022652,0.07065593457768773,0.12843849001539795,ALTERNATIVE_PAYMENT
EVT_00004131,0.5184646864943266,0.6694254989501475,0.36018648065258374,0.28428308874104274,RECOVERY_REMINDER
EVT_00006962,0.6895218253798282,0.5206919448669962,0.23535178961719116,0.14657865914649798,ALTERNATIVE_PAYMENT
EVT_00009483,0.5018703823368056,0.4614352463558359,0.25590764126703414,0.01280806825066086,ALTERNATIVE_PAYMENT
EVT_00009563,0.8301604020306387,1.4425149812321372,0.569828378035214,0.621780177964103,RECOVERY_REMINDER
EVT_00001451,0.7546979160680677,0.6964845050200976,0.5850761901791076,0.32526188787868576,ALTERNATIVE_PAYMENT
EVT_00002023,0.8334168021714266,1.2227603164848777,0.6473355062550702,0.4376568098791002,RECOVERY_REMINDER
EVT_00004153,0.6152485192750381,0.9179457366361715,0.4197882889667246,0.350532338687594,RECOVERY_REMINDER
EVT_00007133,0.7027486542355149,0.6120702350229116,0.6103984807608458,0.04116818335008416,ALTERNATIVE_PAYMENT
EVT_00005799,0.5616242358362786,0.40655008422411143,0.16515430085896754,0.08764327221749196,ALTERNATIVE_PAYMENT
EVT_00006714,0.4107576946609216,0.45238492373624134,0.26932212309756853,0.10833532899398533,RECOVERY_REMINDER
EVT_00008676,0.7740091044555766,1.2149545371707386,0.614946478012602,0.44861880232560986,RECOVERY_REMINDER
EVT_00006134,0.8510023016956154,1.2967017237598168,0.6722800688103948,0.4339234280112554,RECOVERY_REMINDER
EVT_00006249,0.2930890518801817,0.24010153939242695,0.026735867119510832,0.05303187681774919,ALTERNATIVE_PAYMENT
EVT_00006230,0.748031867677052,0.7226171581446448,0.4741538121612784,0.4197910455930942,ALTERNATIVE_PAYMENT
EVT_00000885,0.47907218335365254,0.5473926550353749,0.3815608653911291,0.17374153365559525,RECOVERY_REMINDER
EVT_00007405,0.6381763510366171,0.5679371441921846,0.3943503107139131,0.1765539158585781,ALTERNATIVE_PAYMENT
EVT_00009218,0.4803703986782258,0.4803703986782258,0.16757154507317396,0.14603728372708294,ALTERNATIVE_PAYMENT
EVT_00007855,0.5947850969580183,0.13703713217723743,0.14110906225010178,0.45427055572786007,ALTERNATIVE_PAYMENT
EVT_00006769,0.7231043302808924,0.5345304782347966,0.3603006947179903,0.13183306015829346,ALTERNATIVE_PAYMENT
EVT_00003594,0.7179698909239921,0.6463056670448836,0.5565897903173604,0.1761749539170733,ALTERNATIVE_PAYMENT
EVT_00006671,0.6174141277568899,0.5048345915357533,0.4695638960294321,0.02050072188206249,ALTERNATIVE_PAYMENT
EVT_00002194,0.8178407933077504,0.5315874075923914,0.3805984423286543,0.15660177862266378,ALTERNATIVE_PAYMENT
EVT_00006361,0.37123877394100063,0.06524030676604921,0.030516825389653952,0.10270859748851341,ALTERNATIVE_PAYMENT
EVT_00003931,0.6075635857547825,0.4830508521261474,0.5641495060584828,0.1629046757218019,ALTERNATIVE_PAYMENT
EVT_00001449,0.6472703469571229,0.5309990012892425,0.5665333020674358,0.30131561776901566,ALTERNATIVE_PAYMENT
EVT_00003261,0.5175770029980086,0.46894782420867887,0.3298816651503657,0.1821993677364714,ALTERNATIVE_PAYMENT
EVT_00008508,0.4570969930162744,0.447924349167461,0.3165743921974426,0.1572050327476674,ALTERNATIVE_PAYMENT
EVT_00000260,0.6895511567740349,0.7609924247220001,0.6279655026137122,0.29513943623549815,RECOVERY_REMINDER
EVT_00003801,0.7367686456165796,0.7294248949835711,0.6757488429922773,0.3450933505548715,ALTERNATIVE_PAYMENT
EVT_00001512,0.5420806379736587,0.8713410624248259,0.3248476302506171,0.03955271816969459,RECOVERY_REMINDER
EVT_00002477,0.7886229850230703,0.6526034435949043,0.6318048560702137,0.18007499704061547,ALTERNATIVE_PAYMENT
EVT_00009704,0.5368244775183605,0.46462104933222415,0.26113925471193195,0.12049182605246249,ALTERNATIVE_PAYMENT
EVT_00002650,0.6139493553700499,0.5431334863407863,0.24010476941471276,0.16704010217860685,ALTERNATIVE_PAYMENT
EVT_00004287,0.8713763980547811,1.2598672219434965,0.6272546337553178,0.3765609855224971,RECOVERY_REMINDER
EVT_00007361,0.667055504536826,0.5210982144532573,0.3071449324313195,0.16261059319457435,ALTERNATIVE_PAYMENT
EVT_00008641,0.6463947209540641,0.5238025270600978,0.37179663209929015,0.17850251874887765,ALTERNATIVE_PAYMENT
EVT_00000687,0.8970051253386504,1.2709712465781327,0.5714212513773738,0.4197394955279332,RECOVERY_REMINDER
EVT_00007780,0.6693520366193405,0.5379856933385948,0.48851707680631584,0.3045704837770132,ALTERNATIVE_PAYMENT
EVT_00003089,0.8022453207318069,1.3943946264025688,0.6444940331144186,0.6327473995768804,RECOVERY_REMINDER
EVT_00001041,0.8025142938475709,1.2515121773560967,0.6013695854772315,0.38780037693713204,RECOVERY_REMINDER
EVT_00006313,0.5458307754996199,0.3165493489148953,0.1656554675494351,0.07656866252146419,ALTERNATIVE_PAYMENT
EVT_00009516,0.7490637651811431,0.7831604348506619,0.3850619971061997,0.44985268556712654,RECOVERY_REMINDER
EVT_00002982,0.7654518786244888,0.6171627370968887,0.6131087904756187,0.2700889997894803,ALTERNATIVE_PAYMENT
EVT_00004546,0.45488153029323,0.08914782090544479,0.05708578996366407,0.1370278234379512,ALTERNATIVE_PAYMENT
EVT_00002717,0.4865812224828313,0.2164124366992327,0.029026550647582243,0.03515965124086985,ALTERNATIVE_PAYMENT
EVT_00004265,0.51230381622289,0.2603251734933909,0.04648530837035043,0.050305856742684514,ALTERNATIVE_PAYMENT
EVT_00001056,0.4886599943287523,0.37342113577535424,0.07393561987959273,0.0871335555347794,ALTERNATIVE_PAYMENT
EVT_00009433,0.6598266077697621,0.3865454014656535,0.18459831013498967,0.08917227031858968,ALTERNATIVE_PAYMENT
EVT_00000233,0.5520289670977027,0.37820055025292293,0.19887382539464868,0.1214477073287243,ALTERNATIVE_PAYMENT
EVT_00005927,0.5779951644262344,1.0299507240360768,0.40252246021116156,0.18599264006042496,RECOVERY_REMINDER
EVT_00001308,0.39925364621266257,0.36471126198053244,0.17584518241291944,0.1348398549651446,ALTERNATIVE_PAYMENT
EVT_00006675,0.8583760545274739,1.3200735496813065,0.5781032297513079,0.32980832869595766,RECOVERY_REMINDER
EVT_00004907,0.45726731227776124,0.22594904207802766,0.05948813058729803,0.07676116631533027,ALTERNATIVE_PAYMENT
EVT_00009466,0.8239337661930941,1.3009871805593065,0.5821898424330855,0.4266779302498056,RECOVERY_REMINDER
EVT_00000794,0.48800526272723466,0.07596886619676499,0.0758352614531682,0.03956456690650636,ALTERNATIVE_PAYMENT
EVT_00007735,0.8595434349334684,1.1741184227997958,0.6489328011950558,0.40907484940885197,RECOVERY_REMINDER
EVT_00004005,0.3169186303564033,0.2645229643986836,0.026948251751942976,0.05549676296956645,ALTERNATIVE_PAYMENT
EVT_00000531,0.7227111224170587,0.5533094167473773,0.16282995005666737,0.3061323673814763,ALTERNATIVE_PAYMENT
EVT_00006117,0.4891951727947467,0.43979514492328076,0.2802822252416406,0.12946233183727562,ALTERNATIVE_PAYMENT
EVT_00001072,0.6035217384701732,0.5587880155900607,0.3062829071662364,0.15529955501158138,ALTERNATIVE_PAYMENT
EVT_00002618,0.7007528054424869,0.5705166820067349,0.2801390369320149,0.14159745433431734,ALTERNATIVE_PAYMENT
EVT_00005295,0.48165094155677524,0.5964081104647795,0.36113823148453206,0.17545044686135874,RECOVERY_REMINDER
EVT_00009115,0.5067492275118847,0.3948144321894004,0.2730586126561677,0.10063775516539679,ALTERNATIVE_PAYMENT
EVT_00008713,0.7267871530196218,0.5797577962021906,0.38396352683391927,0.15568675046827957,ALTERNATIVE_PAYMENT
EVT_00001826,0.5396713783854482,0.3671216293215515,0.258222615812407,0.09110157640923008,ALTERNATIVE_PAYMENT
EVT_00001487,0.5721007662399825,0.284360398986786,0.1456272016770266,0.07631656149708742,ALTERNATIVE_PAYMENT
EVT_00008582,0.6610088586508045,0.5292611425695946,0.344599424178262,0.1334052280409935,ALTERNATIVE_PAYMENT
EVT_00009301,0.5276870530989489,0.39240044551003633,0.171829601859236,0.12352032812429795,ALTERNATIVE_PAYMENT
EVT_00005358,0.5587363960299591,0.3488625607876927,0.2089067362776757,0.11248830424352567,ALTERNATIVE_PAYMENT
EVT_00005289,0.4164711498162738,0.06840768397161537,0.09550000496286833,0.12558923359603216,ALTERNATIVE_PAYMENT
EVT_00000457,0.5592347373797746,0.38199905702991765,0.09902062279785318,0.10525866350377587,ALTERNATIVE_PAYMENT
EVT_00007003,0.9156014521892066,1.27509162431565,0.6191856839885276,0.4042452078361478,RECOVERY_REMINDER
EVT_00008182,0.512812408185542,1.0224311322694648,0.4170271533028442,0.16579976488321446,RECOVERY_REMINDER
EVT_00009933,0.5405764462251441,0.2980914871930684,0.03698015041891734,0.05167338508645807,ALTERNATIVE_PAYMENT
EVT_00007466,0.48284305554434653,0.48284305554434653,0.2711471142213567,0.01490646553300298,ALTERNATIVE_PAYMENT
EVT_00008863,0.6933442873906815,0.5266677604258189,0.21460337969581547,0.37534044592878313,ALTERNATIVE_PAYMENT
EVT_00006018,0.5360882360138762,0.5820064806509304,0.3485483719077632,0.1501746797317069,RECOVERY_REMINDER
EVT_00004146,0.5511021317059308,0.06447363654074917,0.02013669830592367,0.05717803048127415,ALTERNATIVE_PAYMENT
EVT_00003836,0.46984036237013754,0.5678260371934213,0.2329696735719189,0.27709510423473366,RECOVERY_REMINDER
EVT_00009025,0.6283240671352259,0.5060752700024462,0.33371643199529205,0.17525351500653213,ALTERNATIVE_PAYMENT
EVT_00003481,0.4196563896511809,0.029372680622133447,0.01449093396802552,0.027414763537359207,ALTERNATIVE_PAYMENT
EVT_00001384,0.9771872812458527,1.2165989950386327,0.6857260823759923,0.4513800915655791,RECOVERY_REMINDER
EVT_00009555,0.4597640276867908,0.0581882044938374,0.05806358634559408,0.1008105803002532,ALTERNATIVE_PAYMENT
EVT_00000137,0.35127990292926636,0.2931318638262863,0.06433592332958255,0.07229512789656396,ALTERNATIVE_PAYMENT
EVT_00005457,0.5178782682442175,0.0455465855752098,0.029448578325038634,0.08921153993237894,ALTERNATIVE_PAYMENT
EVT_00002701,0.4435343169459604,0.5869755285804946,0.22674308304578517,0.11814170949554828,RECOVERY_REMINDER
EVT_00001957,0.6769083111013777,0.6269932690973362,0.3470196738902447,0.2744535207422726,ALTERNATIVE_PAYMENT
EVT_00006471,0.6653989784712913,0.594129892328224,0.5081956281203122,0.16819400792848116,ALTERNATIVE_PAYMENT
EVT_00003069,0.6777389122698316,0.6150243359989368,0.5709689686741577,0.17913484280389771,ALTERNATIVE_PAYMENT
EVT_00006312,0.27222085481186453,0.049989478950805244,0.012756193896574782,0.05759161030666685,ALTERNATIVE_PAYMENT
EVT_00006437,0.5719888473562923,0.6189565190857169,0.36841380935549456,0.29400284437178753,RECOVERY_REMINDER
EVT_00004358,0.5211343434020969,0.38595689737230726,0.07055545741692709,0.27060801272866974,ALTERNATIVE_PAYMENT
EVT_00002808,0.44055103616092045,0.5342324140661332,0.21288731898600358,0.15105312923005876,RECOVERY_REMINDER
EVT_00007274,0.511203282427012,0.10203530093114427,0.0456351928622859,0.02649520014556448,ALTERNATIVE_PAYMENT
EVT_00004349,0.4921317097542593,0.540790683155367,0.2775050891572255,0.15166906186207618,RECOVERY_REMINDER
EVT_00007548,0.7811159876061945,1.2775389285770824,0.6044487883325015,0.4141410192813149,RECOVERY_REMINDER
EVT_00008968,0.4545204739710007,0.412041239277551,0.20690745682415693,0.006167757914697607,ALTERNATIVE_PAYMENT
EVT_00004181,0.7585067298610262,0.5293802692912468,0.1983954616149011,0.14313503550467924,ALTERNATIVE_PAYMENT
EVT_00005565,0.3134081241054415,0.027310372235334793,0.0076415229242618775,0.053111542721081366,ALTERNATIVE_PAYMENT
EVT_00001097,0.9455495400757766,1.2604188568753623,0.6199677598080722,0.41106240523970056,RECOVERY_REMINDER
EVT_00003728,0.6114745870729288,0.4262414471641461,0.265084685418732,0.1256547164500607,ALTERNATIVE_PAYMENT
EVT_00000785,0.602476737088905,0.9601984328661647,0.41240491268769836,0.34301149104010153,RECOVERY_REMINDER
EVT_00004630,0.7004462351782507,0.5837699992096389,0.3401659632853405,0.17985350968470498,ALTERNATIVE_PAYMENT
EVT_00005488,0.6119362547322339,0.5712187070629416,0.42560434508275596,0.28979734376471844,ALTERNATIVE_PAYMENT
EVT_00007576,0.5957604038872212,0.6226214405398153,0.4792528766327343,0.2720018438838947,RECOVERY_REMINDER
EVT_00001433,0.49162946091989845,0.6072681737411816,0.3179953464897586,0.4079382287420603,RECOVERY_REMINDER
EVT_00004716,0.8184985141689229,1.3288911968749537,0.6353566202789945,0.429996809483399,RECOVERY_REMINDER
EVT_00009087,0.7184520482005824,0.5412578373458745,0.2718089376773158,0.021147003778782304,ALTERNATIVE_PAYMENT
EVT_00007807,0.5563864788165592,1.0025504688362983,0.48716037600194506,0.28848994618091234,RECOVERY_REMINDER
EVT_00008730,0.330246447866447,0.04890080936752401,0.011551021919761942,0.08399126880328633,ALTERNATIVE_PAYMENT
EVT_00002304,0.4978879982693212,0.4488038541820106,0.2748258278079696,0.036175547304987066,ALTERNATIVE_PAYMENT
EVT_00000028,0.6887948207442468,0.4650381486517997,0.1324645149402101,0.18344127888823436,ALTERNATIVE_PAYMENT
EVT_00000617,0.8914157052798846,1.294137569261857,0.6046655546879864,0.3645211662492247,RECOVERY_REMINDER
EVT_00001123,0.39735171836779,0.28926856635227866,0.04887672354511948,0.05149979636202025,ALTERNATIVE_PAYMENT
EVT_00000804,0.6958181235219116,1.0310698101316293,0.424280358354799,0.30600127220570794,RECOVERY_REMINDER
EVT_00001869,0.40089216172213005,0.05939934336833966,0.04677744131582765,0.262738199003143,ALTERNATIVE_PAYMENT
EVT_00004303,0.7285720846931694,0.5926276795991416,0.4677453252596938,0.3000440259598824,ALTERNATIVE_PAYMENT
EVT_00001759,0.6198773216297665,0.3664855210443466,0.21463720268342648,0.11017064399599291,ALTERNATIVE_PAYMENT
EVT_00000855,0.5215696231805841,0.46477155373589024,0.3159065712866786,0.01027039333278934,ALTERNATIVE_PAYMENT
EVT_00003165,0.8636999866417479,0.7623854293520567,0.6532123873678596,0.48751576844711364,ALTERNATIVE_PAYMENT
EVT_00004359,0.40413883566155184,0.04276047762245574,0.06763374774658323,0.08489551638231677,ALTERNATIVE_PAYMENT
EVT_00006187,0.45789629265938186,0.5425470960523471,0.3235271806558347,0.1265398655255137,RECOVERY_REMINDER
EVT_00005241,0.6106138723921276,0.40289110622627883,0.2074763054968354,0.1062520702400219,ALTERNATIVE_PAYMENT
EVT_00006505,0.6405126732166017,0.5158270773998214,0.37979441015768417,0.2703075916840258,ALTERNATIVE_PAYMENT
EVT_00002838,0.4426920263472793,0.4426920263472793,0.1717304446843051,0.09450999190101406,ALTERNATIVE_PAYMENT
EVT_00009743,0.551465561595142,0.3639137675928619,0.0877513460754346,0.09750795976354258,ALTERNATIVE_PAYMENT
EVT_00004187,0.6213412166558517,0.5222624745418978,0.3699663759240181,0.28923792666099385,ALTERNATIVE_PAYMENT
EVT_00009993,0.6526227119262952,0.6113460871860282,0.5327499071624502,0.17222540327357835,ALTERNATIVE_PAYMENT
EVT_00004250,0.5069559618109998,0.3522463139266674,0.05519730454053328,0.07802402822399285,ALTERNATIVE_PAYMENT
EVT_00008316,0.7967496586411738,1.1544315974672965,0.5797243345344938,0.38963159183463364,RECOVERY_REMINDER
EVT_00008012,0.4051813645807913,0.05571953702412406,0.11862514131797472,0.12386338627991186,ALTERNATIVE_PAYMENT
EVT_00008070,0.7420233596174066,1.1902444943057378,0.5869063117779241,0.42972475570787677,RECOVERY_REMINDER
EVT_00005459,0.5427543291332256,0.41147867699035573,0.1698491656968123,0.08836343437868414,ALTERNATIVE_PAYMENT
EVT_00007116,0.7570659457389556,0.5739060720345728,0.38694125389550993,0.15447192802891108,ALTERNATIVE_PAYMENT
EVT_00007660,0.382252177394827,0.5138388236811897,0.22155201615262882,0.14398599955714567,RECOVERY_REMINDER
EVT_00002290,0.4996602155146097,0.4529538337450946,0.3215320342999118,0.11076421450309319,ALTERNATIVE_PAYMENT
EVT_00009985,0.43116528361592127,0.5048281063150971,0.2367398858995994,0.12300949619320979,RECOVERY_REMINDER
EVT_00004833,0.8987697520402715,1.1451590734868693,0.6303971109556689,0.4170641403639196,RECOVERY_REMINDER
EVT_00008759,0.6108420836663421,1.090160172616134,0.4254480740344294,0.30516111966604,RECOVERY_REMINDER
EVT_00008457,0.7453342312602088,0.6080633020568925,0.6320600897479051,0.300974292807497,ALTERNATIVE_PAYMENT
EVT_00002900,0.5901515878796592,0.5399631418442382,0.2331569366108671,0.3489749987080538,ALTERNATIVE_PAYMENT
EVT_00006094,0.6286764006476214,0.42368457904366585,0.3278119142104898,0.163892827858909,ALTERNATIVE_PAYMENT
EVT_00001218,0.6339391809548415,0.5942699769483499,0.4727612232289307,0.14832665423381827,ALTERNATIVE_PAYMENT
EVT_00004266,0.4533821686761896,0.48283931782546263,0.3111587454648017,0.12119466381261994,RECOVERY_REMINDER
EVT_00009225,0.5782736983198363,0.34742838927265207,0.111634332761221,0.1037652427967354,ALTERNATIVE_PAYMENT
EVT_00008723,0.6944645239928842,1.0135516834084013,0.45351585272559686,0.38979331100797654,RECOVERY_REMINDER
EVT_00001315,0.6557706361462032,0.35619200195161116,0.21959469645134194,0.027174042022824065,ALTERNATIVE_PAYMENT
EVT_00006298,0.5697597903409763,0.7811767882897481,0.30881215674346696,0.14904469130469913,RECOVERY_REMINDER
EVT_00004972,0.5197784070509657,0.25526448180310335,0.03848947183150868,0.061604274751107635,ALTERNATIVE_PAYMENT
EVT_00006451,0.22400574165594364,0.025882686946469256,0.012788483758614045,0.05596055447169707,ALTERNATIVE_PAYMENT
EVT_00000962,0.794618707579034,1.3308356205141965,0.610785315756385,0.4420415542345276,RECOVERY_REMINDER
EVT_00006823,0.49592345648073194,0.6294805993722082,0.2981064602222641,0.4123348916193107,RECOVERY_REMINDER
EVT_00002970,0.6188001403203004,0.2682569797113758,0.21396745858128277,0.06435034414606203,ALTERNATIVE_PAYMENT
EVT_00003313,0.5454852758455871,0.3985731799977786,0.19778332626824496,0.11568738092117523,ALTERNATIVE_PAYMENT
EVT_00002621,0.5374347871543484,0.5280693060250866,0.3478877479194682,0.29667273266006344,ALTERNATIVE_PAYMENT
EVT_00002557,0.7279370737554784,0.5596311174275888,0.33453926990883576,0.1418466040458625,ALTERNATIVE_PAYMENT
EVT_00003976,0.3391287270898345,0.05878660034096767,0.011155474122683182,0.023723314128422168,ALTERNATIVE_PAYMENT
EVT_00005217,0.7710398935252641,0.6317517742168852,0.6033912867865044,0.31529826883515105,ALTERNATIVE_PAYMENT
EVT_00004460,0.8667506815693685,0.5818236200625548,0.40080805013142645,0.18343893135039643,ALTERNATIVE_PAYMENT
EVT_00007193,0.19999083261443232,0.24294735327516656,0.03190853812822095,0.052285252038144686,RECOVERY_REMINDER
EVT_00005589,0.6760063011324468,0.6760063011324468,0.4407681787044881,0.3936471479317387,ALTERNATIVE_PAYMENT
EVT_00009448,0.47684352758948656,0.6006539429687785,0.3007902136458763,0.013640982947563645,RECOVERY_REMINDER
EVT_00001943,0.4239858405855295,0.37381537032370366,0.1539769426153469,0.11503441574204178,ALTERNATIVE_PAYMENT
EVT_00001021,0.48404894780893243,0.08445418643486509,0.06956069161686296,0.0954063052201223,ALTERNATIVE_PAYMENT
EVT_00005958,0.7276603098853424,0.5801067598083167,0.3927933341343273,0.1776161188122176,ALTERNATIVE_PAYMENT
EVT_00007179,0.5018941583520733,0.7606689371794442,0.4001622686697757,0.44851499840273856,RECOVERY_REMINDER
EVT_00003423,0.5068251852558977,0.047494997125546896,0.042300183493302446,0.01248997696741374,ALTERNATIVE_PAYMENT
EVT_00006355,0.45428339628602044,0.09005624133150271,0.1065695933478246,0.14496281665738353,ALTERNATIVE_PAYMENT
EVT_00001867,0.5731987130849072,0.3783889740705161,0.2639499958093655,0.1358658921539751,ALTERNATIVE_PAYMENT
EVT_00006121,0.44041337134021247,0.07314153945584305,0.06608526557150628,0.10746619456745769,ALTERNATIVE_PAYMENT
EVT_00000581,0.62621262982381,0.7196352371282765,0.5374864844410624,0.17366354421922697,RECOVERY_REMINDER
EVT_00004379,0.5848373915958243,0.6989110232801222,0.37920461114551574,0.4038940735702291,RECOVERY_REMINDER
EVT_00003923,0.5835248759964597,0.4773078833444693,0.25972749744144497,0.13090799371596476,ALTERNATIVE_PAYMENT
EVT_00006578,0.7647065070876767,1.10164844008084,0.6577550364951799,0.017455296372975267,RECOVERY_REMINDER
EVT_00000871,0.45113389411078264,0.4134248855660047,0.1928254662376023,0.15566592348586858,ALTERNATIVE_PAYMENT
EVT_00002320,0.44157189710185746,0.43841018560416406,0.28547895289973785,0.10805084366987901,ALTERNATIVE_PAYMENT
EVT_00003678,0.8930401620097589,1.211977249811918,0.6994969274907276,0.3887037488168237,RECOVERY_REMINDER
EVT_00005497,0.5737588408685361,0.3497550043500026,0.1910386587185931,0.08888202261180873,ALTERNATIVE_PAYMENT
EVT_00003510,0.8759848626215365,1.2871832876658882,0.5950200275771531,0.446486197623013,RECOVERY_REMINDER
EVT_00001763,0.46231370613377437,0.2827389080498422,0.05877816294640095,0.06868397266947793,ALTERNATIVE_PAYMENT
EVT_00006816,0.5472370155490951,0.5472370155490951,0.30895081177502254,0.3668228961955288,ALTERNATIVE_PAYMENT
EVT_00005401,0.4412254690100741,0.09171549895735169,0.0525651069761621,0.08836766969944321,ALTERNATIVE_PAYMENT
EVT_00008820,0.41845286637249235,0.285832844404193,0.06607825727619954,0.07837921638080055,ALTERNATIVE_PAYMENT
EVT_00007898,0.8165890255188449,1.2421129730974094,0.6698163869512639,0.33711846853011995,RECOVERY_REMINDER
EVT_00005220,0.4524372502991801,0.06384644364273538,0.0765515448780475,0.12513698272642126,ALTERNATIVE_PAYMENT
EVT_00001211,0.6580199401485078,0.3975717735302811,0.29828698353964933,0.1090088222333705,ALTERNATIVE_PAYMENT
EVT_00009856,0.4455748933434349,0.6818331936722362,0.31777833763757907,0.16708285687941887,RECOVERY_REMINDER
EVT_00001219,0.6856390058672254,0.40871360064404944,0.23365495930591734,0.1561708035017964,ALTERNATIVE_PAYMENT
EVT_00002958,0.8377048772926311,1.3045804181116218,0.6376543107360221,0.42688171765974753,RECOVERY_REMINDER
EVT_00009673,0.579895469539242,0.6367741772398139,0.47094509078903607,0.16785642655322555,RECOVERY_REMINDER
EVT_00005932,0.42932384999323653,0.44670586572382165,0.2458909940896696,0.13755466090060176,RECOVERY_REMINDER
EVT_00001641,0.5150595849910449,0.49629112222725047,0.2487724713296828,0.08066044646072967,ALTERNATIVE_PAYMENT
EVT_00005683,0.5522860141180745,0.3208756938583908,0.11183411279771935,0.057242394361416614,ALTERNATIVE_PAYMENT
EVT_00008575,0.6127472575679709,0.5936662440521178,0.3893689062019393,0.49524066906433944,ALTERNATIVE_PAYMENT
EVT_00006719,0.6930367670822717,1.2550402707658839,0.6272796182421975,0.03703792138522457,RECOVERY_REMINDER
EVT_00007196,0.5364998856608084,0.05920844950744397,0.06479341450881644,0.12334949374085517,ALTERNATIVE_PAYMENT
EVT_00008767,0.7963582175142738,1.279563975817462,0.6208502466197274,0.3817314950327763,RECOVERY_REMINDER
EVT_00002780,0.4715257343931219,0.4632237417122006,0.20858495170384475,0.10670099112230748,ALTERNATIVE_PAYMENT
EVT_00001683,0.5014908884405826,0.4131622175667276,0.18903960023150168,0.10887495814078095,ALTERNATIVE_PAYMENT
EVT_00006775,0.33541898805564885,0.5939509804223717,0.2414622245636041,0.1486187594987254,RECOVERY_REMINDER
EVT_00005882,0.5657480084655264,0.5657480084655264,0.348340373382646,0.15740239042288937,ALTERNATIVE_PAYMENT
EVT_00008765,0.8584682464088941,1.3954073961459066,0.6667491566950396,0.6569352040163162,RECOVERY_REMINDER
EVT_00005415,0.5366667124602909,0.517972807726477,0.3578973481970658,0.15159411954618313,ALTERNATIVE_PAYMENT
EVT_00007504,0.6759888906102989,0.4274792529682235,0.3030778736510615,0.11322375128937003,ALTERNATIVE_PAYMENT
EVT_00003933,0.6548415117248975,0.5666612805175012,0.5899316582337963,0.16856391324902933,ALTERNATIVE_PAYMENT
EVT_00007688,0.3170079212296549,0.32841458109701843,0.06376630644286584,0.013967970193305977,RECOVERY_REMINDER
EVT_00007152,0.39444441691172694,0.05494474383335825,0.023892061566640685,0.10145853411215909,ALTERNATIVE_PAYMENT
EVT_00000288,0.499766570384255,0.4403860964548168,0.2696535655580896,0.14364142934531057,ALTERNATIVE_PAYMENT
EVT_00002292,0.3037777976881065,0.4024549046749406,0.080066994213181,0.10527800542155602,RECOVERY_REMINDER
EVT_00007856,0.5404377791586246,0.4815179107638989,0.3284372598036141,0.1162763903221846,ALTERNATIVE_PAYMENT
EVT_00009564,0.8274117254095483,1.2543312029585845,0.485213839434678,0.5830951455982322,RECOVERY_REMINDER
EVT_00000774,0.5878307177380517,0.610536915617937,0.3461520666847756,0.28257559943882565,RECOVERY_REMINDER
EVT_00003845,0.8435086309469914,1.3301421686738972,0.6383306979766422,0.37813206429716717,RECOVERY_REMINDER
EVT_00009948,0.9062630380507134,1.1368706507503339,0.629727960398516,0.46691838143978337,RECOVERY_REMINDER
EVT_00008779,0.46935027462695356,0.27480126965804336,0.07825492916867602,0.11522140521421596,ALTERNATIVE_PAYMENT
EVT_00009553,0.69365831204412,0.45633302464316267,0.2709428040854462,0.1703578095568956,ALTERNATIVE_PAYMENT
EVT_00007834,0.6694019689878902,0.5519430135339053,0.15037423382404722,0.3612923424514282,ALTERNATIVE_PAYMENT
EVT_00007291,0.4734710567442563,0.45722839602244486,0.2853917101161153,0.13578246502781918,ALTERNATIVE_PAYMENT
EVT_00006493,0.8151061836301124,1.3157987666310327,0.5226659466617364,0.404396289129235,RECOVERY_REMINDER
EVT_00006009,0.9282492396377061,1.2880019508579041,0.6007652456779086,0.38825112627656705,RECOVERY_REMINDER
EVT_00007849,0.42693175851702464,0.5541060049425045,0.3050887046426774,0.15971348993003542,RECOVERY_REMINDER
EVT_00006139,0.7193303531954722,0.5900066796051722,0.4766461292502849,0.27162917795435526,ALTERNATIVE_PAYMENT
EVT_00004333,0.8166253176040952,1.306803284547452,0.6705931383732289,0.46862802963943284,RECOVERY_REMINDER
EVT_00004667,0.8863354345661082,1.2258791890106981,0.5410783843138776,0.40808322950316034,RECOVERY_REMINDER
EVT_00000026,0.7919566097698308,1.1011403355889513,0.5692317132612046,0.4300467793425339,RECOVERY_REMINDER
EVT_00009066,0.615755223301823,0.5445077438895539,0.535506502162547,0.16173182008496176,ALTERNATIVE_PAYMENT
EVT_00004205,0.5182326731276874,0.46582288170302577,0.31295811295219184,0.12132263820199288,ALTERNATIVE_PAYMENT
EVT_00000816,0.549144615982266,0.4293400656962142,0.3140166755527558,0.13982926154500702,ALTERNATIVE_PAYMENT
EVT_00001779,0.6520500195622067,0.6452750798333532,0.41441489669309933,0.4683420734001157,ALTERNATIVE_PAYMENT
EVT_00007508,0.7402663780502977,0.6896039689769647,0.5584969386940751,0.29853660060908466,ALTERNATIVE_PAYMENT
EVT_00000304,0.480483034834894,0.04029483806900508,0.03279308025444511,0.06111236699281011,ALTERNATIVE_PAYMENT
EVT_00006787,0.5249392384712006,0.5706891801303731,0.262864629161206,0.1584268305190422,RECOVERY_REMINDER
EVT_00001012,0.328822985071409,0.36816120351558573,0.06558565672131052,0.09312120490375594,RECOVERY_REMINDER
EVT_00005198,0.5990999369513687,0.4254502857856329,0.2954046302219973,0.1191415902531629,ALTERNATIVE_PAYMENT
EVT_00001403,0.5788576169076599,0.5788576169076599,0.35931986028852353,0.30725343901429986,ALTERNATIVE_PAYMENT
EVT_00005680,0.542858285823613,0.8918130962177242,0.36833338996302023,0.2894985044645882,RECOVERY_REMINDER
EVT_00004580,0.8402544579565612,0.9932126152712741,0.5468133395949737,0.40956266623900944,RECOVERY_REMINDER
EVT_00002948,0.5928006943858948,0.40193097879329936,0.28224125720390875,0.17442585298744606,ALTERNATIVE_PAYMENT
EVT_00001800,0.848786238588635,1.269829209627509,0.6178460895448105,0.43883601266865635,RECOVERY_REMINDER
EVT_00002057,0.4766345558466329,0.07590064681135328,0.08408791626451499,0.12478953466502804,ALTERNATIVE_PAYMENT
EVT_00004472,0.5598837169102074,0.4367534299906515,0.3087136328427094,0.15561878966462478,ALTERNATIVE_PAYMENT
EVT_00007368,0.8660629862516388,1.21536786438321,0.5993286664360301,0.3973754642691145,RECOVERY_REMINDER
EVT_00004441,0.4089294870830594,0.03827185243828627,0.031648254372259536,0.042846901125858886,ALTERNATIVE_PAYMENT
EVT_00007804,0.4910250523371714,0.56201402198199,0.29566388675711425,0.16462955205402036,RECOVERY_REMINDER
EVT_00009338,0.511207581602097,0.6985480340755383,0.319268292803135,0.17493265101508496,RECOVERY_REMINDER
EVT_00002769,0.8104328620912673,1.2389052758940868,0.6581745442725955,0.45766180354269803,RECOVERY_REMINDER
EVT_00005127,0.609206352767093,0.3754007421446175,0.2380851233658774,0.11548396039787144,ALTERNATIVE_PAYMENT
EVT_00000653,0.39635130138469093,0.35501170944806704,0.08264080926481758,0.12089440901153521,ALTERNATIVE_PAYMENT
EVT_00004456,0.7429581505843533,0.6258302119310856,0.6565602726882253,0.3294251546807382,ALTERNATIVE_PAYMENT
EVT_00006984,0.4946673718775898,0.34200160008666214,0.20181080819043168,0.10177287373624579,ALTERNATIVE_PAYMENT
EVT_00007691,0.6904373119006397,0.45778888519138533,0.2943065363587403,0.16173885956339437,ALTERNATIVE_PAYMENT
EVT_00003719,0.5884540958284576,0.5333162949422692,0.519358604217688,0.014228404966656753,ALTERNATIVE_PAYMENT
EVT_00002992,0.2680672414538385,0.04546134559055792,0.009210539616683711,0.09954238479435498,ALTERNATIVE_PAYMENT
EVT_00003660,0.8237463262439283,1.2963364408000386,0.6012761054722772,0.4856431646444314,RECOVERY_REMINDER
EVT_00000621,0.5901591640127936,0.5777061872290379,0.37384073383690175,0.16691831842668595,ALTERNATIVE_PAYMENT
EVT_00009396,0.5024702506619783,0.4756809911768878,0.24427361979962997,0.1420924756526577,ALTERNATIVE_PAYMENT
EVT_00005283,0.5323000420159081,0.38857969054805436,0.22445503154022475,0.08812374424361724,ALTERNATIVE_PAYMENT
EVT_00006482,0.615865747195784,0.5665025904992056,0.506067337414229,0.3145782602350923,ALTERNATIVE_PAYMENT
EVT_00004138,0.7732048779127557,1.241328572064528,0.5822537087306021,0.41076083497552834,RECOVERY_REMINDER
EVT_00003177,0.8398769926604728,1.2234695151819066,0.6311975614492955,0.4105731446757027,RECOVERY_REMINDER
EVT_00002075,0.8477425123569381,1.2576703387401906,0.6469760740588619,0.4696086664515355,RECOVERY_REMINDER
EVT_00004024,0.5322576743231401,0.4759999514587604,0.24524581710090748,0.14189490092453985,ALTERNATIVE_PAYMENT
EVT_00006755,0.8893704572614338,1.3127869872419418,0.6558213184269811,0.44760580759380764,RECOVERY_REMINDER
EVT_00003067,0.6565653836654846,0.5162803072917238,0.3499529691537634,0.14346996315556249,ALTERNATIVE_PAYMENT
EVT_00004306,0.8437056470758244,1.2555063958631434,0.5059580862049934,0.42789066571164386,RECOVERY_REMINDER
EVT_00009318,0.5612584133634482,0.6516810580842675,0.32554064940619576,0.1645389619501792,RECOVERY_REMINDER
EVT_00003465,0.7949673670627048,1.1457558098366598,0.5255071150223842,0.33660636394170157,RECOVERY_REMINDER
EVT_00009510,0.935135270256664,1.3015220356512684,0.594923497111661,0.4162719744147237,RECOVERY_REMINDER
EVT_00005748,0.86231244825504,1.1448964490180031,0.6093469921106842,0.40914680124250796,RECOVERY_REMINDER
EVT_00004769,0.6843951487549556,0.5052566181585749,0.43041454532082196,0.2712279302973658,ALTERNATIVE_PAYMENT
EVT_00005952,0.8585916755237448,1.2633131882671849,0.6110186027600374,0.4333872249226612,RECOVERY_REMINDER
EVT_00003426,0.6347397241705323,0.49697739242771644,0.30240035316855807,0.17105707714280988,ALTERNATIVE_PAYMENT
EVT_00000708,0.803210897581656,1.2268005670532296,0.6169265616187735,0.41314966666948993,RECOVERY_REMINDER
EVT_00007262,0.684315989400309,0.5631217920458872,0.3634767029789903,0.15536935270733032,ALTERNATIVE_PAYMENT
EVT_00008567,0.6533782147420487,0.6011494716453951,0.5018942728961412,0.2836610499993885,ALTERNATIVE_PAYMENT
EVT_00003945,0.8375058451593456,1.2992727665846437,0.5195769806094865,0.43073270632287014,RECOVERY_REMINDER
EVT_00007763,0.693322346174523,0.43122501238181765,0.3209777387323273,0.12020930100989063,ALTERNATIVE_PAYMENT
EVT_00007482,0.5785272422233679,0.7367541444161809,0.3773062182067177,0.43615834134366005,RECOVERY_REMINDER
EVT_00005955,0.7383150797368804,0.542564689861775,0.2780396626597496,0.12274176366443165,ALTERNATIVE_PAYMENT
EVT_00009713,0.4455642928472328,0.4455642928472328,0.40917954874601475,0.14146467375862626,ALTERNATIVE_PAYMENT
EVT_00002339,0.6327893130641882,0.5695239807570094,0.5044278797019734,0.020280562002772673,ALTERNATIVE_PAYMENT
EVT_00009601,0.704786658484578,0.6005876304478143,0.6274602606460348,0.16451552884659648,ALTERNATIVE_PAYMENT
EVT_00001751,0.50929242674049,0.4640563419637378,0.426712412513236,0.27398520951223754,ALTERNATIVE_PAYMENT
EVT_00004696,0.5418082818572951,0.5418082818572951,0.2491030233344789,0.13436813526747687,ALTERNATIVE_PAYMENT
EVT_00009430,0.7299665921316739,0.5859463273475791,0.39609671576066063,0.2892103137555004,ALTERNATIVE_PAYMENT
EVT_00007349,0.5098251909064344,0.27728285775722017,0.25352044236948834,0.15528936610197658,ALTERNATIVE_PAYMENT
EVT_00000867,0.5134169287892267,0.5962793779338608,0.3586006649885495,0.17698700830719735,RECOVERY_REMINDER
EVT_00006007,0.6018659325724272,1.0424472717526174,0.469045493586068,0.34169101916611905,RECOVERY_REMINDER
EVT_00009650,0.9780789812968248,1.2661315990411164,0.6152994832849433,0.4173463066386454,RECOVERY_REMINDER
EVT_00006715,0.6302305348843761,0.5384335221101316,0.6042263386799777,0.2760169384164001,ALTERNATIVE_PAYMENT
EVT_00006441,0.7410349042824733,0.6649169333746149,0.6123796079219679,0.32078490211905664,ALTERNATIVE_PAYMENT
EVT_00000805,0.5908133428247191,0.6507079410743313,0.34450131832223574,0.41911936615328627,RECOVERY_REMINDER
EVT_00001842,0.4611692399867968,0.04335226572973941,0.09029988120851977,0.14318805073420454,ALTERNATIVE_PAYMENT
EVT_00003188,0.8456336513196855,1.1264129389745996,0.6044381672481116,0.3539735417881594,RECOVERY_REMINDER
EVT_00003636,0.6189071108976464,0.6181854652589047,0.19068678603124328,0.3891399355340279,ALTERNATIVE_PAYMENT
EVT_00006497,0.8107622988583657,1.2102234643991778,0.5740658206485348,0.28303104221852904,RECOVERY_REMINDER
EVT_00001157,0.7012530941829395,0.4434388414163049,0.2082407861485778,0.13667541313941886,ALTERNATIVE_PAYMENT
EVT_00002237,0.6809879668236419,0.6353460109547876,0.5416135341795091,0.18200359702336652,ALTERNATIVE_PAYMENT
EVT_00005379,0.8571893539719435,1.3985728341672323,0.5663858037982925,0.6348145510376154,RECOVERY_REMINDER
EVT_00009284,0.3642978139616114,0.3558569974871137,0.1978110139431261,0.11171555829724186,ALTERNATIVE_PAYMENT
EVT_00007015,0.7942610173526299,1.3993855558807373,0.7057007258135977,0.710249485164676,RECOVERY_REMINDER
EVT_00006649,0.8677550263027171,1.1066619363939783,0.6082410411702567,0.38701641197090886,RECOVERY_REMINDER
EVT_00008698,0.47227038904728863,0.05679724492217695,0.11632693768143812,0.14468737759641112,ALTERNATIVE_PAYMENT
EVT_00005750,0.6533491663084361,0.6174813028217105,0.3778755648649507,0.3297924319080638,ALTERNATIVE_PAYMENT
EVT_00008237,0.5658819741574805,0.061606812255659366,0.012826761600834406,0.078864610016856,ALTERNATIVE_PAYMENT
EVT_00009030,0.6860430659842659,0.5152073882253316,0.5288948554917366,0.14492023847848878,ALTERNATIVE_PAYMENT
EVT_00002295,0.5225658529540571,0.04795962626936428,0.059371297186753935,0.12052977564485452,ALTERNATIVE_PAYMENT
EVT_00008741,0.6109381361400137,0.6718778236365962,0.4294603738322891,0.32059477683333487,RECOVERY_REMINDER
EVT_00009500,0.6465913946458869,0.5346105094609934,0.11862548907774173,0.42462759542146666,ALTERNATIVE_PAYMENT
EVT_00007806,0.5436675414026738,0.5118612714615041,0.2732811033204284,0.14007472907463728,ALTERNATIVE_PAYMENT
EVT_00006655,0.5965512233284731,0.5419780137662146,0.3578099508766909,0.28946022779116704,ALTERNATIVE_PAYMENT
EVT_00003005,0.4187651928107708,0.0887579691214342,0.018452696206071956,0.05901573257328898,ALTERNATIVE_PAYMENT
EVT_00002755,0.6100535831177345,0.6096744931677085,0.43187812378695223,0.5023600706785671,ALTERNATIVE_PAYMENT
EVT_00000275,0.7405750590739949,0.9132349171203573,0.589638749971207,0.41858068527330494,RECOVERY_REMINDER
EVT_00006506,0.5570936526659469,0.3292659683521477,0.17391653619835576,0.10870408882963642,ALTERNATIVE_PAYMENT
EVT_00009735,0.30155731478873815,0.37988799531753115,0.04172286773700448,0.10575226079850218,RECOVERY_REMINDER
EVT_00003342,0.880353266721502,1.268008905516736,0.6296411449872088,0.3659613101093734,RECOVERY_REMINDER
EVT_00001338,0.7910970192632251,1.2260295288129965,0.6038911433414653,0.3960885423361352,RECOVERY_REMINDER
EVT_00001969,0.465491087866701,0.08331292772615673,0.09251082570999722,0.10914945677115537,ALTERNATIVE_PAYMENT
EVT_00006868,0.7158177632169876,0.761695579625526,0.5783224396817457,0.5013898952131811,RECOVERY_REMINDER
EVT_00003451,0.8443376945668913,1.3356345597231984,0.6338461616128797,0.3626159617227277,RECOVERY_REMINDER
EVT_00003764,0.8633615886473851,1.177396879566578,0.611421309820464,0.42974608297382555,RECOVERY_REMINDER
EVT_00006720,0.43288812483429906,0.45991683611465534,0.295627595984153,0.15762499580655412,RECOVERY_REMINDER
EVT_00005830,0.47945684687519013,0.5254326789214548,0.24356844553253035,0.10582712665073175,RECOVERY_REMINDER
EVT_00003146,0.4339026192001265,0.26166415810583393,0.04215078046561333,0.02249575488268483,ALTERNATIVE_PAYMENT
EVT_00004700,0.42666973308845313,0.2449312908387815,0.051975594500754695,0.03878377505887631,ALTERNATIVE_PAYMENT
EVT_00005016,0.5427878675827862,0.49989371232450297,0.2579599602751746,0.13110136189675267,ALTERNATIVE_PAYMENT
EVT_00007061,0.42931766803362775,0.06486845084097526,0.10149821913852902,0.09478581544059121,ALTERNATIVE_PAYMENT
EVT_00003126,0.761664516918212,1.17344528391753,0.6371284236092729,0.044706884092804974,RECOVERY_REMINDER
EVT_00008017,0.5064160174390793,0.09264514701820514,0.08780643901131158,0.16106856759248192,ALTERNATIVE_PAYMENT
EVT_00002214,0.7354130933747756,0.45892786440764427,0.29101409830154684,0.2679529809171093,ALTERNATIVE_PAYMENT
EVT_00005873,0.3794907465924626,0.3255118691784871,0.16901959691767682,0.0824310644372447,ALTERNATIVE_PAYMENT
EVT_00001639,0.5708685231744264,0.37332762802456726,0.1281825041115695,0.12597232820988194,ALTERNATIVE_PAYMENT
EVT_00001098,0.6273029106576404,0.5557078347346723,0.5312026723227868,0.27178599625730804,ALTERNATIVE_PAYMENT
EVT_00006098,0.5473364071266715,0.6038895846735904,0.28566869369550457,0.15273377013936143,RECOVERY_REMINDER
EVT_00003569,0.5169236935953432,0.04774928893138375,0.08622606174855582,0.1387130242831382,ALTERNATIVE_PAYMENT
EVT_00003360,0.7953837297824251,0.40688228397204607,0.2705547673964924,0.11528011069588427,ALTERNATIVE_PAYMENT
EVT_00000967,0.819591889678017,1.122171670739154,0.6874251760572133,0.42325587921704877,RECOVERY_REMINDER
EVT_00008460,0.8647886179261175,1.1897454751214855,0.4859795499758235,0.4213799347171068,RECOVERY_REMINDER
EVT_00004815,0.6527843948308072,1.0396390573420347,0.43923423969244896,0.3781771358367945,RECOVERY_REMINDER
EVT_00008187,0.8738358395071948,1.2972665615916732,0.6847697329104828,0.4456930707322981,RECOVERY_REMINDER
EVT_00008077,0.5963001081727252,0.41676341537347156,0.1638774300349206,0.0921182643482008,ALTERNATIVE_PAYMENT
EVT_00004249,0.5820332466803082,0.5280797849378404,0.24345805354890016,0.2760571191163994,ALTERNATIVE_PAYMENT
EVT_00001463,0.49664700153064767,0.5803269769639534,0.3034515551358694,0.18448542528951517,RECOVERY_REMINDER
EVT_00001926,0.2687680777131458,0.3438142506892919,0.042383245218502626,0.06795415858257774,RECOVERY_REMINDER
EVT_00000394,0.641885817597024,0.8950563674443517,0.3567677417010788,0.031271688767298224,RECOVERY_REMINDER
EVT_00003127,0.2419260846711747,0.0474990915645156,0.016142131761061856,0.08961466106118081,ALTERNATIVE_PAYMENT
EVT_00001792,0.4279435726401822,0.48598812856221835,0.35095641008102474,0.41441010727068833,RECOVERY_REMINDER
EVT_00000633,0.6675346077420871,0.3726990117026389,0.18121525413894202,0.1272477206533333,ALTERNATIVE_PAYMENT
EVT_00007113,0.8540096053342323,1.1536259555080945,0.573536280618479,0.4154686140567176,RECOVERY_REMINDER
EVT_00008844,0.4555155309758886,0.1478854013598064,0.10617836293734294,0.43499828495210857,ALTERNATIVE_PAYMENT
EVT_00001697,0.4999389921442882,0.2880608623690826,0.02565377639197952,0.03235163298228116,ALTERNATIVE_PAYMENT
EVT_00002249,0.3350320966766819,0.3350320966766819,0.06164782781536202,0.09672114058992905,ALTERNATIVE_PAYMENT
EVT_00006191,0.8403560031270733,1.272715497736492,0.6660584281611017,0.4209685069570359,RECOVERY_REMINDER
EVT_00003729,0.8169296436508574,1.2449588968362266,0.6159932426362843,0.6852253255185603,RECOVERY_REMINDER
EVT_00007200,0.8323819484466459,1.2706285130168478,0.6392340311779482,0.44223412108420057,RECOVERY_REMINDER
EVT_00006874,0.8082852064996227,1.1273350687338197,0.554284433164835,0.43289512047120626,RECOVERY_REMINDER
EVT_00004464,0.49249362155434623,0.49249362155434623,0.3211779862944133,0.13952491376210283,ALTERNATIVE_PAYMENT
EVT_00000982,0.5896220760738935,0.40430625781612833,0.31965895531124927,0.08958870554060464,ALTERNATIVE_PAYMENT
EVT_00006017,0.45531515965080077,0.40933463448970236,0.319485400224292,0.15632097488991814,ALTERNATIVE_PAYMENT
EVT_00003478,0.7724827899250644,1.1697138236081528,0.5918342037230091,0.05668255422307632,RECOVERY_REMINDER
EVT_00001329,0.3815662043966912,0.06453588308735542,0.033865997459703916,0.09616306814374566,ALTERNATIVE_PAYMENT
EVT_00007566,0.4796726135243445,0.3782641089456398,0.0745440799189979,0.1368616638668354,ALTERNATIVE_PAYMENT
EVT_00005404,0.7368918147556646,0.5809223232731966,0.6422506160360524,0.2972429228436483,ALTERNATIVE_PAYMENT
EVT_00006225,0.7225699513463095,0.49199222539261406,0.3351665466002734,0.133369919674411,ALTERNATIVE_PAYMENT
EVT_00005965,0.8663801815152227,1.1857510299251068,0.5715999240647401,0.3604217737001939,RECOVERY_REMINDER
EVT_00007812,0.5156144931257491,0.5867957051009115,0.3447130335181513,0.1386761846901239,RECOVERY_REMINDER
EVT_00002096,0.585133512148952,0.36674821486045595,0.16853622045227554,0.07829039208938153,ALTERNATIVE_PAYMENT
EVT_00007049,0.7871044208830454,1.0765831417993448,0.6068592110468524,0.3905552638625425,RECOVERY_REMINDER
EVT_00006350,0.7107380775517768,0.481957627713508,0.30595764058906205,0.13630897281146914,ALTERNATIVE_PAYMENT
EVT_00007694,0.665189897934119,0.43133728333405774,0.24108774028137472,0.1736374692169829,ALTERNATIVE_PAYMENT
EVT_00003711,0.40758132932317376,0.053811187272374404,0.05384998843609312,0.10358001099426861,ALTERNATIVE_PAYMENT
EVT_00000022,0.6957556325934016,0.5409679671269504,0.5079014069357385,0.14574811583862343,ALTERNATIVE_PAYMENT
EVT_00004046,0.5475990082487563,0.07511378274671075,0.05988538777596307,0.09106977785356071,ALTERNATIVE_PAYMENT
EVT_00006127,0.4793099513421656,0.4694323103439727,0.2663320402842208,0.1505160081221034,ALTERNATIVE_PAYMENT
EVT_00002857,0.6159297803759647,1.0626999748632717,0.47003714413781367,0.33555338032142773,RECOVERY_REMINDER
EVT_00005509,0.5613135662511602,0.49887471667202415,0.37400717021085234,0.27041759161547946,ALTERNATIVE_PAYMENT
EVT_00006048,0.3482478254386304,0.49395266468354615,0.1905645475092637,0.127533908394236,RECOVERY_REMINDER
EVT_00002874,0.4393507607965366,0.042093039733062346,0.08721048435182821,0.13440240928264105,ALTERNATIVE_PAYMENT
EVT_00001533,0.6507163931886775,0.4868238050796709,0.20274956619751955,0.15630316097349084,ALTERNATIVE_PAYMENT
EVT_00005428,0.4319573178494539,0.339376695084748,0.035232073478689854,0.07332488833302837,ALTERNATIVE_PAYMENT
EVT_00006884,0.3447372889121939,0.339089779806727,0.035875610604049285,0.11351751240018965,ALTERNATIVE_PAYMENT
EVT_00008861,0.4270089485295289,0.3280041705812642,0.26837272292907555,0.13389793189808197,ALTERNATIVE_PAYMENT
EVT_00003685,0.8553207965528923,1.2387404992892488,0.5769829824820827,0.3998827014270773,RECOVERY_REMINDER
EVT_00005800,0.6689994160849155,0.9828577838755302,0.39416831390406093,0.31471772973713463,RECOVERY_REMINDER
EVT_00007255,0.38643590112258136,0.6058046994890451,0.29711507603988363,0.12493421093265535,RECOVERY_REMINDER
EVT_00006414,0.7155412000217044,0.652809134465056,0.62068641347525,0.1451207360547306,ALTERNATIVE_PAYMENT
EVT_00001341,0.4729563835942593,0.08205303455036993,0.07572683669908635,0.1151211980657498,ALTERNATIVE_PAYMENT
EVT_00008312,0.5313638565662256,0.4923435616012094,0.37608927714395596,0.1380720759935024,ALTERNATIVE_PAYMENT
EVT_00005544,0.49960113956644814,0.620876856923763,0.37371230670404226,0.3221469740736675,RECOVERY_REMINDER
EVT_00007579,0.7679113220711985,0.515537887886325,0.29495243743557936,0.13845994862253685,ALTERNATIVE_PAYMENT
EVT_00003271,0.44619494615282795,0.5688781817480061,0.3808977582785267,0.1438053538278888,RECOVERY_REMINDER
EVT_00005553,0.3891799883223809,0.4288122430127094,0.3096208411047212,0.1001372009878871,RECOVERY_REMINDER
EVT_00009779,0.8564818268882843,1.2529499938150157,0.5890865462768787,0.33355594847880526,RECOVERY_REMINDER
EVT_00003849,0.7420515454983984,1.3035595385590792,0.5898886186987004,0.44549007680119046,RECOVERY_REMINDER
EVT_00008755,0.6247881523707928,0.38862070230113827,0.25864723897232744,0.1405688196452109,ALTERNATIVE_PAYMENT
EVT_00001643,0.5012951524398752,0.7523098882081933,0.36264554885668865,0.44160944035226257,RECOVERY_REMINDER
EVT_00003452,0.7243337252196209,0.5418889797961975,0.42609358891488003,0.28077689186592897,ALTERNATIVE_PAYMENT
EVT_00006404,0.6123410539997232,0.6123410539997232,0.4084432640526608,0.026517929251360976,ALTERNATIVE_PAYMENT
EVT_00008225,0.6571411241013516,0.6181174134769911,0.6120835077799972,0.2908012383964939,ALTERNATIVE_PAYMENT
EVT_00008973,0.71941124050963,1.276022992932491,0.6480516883276993,0.37886255292400317,RECOVERY_REMINDER
EVT_00006219,0.46440772989421664,0.46440772989421664,0.23387764592208451,0.10205710047378283,ALTERNATIVE_PAYMENT
EVT_00002495,0.5170102223017948,0.43208714265315207,0.20026548999426513,0.10978175248209217,ALTERNATIVE_PAYMENT
EVT_00005999,0.5770518853311492,0.6909468371460383,0.40624747178410936,0.29352448938148656,RECOVERY_REMINDER
EVT_00000252,0.46383983714594473,0.38190456882767787,0.28339943099781334,0.10887834305992056,ALTERNATIVE_PAYMENT
EVT_00003295,0.510493011548843,0.4164953826555404,0.2571967669215042,0.021125937627293315,ALTERNATIVE_PAYMENT
EVT_00008655,0.49168572530753807,0.42348539969311916,0.29120498679284795,0.11699289363050622,ALTERNATIVE_PAYMENT
EVT_00004658,0.7161563851405891,0.556321454043231,0.5337755681887302,0.1607081499125484,ALTERNATIVE_PAYMENT
EVT_00009949,0.5052756384751597,0.492951025687395,0.365232209854907,0.12770431282427108,ALTERNATIVE_PAYMENT
EVT_00005803,0.6420325487980659,0.545792214665916,0.6022956914196996,0.29022834949608534,ALTERNATIVE_PAYMENT
EVT_00008946,0.4670458708372733,0.49680619381807206,0.30546761128719335,0.1362525675534677,RECOVERY_REMINDER
EVT_00000710,0.570340096826396,0.7605880833664611,0.46788488547182894,0.4115091167132127,RECOVERY_REMINDER
EVT_00005656,0.6252631229964444,0.6547061503123414,0.37874928985745016,0.2788678624558422,RECOVERY_REMINDER
EVT_00004141,0.35599730561189397,0.49558835328359463,0.3478559134021287,0.13120089845935923,RECOVERY_REMINDER
EVT_00002803,0.5401388655044914,0.3413569927664345,0.068958004349873,0.08635351084906322,ALTERNATIVE_PAYMENT
EVT_00001010,0.4685575938400645,0.3806262249634839,0.33337310014087423,0.14414967771228002,ALTERNATIVE_PAYMENT
EVT_00004242,0.22067433623988342,0.05168607589535001,0.005010694172794894,0.07792519429735387,ALTERNATIVE_PAYMENT
EVT_00006533,0.6559403885923404,0.6355487041705353,0.5663898581233944,0.055569205376040834,ALTERNATIVE_PAYMENT
EVT_00001537,0.5404390701519907,0.3168742999440432,0.07394890752660759,0.2972691105799544,ALTERNATIVE_PAYMENT
EVT_00002810,0.8681044588332244,1.20255968246951,0.6205307446538278,0.46962403164021793,RECOVERY_REMINDER
EVT_00002739,0.2731736116009217,0.04366789955622409,0.01967405575903272,0.07550101791919149,ALTERNATIVE_PAYMENT
EVT_00000523,0.24718907230056014,0.04364958655563546,0.0123219417648496,0.06738753203976644,ALTERNATIVE_PAYMENT
EVT_00002691,0.7172825449492238,1.2615339269247543,0.644486772725428,0.448069191208555,RECOVERY_REMINDER
EVT_00002662,0.37159285714348694,0.45030292802743316,0.23578743157626417,0.11887534838340809,RECOVERY_REMINDER
EVT_00004058,0.43528039797836815,0.09519581628667786,0.09605066238991122,0.24806805116489916,ALTERNATIVE_PAYMENT
EVT_00002212,0.6247609610166202,0.5821205754248806,0.40884240842474395,0.16689164449547908,ALTERNATIVE_PAYMENT
EVT_00005274,0.32793471458401113,0.22506033341123727,0.05334567279878155,0.06555902221453783,ALTERNATIVE_PAYMENT
EVT_00006979,0.444247630403872,0.056630271606242955,0.0702096331578097,0.12505432152722257,ALTERNATIVE_PAYMENT
EVT_00000409,0.7650270156075999,0.4341479094663215,0.16127327404763328,0.13739541575546077,ALTERNATIVE_PAYMENT
EVT_00002432,0.5598454987025155,0.6230468215908928,0.3328991604682825,0.47057220164812535,RECOVERY_REMINDER
EVT_00004363,0.5372196263754097,0.4756083586556662,0.30883821699799385,0.14095113988792934,ALTERNATIVE_PAYMENT
EVT_00008105,0.6534759694256955,1.1313355060571484,0.5179358325353374,0.6380254308581343,RECOVERY_REMINDER
EVT_00004625,0.8127177960167383,1.2643152905225863,0.6740884154167798,0.4467401560253462,RECOVERY_REMINDER
EVT_00004730,0.2100261837985619,0.03521972544176819,0.007467569462986423,0.04731863177879703,ALTERNATIVE_PAYMENT
EVT_00004084,0.6512643087633557,1.091092732349819,0.470246463505153,0.5823525002683351,RECOVERY_REMINDER
EVT_00006359,0.35085794873559384,0.05341692540999741,0.03264706443000481,0.08425191005544243,ALTERNATIVE_PAYMENT
EVT_00003433,0.36862484016387903,0.49809102782317943,0.301967966661555,0.13125625845709787,RECOVERY_REMINDER
EVT_00004523,0.6146665382505377,1.0577418516710904,0.431281389088028,0.34998270348515986,RECOVERY_REMINDER
EVT_00005738,0.2971809229356456,0.3293194010202896,0.07148052574813914,0.10995589428833773,RECOVERY_REMINDER
EVT_00001768,0.7546143319282689,1.2570964935175988,0.7052453634099575,0.4826339094480375,RECOVERY_REMINDER
EVT_00004612,0.4657447876204911,0.040951387184226855,0.01689326662360309,0.05968095191305964,ALTERNATIVE_PAYMENT
EVT_00000170,0.8033750149994499,1.2746070900828648,0.5746012962598913,0.4372862575466414,RECOVERY_REMINDER
EVT_00001290,0.4114030529835143,0.4969189192837792,0.1716339572748956,0.035173533657727914,RECOVERY_REMINDER
EVT_00007862,0.6007805292743369,0.04538896085016231,0.01490967335291118,0.07653157345898973,ALTERNATIVE_PAYMENT
EVT_00004805,0.8246370608636181,1.2024635993301451,0.6852771546691028,0.02200870814874933,RECOVERY_REMINDER
EVT_00005029,0.7629072315500967,0.6497446013163327,0.4992320551330121,0.2809529406851831,ALTERNATIVE_PAYMENT
EVT_00003963,0.7563820115825267,1.2384728301059262,0.5840291685381045,0.40231979220379405,RECOVERY_REMINDER
EVT_00004703,0.709281445458134,0.6797127051931253,0.34539769408557525,0.41761086545862103,ALTERNATIVE_PAYMENT
EVT_00006302,0.42798984585026817,0.5955926099871653,0.3372677507986085,0.02481531894044666,RECOVERY_REMINDER
EVT_00008320,0.48956908321434583,0.079762558348598,0.10019602498210838,0.12630308158962572,ALTERNATIVE_PAYMENT
EVT_00009697,0.7567265485225831,1.341127073934788,0.5896606879693125,0.3814855701036965,RECOVERY_REMINDER
EVT_00009295,0.7724813007385435,0.6155899904033548,0.26761187442451106,0.38230800373516655,ALTERNATIVE_PAYMENT
EVT_00009694,0.849658715588984,1.16409786860795,0.6383207563890214,0.4590451452894744,RECOVERY_REMINDER
EVT_00004004,0.8877249771321598,1.2719289079177276,0.6532557937955457,0.3697881249003459,RECOVERY_REMINDER
EVT_00006204,0.6706695630788686,0.6320175729420234,0.5196799273473195,0.45764437990948187,ALTERNATIVE_PAYMENT
EVT_00006168,0.46240788955101525,0.21384213901941942,0.03539147215253486,0.04557682630922922,ALTERNATIVE_PAYMENT
EVT_00007764,0.906977609784485,1.1977650066844836,0.6348897651149866,0.43004078413228863,RECOVERY_REMINDER
EVT_00009178,0.7483487678907217,0.5258811096653068,0.5450054249506128,0.1846782851127601,ALTERNATIVE_PAYMENT
EVT_00003039,0.3443725946139104,0.5053088706124601,0.13528680505978027,0.08424870815551613,RECOVERY_REMINDER
EVT_00005847,0.5362266653546839,0.39548803705587515,0.2964416768893803,0.17388811763585713,ALTERNATIVE_PAYMENT
EVT_00007241,0.5927270242066826,0.46050836732763145,0.11894329572818146,0.10292498860340014,ALTERNATIVE_PAYMENT
EVT_00002550,0.3051480577970676,0.3032787730263797,0.05806818142666436,0.026953718449824887,ALTERNATIVE_PAYMENT
EVT_00005456,0.5415085869845141,0.4873728814795292,0.22004824449748514,0.14911574019717788,ALTERNATIVE_PAYMENT
EVT_00009290,0.6761668938751987,1.0810915825535112,0.4209386850159128,0.16197322149504478,RECOVERY_REMINDER
EVT_00007636,0.45890025171589394,0.438142122508085,0.3061046504888093,0.11873032588082577,ALTERNATIVE_PAYMENT
EVT_00009506,0.6685560967055115,0.9179401182196972,0.42045413867465764,0.1909192349237856,RECOVERY_REMINDER
EVT_00005833,0.8792679730903562,1.1611902242096612,0.5972210076995434,0.42957369228960574,RECOVERY_REMINDER
EVT_00000157,0.5745510041313853,0.48704368917579305,0.45582151629924517,0.15074959316552833,ALTERNATIVE_PAYMENT
EVT_00005693,0.4748344741934442,0.9027119981447723,0.40971099009576156,0.19444700509010332,RECOVERY_REMINDER
EVT_00009953,0.8206002244979924,1.3154908280702586,0.6293370143630735,0.3844781344960782,RECOVERY_REMINDER
EVT_00008382,0.8570257912071747,1.1873150077176788,0.6680808624248261,0.4070645241590239,RECOVERY_REMINDER
EVT_00001392,0.7650603991482323,0.6951190811217725,0.531825236486123,0.18151432272437898,ALTERNATIVE_PAYMENT
EVT_00004360,0.8622251655947009,1.2111582926083806,0.5949549321408297,0.3787831328848092,RECOVERY_REMINDER
EVT_00000235,0.6559658126661337,0.4998051843920444,0.3646164656763582,0.2900318932126953,ALTERNATIVE_PAYMENT
EVT_00009582,0.8150203818031257,1.352323785031208,0.6662038917049288,0.407631180750383,RECOVERY_REMINDER
EVT_00004207,0.40486883930958634,0.39876506284645263,0.2914712780700163,0.13779671933656945,ALTERNATIVE_PAYMENT
EVT_00008935,0.5726283482787083,0.46736045739767407,0.12420215202018571,0.10208122861669708,ALTERNATIVE_PAYMENT
EVT_00003664,0.8451657201175358,1.2369354474027379,0.6535067329271866,0.4123269672045698,RECOVERY_REMINDER
EVT_00002859,0.34241909633704576,0.07597343942809083,0.03784331155677454,0.10741292613938483,ALTERNATIVE_PAYMENT
EVT_00008593,0.7967027821428687,0.6058579176021741,0.5904669636683793,0.27611925831325,ALTERNATIVE_PAYMENT
EVT_00002225,0.48933682304744436,0.4148315589410209,0.13539964624870568,0.10529328981843122,ALTERNATIVE_PAYMENT
EVT_00005825,0.4429885811339007,0.19598424826775146,0.049205277833009355,0.08436065682396474,ALTERNATIVE_PAYMENT
EVT_00004557,0.5004174674347456,0.41850951804183567,0.1614952547101723,0.08482121406300024,ALTERNATIVE_PAYMENT
EVT_00009662,0.479581009616738,0.0390238133642988,0.07326029932199558,0.11630237571774993,ALTERNATIVE_PAYMENT
EVT_00000821,0.6870453840486382,0.5716065954174117,0.4579310657648615,0.33243743145606086,ALTERNATIVE_PAYMENT
EVT_00009436,0.7597985049671768,0.6037946975652287,0.3313433831850399,0.14021033239216246,ALTERNATIVE_PAYMENT
EVT_00002341,0.4335801534202956,0.055111889153595994,0.02390862733066082,0.0636226105969933,ALTERNATIVE_PAYMENT
EVT_00005109,0.5595588191496105,0.5595588191496105,0.38446958485371024,0.17153109911846331,ALTERNATIVE_PAYMENT
EVT_00009058,0.8453302993008399,1.2846487053130435,0.642560449066375,0.4546408427091512,RECOVERY_REMINDER
EVT_00007148,0.40687866749829305,0.40687866749829305,0.29190230605667,0.11513078470837199,ALTERNATIVE_PAYMENT
EVT_00002897,0.23740919853650164,0.045015493356750244,0.007690076595606541,0.07140400183702213,ALTERNATIVE_PAYMENT
EVT_00007628,0.6321532376773461,0.6321532376773461,0.3067967979625701,0.27589637493335706,ALTERNATIVE_PAYMENT
EVT_00008345,0.593815474176975,0.6378134881126551,0.33495988369568575,0.17247203209215864,RECOVERY_REMINDER
EVT_00002721,0.4707324435155217,0.23420907039407338,0.0667623425589158,0.0647806125987972,ALTERNATIVE_PAYMENT
EVT_00005846,0.41721015892325125,0.040722902144506745,0.057602760138883685,0.09678501775299135,ALTERNATIVE_PAYMENT
EVT_00007546,0.7765751292491775,0.6841030150731627,0.3261134765045013,0.32008753461268336,ALTERNATIVE_PAYMENT
EVT_00009019,0.8492424927108967,1.2055863581737265,0.6645718836960081,0.4047635594253864,RECOVERY_REMINDER
EVT_00008214,0.8699772479926767,1.3303729829189619,0.5763010686072323,0.3948827862644568,RECOVERY_REMINDER
EVT_00007232,0.30309206309400744,0.31443744200871876,0.042211369235566946,0.060111307122059185,RECOVERY_REMINDER
EVT_00001297,0.48388324838512886,0.2779210544858265,0.057735410334825224,0.08211957838716649,ALTERNATIVE_PAYMENT
EVT_00005245,0.6845081198606803,0.44144004524073743,0.49977173975446443,0.2838327150838783,ALTERNATIVE_PAYMENT
EVT_00007818,0.46632582182642757,0.5627955675472622,0.35216205941747186,0.27996270712507193,RECOVERY_REMINDER
EVT_00002518,0.7857757937692367,0.5979650798091352,0.5699554203530021,0.3200940418638545,ALTERNATIVE_PAYMENT
EVT_00004900,0.45301386488500067,0.048895416044407905,0.052944769194965116,0.12735219589014873,ALTERNATIVE_PAYMENT
EVT_00000989,0.40852382128735704,0.07752997567561944,0.11189296644991736,0.12238040349377391,ALTERNATIVE_PAYMENT
EVT_00001058,0.50826432220403,0.47505326204553,0.28370231730089784,0.12146526789389607,ALTERNATIVE_PAYMENT
EVT_00007982,0.5469712622270552,0.5219313901858758,0.39083104090108006,0.4921010772043686,ALTERNATIVE_PAYMENT
EVT_00006674,0.593363994331037,0.6684939075679385,0.42626790032998635,0.3646319594684277,RECOVERY_REMINDER
EVT_00000105,0.49999273763061125,0.48294732362883386,0.20306583511391516,0.28524292804498486,ALTERNATIVE_PAYMENT
EVT_00006635,0.7001709365781622,0.5483038043722952,0.49138834772916523,0.2945187308927289,ALTERNATIVE_PAYMENT
EVT_00009101,0.6820082418212611,0.3978823679673189,0.20359868770791742,0.1213182412081001,ALTERNATIVE_PAYMENT
EVT_00003611,0.380827537339877,0.347996075245614,0.05136395884443861,0.1015817585476899,ALTERNATIVE_PAYMENT
EVT_00008684,0.832170877496118,1.3600086985406492,0.643996229517783,0.7060341523818322,RECOVERY_REMINDER
EVT_00003437,0.710483893427865,0.48578825411587634,0.5639073065797409,0.1796234265392461,ALTERNATIVE_PAYMENT
EVT_00008812,0.8416727204507296,1.439073936348623,0.6806010041359626,0.6974446771808748,RECOVERY_REMINDER
EVT_00004736,0.7010837184550812,0.571440775700748,0.6009561955811414,0.3060064361046895,ALTERNATIVE_PAYMENT
EVT_00002558,0.4004131723624516,0.37694173225528904,0.16516156574828086,0.0934454966992338,ALTERNATIVE_PAYMENT
EVT_00009241,0.7781360743231005,1.251109373157151,0.5344574815764507,0.41906339691984257,RECOVERY_REMINDER
EVT_00005821,0.7080011628103979,0.6850030813491499,0.4844263616809691,0.35967685172252906,ALTERNATIVE_PAYMENT
EVT_00004437,0.46100518034506,0.3955079105698362,0.23092645905437145,0.13382379318709764,ALTERNATIVE_PAYMENT
EVT_00006990,0.6583993478858937,0.5601621190549864,0.4876701334181278,0.26854072247253274,ALTERNATIVE_PAYMENT
EVT_00005489,0.4717319752396934,0.20861191971173335,0.04695437676403226,0.04343025795143194,ALTERNATIVE_PAYMENT
EVT_00000055,0.590545080383265,0.705256879784307,0.358534879071593,0.1312877218391121,RECOVERY_REMINDER
EVT_00003780,0.851083267342099,1.1882206381698452,0.5752803397300407,0.06335150925316217,RECOVERY_REMINDER
EVT_00009556,0.7650555953441339,1.2968082844264968,0.6357812423439975,0.44421375304849614,RECOVERY_REMINDER
EVT_00006776,0.5503839386196909,0.6953249965075653,0.33057805477908914,0.15418686044744526,RECOVERY_REMINDER
EVT_00007721,0.6234072688840109,0.6156839377146521,0.6616056157508564,0.2873609007324092,RETRY_LATER
EVT_00002511,0.660176264639182,0.6230161837311623,0.6466029672604477,0.3111932314417239,ALTERNATIVE_PAYMENT
EVT_00008466,0.40254728642531684,0.0453034627063459,0.017297698092567607,0.026706281519743552,ALTERNATIVE_PAYMENT
EVT_00004813,0.38642130455752266,0.4928608196338489,0.27296167781259917,0.13294115769840784,RECOVERY_REMINDER
EVT_00000041,0.3944330609440449,0.08575203034118377,0.07419974781906699,0.4495389082405352,HUMAN_ESCALATION
EVT_00000969,0.605315799340368,0.8099313747907403,0.4027873891016684,0.5300700187544091,RECOVERY_REMINDER
EVT_00005144,0.7699566810844097,1.3125965443743293,0.6048777330764518,0.4778033883633816,RECOVERY_REMINDER
EVT_00002560,0.4835038955409424,0.47578923587553207,0.20948596871440409,0.020079641209699177,ALTERNATIVE_PAYMENT
EVT_00004868,0.5069951327479398,0.36284234260154613,0.25950051219269327,0.09315155765283978,ALTERNATIVE_PAYMENT
EVT_00002426,0.7377366245860905,0.5950883136550452,0.6480176766266541,0.1873912796656376,ALTERNATIVE_PAYMENT
EVT_00009328,0.846794153537245,1.3434456881038486,0.6932380080631761,0.43881494906912083,RECOVERY_REMINDER
EVT_00009494,0.2537852575025884,0.18917050708692904,0.042794045872976326,0.08773550285919338,ALTERNATIVE_PAYMENT
EVT_00000008,0.7875324067825552,1.2510547157286735,0.5899639556628135,0.4249234198363998,RECOVERY_REMINDER
EVT_00007543,0.4651057088230899,0.05512292365221897,0.019993757664226553,0.07452525550783282,ALTERNATIVE_PAYMENT
EVT_00008576,0.6967810203468192,0.6102654406734457,0.38942462255824767,0.526576208986683,ALTERNATIVE_PAYMENT
EVT_00009593,0.45141327894969063,0.45141327894969063,0.29688862581542363,0.11043429757997111,ALTERNATIVE_PAYMENT
EVT_00001419,0.8540834397158039,1.4057344012556918,0.7449149357778241,0.6261746975545663,RECOVERY_REMINDER
EVT_00005784,0.8003014895489697,1.255046687145273,0.5875904144322898,0.4008727387311829,RECOVERY_REMINDER
EVT_00003371,0.5580481785120792,0.3144463324569351,0.08907486859505662,0.07497482856208897,ALTERNATIVE_PAYMENT
EVT_00000709,0.7197180199027643,0.5090340874563745,0.5795344433149241,0.3312655794324179,ALTERNATIVE_PAYMENT
EVT_00002454,0.8264076059148185,1.1994245761597457,0.5525749365540646,0.4667513561473244,RECOVERY_REMINDER
EVT_00003376,0.6156851987885227,0.3320621097494198,0.15219787032401152,0.08979198253057748,ALTERNATIVE_PAYMENT
EVT_00000879,0.6093225157073161,0.6309180425773446,0.6197551661522103,0.2813424895996771,RECOVERY_REMINDER
EVT_00005148,0.6181299478745433,0.4429815206043446,0.45850187161608696,0.02174015457167406,ALTERNATIVE_PAYMENT
EVT_00007302,0.8408571017212956,1.1715035918117531,0.6537912454938948,0.35935853395929745,RECOVERY_REMINDER
EVT_00003574,0.5082323544302992,0.42253955144913263,0.29068414866023007,0.10769761942071934,ALTERNATIVE_PAYMENT
EVT_00006217,0.8164429045471684,1.2486242962036316,0.5558650297524016,0.3554933297771979,RECOVERY_REMINDER
EVT_00008275,0.5125541771934443,0.4563126868895143,0.1687690629641271,0.08170069364551372,ALTERNATIVE_PAYMENT
EVT_00004083,0.5829185591107641,0.34876797623953365,0.19769394915359137,0.07939171561553919,ALTERNATIVE_PAYMENT
EVT_00004581,0.6148067141022023,0.5404697974685817,0.5962395812310063,0.29599852533738147,ALTERNATIVE_PAYMENT
EVT_00005502,0.2906047834673211,0.3278327632239976,0.06025712561337728,0.019034025152170623,RECOVERY_REMINDER
EVT_00000716,0.395883274719997,0.395883274719997,0.23710398683704217,0.15510016768255716,ALTERNATIVE_PAYMENT
EVT_00006737,0.6854299193652522,0.3105877803352203,0.0836299664891439,0.13479385696416377,ALTERNATIVE_PAYMENT
EVT_00002963,0.9017802083058875,1.2576663475700738,0.5584520701824048,0.47998046593634475,RECOVERY_REMINDER
EVT_00000978,0.5133867618033707,0.6246377797954314,0.4170586382987168,0.18201204233512244,RECOVERY_REMINDER
EVT_00007887,0.27413852206364614,0.3205072348879155,0.0402758422648264,0.08382803623142544,RECOVERY_REMINDER
EVT_00003964,0.5152004638560204,0.413078639018869,0.044236306438292974,0.08463072823497665,ALTERNATIVE_PAYMENT
EVT_00004988,0.3866958867955858,0.34711849570553516,0.24553949850183124,0.1230696979478912,ALTERNATIVE_PAYMENT
EVT_00002811,0.6408461823075013,0.5165704063435844,0.1629289692354223,0.15392705610118496,ALTERNATIVE_PAYMENT
EVT_00009554,0.5956176579273701,0.7095747296164425,0.4316247092747987,0.39126670734666524,RECOVERY_REMINDER
EVT_00001633,0.6725869254828984,0.407672202384508,0.1540629910557411,0.15534739456355262,ALTERNATIVE_PAYMENT
EVT_00008071,0.5090620070142994,0.6014324235193449,0.2828274773428993,0.10003305585684848,RECOVERY_REMINDER
EVT_00003156,0.7167313187967161,0.5242498564436036,0.2325590788662421,0.3797118519230881,ALTERNATIVE_PAYMENT
EVT_00006604,0.8428807942053387,1.2461409984980438,0.5724215096856333,0.3717676742162593,RECOVERY_REMINDER
EVT_00005477,0.40992811228209836,0.09045806351343572,0.06205851516504999,0.141348551864892,ALTERNATIVE_PAYMENT
EVT_00002579,0.7917953681486329,0.7335687305205223,0.6132466474324727,0.40263344493710773,ALTERNATIVE_PAYMENT
EVT_00004885,0.6358448340561671,0.5760731246269267,0.3862419704584727,0.15119429191780873,ALTERNATIVE_PAYMENT
EVT_00000219,0.8471285067502267,1.4709644448972106,0.7010594921558353,0.5860113724896608,RECOVERY_REMINDER
EVT_00003132,0.4121771950894657,0.5176256694592264,0.27051775283629725,0.12003867680375424,RECOVERY_REMINDER
EVT_00002863,0.8756618408978941,1.2547457234820707,0.6058444113345258,0.39388717355574615,RECOVERY_REMINDER
EVT_00000634,0.8903444550028097,1.2351528267291365,0.6094915171079776,0.4481133794631284,RECOVERY_REMINDER
EVT_00001646,0.5143016572815922,0.49063993614360923,0.2456269280445372,0.11993610517889097,ALTERNATIVE_PAYMENT
EVT_00006158,0.868209221825201,1.1365101997609937,0.5833358830432301,0.3798769890084253,RECOVERY_REMINDER
EVT_00008139,0.8218649258273631,0.7297523156001743,0.6883139010154107,0.32255711214919797,ALTERNATIVE_PAYMENT
EVT_00004780,0.46967980507316076,0.22668794768082745,0.03710582711046355,0.059205816720900084,ALTERNATIVE_PAYMENT
EVT_00008947,0.5757308280263452,0.39388018890540555,0.2978786611040855,0.09794866700503284,ALTERNATIVE_PAYMENT
EVT_00004760,0.6042844205878949,0.9812352484714438,0.36193768069576493,0.3465281332040682,RECOVERY_REMINDER
EVT_00003175,0.6146756801783622,0.5102907037816928,0.30465602406197967,0.16492234023049654,ALTERNATIVE_PAYMENT
EVT_00001692,0.4257739571454741,0.49958446413328955,0.15691062894901472,0.11249450656733179,RECOVERY_REMINDER
EVT_00001356,0.5412946361395335,0.4119488097922056,0.09234286927974635,0.07722652421871162,ALTERNATIVE_PAYMENT
EVT_00002387,0.46410753149205675,0.06381459282508638,0.10178385781534816,0.12169080306727288,ALTERNATIVE_PAYMENT
EVT_00005356,0.7991161222417241,0.6632209969361478,0.3261759705566469,0.4875964298283676,ALTERNATIVE_PAYMENT
EVT_00009383,0.5434157646505372,0.457334058597274,0.26475918137219373,0.13403937316133832,ALTERNATIVE_PAYMENT
EVT_00005420,0.25793163666290253,0.0651700961614487,0.024584556813689016,0.08163656469502258,ALTERNATIVE_PAYMENT
EVT_00005313,0.8426790153055882,1.3010497851491352,0.5321741022406926,0.3855628090253273,RECOVERY_REMINDER
EVT_00002656,0.8127007743318042,1.232154157211257,0.5985102655443695,0.3410624562647401,RECOVERY_REMINDER
EVT_00008915,0.6202581793014849,0.4921123972146215,0.18759190207412968,0.12134732753149437,ALTERNATIVE_PAYMENT
EVT_00006274,0.8383599077840937,1.2417879951978816,0.6109185383155781,0.39892622982260906,RECOVERY_REMINDER
EVT_00003473,0.7971445267711909,1.2488192508320948,0.6215920756119415,0.05264619107533088,RECOVERY_REMINDER
EVT_00002931,0.875426305387727,1.4015754766745223,0.6057814221124977,0.6003505827616178,RECOVERY_REMINDER
EVT_00009210,0.4759138436394684,0.0892084764907955,0.06187133313592046,0.018701084703393697,ALTERNATIVE_PAYMENT
EVT_00004571,0.3719374890700761,0.36932119280431197,0.04186677407687118,0.10743529113523163,ALTERNATIVE_PAYMENT
EVT_00008191,0.49605567402416173,0.33945395851913673,0.20155093557425593,0.1145837815696956,ALTERNATIVE_PAYMENT
EVT_00008120,0.45086158357598977,0.6290201066434314,0.3404059116457935,0.3361209058002494,RECOVERY_REMINDER
EVT_00000352,0.837172940035454,1.126013328261757,0.6409783628139751,0.4428356862904046,RECOVERY_REMINDER
EVT_00007588,0.8044752384516068,1.3288848411369927,0.4981825365255578,0.40094461702224976,RECOVERY_REMINDER
EVT_00001658,0.47848761961775826,0.46316842260590335,0.21009590689753166,0.12022991788734366,ALTERNATIVE_PAYMENT
EVT_00004420,0.5636958036121492,0.3046713208877941,0.05030143889825964,0.0658124627970536,ALTERNATIVE_PAYMENT
EVT_00010000,0.8100072892608348,1.2879008760979842,0.576264834298326,0.4439954759984341,RECOVERY_REMINDER
EVT_00006170,0.4993034037320308,0.6732104621612225,0.304046235528758,0.12357786352937092,RECOVERY_REMINDER
EVT_00008985,0.5310937286296854,0.06215503086800207,0.06838942136684525,0.10739320744478201,ALTERNATIVE_PAYMENT
EVT_00008505,0.9123027871409116,1.1856842701829025,0.6292259825014579,0.3924571987612598,RECOVERY_REMINDER
EVT_00003104,0.5030468351251123,0.43160610483676054,0.2422900471599321,0.11833299912554683,ALTERNATIVE_PAYMENT
EVT_00009794,0.7079193178989754,0.522512075701804,0.2962167618702212,0.16679226025794253,ALTERNATIVE_PAYMENT
EVT_00008735,0.8982259162494581,1.2438130781191121,0.6697388704574874,0.4297910845167712,RECOVERY_REMINDER
EVT_00000054,0.7574697139047981,1.246553130172073,0.5931612602582915,0.3953414918189967,RECOVERY_REMINDER
EVT_00000642,0.4813534990471689,0.12035283139527113,0.054120914762491056,0.08359347962051386,ALTERNATIVE_PAYMENT
EVT_00005249,0.5597431006213177,0.34746755579135913,0.21480428221193112,0.1537874854915021,ALTERNATIVE_PAYMENT
EVT_00008746,0.7264220056530271,0.5277240119659783,0.3491801006520525,0.1552084326360006,ALTERNATIVE_PAYMENT
EVT_00004351,0.5367513945167581,0.7088709558875733,0.34234296943614245,0.18259397843613864,RECOVERY_REMINDER
EVT_00002030,0.632485754477461,0.5028156342394923,0.5039410326630716,0.18311357288289137,ALTERNATIVE_PAYMENT
EVT_00001642,0.664739759764522,0.5432280655759639,0.5843937674317021,0.1804490201610426,ALTERNATIVE_PAYMENT
EVT_00003384,0.6542547283900009,1.2944687757676827,0.5958009533270072,0.4551404043034412,RECOVERY_REMINDER
EVT_00005156,0.5774383716048328,0.5711146315123121,0.33348020761249386,0.16570620763746313,ALTERNATIVE_PAYMENT
EVT_00000092,0.6476412821928471,0.380591902084915,0.2636781197247165,0.019490523657426793,ALTERNATIVE_PAYMENT
EVT_00002783,0.47157694934894756,0.05434976133250167,0.034778200856435015,0.08356891586612751,ALTERNATIVE_PAYMENT
EVT_00001047,0.42607582457784554,0.4464649309429451,0.29589063817269046,0.11269582137772745,RECOVERY_REMINDER
EVT_00007413,0.6493443969451469,0.5149263397623659,0.31809736600229677,0.16332271651822236,ALTERNATIVE_PAYMENT
EVT_00000807,0.46926475548356017,0.30831214863857537,0.09309976245453654,0.1218950596896127,ALTERNATIVE_PAYMENT
EVT_00006095,0.3751024385239189,0.45279304387270763,0.2036353841638486,0.145712857678258,RECOVERY_REMINDER
EVT_00000775,0.6501066569709453,0.5425797888855016,0.5522896073736571,0.18659238790912377,ALTERNATIVE_PAYMENT
EVT_00005642,0.5998057310750474,0.690305992084586,0.36368738682745283,0.4879392547829317,RECOVERY_REMINDER
EVT_00004341,0.7321931389227532,1.2925486942758158,0.5264101659548238,0.3898906234126082,RECOVERY_REMINDER
EVT_00004201,0.37565137532613907,0.25675639379745163,0.06896325790355033,0.06052185154600278,ALTERNATIVE_PAYMENT
EVT_00000988,0.5504692066324126,0.452791428344589,0.2482912064434809,0.09171016647215721,ALTERNATIVE_PAYMENT
EVT_00003191,0.7804235591361368,1.2330203385113963,0.5997456467171127,0.3691565848757749,RECOVERY_REMINDER
EVT_00008143,0.6753476108632328,0.7016558383680839,0.3589342779938967,0.3568601203846182,RECOVERY_REMINDER
EVT_00000697,0.5192681241076764,0.050506335763758015,0.010946616490860825,0.07824110695755154,ALTERNATIVE_PAYMENT
EVT_00005902,0.4691187298742121,0.3194826456484463,0.03200565031037328,0.06648542549894441,ALTERNATIVE_PAYMENT
EVT_00002303,0.5062971864936628,0.4780502171280455,0.22682786692340076,0.1545024300962704,ALTERNATIVE_PAYMENT
EVT_00008408,0.8184637876958142,1.186636460596147,0.5689997837787064,0.44632226400114317,RECOVERY_REMINDER
EVT_00002994,0.43148478327324413,0.04258350529842083,0.06431018090740492,0.10262670273099124,ALTERNATIVE_PAYMENT
EVT_00000337,0.8851921164424451,1.2664088473925665,0.6465856737317996,0.38043624784797375,RECOVERY_REMINDER
EVT_00005242,0.41791165887462567,0.24588352295270144,0.04188827565232186,0.06843968845491358,ALTERNATIVE_PAYMENT
EVT_00009257,0.7056647829135444,0.4560553985872604,0.262246198048741,0.13432619502515572,ALTERNATIVE_PAYMENT
EVT_00008164,0.3110826799186322,0.07383890697356323,0.0522713298554502,0.11525066180324339,ALTERNATIVE_PAYMENT
EVT_00006788,0.4110619111558065,0.49817093207207724,0.3213983522160158,0.15870940525823926,RECOVERY_REMINDER
EVT_00002147,0.37363543670815325,0.6223468744519546,0.27226161103947844,0.11564439218333383,RECOVERY_REMINDER
EVT_00006128,0.6956480152859774,0.9411677069998077,0.3828658582147512,0.2869204116433159,RECOVERY_REMINDER
EVT_00005375,0.4874791418484223,0.5142917163327201,0.262940049447547,0.092018903487444,RECOVERY_REMINDER
EVT_00000517,0.5998145968870797,0.5136550882173678,0.25654276497816186,0.16200143743936515,ALTERNATIVE_PAYMENT
EVT_00002782,0.8601540054931692,0.840314758705517,0.6280912868173064,0.6035259747961332,ALTERNATIVE_PAYMENT
EVT_00004423,0.5550336382548836,0.3131624287274729,0.1141053287303399,0.07484912345220565,ALTERNATIVE_PAYMENT
EVT_00002679,0.747301294772397,1.2298971019837035,0.48920033324592216,0.4614564851905527,RECOVERY_REMINDER
EVT_00007208,0.632124597349204,0.5663091174852882,0.23992315606141662,0.041113816475535435,ALTERNATIVE_PAYMENT
EVT_00008790,0.6315289311820105,0.4985620937492083,0.5226300464628064,0.17228724499559767,ALTERNATIVE_PAYMENT
EVT_00002840,0.5270013113063486,0.48216663944111054,0.23834752631489803,0.13310871144583397,ALTERNATIVE_PAYMENT
EVT_00002256,0.5219875834068617,0.04713556384897788,0.0140529406328159,0.09155473932591966,ALTERNATIVE_PAYMENT
EVT_00004655,0.77590348217308,0.6803060033333518,0.5030315160892531,0.4555505169228797,ALTERNATIVE_PAYMENT
EVT_00003021,0.47904050175652096,0.44804638926164553,0.23777783812172673,0.12045225675893434,ALTERNATIVE_PAYMENT
EVT_00005907,0.5574222719060463,0.6282256528446963,0.1653407334109036,0.25971407902745064,RECOVERY_REMINDER
EVT_00008446,0.7519671324833974,0.5779362026465742,0.41502449928537993,0.27330919489799427,ALTERNATIVE_PAYMENT
EVT_00008936,0.7087445284807112,0.6101096971470775,0.6025498670466791,0.2985107395567714,ALTERNATIVE_PAYMENT
EVT_00000917,0.42191053346943547,0.22746689526386024,0.04567408833212705,0.007780657831812451,ALTERNATIVE_PAYMENT
EVT_00006050,0.658578191160824,0.42373040242092735,0.22475416607806936,0.09294174043785278,ALTERNATIVE_PAYMENT
EVT_00009487,0.7064555503405143,0.6350737886635367,0.5244982107767888,0.29721827305288084,ALTERNATIVE_PAYMENT
EVT_00008377,0.675318662916913,0.8449789572418003,0.5484684458229501,0.5511256741118155,RECOVERY_REMINDER
EVT_00006784,0.5302107709519985,0.49168280881855764,0.314053762009537,0.10210917352814519,ALTERNATIVE_PAYMENT
EVT_00004488,0.3996968340293841,0.2817824843240905,0.1259919002962936,0.09271176346977426,ALTERNATIVE_PAYMENT
EVT_00003643,0.6229009508420946,0.59259515590653,0.24977227683368064,0.27298711174002266,ALTERNATIVE_PAYMENT
EVT_00004221,0.6164178789144715,0.5018521380590185,0.3779304247225741,0.2883313936105789,ALTERNATIVE_PAYMENT
EVT_00000820,0.8621170903552297,1.4272666324628949,0.6363755995313427,0.6273118664639015,RECOVERY_REMINDER
EVT_00000074,0.5894317784279983,0.45239278016635004,0.2366832588812666,0.1170762988414911,ALTERNATIVE_PAYMENT
EVT_00006223,0.4566063899403224,0.06498949148337523,0.10221401798582476,0.14341052021872389,ALTERNATIVE_PAYMENT
EVT_00004912,0.8488561485132909,1.2051826606067662,0.6467695289652379,0.39134283710457546,RECOVERY_REMINDER
EVT_00006368,0.7737059343302399,0.5052953872891455,0.31449899225582095,0.12833498526063747,ALTERNATIVE_PAYMENT
EVT_00005530,0.6842476745157887,0.6305588707664931,0.480318749637373,0.15268861384855348,ALTERNATIVE_PAYMENT
EVT_00004014,0.573110274523627,0.4105570282529045,0.2637009311269656,0.10818551816628282,ALTERNATIVE_PAYMENT
EVT_00004721,0.6331106121469673,0.5887222940379406,0.6038873743871727,0.036841837753991434,ALTERNATIVE_PAYMENT
EVT_00003865,0.7856482713858657,1.2097355426343204,0.5897016700699264,0.41659247816115075,RECOVERY_REMINDER
EVT_00003042,0.39237986158911725,0.6595844510919154,0.30270209462259773,0.4040005321799344,RECOVERY_REMINDER
EVT_00006771,0.5770786277667228,0.5472959496153712,0.29344756871091243,0.16931148152998668,ALTERNATIVE_PAYMENT
EVT_00007753,0.5211403936393242,0.5211403936393242,0.2558813317889094,0.17381812537471644,ALTERNATIVE_PAYMENT
EVT_00004626,0.5999231897482683,0.49793453306243074,0.5162972839471076,0.16842811523819928,ALTERNATIVE_PAYMENT
EVT_00008965,0.8903494113530309,1.2240814063785785,0.5985393292674415,0.050270131620483445,RECOVERY_REMINDER
EVT_00008566,0.6227909220489369,0.5275308007295931,0.20179809881419716,0.15012268750612512,ALTERNATIVE_PAYMENT
EVT_00007472,0.25885251570400303,0.049141986758193056,0.017878817536605543,0.04077481411361622,ALTERNATIVE_PAYMENT
EVT_00002864,0.506056094595305,0.05569915984729242,0.056162681167580684,0.10644354303996914,ALTERNATIVE_PAYMENT
EVT_00004120,0.3702080551299284,0.08601549456363503,0.03854167192784745,0.10918132919999857,ALTERNATIVE_PAYMENT
EVT_00001669,0.7195859720672164,1.0818629030053197,0.5699903755362427,0.43063583197449823,RECOVERY_REMINDER
EVT_00005990,0.3653669033031953,0.05742885285042828,0.07299812798265518,0.12435244548817263,ALTERNATIVE_PAYMENT
EVT_00005367,0.2980561627655526,0.21584869169235804,0.06045413457476856,0.06785068407071507,ALTERNATIVE_PAYMENT
EVT_00005120,0.4220765221690532,0.5228039526076051,0.24221514101730193,0.16129992169764581,RECOVERY_REMINDER
EVT_00007724,0.7260623799795566,0.4368644061773326,0.22545702849462482,0.11802106283329131,ALTERNATIVE_PAYMENT
EVT_00003641,0.4445845612117122,0.4757115105319523,0.3691073143910001,0.1675129919913293,RECOVERY_REMINDER
EVT_00004510,0.3070679803859869,0.3311857104465249,0.04977417397560226,0.12075614883608368,RECOVERY_REMINDER
EVT_00000583,0.5843343745591052,0.4435709587007347,0.3224031221492315,0.021458714823510524,ALTERNATIVE_PAYMENT
EVT_00006067,0.4839879610049663,0.4438232182578008,0.35735199270442025,0.11798654158076101,ALTERNATIVE_PAYMENT
EVT_00005019,0.7363311613488215,0.48987997992345567,0.5898991976133284,0.17682872140507583,ALTERNATIVE_PAYMENT
EVT_00008675,0.4771822570182476,0.5419753935371266,0.21905159581090627,0.1159594366868847,RECOVERY_REMINDER
EVT_00005247,0.6500603032247291,0.9668784492643683,0.46104504835835003,0.3579872879471121,RECOVERY_REMINDER
EVT_00002624,0.8021932553284831,1.293999167207035,0.5629519870501037,0.42466665148540966,RECOVERY_REMINDER
EVT_00008004,0.8053116143457931,1.4105543930909543,0.7072812641357408,0.686244442345033,RECOVERY_REMINDER
EVT_00003093,0.8917837367447604,0.614407523909286,0.46236207952022956,0.13417303294535193,ALTERNATIVE_PAYMENT
EVT_00003216,0.36685208044268613,0.5464210102285125,0.262665353613867,0.1404144119737548,RECOVERY_REMINDER
EVT_00009004,0.6077695028362525,0.6957437295127962,0.33982718596117506,0.16591673449128222,RECOVERY_REMINDER
EVT_00002070,0.32118885991121104,0.07167033545326264,0.017964616364336956,0.18852130057197108,ALTERNATIVE_PAYMENT
EVT_00000123,0.5968392006034665,0.5854449310268647,0.32532323256879064,0.1815379807121617,ALTERNATIVE_PAYMENT
EVT_00008516,0.7402530025861692,1.3020141388446376,0.5993555178012464,0.3655672510014421,RECOVERY_REMINDER
EVT_00000027,0.7897794141069532,0.6287595230753424,0.6082138197066966,0.3178342759771246,ALTERNATIVE_PAYMENT
EVT_00001481,0.4669995108610881,0.3226075633746532,0.06630202379440807,0.06228199635469719,ALTERNATIVE_PAYMENT
EVT_00001136,0.8788755044622298,1.1966512593128025,0.618429674906698,0.03494054530367913,RECOVERY_REMINDER
EVT_00009688,0.7302711805710506,0.4326119096834613,0.2926396598589406,0.14129612511743336,ALTERNATIVE_PAYMENT
EVT_00009729,0.855544011888118,1.1929880242089894,0.541903344153433,0.4124323937379775,RECOVERY_REMINDER
EVT_00005867,0.6456801895365252,0.6133879026251229,0.5541414370048778,0.1764087954311892,ALTERNATIVE_PAYMENT
EVT_00003999,0.43246310695345874,0.04555724771620851,0.028037967231374736,0.03872727786832308,ALTERNATIVE_PAYMENT
EVT_00003860,0.3747445074723496,0.44794410480723834,0.3059707907490043,0.15623858297227794,RECOVERY_REMINDER
EVT_00008256,0.34748110588214937,0.6829683901687134,0.3704681976032261,0.030393552658248783,RECOVERY_REMINDER
EVT_00006836,0.626301944225643,0.44797656107426265,0.626301944225643,0.16263165857690942,ALTERNATIVE_PAYMENT
EVT_00004449,0.7779320372328908,0.5831072006595449,0.4602909042993989,0.3220177489530172,ALTERNATIVE_PAYMENT
EVT_00007589,0.42756025203806924,0.05192817720168508,0.01410135811286593,0.04418919416341945,ALTERNATIVE_PAYMENT
EVT_00003877,0.33667455947063346,0.4340940261001956,0.05518971020662855,0.07456157846940395,RECOVERY_REMINDER
EVT_00003973,0.4300610818403388,0.49897467779387933,0.2520465858668956,0.13986418840575648,RECOVERY_REMINDER
EVT_00008216,0.6137084784456333,0.5204479694070552,0.5514965442217545,0.3006389712402194,ALTERNATIVE_PAYMENT
EVT_00009051,0.5513996611054106,0.5077507981424929,0.34905834003931907,0.27960368703599703,ALTERNATIVE_PAYMENT
EVT_00000743,0.35621493124131737,0.5990554616620825,0.22668392362131518,0.15375156956913702,RECOVERY_REMINDER
EVT_00003102,0.5422426999940999,0.43572573128984415,0.2518446330274059,0.04700284774849765,ALTERNATIVE_PAYMENT
EVT_00004936,0.42077164455798016,0.06925988726758377,0.037553628130553074,0.09173650961195277,ALTERNATIVE_PAYMENT
EVT_00007184,0.462678803832669,0.41455163142210905,0.3622441864641863,0.13762436326097238,ALTERNATIVE_PAYMENT
EVT_00001007,0.5131112217706869,0.5046761948196097,0.2587921463579516,0.14863325624136556,ALTERNATIVE_PAYMENT
EVT_00007979,0.713951494115338,0.5321555122702862,0.2858313230800352,0.30251829903074295,ALTERNATIVE_PAYMENT
EVT_00009534,0.6041130053059954,0.6477067367521496,0.30213983665417365,0.3576156450099101,RECOVERY_REMINDER
EVT_00009339,0.5859712401384247,0.4557992739209104,0.32701073392675967,0.10756518458758327,ALTERNATIVE_PAYMENT
EVT_00005661,0.799142019908752,1.2049069541668094,0.6388682236366894,0.45860598749799786,RECOVERY_REMINDER
EVT_00006199,0.5080664246822804,0.45270673347030743,0.341125761425375,0.1269616288956797,ALTERNATIVE_PAYMENT
EVT_00001408,0.413373478612026,0.47496416222294136,0.3181390051656113,0.14075367442025236,RECOVERY_REMINDER
EVT_00007385,0.442549358344101,0.08801610214127058,0.08111505242285554,0.172400527574087,ALTERNATIVE_PAYMENT
EVT_00009841,0.3310712811897318,0.04262405010787297,0.013386590121927743,0.05135476889298363,ALTERNATIVE_PAYMENT
EVT_00008851,0.8439350363746477,0.5779290879945839,0.22973480215069825,0.4147224564244606,ALTERNATIVE_PAYMENT
EVT_00001420,0.8850244532755857,1.4412527562539954,0.6516408321596141,0.6487095848145495,RECOVERY_REMINDER
EVT_00005133,0.6570793681257519,0.5968459295270077,0.5259286928727096,0.18238150827234723,ALTERNATIVE_PAYMENT
EVT_00005410,0.6514899651546033,0.48278416979424366,0.4762002497002019,0.18163527891657363,ALTERNATIVE_PAYMENT
EVT_00002671,0.762488461017683,1.227069201525482,0.6125702153022187,0.04606986039343631,RECOVERY_REMINDER
EVT_00002191,0.36968265910663267,0.0805926235340241,0.03970291899512348,0.02194368147479718,ALTERNATIVE_PAYMENT
EVT_00000333,0.4811448782362068,0.4811448782362068,0.17287742695312036,0.11098435600188732,ALTERNATIVE_PAYMENT
EVT_00005687,0.8053275279377748,0.5468514525932842,0.5986221979321098,0.3187737199179359,ALTERNATIVE_PAYMENT
EVT_00001249,0.6969975678176094,0.4890938730411395,0.3438722082510473,0.1305855701785561,ALTERNATIVE_PAYMENT
EVT_00007899,0.42043824948916914,0.042431513892961584,0.017979001114288653,0.05063176845543055,ALTERNATIVE_PAYMENT
EVT_00003217,0.6404942086344125,0.5875842495358063,0.24887591948183346,0.1277611182476241,ALTERNATIVE_PAYMENT
EVT_00006323,0.7796831348395526,1.2624529428293154,0.6656370389810429,0.4398599356373027,RECOVERY_REMINDER
EVT_00004229,0.5336521409259026,0.031142911736935276,0.027048668130809375,0.076647776340676,ALTERNATIVE_PAYMENT
EVT_00003338,0.744600018560682,0.6099002670788254,0.3997983055029335,0.043372656031481625,ALTERNATIVE_PAYMENT
EVT_00005361,0.37125086963268006,0.07633990223604636,0.09658638390028866,0.1479024206942277,ALTERNATIVE_PAYMENT
EVT_00005285,0.7304981989277555,0.4631955621531647,0.5510422219655006,0.2752548138087863,ALTERNATIVE_PAYMENT
EVT_00008884,0.6560891191934343,0.47080577367557924,0.19135016847569383,0.16227943758664434,ALTERNATIVE_PAYMENT
EVT_00000049,0.6211130369288472,0.5294709334973504,0.39642344439378746,0.30859795088459097,ALTERNATIVE_PAYMENT
EVT_00000482,0.6667881663156751,1.0120856643404086,0.3997679078688774,0.3681693513734428,RECOVERY_REMINDER
EVT_00004082,0.44388666465242377,0.34431874332502876,0.17898815921907452,0.100034675351061,ALTERNATIVE_PAYMENT
EVT_00004410,0.8285304407928357,1.3614117115210473,0.6695685426750257,0.6133294989249723,RECOVERY_REMINDER
EVT_00004810,0.4066618631938421,0.10205377301382863,0.02509742797551373,0.24106575492549906,ALTERNATIVE_PAYMENT
EVT_00008465,0.6064309345144026,0.843261274106483,0.4255522775414012,0.43295843396468026,RECOVERY_REMINDER
EVT_00008524,0.6725102093996289,0.6317263876092233,0.24784808566088032,0.41575435700584334,ALTERNATIVE_PAYMENT
EVT_00003706,0.451740375983573,0.5198912832889536,0.2499382536114031,0.13018555205779075,RECOVERY_REMINDER
EVT_00003904,0.6524362340559908,0.476114982450821,0.36282471903188945,0.14195538738924865,ALTERNATIVE_PAYMENT
EVT_00001394,0.5703965941186702,0.6067664079336725,0.3228058632528461,0.1702620947523746,RECOVERY_REMINDER
EVT_00002514,0.4406654716774413,0.048486218455688034,0.02781719586012223,0.07530527022241339,ALTERNATIVE_PAYMENT
EVT_00009264,0.6261739609467106,0.43805398174945637,0.20976878478017275,0.11010457075495876,ALTERNATIVE_PAYMENT
EVT_00009103,0.5618881119267628,0.5607206602932789,0.1967390379348447,0.41237629620148725,ALTERNATIVE_PAYMENT
EVT_00008069,0.5140018234681267,0.5630970790255894,0.29230518495427066,0.13558825596239948,RECOVERY_REMINDER
EVT_00003105,0.4594089599756151,0.129336757907259,0.1389246215360622,0.16739916500949015,ALTERNATIVE_PAYMENT
EVT_00006429,0.6579627432716744,0.5666547916710449,0.588514552153049,0.3112127973978265,ALTERNATIVE_PAYMENT
EVT_00006476,0.6462125026512276,0.6087041769781175,0.6007353323963195,0.17832553880453186,ALTERNATIVE_PAYMENT
EVT_00000273,0.8942303119307277,1.2163317964998175,0.6578406135789502,0.46431299164623574,RECOVERY_REMINDER
EVT_00003076,0.653457313525766,0.3065552991810797,0.11704014869653812,0.08874318182256442,ALTERNATIVE_PAYMENT
EVT_00000778,0.4954770848777611,0.5160185145702221,0.3526285773835839,0.13410695869197534,RECOVERY_REMINDER
EVT_00002062,0.5289771224416587,0.6235932556533335,0.35318293797922257,0.16139204723512593,RECOVERY_REMINDER
EVT_00008085,0.5176460376667962,0.09126247517308772,0.032369876118092084,0.21789140883195796,ALTERNATIVE_PAYMENT
EVT_00003762,0.6648209489054825,0.5561802407931705,0.5956704953602038,0.34995404974871813,ALTERNATIVE_PAYMENT
EVT_00005975,0.3824384903813691,0.3015127077880217,0.04770041433707923,0.10882628511615512,ALTERNATIVE_PAYMENT
EVT_00000282,0.8206287421613514,1.2592171588660863,0.659495208706086,0.41535718345192874,RECOVERY_REMINDER
EVT_00009552,0.41687986295091606,0.626031548738339,0.31331206014063184,0.12855018259270812,RECOVERY_REMINDER
EVT_00002367,0.8523662827501942,1.2735714862563843,0.7202291936968223,0.4639789586320922,RECOVERY_REMINDER
EVT_00009868,0.4129966145023131,0.06185514303226534,0.03004929454592855,0.07948861586207849,ALTERNATIVE_PAYMENT
EVT_00002416,0.7916052172026571,1.2978155610737732,0.6499691529535624,0.3645784839589099,RECOVERY_REMINDER
EVT_00001710,0.6131024336859315,0.5537888405135917,0.29445716130947003,0.18795315243121394,ALTERNATIVE_PAYMENT
EVT_00007094,0.5617180788135523,0.39002072562977347,0.5022041634333866,0.17673041110281715,ALTERNATIVE_PAYMENT
EVT_00008252,0.49473821262291423,0.4441902267361447,0.18200688595712425,0.09167166343691965,ALTERNATIVE_PAYMENT
EVT_00006060,0.6540624702994248,0.944588291195083,0.4575457816413591,0.28326808423703664,RECOVERY_REMINDER
EVT_00007766,0.39321350707963676,0.4716091077110191,0.33324645548642684,0.1436141257363734,RECOVERY_REMINDER
EVT_00008544,0.4841723889652057,0.3716339567415563,0.25529437260770627,0.10653038895733515,ALTERNATIVE_PAYMENT
EVT_00000564,0.560350869087994,0.6325444084743642,0.3206037049043324,0.1496177233471681,RECOVERY_REMINDER
EVT_00001428,0.5970601190058368,0.44611417801181,0.24279488382692585,0.07654238567970206,ALTERNATIVE_PAYMENT
EVT_00003080,0.6951586542803344,0.6012571965749457,0.5726044982056656,0.29311583605113817,ALTERNATIVE_PAYMENT
EVT_00000655,0.5559695387074283,0.41713262560737635,0.10212697417923935,0.09713577891775063,ALTERNATIVE_PAYMENT
EVT_00000011,0.7243453722827305,1.0668036297359647,0.5285372715741843,0.39882535864552116,RECOVERY_REMINDER
EVT_00004015,0.6074210673078699,0.5550774617642241,0.39309646798360287,0.17909179576449188,ALTERNATIVE_PAYMENT
EVT_00009464,0.392405511845693,0.23831183668996447,0.0376560124303836,0.06104028327637029,ALTERNATIVE_PAYMENT
EVT_00008409,0.6863801012243484,0.5533346518671296,0.46306313911048574,0.1858101611163301,ALTERNATIVE_PAYMENT
EVT_00005953,0.29226748960551063,0.40453331886995914,0.03399892963734405,0.0657779646639557,RECOVERY_REMINDER
EVT_00001316,0.7792368348459473,1.0928155550030023,0.5751564098939081,0.39788086542329515,RECOVERY_REMINDER
EVT_00002577,0.7821078370690534,0.5394445444136066,0.4764458472101706,0.17757638422373256,ALTERNATIVE_PAYMENT
EVT_00007058,0.5943075435811552,0.3573445271659119,0.22072113380718597,0.11041753154863021,ALTERNATIVE_PAYMENT
EVT_00003106,0.7426684522063921,1.1703292100078444,0.5701057817870113,0.4308213554335235,RECOVERY_REMINDER
EVT_00006075,0.5927624291866287,0.46261764404498545,0.23148033949163213,0.1275916642092545,ALTERNATIVE_PAYMENT
EVT_00009612,0.8155531953327178,1.3236518418794017,0.5672045662283304,0.35951473998284494,RECOVERY_REMINDER
EVT_00001718,0.42383005660524614,0.04851567869458129,0.021150126088184226,0.04584400658323551,ALTERNATIVE_PAYMENT
EVT_00002926,0.3914983138640544,0.1296692382572848,0.06049331863052686,0.23771751959978285,ALTERNATIVE_PAYMENT
EVT_00006544,0.7163013093820327,0.6189459529644985,0.6296683209258677,0.3216160044920351,ALTERNATIVE_PAYMENT
EVT_00007010,0.5420833179997957,0.08110833667789759,0.08994553242538283,0.09783701490324782,ALTERNATIVE_PAYMENT
EVT_00000765,0.6063654471261198,0.28269456955835254,0.1266519726016492,0.09593422804285044,ALTERNATIVE_PAYMENT
EVT_00008910,0.44506816282948286,0.38184109999689575,0.19347786072039644,0.10129827908138424,ALTERNATIVE_PAYMENT
EVT_00006858,0.6512740985959599,0.5227846245694725,0.33087747555023617,0.10514394612872406,ALTERNATIVE_PAYMENT
EVT_00007687,0.4829697264879508,0.04330152205993601,0.022994574411310652,0.059141688908878644,ALTERNATIVE_PAYMENT
EVT_00008260,0.46555311020889517,0.032402837859624334,0.021269839055453987,0.08440404552124592,ALTERNATIVE_PAYMENT
EVT_00006613,0.8387198631970785,1.205422560619162,0.6101274329189803,0.38972855778969745,RECOVERY_REMINDER
EVT_00000130,0.42778585360186966,0.22593700547400358,0.05138530493152883,0.04498138934436813,ALTERNATIVE_PAYMENT
EVT_00004411,0.8743307566095481,1.2373509335945305,0.6730862573859058,0.4076933018030405,RECOVERY_REMINDER
EVT_00009099,0.38903275175377294,0.5752520720576778,0.25093357005649397,0.09554254910798543,RECOVERY_REMINDER
EVT_00000339,0.6856738639545183,0.5977881449660696,0.4742910362939366,0.14778967829944017,ALTERNATIVE_PAYMENT
EVT_00004164,0.4431372601728443,0.0470683784661716,0.04462680388240236,0.06003905105670734,ALTERNATIVE_PAYMENT
EVT_00008304,0.6333909345320116,0.34518885494132723,0.305733133844204,0.07392390088951274,ALTERNATIVE_PAYMENT
EVT_00006806,0.7070594380577283,0.49999536828523194,0.2600326913928792,0.13366425294570133,ALTERNATIVE_PAYMENT
EVT_00001146,0.5258771511505446,0.5258771511505446,0.37730136317702423,0.10985675334055325,ALTERNATIVE_PAYMENT
EVT_00005373,0.4408159577340451,0.06488606126333082,0.11859575006979298,0.12474284765908827,ALTERNATIVE_PAYMENT
EVT_00005618,0.8803257800097888,1.2016541122800741,0.6099690681663932,0.3582123845621055,RECOVERY_REMINDER
EVT_00002564,0.5086828480730168,0.05284319689959988,0.08307552695725746,0.13931759959968046,ALTERNATIVE_PAYMENT
EVT_00004274,0.38898297932250875,0.29100541960134624,0.04020306311933845,0.0686549127168237,ALTERNATIVE_PAYMENT
EVT_00001767,0.7941649322749473,0.4491375273081321,0.33580803512339047,0.2860202192180364,ALTERNATIVE_PAYMENT
EVT_00001008,0.36314541868395256,0.0379940981987071,0.03331006501530494,0.05998104199420905,ALTERNATIVE_PAYMENT
EVT_00005646,0.8487538070404547,1.2771514372641641,0.6572359783932481,0.4208880984216049,RECOVERY_REMINDER
EVT_00002174,0.8409414224380005,1.244785903605915,0.6571812856083142,0.4366762003424032,RECOVERY_REMINDER
EVT_00002285,0.4241231955827704,0.2892834209887698,0.04013163583120309,0.0474006478142162,ALTERNATIVE_PAYMENT
EVT_00006447,0.8006604448571585,1.3037335342947325,0.6695157260030363,0.4048373881387905,RECOVERY_REMINDER
EVT_00008768,0.5824641071827492,0.43157519280847745,0.2452522760666158,0.1463925868279602,ALTERNATIVE_PAYMENT
EVT_00001166,0.5334553692781171,0.4409582066742512,0.06198710870859466,0.10461503444652166,ALTERNATIVE_PAYMENT
EVT_00005774,0.8899800493886679,1.3285228640291675,0.6661030215879579,0.5689497350862838,RECOVERY_REMINDER
EVT_00009377,0.6719942541715241,0.5985873905716069,0.34110836158821817,0.18345489766013426,ALTERNATIVE_PAYMENT
EVT_00008022,0.32269227189794697,0.30423817586602264,0.05284836981798422,0.08717237544436157,ALTERNATIVE_PAYMENT
EVT_00003696,0.8321824725303929,1.3059018687358444,0.6067589726280614,0.4026061033061119,RECOVERY_REMINDER
EVT_00004601,0.6666579919223861,0.6081976862424662,0.5119988305039471,0.026403446366789138,ALTERNATIVE_PAYMENT
EVT_00007816,0.4705580691936077,0.44680241564478107,0.2888265519804361,0.1837379242774445,ALTERNATIVE_PAYMENT
EVT_00001787,0.6391754365709155,0.6125981375591616,0.45028716051365636,0.1657348382458265,ALTERNATIVE_PAYMENT
EVT_00001993,0.498932005145066,0.4709905119644797,0.34072077736688317,0.24115305703037926,ALTERNATIVE_PAYMENT
EVT_00008283,0.3154628034362226,0.34480251458504146,0.059280620024377506,0.08737353815056996,RECOVERY_REMINDER
EVT_00007793,0.4421677967229448,0.464065415475653,0.25002679312346326,0.14115871036491084,RECOVERY_REMINDER
EVT_00009886,0.43010577301501746,0.08696452102586136,0.0539329705871936,0.08643207536650409,ALTERNATIVE_PAYMENT
EVT_00009883,0.39527499141726935,0.03775213188102329,0.015228589714206275,0.06603511288923805,ALTERNATIVE_PAYMENT
EVT_00000771,0.43676980435591495,0.05058587721654603,0.019451114667733384,0.06305129013015132,ALTERNATIVE_PAYMENT
EVT_00005377,0.8680219704414401,1.0874577066842608,0.5308504604345855,0.40711345060655085,RECOVERY_REMINDER
EVT_00007969,0.6726849746754642,0.49860560949951505,0.37364922605486156,0.1701868044024037,ALTERNATIVE_PAYMENT
EVT_00008010,0.7172830743420003,0.5823085361863356,0.3845603555785778,0.5668026078598094,ALTERNATIVE_PAYMENT
EVT_00009093,0.7319741217852102,0.5924714408444846,0.2303591925101874,0.3168014083696183,ALTERNATIVE_PAYMENT
EVT_00007046,0.7331190230420481,1.0537174364250186,0.5998129242049057,0.043777117134159126,RECOVERY_REMINDER
EVT_00006672,0.5216369732610989,0.10141056013490646,0.0656771575461589,0.4079246560090502,ALTERNATIVE_PAYMENT
EVT_00007923,0.5496486232640497,0.38563440500275253,0.11634934197164158,0.11557628234115262,ALTERNATIVE_PAYMENT
EVT_00000972,0.6136695628676274,0.5324539314919319,0.21767741889368114,0.16168241265913325,ALTERNATIVE_PAYMENT
EVT_00008249,0.8018741815195962,1.2096428830313535,0.5929878385759276,0.37367389355471803,RECOVERY_REMINDER
EVT_00004950,0.6976411319447486,1.07033874320889,0.41504049183503033,0.31909646583335444,RECOVERY_REMINDER
EVT_00006824,0.38678920509007064,0.5299900706402879,0.27537246692723366,0.015456897235108728,RECOVERY_REMINDER
EVT_00007624,0.7505603247267952,0.5704705504752876,0.4755510211964548,0.33096640861093923,ALTERNATIVE_PAYMENT
EVT_00009706,0.4564855098346906,0.11176337836230725,0.10259504698661175,0.0937336258847782,ALTERNATIVE_PAYMENT
EVT_00003208,0.5010211773553461,0.5974779704271529,0.3725991198890742,0.11811407784323516,RECOVERY_REMINDER
EVT_00002433,0.4695960522333245,0.43483881677394814,0.2752413474048081,0.10902621879444287,ALTERNATIVE_PAYMENT
