customer_id,customer_tenure_days,total_transactions,successful_transactions,failed_transactions,historical_success_rate,avg_transaction_amount,previous_recovery_success_rate,days_since_last_success,preferred_payment_method
CUS_000001,161,70,66,4,0.9429,4196.46,0.5433,23,UPI
CUS_000002,1167,5,5,0,1.0,3711.78,0.7035,73,UPI
CUS_000003,992,32,27,5,0.8438,6836.35,0.7644,59,CARD
CUS_000004,675,37,30,7,0.8108,3665.68,0.9436,42,CARD
CUS_000005,666,64,46,18,0.7188,3428.39,0.9317,71,WALLET
CUS_000006,1292,11,10,1,0.9091,10316.92,0.6482,6,NETBANKING
CUS_000007,156,35,33,2,0.9429,12328.33,0.6416,61,CARD
CUS_000008,1055,13,12,1,0.9231,10710.78,0.8482,32,WALLET
CUS_000009,326,63,61,2,0.9683,3933.36,0.8577,34,CARD
CUS_000010,168,50,41,9,0.82,812.41,0.8851,14,UPI
CUS_000011,803,40,36,4,0.9,3996.87,0.9257,8,UPI
CUS_000012,1464,32,31,1,0.9688,2453.94,0.6682,62,NETBANKING
CUS_000013,1111,13,10,3,0.7692,4056.41,0.6597,76,UPI
CUS_000014,1148,73,58,15,0.7945,2630.58,0.9443,82,WALLET
CUS_000015,1084,52,48,4,0.9231,4425.95,0.6164,21,UPI
CUS_000016,1185,26,24,2,0.9231,1959.44,0.7078,68,UPI
CUS_000017,784,33,31,2,0.9394,1615.27,0.9278,10,CARD
CUS_000018,218,58,56,2,0.9655,11967.93,0.7062,70,NETBANKING
CUS_000019,1264,57,48,9,0.8421,2071.66,0.7007,50,NETBANKING
CUS_000020,692,37,34,3,0.9189,4501.19,0.6754,77,UPI
CUS_000021,765,24,20,4,0.8333,9657.06,0.7754,6,UPI
CUS_000022,575,53,45,8,0.8491,9351.35,0.757,69,CARD
CUS_000023,298,53,50,3,0.9434,8499.06,0.5041,42,NETBANKING
CUS_000024,1392,48,46,2,0.9583,5733.75,0.7514,51,UPI
CUS_000025,1178,6,3,3,0.5,8030.77,0.761,48,CARD
CUS_000026,976,38,35,3,0.9211,13498.09,0.6197,64,UPI
CUS_000027,621,49,47,2,0.9592,6322.38,0.878,53,CARD
CUS_000028,1239,76,70,6,0.9211,1034.91,0.9869,37,UPI
CUS_000029,831,42,37,5,0.881,2948.37,0.7486,39,WALLET
CUS_000030,681,28,28,0,1.0,7855.18,0.9054,6,UPI
CUS_000031,692,44,39,5,0.8864,2724.82,0.6392,65,CARD
CUS_000032,364,15,11,4,0.7333,16447.32,0.9204,63,CARD
CUS_000033,165,8,6,2,0.75,4278.21,0.8098,51,UPI
CUS_000034,845,54,50,4,0.9259,4817.6,0.8241,64,UPI
CUS_000035,1335,78,69,9,0.8846,11065.95,0.663,24,CARD
CUS_000036,123,67,55,12,0.8209,3887.62,0.6693,20,CARD
CUS_000037,1291,47,44,3,0.9362,5181.52,0.4368,83,CARD
CUS_000038,1246,4,3,1,0.75,9238.47,0.6959,85,CARD
CUS_000039,436,79,66,13,0.8354,1385.78,0.7168,76,UPI
CUS_000040,958,36,32,4,0.8889,3581.7,0.7305,4,WALLET
CUS_000041,272,23,20,3,0.8696,8735.54,0.7688,49,UPI
CUS_000042,1144,71,67,4,0.9437,4742.47,0.7342,66,CARD
CUS_000043,1059,59,40,19,0.678,14555.14,0.7757,3,WALLET
CUS_000044,551,60,54,6,0.9,1275.5,0.5543,87,NETBANKING
CUS_000045,129,22,21,1,0.9545,1164.25,0.4564,70,UPI
CUS_000046,1456,79,69,10,0.8734,8329.69,0.6572,27,UPI
CUS_000047,685,36,22,14,0.6111,8995.49,0.5173,45,CARD
CUS_000048,1342,42,39,3,0.9286,3855.41,0.7443,82,UPI
CUS_000049,1026,60,53,7,0.8833,6199.03,0.8999,76,CARD
CUS_000050,1174,53,45,8,0.8491,8168.15,0.7798,74,CARD
CUS_000051,1147,14,12,2,0.8571,2346.65,0.7858,88,UPI
CUS_000052,316,24,18,6,0.75,2556.4,0.7699,66,UPI
CUS_000053,564,29,27,2,0.931,5237.57,0.7282,84,CARD
CUS_000054,716,75,67,8,0.8933,9275.24,0.9072,85,CARD
CUS_000055,761,57,49,8,0.8596,1770.59,0.9461,1,UPI
CUS_000056,94,29,21,8,0.7241,3840.95,0.6111,58,UPI
CUS_000057,833,59,57,2,0.9661,3701.31,0.8473,30,UPI
CUS_000058,256,59,41,18,0.6949,6286.75,0.6576,44,CARD
CUS_000059,1122,32,31,1,0.9688,4468.79,0.7828,15,CARD
CUS_000060,1034,32,29,3,0.9062,2907.72,0.5503,60,NETBANKING
CUS_000061,1386,71,66,5,0.9296,12218.24,0.309,75,WALLET
CUS_000062,1124,45,36,9,0.8,2923.18,0.8552,37,CARD
CUS_000063,568,12,10,2,0.8333,3562.28,0.6532,62,NETBANKING
CUS_000064,1452,57,46,11,0.807,1259.71,0.6977,29,UPI
CUS_000065,633,47,41,6,0.8723,2542.57,0.4409,67,CARD
CUS_000066,508,41,35,6,0.8537,6800.11,0.9523,7,CARD
CUS_000067,1361,58,56,2,0.9655,5815.69,0.8155,79,CARD
CUS_000068,574,72,50,22,0.6944,7269.53,0.9071,34,CARD
CUS_000069,142,27,26,1,0.963,6992.68,0.6641,45,UPI
CUS_000070,720,34,29,5,0.8529,23908.85,0.5898,72,NETBANKING
CUS_000071,1199,15,11,4,0.7333,2473.89,0.4443,2,NETBANKING
CUS_000072,308,52,41,11,0.7885,1231.88,0.891,85,WALLET
CUS_000073,710,32,27,5,0.8438,1941.84,0.5828,55,CARD
CUS_000074,220,28,22,6,0.7857,2562.94,0.6765,87,WALLET
CUS_000075,1039,56,50,6,0.8929,2063.94,0.6972,49,CARD
CUS_000076,729,33,33,0,1.0,4850.13,0.6689,18,CARD
CUS_000077,515,37,32,5,0.8649,12258.28,0.6231,52,UPI
CUS_000078,363,35,31,4,0.8857,15422.15,0.6772,51,NETBANKING
CUS_000079,859,21,19,2,0.9048,6736.39,0.8746,82,CARD
CUS_000080,1014,10,9,1,0.9,24955.52,0.8229,51,CARD
CUS_000081,1412,66,56,10,0.8485,3383.73,0.8117,36,WALLET
CUS_000082,672,8,7,1,0.875,1219.04,0.183,15,UPI
CUS_000083,266,26,23,3,0.8846,10450.19,0.7998,29,CARD
CUS_000084,1254,53,44,9,0.8302,1033.76,0.3718,52,UPI
CUS_000085,955,11,11,0,1.0,2459.79,0.4624,33,CARD
CUS_000086,1059,52,44,8,0.8462,6822.1,0.6468,32,UPI
CUS_000087,172,58,49,9,0.8448,4146.12,0.7326,1,UPI
CUS_000088,489,53,43,10,0.8113,3862.5,0.8545,84,UPI
CUS_000089,1158,25,23,2,0.92,1749.7,0.7658,75,UPI
CUS_000090,1253,2,2,0,1.0,4461.28,0.6452,22,UPI
CUS_000091,669,71,71,0,1.0,10044.32,0.8843,12,CARD
CUS_000092,1213,26,20,6,0.7692,4572.46,0.7656,75,UPI
CUS_000093,1267,64,54,10,0.8438,2316.13,0.6839,75,UPI
CUS_000094,599,16,9,7,0.5625,1658.72,0.6163,80,UPI
CUS_000095,1350,13,10,3,0.7692,2354.67,0.9486,49,UPI
CUS_000096,453,62,44,18,0.7097,6159.18,0.4147,66,UPI
CUS_000097,382,75,56,19,0.7467,5923.69,0.9288,65,WALLET
CUS_000098,1033,68,62,6,0.9118,2371.85,0.662,19,CARD
CUS_000099,966,60,50,10,0.8333,767.57,0.696,47,UPI
CUS_000100,235,20,16,4,0.8,6297.09,0.6657,23,CARD
CUS_000101,1254,73,45,28,0.6164,2194.41,0.7124,67,UPI
CUS_000102,323,53,51,2,0.9623,7809.39,0.5872,87,CARD
CUS_000103,1213,14,12,2,0.8571,2457.61,0.7498,6,WALLET
CUS_000104,40,11,9,2,0.8182,2041.65,0.7129,6,UPI
CUS_000105,1201,69,63,6,0.913,5086.63,0.813,23,UPI
CUS_000106,1186,22,17,5,0.7727,29672.98,0.5848,10,CARD
CUS_000107,1177,61,43,18,0.7049,8193.17,0.8596,0,UPI
CUS_000108,1007,11,11,0,1.0,5018.11,0.8268,88,UPI
CUS_000109,723,23,21,2,0.913,5996.4,0.7188,52,CARD
CUS_000110,1066,23,21,2,0.913,1108.7,0.6428,69,CARD
CUS_000111,437,23,22,1,0.9565,1833.46,0.7983,50,UPI
CUS_000112,1177,54,54,0,1.0,603.71,0.7803,67,NETBANKING
CUS_000113,846,73,71,2,0.9726,17956.94,0.6754,61,UPI
CUS_000114,704,72,69,3,0.9583,15271.47,0.2993,14,UPI
CUS_000115,773,59,58,1,0.9831,6161.57,0.6878,13,CARD
CUS_000116,866,16,15,1,0.9375,5013.68,0.6401,44,CARD
CUS_000117,84,76,71,5,0.9342,1300.57,0.796,33,CARD
CUS_000118,235,43,40,3,0.9302,3775.89,0.8898,75,CARD
CUS_000119,390,44,42,2,0.9545,18877.88,0.9126,27,CARD
CUS_000120,198,56,51,5,0.9107,4998.86,0.4406,29,NETBANKING
CUS_000121,676,61,47,14,0.7705,2864.4,0.6808,47,CARD
CUS_000122,1012,76,62,14,0.8158,1102.54,0.5619,17,UPI
CUS_000123,992,47,39,8,0.8298,13576.25,0.7464,77,CARD
CUS_000124,722,49,39,10,0.7959,4254.64,0.9372,0,UPI
CUS_000125,1286,59,55,4,0.9322,1103.72,0.8909,76,CARD
CUS_000126,860,21,20,1,0.9524,2148.27,0.2807,56,UPI
CUS_000127,146,25,20,5,0.8,1619.39,0.9059,79,CARD
CUS_000128,1154,50,42,8,0.84,4049.86,0.6251,26,CARD
CUS_000129,874,6,6,0,1.0,5311.89,0.8189,81,CARD
CUS_000130,963,26,20,6,0.7692,3008.69,0.7995,77,UPI
CUS_000131,861,57,52,5,0.9123,8378.88,0.5617,41,UPI
CUS_000132,843,78,60,18,0.7692,4792.82,0.8912,25,NETBANKING
CUS_000133,163,42,35,7,0.8333,10526.83,0.8277,17,WALLET
CUS_000134,852,32,26,6,0.8125,3381.51,0.736,13,CARD
CUS_000135,1198,35,32,3,0.9143,51435.98,0.7065,52,UPI
CUS_000136,476,55,45,10,0.8182,2864.77,0.6047,86,UPI
CUS_000137,916,44,35,9,0.7955,2184.56,0.8029,50,CARD
CUS_000138,75,2,2,0,1.0,1979.88,0.451,86,UPI
CUS_000139,540,43,38,5,0.8837,3801.23,0.6823,68,NETBANKING
CUS_000140,671,32,27,5,0.8438,1137.06,0.7445,61,CARD
CUS_000141,1474,56,50,6,0.8929,5695.79,0.7679,65,UPI
CUS_000142,345,70,65,5,0.9286,980.04,0.7933,83,UPI
CUS_000143,436,77,64,13,0.8312,5121.33,0.6037,77,UPI
CUS_000144,630,49,45,4,0.9184,1526.65,0.7518,14,CARD
CUS_000145,1489,29,28,1,0.9655,3316.94,0.7474,52,CARD
CUS_000146,1284,36,32,4,0.8889,7298.8,0.601,41,UPI
CUS_000147,80,14,13,1,0.9286,28426.09,0.3665,79,CARD
CUS_000148,373,74,67,7,0.9054,1899.66,0.7169,18,UPI
CUS_000149,1237,67,66,1,0.9851,3990.13,0.3616,73,CARD
CUS_000150,115,68,55,13,0.8088,2522.05,0.8067,43,NETBANKING
CUS_000151,1287,26,24,2,0.9231,2243.82,0.5273,83,UPI
CUS_000152,443,26,25,1,0.9615,2539.83,0.7856,71,UPI
CUS_000153,1378,68,59,9,0.8676,8700.07,0.7827,31,NETBANKING
CUS_000154,461,44,39,5,0.8864,3045.4,0.9114,76,UPI
CUS_000155,668,56,54,2,0.9643,27208.45,0.8072,16,UPI
CUS_000156,1003,39,33,6,0.8462,6276.8,0.6529,0,NETBANKING
CUS_000157,215,35,29,6,0.8286,2005.85,0.5738,45,CARD
CUS_000158,848,50,44,6,0.88,3355.88,0.7314,35,WALLET
CUS_000159,772,65,58,7,0.8923,2369.31,0.9475,11,CARD
CUS_000160,1182,27,23,4,0.8519,8534.63,0.897,89,CARD
CUS_000161,1494,64,52,12,0.8125,1212.95,0.9718,3,UPI
CUS_000162,1006,20,19,1,0.95,1539.28,0.7761,53,UPI
CUS_000163,631,32,31,1,0.9688,2803.42,0.5499,23,CARD
CUS_000164,627,73,68,5,0.9315,7771.28,0.6798,26,UPI
CUS_000165,644,76,59,17,0.7763,12067.62,0.8304,18,CARD
CUS_000166,1226,73,70,3,0.9589,13578.82,0.8231,35,UPI
CUS_000167,502,25,23,2,0.92,6875.19,0.5135,60,UPI
CUS_000168,275,67,62,5,0.9254,4211.28,0.9018,29,CARD
CUS_000169,521,74,64,10,0.8649,8497.55,0.6178,64,CARD
CUS_000170,63,78,73,5,0.9359,1801.24,0.7311,40,UPI
CUS_000171,186,2,2,0,1.0,1028.76,0.8588,70,CARD
CUS_000172,162,59,52,7,0.8814,6381.4,0.7667,40,UPI
CUS_000173,1164,79,50,29,0.6329,2012.82,0.7246,32,UPI
CUS_000174,1091,61,55,6,0.9016,4270.93,0.5078,45,WALLET
CUS_000175,1054,19,18,1,0.9474,4951.94,0.8577,61,WALLET
CUS_000176,708,61,58,3,0.9508,5488.05,0.6872,41,UPI
CUS_000177,1084,9,7,2,0.7778,9528.72,0.6845,81,UPI
CUS_000178,267,38,35,3,0.9211,8755.99,0.714,46,NETBANKING
CUS_000179,1353,50,45,5,0.9,5259.72,0.597,26,CARD
CUS_000180,766,37,32,5,0.8649,3159.66,0.7243,2,UPI
CUS_000181,1408,56,51,5,0.9107,4905.16,0.9255,35,UPI
CUS_000182,253,19,16,3,0.8421,2792.98,0.7844,4,UPI
CUS_000183,761,48,47,1,0.9792,3845.62,0.7417,3,CARD
CUS_000184,1053,51,45,6,0.8824,36547.62,0.8039,33,CARD
CUS_000185,758,51,46,5,0.902,5206.09,0.7335,26,UPI
CUS_000186,685,23,22,1,0.9565,6451.25,0.9346,79,UPI
CUS_000187,274,25,23,2,0.92,2559.2,0.8231,65,UPI
CUS_000188,590,21,16,5,0.7619,10177.06,0.3398,71,CARD
CUS_000189,380,37,36,1,0.973,8267.2,0.9612,49,NETBANKING
CUS_000190,473,47,41,6,0.8723,8314.15,0.7599,9,CARD
CUS_000191,1035,29,21,8,0.7241,5344.09,0.4737,76,CARD
CUS_000192,956,33,30,3,0.9091,10292.64,0.25,44,UPI
CUS_000193,922,23,22,1,0.9565,12446.33,0.4581,38,CARD
CUS_000194,561,18,16,2,0.8889,5643.79,0.7774,54,UPI
CUS_000195,1440,52,47,5,0.9038,4105.75,0.5672,14,UPI
CUS_000196,158,65,57,8,0.8769,9204.88,0.9643,43,CARD
CUS_000197,533,23,16,7,0.6957,2183.17,0.8683,54,NETBANKING
CUS_000198,203,68,55,13,0.8088,2533.77,0.7788,62,UPI
CUS_000199,528,46,40,6,0.8696,4312.15,0.7139,45,CARD
CUS_000200,1443,14,11,3,0.7857,1117.39,0.4094,89,NETBANKING
CUS_000201,568,29,28,1,0.9655,8724.66,0.7617,89,CARD
CUS_000202,1365,1,1,0,1.0,2082.87,0.785,8,CARD
CUS_000203,757,4,4,0,1.0,3086.03,0.7362,7,UPI
CUS_000204,1058,27,25,2,0.9259,3794.12,0.8748,46,NETBANKING
CUS_000205,702,36,34,2,0.9444,4643.68,0.5643,74,UPI
CUS_000206,420,64,59,5,0.9219,3418.34,0.4829,46,UPI
CUS_000207,1153,11,10,1,0.9091,4263.88,0.3115,19,UPI
CUS_000208,1454,67,62,5,0.9254,4290.38,0.8139,50,CARD
CUS_000209,417,19,18,1,0.9474,3147.01,0.7152,84,CARD
CUS_000210,1174,11,10,1,0.9091,2424.25,0.9132,15,NETBANKING
CUS_000211,413,56,44,12,0.7857,10689.44,0.902,40,CARD
CUS_000212,1083,62,53,9,0.8548,835.73,0.7542,57,WALLET
CUS_000213,1189,48,45,3,0.9375,3817.15,0.8389,35,CARD
CUS_000214,690,10,9,1,0.9,3092.43,0.6122,3,CARD
CUS_000215,1113,10,8,2,0.8,6290.94,0.8328,60,UPI
CUS_000216,430,31,28,3,0.9032,1405.85,0.4083,66,UPI
CUS_000217,146,36,31,5,0.8611,3016.96,0.9561,58,CARD
CUS_000218,171,79,59,20,0.7468,4146.19,0.9756,59,CARD
CUS_000219,687,23,22,1,0.9565,10592.39,0.7774,59,UPI
CUS_000220,1356,16,14,2,0.875,5869.83,0.7764,29,CARD
CUS_000221,217,75,60,15,0.8,1745.93,0.5735,1,UPI
CUS_000222,699,13,13,0,1.0,3046.81,0.7916,89,UPI
CUS_000223,1064,3,2,1,0.6667,9142.36,0.8044,18,UPI
CUS_000224,327,34,31,3,0.9118,1721.95,0.6875,74,UPI
CUS_000225,1090,32,29,3,0.9062,4225.6,0.8687,48,UPI
CUS_000226,479,49,39,10,0.7959,4467.29,0.9547,48,NETBANKING
CUS_000227,1218,70,69,1,0.9857,3305.05,0.653,1,NETBANKING
CUS_000228,881,74,66,8,0.8919,38887.73,0.7316,89,UPI
CUS_000229,833,23,23,0,1.0,3234.56,0.9388,47,UPI
CUS_000230,289,78,68,10,0.8718,6448.77,0.3898,74,CARD
CUS_000231,710,50,42,8,0.84,2437.65,0.8532,70,UPI
CUS_000232,1289,6,5,1,0.8333,6863.9,0.855,12,NETBANKING
CUS_000233,58,75,69,6,0.92,9031.4,0.8228,85,CARD
CUS_000234,1145,11,10,1,0.9091,2811.47,0.7682,53,NETBANKING
CUS_000235,754,47,40,7,0.8511,4307.32,0.7967,16,UPI
CUS_000236,1087,63,61,2,0.9683,2198.67,0.5842,52,WALLET
CUS_000237,1005,20,17,3,0.85,1801.38,0.7761,55,CARD
CUS_000238,665,22,19,3,0.8636,10314.12,0.8337,58,CARD
CUS_000239,483,38,38,0,1.0,2888.9,0.7109,28,WALLET
CUS_000240,952,70,56,14,0.8,652.59,0.7273,84,CARD
CUS_000241,236,18,16,2,0.8889,18473.96,0.8344,21,UPI
CUS_000242,888,53,42,11,0.7925,2368.84,0.971,44,CARD
CUS_000243,169,36,33,3,0.9167,3694.99,0.9404,75,NETBANKING
CUS_000244,985,9,7,2,0.7778,16723.29,0.9609,6,NETBANKING
CUS_000245,954,57,33,24,0.5789,4017.6,0.662,36,CARD
CUS_000246,154,66,49,17,0.7424,3948.79,0.7548,43,CARD
CUS_000247,1143,46,40,6,0.8696,1684.62,0.48,69,UPI
CUS_000248,641,14,11,3,0.7857,1216.78,0.6496,70,UPI
CUS_000249,1186,13,12,1,0.9231,3939.16,0.7933,71,CARD
CUS_000250,91,34,25,9,0.7353,6015.41,0.836,32,UPI
CUS_000251,293,41,40,1,0.9756,5745.96,0.6167,44,UPI
CUS_000252,756,44,39,5,0.8864,3062.0,0.6298,2,CARD
CUS_000253,306,20,15,5,0.75,4573.52,0.7853,74,CARD
CUS_000254,514,40,37,3,0.925,1034.9,0.6769,27,CARD
CUS_000255,1001,24,23,1,0.9583,6502.66,0.6047,42,UPI
CUS_000256,242,55,48,7,0.8727,5120.24,0.8357,61,UPI
CUS_000257,1026,63,61,2,0.9683,21823.91,0.7616,69,CARD
CUS_000258,182,52,42,10,0.8077,4527.01,0.744,7,NETBANKING
CUS_000259,287,1,1,0,1.0,2116.88,0.8604,69,UPI
CUS_000260,893,79,76,3,0.962,4321.05,0.5929,33,NETBANKING
CUS_000261,1196,2,2,0,1.0,3461.97,0.6884,37,CARD
CUS_000262,280,79,77,2,0.9747,6371.56,0.6944,11,NETBANKING
CUS_000263,470,3,2,1,0.6667,4597.86,0.9154,64,CARD
CUS_000264,1389,41,38,3,0.9268,1642.34,0.5883,42,UPI
CUS_000265,1484,9,8,1,0.8889,1215.9,0.8559,9,CARD
CUS_000266,884,8,6,2,0.75,5553.36,0.6768,12,CARD
CUS_000267,687,54,47,7,0.8704,13606.79,0.9414,64,UPI
CUS_000268,539,58,47,11,0.8103,4794.91,0.5588,9,UPI
CUS_000269,930,10,9,1,0.9,8625.43,0.7526,46,CARD
CUS_000270,898,78,71,7,0.9103,10118.09,0.576,62,CARD
CUS_000271,463,26,23,3,0.8846,5570.65,0.9208,82,NETBANKING
CUS_000272,63,26,24,2,0.9231,2345.47,0.4113,14,UPI
CUS_000273,252,24,19,5,0.7917,5261.01,0.9347,26,UPI
CUS_000274,1439,37,32,5,0.8649,11819.32,0.7243,13,WALLET
CUS_000275,644,15,13,2,0.8667,6875.68,0.7871,79,UPI
CUS_000276,738,34,29,5,0.8529,8188.03,0.6818,53,UPI
CUS_000277,716,17,15,2,0.8824,3108.19,0.367,88,NETBANKING
CUS_000278,1180,5,5,0,1.0,3827.43,0.6977,3,WALLET
CUS_000279,125,30,25,5,0.8333,4092.25,0.7741,63,CARD
CUS_000280,151,54,53,1,0.9815,4318.93,0.3951,2,UPI
CUS_000281,435,61,59,2,0.9672,11455.2,0.8421,9,CARD
CUS_000282,745,28,23,5,0.8214,688.21,0.933,38,NETBANKING
CUS_000283,1016,26,20,6,0.7692,4611.29,0.9085,33,NETBANKING
CUS_000284,751,63,59,4,0.9365,4222.72,0.4478,32,UPI
CUS_000285,678,54,49,5,0.9074,1502.12,0.6401,6,NETBANKING
CUS_000286,1408,66,62,4,0.9394,7702.09,0.7834,49,CARD
CUS_000287,266,72,66,6,0.9167,2520.55,0.7832,30,UPI
CUS_000288,870,65,61,4,0.9385,3381.95,0.7563,89,UPI
CUS_000289,827,74,64,10,0.8649,19749.0,0.4191,71,UPI
CUS_000290,726,33,30,3,0.9091,10095.16,0.6399,39,WALLET
CUS_000291,1217,32,27,5,0.8438,7125.41,0.5562,68,UPI
CUS_000292,422,26,22,4,0.8462,6102.5,0.2406,51,CARD
CUS_000293,1432,19,17,2,0.8947,3944.54,0.8864,44,UPI
CUS_000294,517,60,55,5,0.9167,22277.54,0.6359,82,CARD
CUS_000295,831,57,42,15,0.7368,8548.98,0.9477,52,CARD
CUS_000296,795,64,45,19,0.7031,2470.54,0.9066,43,WALLET
CUS_000297,1279,14,12,2,0.8571,1468.14,0.6603,50,CARD
CUS_000298,675,39,34,5,0.8718,7081.94,0.8272,70,CARD
CUS_000299,448,18,16,2,0.8889,4303.3,0.7064,66,CARD
CUS_000300,61,71,63,8,0.8873,1434.66,0.5255,49,CARD
CUS_000301,564,22,18,4,0.8182,6340.43,0.8077,15,WALLET
CUS_000302,1244,12,11,1,0.9167,3628.63,0.7024,57,CARD
CUS_000303,44,46,44,2,0.9565,6879.94,0.782,38,NETBANKING
CUS_000304,1347,70,63,7,0.9,6407.5,0.5711,83,UPI
CUS_000305,827,73,59,14,0.8082,2766.18,0.3585,81,CARD
CUS_000306,236,8,8,0,1.0,7465.95,0.7914,0,NETBANKING
CUS_000307,474,26,25,1,0.9615,3021.5,0.7772,89,NETBANKING
CUS_000308,844,13,12,1,0.9231,3182.83,0.7198,81,CARD
CUS_000309,494,25,24,1,0.96,2939.56,0.8869,81,CARD
CUS_000310,189,43,40,3,0.9302,11121.24,0.8344,44,NETBANKING
CUS_000311,1009,23,18,5,0.7826,3595.27,0.429,24,UPI
CUS_000312,1018,6,6,0,1.0,13491.12,0.6282,54,WALLET
CUS_000313,204,41,38,3,0.9268,18743.84,0.5326,79,UPI
CUS_000314,443,5,5,0,1.0,2492.04,0.4173,40,UPI
CUS_000315,388,18,14,4,0.7778,434.87,0.5933,88,CARD
CUS_000316,999,1,1,0,1.0,10377.97,0.8265,23,UPI
CUS_000317,1103,7,6,1,0.8571,3422.94,0.4276,76,UPI
CUS_000318,1098,35,34,1,0.9714,2250.45,0.971,5,UPI
CUS_000319,1409,68,45,23,0.6618,2809.77,0.5535,75,WALLET
CUS_000320,1159,62,54,8,0.871,3229.17,0.7311,85,CARD
CUS_000321,501,8,8,0,1.0,12702.92,0.5365,63,WALLET
CUS_000322,188,3,3,0,1.0,5114.13,0.8163,56,UPI
CUS_000323,933,27,26,1,0.963,12565.52,0.6465,37,UPI
CUS_000324,1376,52,47,5,0.9038,6682.24,0.5829,78,UPI
CUS_000325,1463,59,53,6,0.8983,3513.78,0.607,11,UPI
CUS_000326,368,66,62,4,0.9394,3292.98,0.6195,26,UPI
CUS_000327,377,28,19,9,0.6786,7052.37,0.713,11,UPI
CUS_000328,84,14,13,1,0.9286,8674.76,0.9066,25,CARD
CUS_000329,237,3,3,0,1.0,9989.27,0.7224,47,CARD
CUS_000330,845,12,11,1,0.9167,3650.44,0.7898,30,UPI
CUS_000331,833,6,5,1,0.8333,5177.08,0.8771,37,CARD
CUS_000332,575,69,56,13,0.8116,7180.07,0.8745,20,UPI
CUS_000333,485,22,18,4,0.8182,3309.86,0.625,31,CARD
CUS_000334,1249,66,55,11,0.8333,1815.07,0.6891,44,CARD
CUS_000335,706,44,38,6,0.8636,2360.94,0.5395,19,NETBANKING
CUS_000336,1218,43,38,5,0.8837,3710.81,0.9097,84,NETBANKING
CUS_000337,1445,36,31,5,0.8611,7643.4,0.4261,80,UPI
CUS_000338,496,65,55,10,0.8462,12320.44,0.9426,78,CARD
CUS_000339,328,4,3,1,0.75,1520.8,0.6855,0,NETBANKING
CUS_000340,1430,8,7,1,0.875,2790.45,0.9151,44,WALLET
CUS_000341,963,34,27,7,0.7941,3379.7,0.7275,71,CARD
CUS_000342,457,32,26,6,0.8125,8498.17,0.6483,31,CARD
CUS_000343,944,44,39,5,0.8864,2949.36,0.7725,20,CARD
CUS_000344,787,59,52,7,0.8814,3190.86,0.8317,55,WALLET
CUS_000345,1361,47,42,5,0.8936,1454.24,0.6025,0,UPI
CUS_000346,406,21,21,0,1.0,6624.69,0.945,55,UPI
CUS_000347,1487,26,22,4,0.8462,3954.91,0.8473,40,NETBANKING
CUS_000348,1405,60,52,8,0.8667,2666.7,0.9154,61,CARD
CUS_000349,295,16,13,3,0.8125,3656.36,0.9025,61,UPI
CUS_000350,271,40,40,0,1.0,11085.9,0.9238,48,UPI
CUS_000351,813,43,42,1,0.9767,2014.09,0.6147,52,CARD
CUS_000352,96,60,52,8,0.8667,2295.04,0.4388,2,CARD
CUS_000353,469,57,51,6,0.8947,12254.33,0.8841,88,CARD
CUS_000354,669,37,34,3,0.9189,4781.23,0.6105,6,UPI
CUS_000355,1454,25,21,4,0.84,7689.69,0.4944,87,UPI
CUS_000356,1488,30,29,1,0.9667,6205.77,0.7294,87,CARD
CUS_000357,252,33,24,9,0.7273,4374.58,0.6364,64,UPI
CUS_000358,1340,18,16,2,0.8889,3405.66,0.6016,67,CARD
CUS_000359,163,50,47,3,0.94,8752.36,0.5219,2,CARD
CUS_000360,1130,17,14,3,0.8235,11403.8,0.7781,85,UPI
CUS_000361,1273,52,43,9,0.8269,10712.68,0.974,47,CARD
CUS_000362,1339,60,58,2,0.9667,1743.16,0.8537,30,UPI
CUS_000363,358,76,71,5,0.9342,12781.59,0.8066,60,CARD
CUS_000364,1343,10,10,0,1.0,3379.5,0.6792,48,CARD
CUS_000365,200,61,48,13,0.7869,2459.74,0.8209,32,CARD
CUS_000366,792,7,6,1,0.8571,3929.9,0.276,28,NETBANKING
CUS_000367,720,27,24,3,0.8889,8749.36,0.5481,10,UPI
CUS_000368,494,14,12,2,0.8571,6934.08,0.8497,81,NETBANKING
CUS_000369,62,13,12,1,0.9231,3668.45,0.9021,59,UPI
CUS_000370,1164,14,13,1,0.9286,8795.23,0.7333,25,WALLET
CUS_000371,523,4,3,1,0.75,5032.75,0.5532,65,UPI
CUS_000372,1002,66,53,13,0.803,2845.39,0.7078,62,CARD
CUS_000373,633,5,5,0,1.0,2553.97,0.4535,12,UPI
CUS_000374,579,32,19,13,0.5938,6248.02,0.951,15,UPI
CUS_000375,1332,56,51,5,0.9107,4212.53,0.6671,20,UPI
CUS_000376,168,79,69,10,0.8734,1497.31,0.6487,9,UPI
CUS_000377,1112,68,54,14,0.7941,8862.3,0.8172,74,UPI
CUS_000378,1127,11,9,2,0.8182,3064.42,0.7006,14,UPI
CUS_000379,588,79,56,23,0.7089,16083.17,0.5157,73,CARD
CUS_000380,415,52,51,1,0.9808,1464.75,0.8311,47,CARD
CUS_000381,37,15,14,1,0.9333,3894.29,0.6679,10,UPI
CUS_000382,1407,36,31,5,0.8611,2570.49,0.9145,76,WALLET
CUS_000383,1423,73,66,7,0.9041,2062.13,0.7134,15,CARD
CUS_000384,384,32,28,4,0.875,3048.49,0.8242,89,UPI
CUS_000385,76,15,13,2,0.8667,18551.14,0.6715,1,UPI
CUS_000386,210,70,63,7,0.9,5046.9,0.6703,56,CARD
CUS_000387,129,76,68,8,0.8947,2388.61,0.8286,28,CARD
CUS_000388,1251,78,66,12,0.8462,1042.03,0.7074,48,NETBANKING
CUS_000389,1341,76,72,4,0.9474,1135.4,0.8755,75,CARD
CUS_000390,255,69,60,9,0.8696,2929.72,0.654,70,WALLET
CUS_000391,1127,36,34,2,0.9444,2710.48,0.7254,25,CARD
CUS_000392,293,16,15,1,0.9375,3761.57,0.7054,5,WALLET
CUS_000393,569,49,48,1,0.9796,730.76,0.7356,25,CARD
CUS_000394,911,18,15,3,0.8333,4181.76,0.8053,72,CARD
CUS_000395,1088,38,32,6,0.8421,10239.59,0.847,46,CARD
CUS_000396,1315,52,47,5,0.9038,16483.34,0.5779,68,CARD
CUS_000397,95,75,68,7,0.9067,988.59,0.4855,44,UPI
CUS_000398,318,23,22,1,0.9565,2370.17,0.8442,47,UPI
CUS_000399,442,20,15,5,0.75,2272.07,0.543,5,UPI
CUS_000400,486,59,55,4,0.9322,5056.4,0.8614,2,UPI
CUS_000401,1497,1,1,0,1.0,1695.98,0.6042,63,NETBANKING
CUS_000402,1172,45,31,14,0.6889,17285.85,0.7847,18,CARD
CUS_000403,501,59,52,7,0.8814,4659.44,0.7415,32,UPI
CUS_000404,1458,44,39,5,0.8864,4077.81,0.9587,33,UPI
CUS_000405,763,31,27,4,0.871,16090.81,0.7807,56,UPI
CUS_000406,766,66,40,26,0.6061,4442.6,0.5778,84,NETBANKING
CUS_000407,667,30,21,9,0.7,6198.58,0.924,68,NETBANKING
CUS_000408,241,57,53,4,0.9298,2468.08,0.8049,57,UPI
CUS_000409,1403,37,33,4,0.8919,1503.32,0.8489,75,UPI
CUS_000410,50,3,3,0,1.0,2761.54,0.7743,45,WALLET
CUS_000411,286,42,34,8,0.8095,25884.86,0.9012,13,CARD
CUS_000412,367,4,3,1,0.75,7467.01,0.7935,43,NETBANKING
CUS_000413,440,74,70,4,0.9459,5605.26,0.6024,88,UPI
CUS_000414,223,48,42,6,0.875,2060.56,0.9304,70,UPI
CUS_000415,56,30,28,2,0.9333,9328.54,0.8468,31,CARD
CUS_000416,1026,39,36,3,0.9231,1518.8,0.7892,29,UPI
CUS_000417,1454,49,37,12,0.7551,1284.58,0.628,82,NETBANKING
CUS_000418,209,21,17,4,0.8095,2877.63,0.5336,8,CARD
CUS_000419,465,23,21,2,0.913,21491.77,0.6585,83,UPI
CUS_000420,774,34,24,10,0.7059,20540.38,0.5829,60,CARD
CUS_000421,1393,21,14,7,0.6667,3136.44,0.7474,72,CARD
CUS_000422,1050,60,58,2,0.9667,2624.05,0.7763,29,WALLET
CUS_000423,1156,9,8,1,0.8889,1211.41,0.9192,58,UPI
CUS_000424,884,66,55,11,0.8333,4789.86,0.8859,29,CARD
CUS_000425,643,28,20,8,0.7143,5122.73,0.6583,1,UPI
CUS_000426,323,45,39,6,0.8667,8463.16,0.4627,40,NETBANKING
CUS_000427,1300,13,13,0,1.0,9324.48,0.8557,88,CARD
CUS_000428,1212,31,26,5,0.8387,3842.56,0.6869,21,UPI
CUS_000429,66,60,59,1,0.9833,7020.96,0.3151,14,CARD
CUS_000430,1081,22,20,2,0.9091,2569.13,0.6695,82,CARD
CUS_000431,154,11,9,2,0.8182,6915.13,0.9631,81,CARD
CUS_000432,1116,42,36,6,0.8571,2999.04,0.6811,76,UPI
CUS_000433,1244,13,10,3,0.7692,6498.97,0.8171,87,CARD
CUS_000434,222,25,24,1,0.96,6091.4,0.2611,89,NETBANKING
CUS_000435,667,36,32,4,0.8889,4754.64,0.6907,82,UPI
CUS_000436,211,45,42,3,0.9333,8496.97,0.354,86,UPI
CUS_000437,863,51,45,6,0.8824,1281.15,0.8053,67,NETBANKING
CUS_000438,1393,54,50,4,0.9259,1919.65,0.9399,28,CARD
CUS_000439,148,67,60,7,0.8955,3625.64,0.861,41,CARD
CUS_000440,614,6,5,1,0.8333,1418.31,0.6753,34,NETBANKING
CUS_000441,1460,29,24,5,0.8276,3249.78,0.4816,45,UPI
CUS_000442,472,1,1,0,1.0,3334.67,0.4603,62,NETBANKING
CUS_000443,224,1,1,0,1.0,12830.49,0.8062,21,CARD
CUS_000444,748,17,16,1,0.9412,5043.52,0.9032,1,UPI
CUS_000445,777,48,35,13,0.7292,10253.52,0.8818,54,WALLET
CUS_000446,1004,71,66,5,0.9296,5728.29,0.486,89,CARD
CUS_000447,491,62,58,4,0.9355,2931.59,0.9145,77,UPI
CUS_000448,1434,52,42,10,0.8077,5008.07,0.6911,0,WALLET
CUS_000449,795,62,50,12,0.8065,8065.68,0.6895,53,WALLET
CUS_000450,451,14,12,2,0.8571,11690.76,0.7205,47,NETBANKING
CUS_000451,1441,67,62,5,0.9254,4048.03,0.6938,38,UPI
CUS_000452,1389,71,64,7,0.9014,1204.51,0.5874,60,UPI
CUS_000453,763,8,7,1,0.875,1138.64,0.6336,38,CARD
CUS_000454,66,38,32,6,0.8421,3465.81,0.8792,82,NETBANKING
CUS_000455,907,66,63,3,0.9545,693.33,0.6101,81,UPI
CUS_000456,846,38,33,5,0.8684,18918.89,0.7955,57,CARD
CUS_000457,247,67,60,7,0.8955,7254.51,0.8222,41,UPI
CUS_000458,961,74,70,4,0.9459,2706.2,0.947,53,CARD
CUS_000459,1265,38,31,7,0.8158,1852.17,0.7041,81,CARD
CUS_000460,185,5,4,1,0.8,10242.78,0.4242,27,UPI
CUS_000461,1093,27,23,4,0.8519,1846.27,0.359,78,CARD
CUS_000462,236,17,13,4,0.7647,1992.71,0.8734,53,CARD
CUS_000463,1130,38,35,3,0.9211,2438.35,0.7922,5,CARD
CUS_000464,646,47,43,4,0.9149,4930.04,0.6277,67,NETBANKING
CUS_000465,39,37,28,9,0.7568,7394.34,0.5383,18,UPI
CUS_000466,1450,16,15,1,0.9375,11683.94,0.8934,46,UPI
CUS_000467,273,24,19,5,0.7917,10381.8,0.6002,85,CARD
CUS_000468,906,54,52,2,0.963,4502.79,0.7776,70,CARD
CUS_000469,296,3,2,1,0.6667,10180.71,0.6156,62,UPI
CUS_000470,1401,17,16,1,0.9412,2630.77,0.8678,6,WALLET
CUS_000471,1115,71,58,13,0.8169,1048.53,0.9294,77,UPI
CUS_000472,1212,8,7,1,0.875,2630.5,0.8628,30,UPI
CUS_000473,665,33,29,4,0.8788,2360.96,0.5448,4,NETBANKING
CUS_000474,717,17,14,3,0.8235,2714.17,0.6997,86,WALLET
CUS_000475,962,9,8,1,0.8889,2088.77,0.7432,17,CARD
CUS_000476,1183,34,32,2,0.9412,3111.76,0.7167,29,UPI
CUS_000477,1275,42,33,9,0.7857,7389.73,0.7642,12,UPI
CUS_000478,56,14,13,1,0.9286,17748.18,0.8056,55,UPI
CUS_000479,1005,7,7,0,1.0,1131.79,0.5413,78,CARD
CUS_000480,190,11,9,2,0.8182,1606.23,0.5945,46,CARD
CUS_000481,453,52,40,12,0.7692,2389.11,0.6748,78,UPI
CUS_000482,1249,68,62,6,0.9118,8303.45,0.6414,84,CARD
CUS_000483,398,15,14,1,0.9333,3819.5,0.6073,78,CARD
CUS_000484,1201,26,24,2,0.9231,2521.34,0.8336,14,UPI
CUS_000485,710,28,22,6,0.7857,7984.19,0.437,18,UPI
CUS_000486,371,29,27,2,0.931,9671.56,0.9319,26,NETBANKING
CUS_000487,521,20,19,1,0.95,4432.97,0.4535,57,UPI
CUS_000488,810,5,3,2,0.6,2342.23,0.7736,77,UPI
CUS_000489,1154,42,37,5,0.881,5586.21,0.8016,28,UPI
CUS_000490,920,29,24,5,0.8276,3733.94,0.8944,59,CARD
CUS_000491,1401,28,23,5,0.8214,3710.87,0.7755,16,CARD
CUS_000492,1305,21,20,1,0.9524,2986.66,0.7823,48,CARD
CUS_000493,1137,74,59,15,0.7973,9431.58,0.6381,70,UPI
CUS_000494,916,49,44,5,0.898,5495.79,0.5861,35,CARD
CUS_000495,456,34,26,8,0.7647,10305.09,0.798,14,UPI
CUS_000496,636,17,15,2,0.8824,13106.89,0.9168,37,NETBANKING
CUS_000497,204,64,53,11,0.8281,6496.49,0.9144,68,WALLET
CUS_000498,580,71,67,4,0.9437,3000.85,0.7067,84,CARD
CUS_000499,1391,3,3,0,1.0,10343.29,0.9195,55,UPI
CUS_000500,656,74,68,6,0.9189,6531.32,0.8568,60,CARD
CUS_000501,197,56,50,6,0.8929,36117.29,0.6398,37,UPI
CUS_000502,988,8,8,0,1.0,5767.04,0.8283,83,UPI
CUS_000503,1445,60,58,2,0.9667,7863.47,0.4292,78,WALLET
CUS_000504,1305,9,8,1,0.8889,5676.96,0.9505,87,UPI
CUS_000505,432,5,4,1,0.8,4157.02,0.9678,77,UPI
CUS_000506,697,10,9,1,0.9,3658.47,0.9497,49,CARD
CUS_000507,810,37,35,2,0.9459,5694.34,0.7892,86,CARD
CUS_000508,394,49,44,5,0.898,6827.91,0.4875,54,CARD
CUS_000509,424,33,27,6,0.8182,11331.51,0.5378,54,UPI
CUS_000510,377,10,9,1,0.9,5761.27,0.7464,59,CARD
CUS_000511,1492,16,14,2,0.875,3107.34,0.7945,16,UPI
CUS_000512,1126,68,64,4,0.9412,3464.59,0.6468,75,WALLET
CUS_000513,1266,77,64,13,0.8312,1561.63,0.6929,32,UPI
CUS_000514,1230,60,54,6,0.9,16997.2,0.628,59,UPI
CUS_000515,1439,9,8,1,0.8889,2918.7,0.7266,75,CARD
CUS_000516,184,65,63,2,0.9692,9757.44,0.7886,10,UPI
CUS_000517,1325,55,50,5,0.9091,5614.31,0.54,27,CARD
CUS_000518,127,42,40,2,0.9524,5737.73,0.8018,84,UPI
CUS_000519,728,12,11,1,0.9167,4096.44,0.9102,32,UPI
CUS_000520,903,79,76,3,0.962,2396.09,0.8656,59,UPI
CUS_000521,556,35,31,4,0.8857,2073.52,0.7227,50,UPI
CUS_000522,244,4,4,0,1.0,17936.71,0.8567,78,UPI
CUS_000523,312,17,14,3,0.8235,4929.54,0.8355,45,UPI
CUS_000524,1242,32,27,5,0.8438,11070.59,0.7233,38,UPI
CUS_000525,498,5,4,1,0.8,13626.32,0.6934,1,NETBANKING
CUS_000526,486,26,24,2,0.9231,3239.44,0.8632,42,CARD
CUS_000527,1387,38,36,2,0.9474,6314.71,0.8624,52,UPI
CUS_000528,241,75,68,7,0.9067,4664.99,0.3789,61,UPI
CUS_000529,1375,7,7,0,1.0,1783.02,0.8108,70,UPI
CUS_000530,1383,46,38,8,0.8261,3879.45,0.8685,69,UPI
CUS_000531,909,73,67,6,0.9178,7200.01,0.8568,41,CARD
CUS_000532,273,64,61,3,0.9531,3018.78,0.8433,7,UPI
CUS_000533,259,74,48,26,0.6486,3470.17,0.4122,22,WALLET
CUS_000534,448,14,11,3,0.7857,3917.23,0.4541,36,CARD
CUS_000535,878,64,56,8,0.875,24368.73,0.3159,88,UPI
CUS_000536,255,78,74,4,0.9487,1037.53,0.4898,69,UPI
CUS_000537,699,26,26,0,1.0,6722.04,0.9495,80,UPI
CUS_000538,199,40,36,4,0.9,3674.46,0.8378,89,UPI
CUS_000539,824,42,39,3,0.9286,2695.42,0.8559,11,CARD
CUS_000540,61,40,38,2,0.95,3603.04,0.7833,1,UPI
CUS_000541,1072,23,22,1,0.9565,7675.08,0.689,51,UPI
CUS_000542,111,77,64,13,0.8312,8034.11,0.774,23,UPI
CUS_000543,316,76,60,16,0.7895,5222.06,0.8445,78,CARD
CUS_000544,286,31,30,1,0.9677,10786.23,0.4869,41,UPI
CUS_000545,1251,64,62,2,0.9688,12417.96,0.6254,0,WALLET
CUS_000546,108,32,29,3,0.9062,8646.7,0.6047,20,UPI
CUS_000547,661,63,62,1,0.9841,2907.01,0.774,30,UPI
CUS_000548,898,47,46,1,0.9787,6683.43,0.7146,2,CARD
CUS_000549,788,38,37,1,0.9737,6708.92,0.2221,28,CARD
CUS_000550,1030,11,8,3,0.7273,2343.33,0.7237,48,UPI
CUS_000551,1210,52,50,2,0.9615,1282.13,0.7712,80,CARD
CUS_000552,608,26,21,5,0.8077,892.13,0.7572,58,UPI
CUS_000553,1247,18,15,3,0.8333,4758.64,0.5389,8,UPI
CUS_000554,497,16,15,1,0.9375,5711.66,0.7739,37,UPI
CUS_000555,1477,78,66,12,0.8462,1748.31,0.6435,69,CARD
CUS_000556,771,9,8,1,0.8889,10390.62,0.5584,33,CARD
CUS_000557,1111,64,59,5,0.9219,5082.75,0.9018,50,CARD
CUS_000558,1316,69,46,23,0.6667,13245.26,0.5199,88,WALLET
CUS_000559,1195,3,3,0,1.0,6052.71,0.6149,12,CARD
CUS_000560,1281,47,46,1,0.9787,1917.48,0.7015,42,NETBANKING
CUS_000561,818,46,45,1,0.9783,6492.86,0.7863,54,UPI
CUS_000562,93,29,27,2,0.931,7691.89,0.9309,71,CARD
CUS_000563,754,53,49,4,0.9245,2903.68,0.6377,75,CARD
CUS_000564,296,33,30,3,0.9091,1419.64,0.7344,25,UPI
CUS_000565,1337,35,28,7,0.8,4875.95,0.7463,42,UPI
CUS_000566,378,35,29,6,0.8286,2020.61,0.5374,74,CARD
CUS_000567,365,64,62,2,0.9688,11031.86,0.8736,75,UPI
CUS_000568,396,51,48,3,0.9412,3248.96,0.7235,74,UPI
CUS_000569,974,30,29,1,0.9667,17881.35,0.8227,60,CARD
CUS_000570,869,74,67,7,0.9054,822.63,0.4292,24,CARD
CUS_000571,1424,64,57,7,0.8906,5012.4,0.6284,33,UPI
CUS_000572,641,74,69,5,0.9324,14119.99,0.9561,59,UPI
CUS_000573,444,58,51,7,0.8793,2207.44,0.935,22,NETBANKING
CUS_000574,102,31,28,3,0.9032,3961.87,0.6617,61,WALLET
CUS_000575,40,62,59,3,0.9516,3259.74,0.4433,46,CARD
CUS_000576,579,27,17,10,0.6296,2604.04,0.8345,39,UPI
CUS_000577,1390,22,20,2,0.9091,5472.72,0.4944,31,UPI
CUS_000578,799,36,34,2,0.9444,1596.38,0.6265,69,UPI
CUS_000579,1343,77,75,2,0.974,4117.73,0.8635,41,CARD
CUS_000580,179,45,39,6,0.8667,6799.66,0.9215,27,CARD
CUS_000581,167,31,29,2,0.9355,3788.62,0.7368,34,CARD
CUS_000582,1255,37,32,5,0.8649,2021.65,0.9008,43,UPI
CUS_000583,186,24,22,2,0.9167,10259.72,0.9033,55,NETBANKING
CUS_000584,106,53,49,4,0.9245,8071.05,0.4778,89,UPI
CUS_000585,624,28,24,4,0.8571,1956.44,0.9754,30,UPI
CUS_000586,1389,44,32,12,0.7273,1598.06,0.4786,16,CARD
CUS_000587,1043,30,28,2,0.9333,2101.26,0.9003,88,CARD
CUS_000588,175,26,23,3,0.8846,6960.81,0.4726,13,NETBANKING
CUS_000589,1260,77,67,10,0.8701,5609.92,0.5021,81,CARD
CUS_000590,1270,28,25,3,0.8929,8466.72,0.8523,12,WALLET
CUS_000591,1207,6,6,0,1.0,3466.54,0.8816,32,UPI
CUS_000592,1356,30,29,1,0.9667,2147.47,0.8275,89,UPI
CUS_000593,382,43,32,11,0.7442,9385.39,0.7114,14,UPI
CUS_000594,1469,8,6,2,0.75,2890.18,0.4928,14,UPI
CUS_000595,501,25,22,3,0.88,5224.27,0.8852,54,NETBANKING
CUS_000596,1208,14,13,1,0.9286,1302.31,0.5532,17,UPI
CUS_000597,881,40,33,7,0.825,2852.59,0.8062,2,UPI
CUS_000598,1175,58,54,4,0.931,10090.5,0.8036,62,UPI
CUS_000599,952,77,70,7,0.9091,2537.19,0.6955,86,CARD
CUS_000600,974,31,30,1,0.9677,8633.76,0.9256,68,WALLET
CUS_000601,935,69,65,4,0.942,697.16,0.8929,86,NETBANKING
CUS_000602,1175,17,16,1,0.9412,2876.47,0.9067,47,UPI
CUS_000603,1116,62,47,15,0.7581,3923.54,0.9304,55,CARD
CUS_000604,227,45,44,1,0.9778,18139.82,0.9792,88,UPI
CUS_000605,1244,60,46,14,0.7667,1766.19,0.5598,45,WALLET
CUS_000606,818,60,53,7,0.8833,7697.32,0.8487,3,UPI
CUS_000607,504,43,39,4,0.907,10481.62,0.8123,21,WALLET
CUS_000608,785,21,19,2,0.9048,2526.63,0.9026,55,NETBANKING
CUS_000609,1451,42,34,8,0.8095,3337.62,0.7225,77,CARD
CUS_000610,1290,66,62,4,0.9394,5039.87,0.671,54,CARD
CUS_000611,1255,77,73,4,0.9481,1375.6,0.6146,36,UPI
CUS_000612,710,74,69,5,0.9324,3126.75,0.5477,28,UPI
CUS_000613,1182,15,14,1,0.9333,12490.48,0.5801,61,UPI
CUS_000614,596,48,36,12,0.75,6835.99,0.8335,80,UPI
CUS_000615,1038,9,8,1,0.8889,3969.64,0.7963,25,CARD
CUS_000616,970,53,47,6,0.8868,4926.04,0.616,49,CARD
CUS_000617,397,79,77,2,0.9747,7162.09,0.7793,38,NETBANKING
CUS_000618,421,5,4,1,0.8,8347.86,0.6644,22,NETBANKING
CUS_000619,119,52,46,6,0.8846,2883.33,0.9399,36,UPI
CUS_000620,235,75,67,8,0.8933,15361.34,0.6469,7,UPI
CUS_000621,667,67,57,10,0.8507,12899.08,0.3697,47,UPI
CUS_000622,732,32,32,0,1.0,7735.99,0.8207,9,UPI
CUS_000623,272,9,8,1,0.8889,2292.65,0.3893,42,CARD
CUS_000624,642,73,65,8,0.8904,1989.53,0.5995,80,CARD
CUS_000625,918,73,62,11,0.8493,3465.28,0.6569,13,CARD
CUS_000626,371,46,44,2,0.9565,4724.16,0.4873,22,CARD
CUS_000627,527,78,70,8,0.8974,1093.39,0.7062,64,NETBANKING
CUS_000628,570,1,1,0,1.0,6684.77,0.6354,81,CARD
CUS_000629,772,49,46,3,0.9388,12604.42,0.5253,86,WALLET
CUS_000630,568,4,3,1,0.75,7136.74,0.8234,10,NETBANKING
CUS_000631,1113,74,69,5,0.9324,2620.16,0.5423,21,CARD
CUS_000632,511,54,49,5,0.9074,2383.46,0.6475,88,UPI
CUS_000633,667,73,68,5,0.9315,5719.95,0.3102,45,NETBANKING
CUS_000634,587,45,40,5,0.8889,3980.61,0.2874,75,UPI
CUS_000635,298,7,7,0,1.0,6414.17,0.8837,1,UPI
CUS_000636,1038,3,3,0,1.0,7282.36,0.8549,10,CARD
CUS_000637,376,27,21,6,0.7778,10778.89,0.8137,18,UPI
CUS_000638,466,59,46,13,0.7797,1819.17,0.5042,7,UPI
CUS_000639,1195,12,10,2,0.8333,5372.93,0.6655,80,UPI
CUS_000640,1424,68,64,4,0.9412,3364.56,0.6091,72,NETBANKING
CUS_000641,1016,19,18,1,0.9474,4158.56,0.617,35,CARD
CUS_000642,1377,40,30,10,0.75,8985.43,0.5651,7,WALLET
CUS_000643,1285,17,15,2,0.8824,9801.92,0.9254,9,NETBANKING
CUS_000644,736,37,31,6,0.8378,13774.68,0.8499,23,UPI
CUS_000645,1162,36,33,3,0.9167,6325.25,0.7119,65,CARD
CUS_000646,512,1,1,0,1.0,4120.87,0.6648,72,CARD
CUS_000647,706,45,38,7,0.8444,3675.81,0.804,48,UPI
CUS_000648,817,63,60,3,0.9524,1123.3,0.4293,81,WALLET
CUS_000649,1441,74,68,6,0.9189,13142.69,0.7317,83,WALLET
CUS_000650,1277,27,22,5,0.8148,3478.35,0.9269,69,UPI
CUS_000651,749,70,48,22,0.6857,6744.96,0.633,7,NETBANKING
CUS_000652,989,70,59,11,0.8429,7746.76,0.4168,80,UPI
CUS_000653,327,79,70,9,0.8861,1661.67,0.6217,81,WALLET
CUS_000654,1212,30,30,0,1.0,2149.85,0.7865,50,CARD
CUS_000655,842,68,65,3,0.9559,15513.23,0.6568,53,UPI
CUS_000656,813,45,39,6,0.8667,5677.02,0.8337,70,NETBANKING
CUS_000657,1156,5,5,0,1.0,2828.11,0.4295,53,CARD
CUS_000658,960,22,20,2,0.9091,4067.38,0.7147,30,UPI
CUS_000659,136,54,49,5,0.9074,10730.25,0.8052,62,CARD
CUS_000660,453,13,13,0,1.0,9502.25,0.58,70,CARD
CUS_000661,289,35,26,9,0.7429,1392.65,0.7647,12,CARD
CUS_000662,1110,62,53,9,0.8548,16634.93,0.8028,61,CARD
CUS_000663,81,12,11,1,0.9167,9747.35,0.5107,15,UPI
CUS_000664,327,40,37,3,0.925,3983.25,0.7722,51,UPI
CUS_000665,908,17,15,2,0.8824,1734.47,0.7642,9,CARD
CUS_000666,1051,43,41,2,0.9535,10457.13,0.6602,89,UPI
CUS_000667,769,20,19,1,0.95,6587.8,0.9696,60,CARD
CUS_000668,1295,77,75,2,0.974,1401.91,0.716,42,WALLET
CUS_000669,1380,7,6,1,0.8571,3737.49,0.6753,45,NETBANKING
CUS_000670,224,77,68,9,0.8831,54872.69,0.6093,55,CARD
CUS_000671,1430,63,61,2,0.9683,4559.8,0.5121,11,CARD
CUS_000672,933,68,64,4,0.9412,2485.57,0.8228,45,NETBANKING
CUS_000673,965,68,64,4,0.9412,2008.28,0.8641,64,NETBANKING
CUS_000674,169,15,14,1,0.9333,18573.89,0.6778,23,UPI
CUS_000675,944,74,70,4,0.9459,8866.54,0.496,43,CARD
CUS_000676,1096,47,42,5,0.8936,13874.17,0.8593,29,UPI
CUS_000677,883,77,72,5,0.9351,5488.34,0.6921,14,UPI
CUS_000678,154,70,62,8,0.8857,12271.66,0.8795,88,UPI
CUS_000679,799,46,41,5,0.8913,2282.84,0.9667,53,CARD
CUS_000680,1405,30,24,6,0.8,5125.1,0.882,35,CARD
CUS_000681,1093,10,10,0,1.0,5661.68,0.7586,30,NETBANKING
CUS_000682,231,8,7,1,0.875,13599.53,0.7927,61,UPI
CUS_000683,1441,31,27,4,0.871,5807.51,0.8567,9,UPI
CUS_000684,1439,65,45,20,0.6923,2728.27,0.923,51,UPI
CUS_000685,279,40,37,3,0.925,4736.68,0.6227,20,UPI
CUS_000686,1207,39,34,5,0.8718,1176.97,0.7841,80,UPI
CUS_000687,627,20,18,2,0.9,702.79,0.5097,70,WALLET
CUS_000688,902,45,37,8,0.8222,8750.85,0.7928,68,UPI
CUS_000689,684,51,44,7,0.8627,3334.37,0.961,13,CARD
CUS_000690,1180,78,58,20,0.7436,3650.79,0.9831,7,UPI
CUS_000691,1495,58,55,3,0.9483,8748.08,0.6623,41,CARD
CUS_000692,1198,48,39,9,0.8125,13758.9,0.8116,31,NETBANKING
CUS_000693,1399,72,57,15,0.7917,6901.01,0.6562,65,WALLET
CUS_000694,1420,34,34,0,1.0,21042.32,0.5336,64,UPI
CUS_000695,162,74,64,10,0.8649,6727.67,0.6682,35,NETBANKING
CUS_000696,402,30,26,4,0.8667,5730.76,0.6896,14,UPI
CUS_000697,1091,11,7,4,0.6364,5454.21,0.5094,29,NETBANKING
CUS_000698,897,33,31,2,0.9394,1609.11,0.7404,45,UPI
CUS_000699,103,11,10,1,0.9091,9668.53,0.8766,22,CARD
CUS_000700,169,10,9,1,0.9,636.17,0.7032,28,CARD
CUS_000701,795,70,67,3,0.9571,2815.32,0.4372,21,NETBANKING
CUS_000702,935,63,55,8,0.873,4583.31,0.7397,5,NETBANKING
CUS_000703,276,18,17,1,0.9444,2392.33,0.8432,54,UPI
CUS_000704,281,67,57,10,0.8507,3135.14,0.6094,89,NETBANKING
CUS_000705,220,6,5,1,0.8333,19600.95,0.6977,85,UPI
CUS_000706,860,23,22,1,0.9565,10884.03,0.8253,83,UPI
CUS_000707,41,56,41,15,0.7321,2599.75,0.4976,59,UPI
CUS_000708,871,24,21,3,0.875,3090.78,0.4063,67,UPI
CUS_000709,729,58,49,9,0.8448,1620.08,0.7837,5,UPI
CUS_000710,714,70,63,7,0.9,7909.56,0.6615,18,CARD
CUS_000711,1028,6,5,1,0.8333,3685.05,0.8692,63,UPI
CUS_000712,798,2,2,0,1.0,933.24,0.785,88,CARD
CUS_000713,1099,75,58,17,0.7733,4877.85,0.7617,81,UPI
CUS_000714,1152,42,35,7,0.8333,6393.36,0.5134,56,CARD
CUS_000715,1382,41,38,3,0.9268,9723.93,0.4818,9,UPI
CUS_000716,1204,37,35,2,0.9459,4243.52,0.8811,86,UPI
CUS_000717,791,35,31,4,0.8857,3339.9,0.8949,28,CARD
CUS_000718,753,55,40,15,0.7273,22045.07,0.8783,3,WALLET
CUS_000719,376,46,43,3,0.9348,4523.77,0.8854,69,WALLET
CUS_000720,911,13,11,2,0.8462,8002.28,0.8739,15,UPI
CUS_000721,234,50,38,12,0.76,2922.52,0.6364,27,WALLET
CUS_000722,1398,53,50,3,0.9434,7814.69,0.8685,60,CARD
CUS_000723,1272,9,9,0,1.0,1404.35,0.7121,86,NETBANKING
CUS_000724,206,30,27,3,0.9,3109.38,0.7067,81,UPI
CUS_000725,1185,63,53,10,0.8413,1711.65,0.6092,14,UPI
CUS_000726,202,49,47,2,0.9592,2773.47,0.769,15,UPI
CUS_000727,1090,11,7,4,0.6364,12236.87,0.8192,72,NETBANKING
CUS_000728,158,4,4,0,1.0,2757.2,0.8697,28,UPI
CUS_000729,747,46,45,1,0.9783,7993.93,0.8019,7,UPI
CUS_000730,997,37,35,2,0.9459,15148.32,0.8622,52,CARD
CUS_000731,1101,76,48,28,0.6316,4401.81,0.8009,59,WALLET
CUS_000732,645,42,40,2,0.9524,9965.12,0.9649,89,CARD
CUS_000733,1384,74,56,18,0.7568,6882.25,0.8272,43,CARD
CUS_000734,1168,17,16,1,0.9412,4939.32,0.9172,71,UPI
CUS_000735,336,36,30,6,0.8333,8201.61,0.5063,48,NETBANKING
CUS_000736,1016,12,11,1,0.9167,19609.77,0.4678,83,UPI
CUS_000737,1103,46,44,2,0.9565,2702.73,0.9113,43,UPI
CUS_000738,520,15,12,3,0.8,2089.07,0.9149,60,CARD
CUS_000739,1115,39,35,4,0.8974,1993.21,0.6132,86,UPI
CUS_000740,1350,28,25,3,0.8929,9970.39,0.8259,78,CARD
CUS_000741,1231,15,14,1,0.9333,11106.96,0.3228,36,CARD
CUS_000742,1150,8,6,2,0.75,2928.38,0.491,45,UPI
CUS_000743,962,41,33,8,0.8049,814.86,0.5292,53,UPI
CUS_000744,427,75,65,10,0.8667,2622.88,0.781,11,UPI
CUS_000745,1198,16,11,5,0.6875,6975.2,0.8462,21,UPI
CUS_000746,565,32,28,4,0.875,4266.09,0.6754,63,NETBANKING
CUS_000747,812,18,17,1,0.9444,5198.42,0.9146,6,CARD
CUS_000748,492,64,54,10,0.8438,2960.63,0.7242,54,UPI
CUS_000749,490,33,30,3,0.9091,10128.45,0.7286,43,UPI
CUS_000750,261,77,58,19,0.7532,5921.74,0.8826,43,NETBANKING
CUS_000751,1443,20,16,4,0.8,7194.01,0.6907,76,NETBANKING
CUS_000752,247,7,6,1,0.8571,5110.67,0.8638,24,WALLET
CUS_000753,156,47,40,7,0.8511,6845.37,0.7257,71,UPI
CUS_000754,1406,52,44,8,0.8462,6494.36,0.4461,70,CARD
CUS_000755,845,79,72,7,0.9114,2141.74,0.8231,89,UPI
CUS_000756,673,69,62,7,0.8986,6064.96,0.4891,73,CARD
CUS_000757,1114,70,66,4,0.9429,8476.38,0.884,45,UPI
CUS_000758,593,51,41,10,0.8039,11338.35,0.8664,32,CARD
CUS_000759,218,29,28,1,0.9655,6277.45,0.6089,70,UPI
CUS_000760,1102,34,27,7,0.7941,2078.98,0.9129,83,CARD
CUS_000761,288,11,11,0,1.0,2351.43,0.5115,25,UPI
CUS_000762,842,35,29,6,0.8286,3177.07,0.5135,33,NETBANKING
CUS_000763,1425,29,25,4,0.8621,5236.47,0.6917,44,UPI
CUS_000764,1406,3,3,0,1.0,4080.78,0.4713,9,CARD
CUS_000765,560,17,17,0,1.0,1831.42,0.4355,28,UPI
CUS_000766,1177,43,34,9,0.7907,1822.67,0.7497,14,CARD
CUS_000767,930,30,25,5,0.8333,839.68,0.76,69,CARD
CUS_000768,734,79,73,6,0.9241,371.02,0.8793,44,UPI
CUS_000769,235,38,32,6,0.8421,4049.74,0.8579,54,UPI
CUS_000770,583,76,66,10,0.8684,28796.73,0.8613,7,UPI
CUS_000771,988,53,38,15,0.717,18944.26,0.883,51,UPI
CUS_000772,1480,4,4,0,1.0,2057.5,0.5733,64,CARD
CUS_000773,37,17,16,1,0.9412,5073.34,0.7944,62,UPI
CUS_000774,1085,56,55,1,0.9821,1394.33,0.8476,71,UPI
CUS_000775,1274,44,43,1,0.9773,1575.21,0.6554,10,UPI
CUS_000776,1428,24,21,3,0.875,1726.51,0.7776,49,UPI
CUS_000777,652,42,38,4,0.9048,3757.22,0.5545,43,UPI
CUS_000778,204,72,63,9,0.875,3888.84,0.8504,80,CARD
CUS_000779,428,31,29,2,0.9355,5508.21,0.9541,62,UPI
CUS_000780,1280,4,4,0,1.0,7649.58,0.7136,85,WALLET
CUS_000781,1320,25,23,2,0.92,3436.91,0.8905,2,CARD
CUS_000782,966,74,63,11,0.8514,4632.23,0.4945,40,UPI
CUS_000783,210,61,51,10,0.8361,1875.79,0.7281,63,NETBANKING
CUS_000784,209,67,57,10,0.8507,1534.92,0.5036,8,CARD
CUS_000785,732,73,70,3,0.9589,1356.49,0.6299,58,CARD
CUS_000786,894,10,8,2,0.8,7564.57,0.7961,20,UPI
CUS_000787,77,23,18,5,0.7826,3434.09,0.6769,6,CARD
CUS_000788,1038,5,5,0,1.0,1007.21,0.6538,59,UPI
CUS_000789,830,1,1,0,1.0,4278.52,0.9893,38,CARD
CUS_000790,48,66,54,12,0.8182,1657.02,0.6609,36,UPI
CUS_000791,170,75,67,8,0.8933,16985.85,0.7079,29,UPI
CUS_000792,697,13,10,3,0.7692,2832.1,0.622,61,CARD
CUS_000793,1092,58,55,3,0.9483,7762.33,0.7627,55,UPI
CUS_000794,1243,43,39,4,0.907,10753.68,0.6787,60,UPI
CUS_000795,664,6,5,1,0.8333,2096.22,0.6199,70,NETBANKING
CUS_000796,464,73,70,3,0.9589,4782.27,0.8408,54,UPI
CUS_000797,1453,69,64,5,0.9275,7006.59,0.8582,6,UPI
CUS_000798,704,45,42,3,0.9333,4935.8,0.6128,14,UPI
CUS_000799,493,56,52,4,0.9286,6007.2,0.6575,89,WALLET
CUS_000800,680,32,21,11,0.6562,1553.29,0.6041,25,CARD
CUS_000801,47,63,47,16,0.746,7009.78,0.598,38,CARD
CUS_000802,473,36,30,6,0.8333,3050.01,0.8816,34,NETBANKING
CUS_000803,787,79,73,6,0.9241,5951.47,0.5106,89,CARD
CUS_000804,1380,5,4,1,0.8,9393.97,0.41,74,NETBANKING
CUS_000805,1115,14,14,0,1.0,7683.88,0.8676,43,CARD
CUS_000806,1178,77,67,10,0.8701,5947.99,0.2686,61,NETBANKING
CUS_000807,831,23,15,8,0.6522,7521.61,0.6762,49,CARD
CUS_000808,192,25,25,0,1.0,7805.33,0.9446,58,UPI
CUS_000809,604,63,55,8,0.873,14886.85,0.7037,85,UPI
CUS_000810,1495,15,13,2,0.8667,4379.07,0.6488,60,UPI
CUS_000811,94,41,39,2,0.9512,5130.7,0.8955,10,CARD
CUS_000812,1322,23,20,3,0.8696,9485.18,0.334,45,WALLET
CUS_000813,1036,16,15,1,0.9375,3039.73,0.5737,73,CARD
CUS_000814,447,77,71,6,0.9221,1546.3,0.7711,3,CARD
CUS_000815,1173,16,14,2,0.875,6676.95,0.7971,32,CARD
CUS_000816,1260,8,8,0,1.0,3816.21,0.5857,18,NETBANKING
CUS_000817,93,54,50,4,0.9259,1712.67,0.7993,64,CARD
CUS_000818,186,69,52,17,0.7536,6716.12,0.9589,12,UPI
CUS_000819,1008,11,11,0,1.0,14139.66,0.6855,56,CARD
CUS_000820,1498,56,49,7,0.875,1221.75,0.9426,5,UPI
CUS_000821,65,43,39,4,0.907,10195.41,0.8533,83,UPI
CUS_000822,1008,66,39,27,0.5909,591.21,0.6278,28,UPI
CUS_000823,230,11,9,2,0.8182,3266.92,0.89,36,UPI
CUS_000824,985,78,73,5,0.9359,19618.84,0.744,70,UPI
CUS_000825,946,49,44,5,0.898,3460.52,0.6276,34,UPI
CUS_000826,162,67,57,10,0.8507,4835.71,0.7318,10,NETBANKING
CUS_000827,1030,29,21,8,0.7241,8284.37,0.4549,81,UPI
CUS_000828,1348,75,66,9,0.88,1139.85,0.5233,10,NETBANKING
CUS_000829,1299,50,39,11,0.78,4767.17,0.3192,44,UPI
CUS_000830,72,11,11,0,1.0,4737.21,0.7072,11,WALLET
CUS_000831,391,73,55,18,0.7534,19964.07,0.7272,62,CARD
CUS_000832,384,63,60,3,0.9524,1674.45,0.4973,24,NETBANKING
CUS_000833,696,24,21,3,0.875,3316.29,0.5593,83,CARD
CUS_000834,240,44,43,1,0.9773,2141.26,0.8044,18,CARD
CUS_000835,1285,31,26,5,0.8387,1967.08,0.9566,60,UPI
CUS_000836,1171,43,33,10,0.7674,11089.51,0.6454,1,UPI
CUS_000837,1218,77,68,9,0.8831,4596.98,0.8678,10,CARD
CUS_000838,321,72,68,4,0.9444,2885.28,0.5106,24,UPI
CUS_000839,51,18,17,1,0.9444,2973.68,0.6403,79,UPI
CUS_000840,1368,77,61,16,0.7922,2867.66,0.9232,89,NETBANKING
CUS_000841,454,35,27,8,0.7714,3080.32,0.7588,55,UPI
CUS_000842,994,56,46,10,0.8214,1636.44,0.5564,30,CARD
CUS_000843,1366,61,50,11,0.8197,3658.65,0.399,28,UPI
CUS_000844,83,39,29,10,0.7436,3376.07,0.5171,19,UPI
CUS_000845,38,37,32,5,0.8649,2454.3,0.1686,30,UPI
CUS_000846,37,37,33,4,0.8919,5094.26,0.7454,44,CARD
CUS_000847,259,69,61,8,0.8841,5452.04,0.5548,61,NETBANKING
CUS_000848,105,31,27,4,0.871,2882.79,0.8245,20,NETBANKING
CUS_000849,1235,23,20,3,0.8696,4009.92,0.9839,3,UPI
CUS_000850,920,29,26,3,0.8966,25304.35,0.823,50,UPI
CUS_000851,1470,16,13,3,0.8125,24542.93,0.771,21,NETBANKING
CUS_000852,1208,31,28,3,0.9032,1936.35,0.8339,36,UPI
CUS_000853,1445,10,9,1,0.9,2165.21,0.8516,64,UPI
CUS_000854,380,8,7,1,0.875,1928.14,0.8635,80,CARD
CUS_000855,453,58,40,18,0.6897,10482.64,0.73,48,CARD
CUS_000856,1278,7,6,1,0.8571,3271.52,0.5396,83,UPI
CUS_000857,389,45,42,3,0.9333,5451.1,0.753,24,UPI
CUS_000858,114,62,58,4,0.9355,22234.64,0.734,64,WALLET
CUS_000859,1013,58,55,3,0.9483,4462.48,0.719,88,WALLET
CUS_000860,1207,36,29,7,0.8056,7917.51,0.7013,19,CARD
CUS_000861,1453,16,14,2,0.875,6823.78,0.7244,66,CARD
CUS_000862,1393,74,67,7,0.9054,2810.9,0.832,42,WALLET
CUS_000863,206,66,57,9,0.8636,10500.33,0.906,79,CARD
CUS_000864,1164,49,48,1,0.9796,2280.32,0.9039,27,CARD
CUS_000865,1273,7,7,0,1.0,13144.21,0.9182,86,CARD
CUS_000866,1056,3,3,0,1.0,2812.62,0.8648,71,UPI
CUS_000867,1235,25,19,6,0.76,3070.08,0.6663,63,NETBANKING
CUS_000868,1261,13,10,3,0.7692,1883.79,0.7198,2,CARD
CUS_000869,686,68,63,5,0.9265,2148.29,0.7243,7,UPI
CUS_000870,89,17,16,1,0.9412,3198.45,0.91,59,CARD
CUS_000871,700,23,22,1,0.9565,643.39,0.8311,43,NETBANKING
CUS_000872,326,78,76,2,0.9744,3733.74,0.9457,29,UPI
CUS_000873,197,65,61,4,0.9385,2997.26,0.8524,75,CARD
CUS_000874,213,18,15,3,0.8333,8466.24,0.8699,43,UPI
CUS_000875,1055,31,26,5,0.8387,6312.06,0.3496,41,CARD
CUS_000876,771,41,40,1,0.9756,2554.78,0.9127,29,WALLET
CUS_000877,823,53,49,4,0.9245,3118.14,0.7588,88,NETBANKING
CUS_000878,1125,74,71,3,0.9595,3729.91,0.8932,32,NETBANKING
CUS_000879,835,69,52,17,0.7536,14773.61,0.5846,23,CARD
CUS_000880,956,78,75,3,0.9615,2330.85,0.3968,60,CARD
CUS_000881,156,4,3,1,0.75,2530.13,0.6992,3,CARD
CUS_000882,1281,19,17,2,0.8947,1824.33,0.592,53,UPI
CUS_000883,689,45,40,5,0.8889,1374.99,0.8671,50,CARD
CUS_000884,258,4,3,1,0.75,5752.76,0.7275,21,CARD
CUS_000885,1225,29,26,3,0.8966,5293.08,0.6565,69,CARD
CUS_000886,1109,13,10,3,0.7692,12557.11,0.4649,3,UPI
CUS_000887,107,74,65,9,0.8784,10352.26,0.7681,88,UPI
CUS_000888,313,6,5,1,0.8333,30623.59,0.6112,77,UPI
CUS_000889,53,12,10,2,0.8333,4241.76,0.7099,15,UPI
CUS_000890,428,16,15,1,0.9375,3653.38,0.6707,44,UPI
CUS_000891,176,12,11,1,0.9167,1590.26,0.5178,17,UPI
CUS_000892,1073,45,39,6,0.8667,7856.49,0.776,55,NETBANKING
CUS_000893,798,29,26,3,0.8966,4947.61,0.9613,31,UPI
CUS_000894,1470,73,60,13,0.8219,7576.8,0.8824,43,NETBANKING
CUS_000895,1131,21,20,1,0.9524,1809.01,0.9605,86,UPI
CUS_000896,928,43,37,6,0.8605,5961.73,0.8852,55,NETBANKING
CUS_000897,778,53,50,3,0.9434,5302.81,0.9568,78,CARD
CUS_000898,110,50,43,7,0.86,5029.42,0.6357,56,WALLET
CUS_000899,133,63,51,12,0.8095,2605.08,0.7216,42,NETBANKING
CUS_000900,935,16,14,2,0.875,11652.69,0.8387,1,CARD
CUS_000901,36,41,30,11,0.7317,23203.97,0.7464,8,UPI
CUS_000902,92,64,54,10,0.8438,1851.14,0.8195,47,CARD
CUS_000903,352,69,63,6,0.913,8007.93,0.7885,45,UPI
CUS_000904,1329,49,46,3,0.9388,450.14,0.7175,45,NETBANKING
CUS_000905,704,52,47,5,0.9038,7682.66,0.6044,76,NETBANKING
CUS_000906,1073,69,50,19,0.7246,1007.99,0.7616,8,UPI
CUS_000907,634,50,41,9,0.82,2956.79,0.8216,59,CARD
CUS_000908,284,75,53,22,0.7067,1574.06,0.8942,67,UPI
CUS_000909,575,11,10,1,0.9091,3787.05,0.7526,58,CARD
CUS_000910,164,28,22,6,0.7857,8803.17,0.7927,21,CARD
CUS_000911,1162,9,8,1,0.8889,1018.39,0.8953,36,CARD
CUS_000912,299,8,7,1,0.875,3375.33,0.3522,4,NETBANKING
CUS_000913,583,38,34,4,0.8947,2984.35,0.8988,15,UPI
CUS_000914,1470,18,16,2,0.8889,15941.35,0.8798,72,CARD
CUS_000915,900,33,29,4,0.8788,6356.55,0.5857,55,CARD
CUS_000916,704,35,32,3,0.9143,1754.71,0.7712,77,UPI
CUS_000917,828,50,41,9,0.82,3086.51,0.7497,62,UPI
CUS_000918,1182,75,60,15,0.8,15626.38,0.9249,21,UPI
CUS_000919,404,68,60,8,0.8824,7969.08,0.898,73,CARD
CUS_000920,965,30,27,3,0.9,2158.67,0.8111,61,NETBANKING
CUS_000921,1312,26,22,4,0.8462,3634.32,0.6028,17,UPI
CUS_000922,871,61,53,8,0.8689,3728.44,0.8177,0,UPI
CUS_000923,686,10,8,2,0.8,2926.16,0.4905,68,CARD
CUS_000924,243,43,38,5,0.8837,1145.58,0.8425,64,UPI
CUS_000925,394,34,28,6,0.8235,2616.87,0.6313,8,UPI
CUS_000926,1420,15,15,0,1.0,13673.19,0.7499,41,CARD
CUS_000927,825,49,39,10,0.7959,3317.34,0.7327,82,UPI
CUS_000928,472,26,24,2,0.9231,4143.23,0.8942,71,NETBANKING
CUS_000929,645,15,12,3,0.8,5035.42,0.5538,73,UPI
CUS_000930,879,52,48,4,0.9231,26538.34,0.6229,35,CARD
CUS_000931,820,14,13,1,0.9286,4532.06,0.7471,10,UPI
CUS_000932,1058,54,49,5,0.9074,10796.63,0.9669,31,UPI
CUS_000933,408,13,12,1,0.9231,2788.58,0.7596,61,CARD
CUS_000934,984,35,28,7,0.8,3656.69,0.7908,75,CARD
CUS_000935,680,64,58,6,0.9062,4545.42,0.7525,57,WALLET
CUS_000936,1412,19,13,6,0.6842,2422.43,0.8081,3,UPI
CUS_000937,262,61,46,15,0.7541,3823.26,0.5592,53,CARD
CUS_000938,248,58,48,10,0.8276,9157.0,0.3866,16,CARD
CUS_000939,708,72,67,5,0.9306,2372.12,0.6174,54,UPI
CUS_000940,777,14,12,2,0.8571,4500.32,0.6973,37,NETBANKING
CUS_000941,1045,57,43,14,0.7544,7933.26,0.7323,47,UPI
CUS_000942,623,74,61,13,0.8243,2326.82,0.5888,53,NETBANKING
CUS_000943,1373,61,60,1,0.9836,10809.32,0.8149,57,CARD
CUS_000944,727,15,12,3,0.8,4770.18,0.8541,0,UPI
CUS_000945,220,65,58,7,0.8923,3943.15,0.7578,86,CARD
CUS_000946,205,9,9,0,1.0,902.63,0.5771,51,UPI
CUS_000947,1460,47,47,0,1.0,3337.38,0.8065,45,CARD
CUS_000948,227,40,38,2,0.95,6057.83,0.9439,34,NETBANKING
CUS_000949,1423,42,41,1,0.9762,18180.57,0.7615,9,CARD
CUS_000950,438,42,36,6,0.8571,7087.9,0.6741,56,UPI
CUS_000951,167,3,3,0,1.0,11078.99,0.9377,32,UPI
CUS_000952,477,41,34,7,0.8293,1710.51,0.933,81,CARD
CUS_000953,933,75,72,3,0.96,4065.84,0.6427,59,CARD
CUS_000954,659,35,29,6,0.8286,11949.32,0.7935,39,CARD
CUS_000955,1184,22,21,1,0.9545,2211.99,0.45,2,UPI
CUS_000956,928,79,73,6,0.9241,9740.14,0.9158,49,CARD
CUS_000957,619,8,6,2,0.75,8090.83,0.895,76,CARD
CUS_000958,962,39,25,14,0.641,5606.11,0.6937,41,CARD
CUS_000959,1458,41,32,9,0.7805,3459.47,0.8749,58,UPI
CUS_000960,635,38,36,2,0.9474,2044.27,0.8546,10,CARD
CUS_000961,255,73,62,11,0.8493,18622.69,0.8897,36,UPI
CUS_000962,630,34,26,8,0.7647,7460.09,0.8569,71,NETBANKING
CUS_000963,1264,77,73,4,0.9481,5909.55,0.4277,38,NETBANKING
CUS_000964,349,6,6,0,1.0,3234.25,0.8793,79,NETBANKING
CUS_000965,1425,58,47,11,0.8103,4638.42,0.7342,36,UPI
CUS_000966,894,47,44,3,0.9362,5133.83,0.6674,73,CARD
CUS_000967,914,20,14,6,0.7,6196.46,0.5907,57,NETBANKING
CUS_000968,496,19,16,3,0.8421,8097.45,0.9029,85,UPI
CUS_000969,1383,57,49,8,0.8596,2406.32,0.7805,47,UPI
CUS_000970,83,51,44,7,0.8627,1392.08,0.9161,42,UPI
CUS_000971,469,49,35,14,0.7143,4813.87,0.5084,31,CARD
CUS_000972,645,5,5,0,1.0,1112.16,0.4326,58,UPI
CUS_000973,731,48,44,4,0.9167,3473.45,0.7585,88,UPI
CUS_000974,726,78,71,7,0.9103,2994.35,0.7104,15,CARD
CUS_000975,247,2,2,0,1.0,6669.04,0.9328,84,CARD
CUS_000976,361,38,33,5,0.8684,21980.49,0.7924,87,NETBANKING
CUS_000977,170,40,33,7,0.825,949.71,0.6346,69,CARD
CUS_000978,871,71,68,3,0.9577,27755.26,0.817,52,NETBANKING
CUS_000979,545,23,19,4,0.8261,3734.51,0.8118,77,CARD
CUS_000980,861,38,37,1,0.9737,5943.66,0.5286,23,NETBANKING
CUS_000981,896,57,53,4,0.9298,1450.94,0.7841,57,UPI
CUS_000982,1061,5,4,1,0.8,9989.9,0.4254,72,NETBANKING
CUS_000983,834,64,56,8,0.875,4651.81,0.8892,72,NETBANKING
CUS_000984,982,65,58,7,0.8923,4284.07,0.6682,52,CARD
CUS_000985,893,57,48,9,0.8421,955.2,0.6526,34,UPI
CUS_000986,989,52,43,9,0.8269,4773.67,0.625,85,UPI
CUS_000987,936,60,50,10,0.8333,8852.86,0.7082,60,UPI
CUS_000988,494,62,56,6,0.9032,3724.95,0.7421,69,UPI
CUS_000989,392,72,63,9,0.875,11512.54,0.6934,56,UPI
CUS_000990,1187,34,31,3,0.9118,11138.34,0.9083,78,UPI
CUS_000991,533,37,34,3,0.9189,2694.47,0.1897,42,UPI
CUS_000992,837,51,40,11,0.7843,16121.74,0.7168,49,NETBANKING
CUS_000993,319,16,14,2,0.875,4666.05,0.9529,72,CARD
CUS_000994,664,68,58,10,0.8529,4682.69,0.5197,46,NETBANKING
CUS_000995,808,61,37,24,0.6066,4870.82,0.8133,22,UPI
CUS_000996,950,50,43,7,0.86,4756.59,0.8527,68,UPI
CUS_000997,803,24,21,3,0.875,548.8,0.2384,33,UPI
CUS_000998,560,28,27,1,0.9643,3879.37,0.7863,9,NETBANKING
CUS_000999,1443,35,29,6,0.8286,1511.22,0.5885,33,UPI
CUS_001000,783,53,40,13,0.7547,16529.49,0.7933,4,CARD
CUS_001001,1218,62,53,9,0.8548,16005.68,0.9004,79,UPI
CUS_001002,1112,54,53,1,0.9815,8896.23,0.8663,88,UPI
CUS_001003,850,74,70,4,0.9459,3718.44,0.567,23,UPI
CUS_001004,1333,76,67,9,0.8816,2009.06,0.8078,82,CARD
CUS_001005,218,56,44,12,0.7857,2659.17,0.6496,64,UPI
CUS_001006,1383,30,26,4,0.8667,21289.01,0.7253,86,NETBANKING
CUS_001007,1279,48,44,4,0.9167,2586.54,0.9356,14,UPI
CUS_001008,770,34,32,2,0.9412,683.59,0.9588,5,UPI
CUS_001009,1108,50,47,3,0.94,10259.56,0.871,82,UPI
CUS_001010,794,65,65,0,1.0,14946.54,0.6519,24,WALLET
CUS_001011,425,30,26,4,0.8667,16970.05,0.7756,53,CARD
CUS_001012,1205,40,31,9,0.775,10326.94,0.7881,81,CARD
CUS_001013,391,4,3,1,0.75,11766.93,0.6305,30,CARD
CUS_001014,492,59,52,7,0.8814,4694.66,0.7983,8,NETBANKING
CUS_001015,793,39,38,1,0.9744,854.74,0.8708,71,UPI
CUS_001016,1260,37,36,1,0.973,4601.5,0.8095,40,CARD
CUS_001017,594,43,41,2,0.9535,7398.93,0.8615,2,NETBANKING
CUS_001018,756,18,15,3,0.8333,4038.45,0.4458,30,UPI
CUS_001019,91,48,43,5,0.8958,3893.89,0.6032,47,UPI
CUS_001020,200,59,50,9,0.8475,2080.86,0.7449,79,CARD
CUS_001021,112,28,25,3,0.8929,2019.17,0.8577,20,UPI
CUS_001022,135,11,10,1,0.9091,19581.71,0.8256,46,UPI
CUS_001023,1306,31,29,2,0.9355,20157.06,0.7672,16,UPI
CUS_001024,1267,16,16,0,1.0,4490.48,0.9059,26,UPI
CUS_001025,1238,30,25,5,0.8333,5636.69,0.5199,23,CARD
CUS_001026,111,50,48,2,0.96,2053.18,0.7375,47,CARD
CUS_001027,144,9,8,1,0.8889,7524.3,0.8313,59,CARD
CUS_001028,442,60,56,4,0.9333,18389.81,0.6531,10,CARD
CUS_001029,860,18,17,1,0.9444,1324.05,0.7645,6,UPI
CUS_001030,521,71,63,8,0.8873,6522.02,0.9008,65,CARD
CUS_001031,746,58,51,7,0.8793,6926.09,0.558,26,NETBANKING
CUS_001032,284,22,21,1,0.9545,6863.12,0.6925,55,UPI
CUS_001033,1104,45,41,4,0.9111,16748.88,0.2684,6,CARD
CUS_001034,491,9,7,2,0.7778,22940.23,0.6492,54,NETBANKING
CUS_001035,127,8,7,1,0.875,3733.29,0.3836,81,CARD
CUS_001036,1121,76,59,17,0.7763,7710.76,0.5473,39,UPI
CUS_001037,1357,64,59,5,0.9219,4813.69,0.6533,52,UPI
CUS_001038,51,13,11,2,0.8462,2713.9,0.835,26,CARD
CUS_001039,671,23,19,4,0.8261,5588.6,0.3473,25,CARD
CUS_001040,1245,16,15,1,0.9375,7700.44,0.2725,5,CARD
CUS_001041,1068,32,29,3,0.9062,5352.8,0.9453,43,CARD
CUS_001042,1289,24,22,2,0.9167,2223.61,0.9027,85,UPI
CUS_001043,640,26,22,4,0.8462,3105.67,0.5003,10,CARD
CUS_001044,577,42,38,4,0.9048,3124.74,0.7159,37,CARD
CUS_001045,1072,15,13,2,0.8667,2293.6,0.9729,75,WALLET
CUS_001046,255,70,57,13,0.8143,5782.92,0.6472,44,CARD
CUS_001047,381,58,54,4,0.931,6287.52,0.4687,68,UPI
CUS_001048,913,61,52,9,0.8525,9852.17,0.8139,33,CARD
CUS_001049,1012,14,12,2,0.8571,2265.92,0.3675,54,CARD
CUS_001050,205,56,44,12,0.7857,2835.15,0.7523,88,UPI
CUS_001051,777,67,63,4,0.9403,15607.21,0.9146,53,CARD
CUS_001052,566,14,12,2,0.8571,3945.13,0.7159,71,UPI
CUS_001053,767,60,39,21,0.65,4609.79,0.7089,62,UPI
CUS_001054,1438,29,27,2,0.931,3911.79,0.8553,8,CARD
CUS_001055,142,63,56,7,0.8889,11139.55,0.5798,14,UPI
CUS_001056,1493,38,34,4,0.8947,11490.54,0.9414,54,CARD
CUS_001057,690,64,49,15,0.7656,10964.29,0.6474,31,CARD
CUS_001058,1164,12,9,3,0.75,4596.67,0.6704,43,NETBANKING
CUS_001059,653,31,27,4,0.871,2239.22,0.5819,43,CARD
CUS_001060,487,22,15,7,0.6818,20994.23,0.6386,71,CARD
CUS_001061,1162,20,15,5,0.75,8927.39,0.6074,89,UPI
CUS_001062,1040,25,24,1,0.96,3122.86,0.4503,89,WALLET
CUS_001063,241,31,29,2,0.9355,14057.17,0.9244,7,UPI
CUS_001064,1066,11,10,1,0.9091,2931.72,0.9003,66,CARD
CUS_001065,1137,56,51,5,0.9107,13910.45,0.8418,65,CARD
CUS_001066,600,44,33,11,0.75,14683.22,0.7862,77,UPI
CUS_001067,1390,66,63,3,0.9545,2153.06,0.9039,38,CARD
CUS_001068,972,56,48,8,0.8571,7166.98,0.5643,45,CARD
CUS_001069,520,12,10,2,0.8333,8413.44,0.7914,40,UPI
CUS_001070,45,6,6,0,1.0,36452.31,0.5025,33,UPI
CUS_001071,1022,34,30,4,0.8824,2484.91,0.876,22,UPI
CUS_001072,337,39,34,5,0.8718,14155.62,0.6218,57,WALLET
CUS_001073,1142,19,17,2,0.8947,4562.88,0.7821,1,CARD
CUS_001074,801,62,59,3,0.9516,1666.93,0.8473,67,UPI
CUS_001075,716,46,43,3,0.9348,4088.13,0.7963,75,CARD
CUS_001076,270,60,58,2,0.9667,4508.88,0.2416,20,CARD
CUS_001077,1075,9,8,1,0.8889,1928.93,0.4386,19,CARD
CUS_001078,273,65,59,6,0.9077,5776.61,0.9407,45,CARD
CUS_001079,644,17,16,1,0.9412,9682.55,0.777,76,UPI
CUS_001080,1259,36,32,4,0.8889,5444.67,0.4885,10,UPI
CUS_001081,1382,35,30,5,0.8571,2917.14,0.8111,38,CARD
CUS_001082,1484,65,56,9,0.8615,3996.02,0.6186,19,CARD
CUS_001083,1438,22,20,2,0.9091,4483.67,0.4705,76,CARD
CUS_001084,847,20,17,3,0.85,5354.49,0.7029,79,UPI
CUS_001085,324,27,23,4,0.8519,10934.71,0.9104,7,NETBANKING
CUS_001086,1263,29,23,6,0.7931,5593.63,0.5499,13,UPI
CUS_001087,1208,15,14,1,0.9333,1465.1,0.855,14,CARD
CUS_001088,1485,14,13,1,0.9286,2869.74,0.8883,73,UPI
CUS_001089,986,19,14,5,0.7368,5139.18,0.5463,81,CARD
CUS_001090,238,37,35,2,0.9459,11060.46,0.6725,33,WALLET
CUS_001091,769,28,28,0,1.0,12709.56,0.6443,14,UPI
CUS_001092,688,31,27,4,0.871,18612.36,0.8089,59,CARD
CUS_001093,1269,57,42,15,0.7368,4995.66,0.7941,80,CARD
CUS_001094,607,20,19,1,0.95,8287.3,0.4031,81,UPI
CUS_001095,513,72,60,12,0.8333,1405.66,0.8309,40,UPI
CUS_001096,147,60,54,6,0.9,6347.0,0.5279,70,CARD
CUS_001097,1258,14,11,3,0.7857,1903.83,0.4204,86,UPI
CUS_001098,1140,25,24,1,0.96,4280.4,0.662,74,UPI
CUS_001099,90,15,12,3,0.8,50802.63,0.7346,42,NETBANKING
CUS_001100,667,22,18,4,0.8182,5736.91,0.8687,23,CARD
CUS_001101,735,29,24,5,0.8276,2254.72,0.65,33,CARD
CUS_001102,719,11,10,1,0.9091,6235.81,0.7523,32,CARD
CUS_001103,1380,2,2,0,1.0,2975.52,0.8504,88,CARD
CUS_001104,251,35,29,6,0.8286,2086.49,0.5735,65,CARD
CUS_001105,480,56,50,6,0.8929,24205.72,0.6738,77,UPI
CUS_001106,295,24,23,1,0.9583,10564.79,0.4294,69,UPI
CUS_001107,388,68,52,16,0.7647,5932.86,0.6682,42,CARD
CUS_001108,1363,30,27,3,0.9,3289.12,0.9398,71,WALLET
CUS_001109,1412,72,66,6,0.9167,3509.4,0.8766,57,UPI
CUS_001110,95,19,18,1,0.9474,15457.01,0.5355,66,WALLET
CUS_001111,959,43,42,1,0.9767,5750.8,0.9227,27,CARD
CUS_001112,372,61,59,2,0.9672,382.06,0.5393,20,CARD
CUS_001113,313,5,5,0,1.0,31212.8,0.6032,16,UPI
CUS_001114,459,74,57,17,0.7703,5209.73,0.779,26,UPI
CUS_001115,315,29,28,1,0.9655,5922.58,0.6011,88,CARD
CUS_001116,750,40,37,3,0.925,10734.18,0.7386,84,UPI
CUS_001117,1493,50,39,11,0.78,6529.95,0.5406,13,UPI
CUS_001118,892,51,49,2,0.9608,8179.28,0.608,49,UPI
CUS_001119,1093,2,2,0,1.0,3206.24,0.7421,84,WALLET
CUS_001120,755,69,62,7,0.8986,1682.43,0.8478,67,UPI
CUS_001121,50,50,41,9,0.82,5630.87,0.5829,55,CARD
CUS_001122,153,79,70,9,0.8861,14145.11,0.7618,53,UPI
CUS_001123,425,38,31,7,0.8158,2680.05,0.8659,29,UPI
CUS_001124,388,49,42,7,0.8571,2513.45,0.8455,83,UPI
CUS_001125,1265,35,32,3,0.9143,11951.93,0.7777,7,CARD
CUS_001126,1270,71,67,4,0.9437,3121.4,0.6276,78,CARD
CUS_001127,1285,66,61,5,0.9242,3240.18,0.938,78,UPI
CUS_001128,967,72,63,9,0.875,3338.63,0.5295,23,NETBANKING
CUS_001129,847,40,30,10,0.75,4272.04,0.7932,46,UPI
CUS_001130,984,63,55,8,0.873,1277.83,0.7424,79,NETBANKING
CUS_001131,628,29,20,9,0.6897,2922.98,0.529,42,UPI
CUS_001132,1015,37,33,4,0.8919,5410.66,0.6068,27,NETBANKING
CUS_001133,1197,61,51,10,0.8361,5379.89,0.3655,6,WALLET
CUS_001134,1151,7,6,1,0.8571,11364.24,0.9226,39,NETBANKING
CUS_001135,932,57,47,10,0.8246,19601.21,0.8479,24,UPI
CUS_001136,115,2,2,0,1.0,15090.48,0.3107,76,CARD
CUS_001137,1095,46,44,2,0.9565,9353.96,0.8311,77,NETBANKING
CUS_001138,568,38,34,4,0.8947,3995.18,0.8991,29,CARD
CUS_001139,1123,38,30,8,0.7895,2733.61,0.4813,18,UPI
CUS_001140,823,40,37,3,0.925,4564.82,0.8838,26,CARD
CUS_001141,1325,39,36,3,0.9231,7188.92,0.5824,36,UPI
CUS_001142,527,33,28,5,0.8485,8685.26,0.8359,60,CARD
CUS_001143,1399,36,33,3,0.9167,7407.89,0.925,13,UPI
CUS_001144,1271,45,37,8,0.8222,4084.25,0.8791,89,CARD
CUS_001145,516,61,55,6,0.9016,8444.94,0.8217,63,UPI
CUS_001146,739,44,36,8,0.8182,12339.13,0.89,11,UPI
CUS_001147,811,51,40,11,0.7843,9099.37,0.7107,28,UPI
CUS_001148,1159,67,63,4,0.9403,4386.22,0.8011,63,WALLET
CUS_001149,1043,79,77,2,0.9747,2309.42,0.7878,45,CARD
CUS_001150,1282,9,8,1,0.8889,2266.02,0.3455,47,CARD
CUS_001151,573,57,51,6,0.8947,2609.36,0.7568,3,CARD
CUS_001152,772,18,17,1,0.9444,5527.51,0.7304,36,CARD
CUS_001153,663,16,15,1,0.9375,6820.42,0.5455,55,UPI
CUS_001154,1367,63,54,9,0.8571,1451.29,0.3607,67,CARD
CUS_001155,478,6,5,1,0.8333,3006.81,0.6498,40,UPI
CUS_001156,893,67,62,5,0.9254,5466.87,0.733,49,CARD
CUS_001157,206,61,58,3,0.9508,2190.95,0.7471,19,UPI
CUS_001158,1279,79,77,2,0.9747,6367.46,0.7912,71,NETBANKING
CUS_001159,594,53,43,10,0.8113,3518.85,0.9299,62,CARD
CUS_001160,530,69,56,13,0.8116,2522.73,0.7226,66,UPI
CUS_001161,886,10,8,2,0.8,4695.67,0.5395,60,CARD
CUS_001162,763,71,67,4,0.9437,6158.92,0.982,88,UPI
CUS_001163,1276,13,12,1,0.9231,2282.46,0.4644,79,UPI
CUS_001164,811,25,22,3,0.88,3706.13,0.7147,72,NETBANKING
CUS_001165,789,11,10,1,0.9091,6541.85,0.4734,30,CARD
CUS_001166,184,32,29,3,0.9062,2445.88,0.8689,6,CARD
CUS_001167,62,60,55,5,0.9167,1194.67,0.7818,0,CARD
CUS_001168,615,22,20,2,0.9091,1316.29,0.5876,70,UPI
CUS_001169,1497,65,62,3,0.9538,3220.82,0.8015,80,UPI
CUS_001170,1378,48,45,3,0.9375,1567.28,0.7353,58,CARD
CUS_001171,954,50,46,4,0.92,3407.23,0.8524,64,CARD
CUS_001172,957,75,69,6,0.92,17047.98,0.9181,8,UPI
CUS_001173,605,35,30,5,0.8571,1493.61,0.7857,50,UPI
CUS_001174,290,28,26,2,0.9286,3589.43,0.664,54,UPI
CUS_001175,42,79,74,5,0.9367,24777.13,0.926,14,UPI
CUS_001176,528,45,43,2,0.9556,6237.51,0.799,67,UPI
CUS_001177,495,49,45,4,0.9184,3353.15,0.7038,30,UPI
CUS_001178,311,24,18,6,0.75,3969.23,0.839,17,CARD
CUS_001179,410,18,16,2,0.8889,6344.37,0.6907,62,UPI
CUS_001180,66,14,12,2,0.8571,17473.67,0.7146,39,UPI
CUS_001181,923,18,17,1,0.9444,2942.9,0.512,48,CARD
CUS_001182,1393,16,15,1,0.9375,2454.66,0.5775,48,NETBANKING
CUS_001183,1045,59,51,8,0.8644,1493.36,0.4762,56,UPI
CUS_001184,688,5,4,1,0.8,4886.88,0.749,37,UPI
CUS_001185,647,50,40,10,0.8,1461.59,0.6773,73,CARD
CUS_001186,482,75,72,3,0.96,3105.12,0.6306,78,UPI
CUS_001187,239,61,55,6,0.9016,2175.22,0.7055,43,UPI
CUS_001188,909,32,30,2,0.9375,10626.77,0.9484,15,CARD
CUS_001189,862,5,5,0,1.0,2996.25,0.6926,25,UPI
CUS_001190,40,66,53,13,0.803,6181.88,0.8233,69,NETBANKING
CUS_001191,640,1,1,0,1.0,1247.08,0.9212,23,NETBANKING
CUS_001192,438,54,49,5,0.9074,4999.23,0.9125,70,UPI
CUS_001193,280,54,34,20,0.6296,1718.67,0.9044,59,UPI
CUS_001194,1063,16,13,3,0.8125,3201.31,0.5804,40,WALLET
CUS_001195,802,59,46,13,0.7797,26391.43,0.6864,11,CARD
CUS_001196,961,14,13,1,0.9286,9486.0,0.8203,48,WALLET
CUS_001197,1078,18,14,4,0.7778,4060.67,0.4221,62,CARD
CUS_001198,1473,65,63,2,0.9692,58161.92,0.7344,13,UPI
CUS_001199,1210,78,64,14,0.8205,2163.96,0.9118,74,UPI
CUS_001200,941,21,19,2,0.9048,11430.1,0.8572,17,UPI
CUS_001201,1322,73,69,4,0.9452,1320.4,0.5749,37,NETBANKING
CUS_001202,731,73,67,6,0.9178,3702.24,0.601,47,UPI
CUS_001203,1477,61,53,8,0.8689,1530.88,0.633,66,CARD
CUS_001204,1149,12,11,1,0.9167,5528.4,0.7852,20,CARD
CUS_001205,986,24,19,5,0.7917,4706.07,0.7797,30,NETBANKING
CUS_001206,1357,54,49,5,0.9074,3518.19,0.4021,72,CARD
CUS_001207,787,79,73,6,0.9241,10780.33,0.5107,29,UPI
CUS_001208,1089,65,47,18,0.7231,2858.79,0.4649,55,UPI
CUS_001209,448,34,30,4,0.8824,5844.84,0.7327,35,CARD
CUS_001210,1445,19,18,1,0.9474,8675.66,0.7967,5,NETBANKING
CUS_001211,946,76,67,9,0.8816,1373.69,0.3373,46,CARD
CUS_001212,1179,22,20,2,0.9091,2472.79,0.7338,32,CARD
CUS_001213,707,28,25,3,0.8929,4698.14,0.6128,23,NETBANKING
CUS_001214,1304,77,64,13,0.8312,7449.9,0.7209,77,UPI
CUS_001215,139,45,39,6,0.8667,14028.17,0.6919,69,UPI
CUS_001216,197,21,19,2,0.9048,3786.24,0.7391,24,NETBANKING
CUS_001217,775,1,1,0,1.0,3493.49,0.3694,47,CARD
CUS_001218,1106,34,31,3,0.9118,2238.94,0.8444,64,NETBANKING
CUS_001219,1219,78,72,6,0.9231,5859.5,0.9622,4,UPI
CUS_001220,676,35,30,5,0.8571,3548.0,0.434,8,CARD
CUS_001221,985,56,45,11,0.8036,3614.13,0.9565,48,UPI
CUS_001222,843,20,18,2,0.9,4174.38,0.4407,83,UPI
CUS_001223,1443,62,49,13,0.7903,6996.29,0.8004,83,UPI
CUS_001224,991,62,58,4,0.9355,2866.5,0.8926,40,CARD
CUS_001225,642,49,38,11,0.7755,2426.26,0.3505,63,UPI
CUS_001226,1455,61,54,7,0.8852,6356.37,0.8705,44,UPI
CUS_001227,187,46,44,2,0.9565,399.92,0.9328,81,UPI
CUS_001228,1477,30,28,2,0.9333,2776.34,0.6818,51,UPI
CUS_001229,256,59,55,4,0.9322,1791.46,0.7596,80,CARD
CUS_001230,453,66,54,12,0.8182,11783.31,0.6494,32,CARD
CUS_001231,1237,67,56,11,0.8358,3162.4,0.7732,83,CARD
CUS_001232,1108,17,14,3,0.8235,2873.42,0.9151,65,UPI
CUS_001233,1456,54,47,7,0.8704,4328.32,0.7317,69,CARD
CUS_001234,1132,1,1,0,1.0,2794.85,0.5319,1,UPI
CUS_001235,966,46,44,2,0.9565,3260.76,0.9729,72,CARD
CUS_001236,539,46,43,3,0.9348,4863.54,0.7196,14,NETBANKING
CUS_001237,36,29,28,1,0.9655,3210.56,0.8227,84,CARD
CUS_001238,212,79,75,4,0.9494,3192.18,0.5902,16,WALLET
CUS_001239,467,70,64,6,0.9143,2005.62,0.7745,74,UPI
CUS_001240,90,4,4,0,1.0,1787.92,0.6957,57,CARD
CUS_001241,777,17,14,3,0.8235,4723.67,0.8109,35,CARD
CUS_001242,1172,17,17,0,1.0,5750.91,0.6843,80,CARD
CUS_001243,1445,71,65,6,0.9155,1435.56,0.4364,34,CARD
CUS_001244,749,41,38,3,0.9268,8265.01,0.7651,5,UPI
CUS_001245,1316,58,56,2,0.9655,8292.2,0.7816,6,CARD
CUS_001246,1478,64,62,2,0.9688,9814.18,0.7488,76,CARD
CUS_001247,1293,61,47,14,0.7705,5720.11,0.6363,34,CARD
CUS_001248,713,8,7,1,0.875,7491.31,0.7254,73,UPI
CUS_001249,508,12,11,1,0.9167,25844.51,0.8833,1,UPI
CUS_001250,1467,32,23,9,0.7188,3535.52,0.9006,6,NETBANKING
CUS_001251,385,27,21,6,0.7778,1949.4,0.685,88,UPI
CUS_001252,635,60,56,4,0.9333,1318.94,0.5917,12,UPI
CUS_001253,138,13,12,1,0.9231,18331.42,0.6694,61,UPI
CUS_001254,1196,30,25,5,0.8333,18524.74,0.5681,31,CARD
CUS_001255,985,19,16,3,0.8421,2147.7,0.8336,45,CARD
CUS_001256,154,15,14,1,0.9333,2514.87,0.8843,10,WALLET
CUS_001257,356,14,11,3,0.7857,3472.53,0.5148,24,CARD
CUS_001258,846,16,13,3,0.8125,11982.93,0.7608,68,UPI
CUS_001259,824,45,43,2,0.9556,1606.79,0.6386,48,UPI
CUS_001260,1209,33,30,3,0.9091,933.12,0.7756,45,UPI
CUS_001261,421,35,31,4,0.8857,25484.97,0.807,85,CARD
CUS_001262,1389,38,35,3,0.9211,5777.53,0.6927,36,WALLET
CUS_001263,683,59,57,2,0.9661,6472.8,0.9446,72,UPI
CUS_001264,1239,69,64,5,0.9275,3819.02,0.83,65,UPI
CUS_001265,380,42,37,5,0.881,6531.95,0.7586,41,CARD
CUS_001266,84,51,45,6,0.8824,1340.06,0.5505,26,CARD
CUS_001267,110,59,45,14,0.7627,2296.4,0.8399,31,CARD
CUS_001268,577,55,47,8,0.8545,4894.95,0.8167,78,CARD
CUS_001269,1431,11,11,0,1.0,731.52,0.9195,27,UPI
CUS_001270,101,78,71,7,0.9103,3532.7,0.8647,58,CARD
CUS_001271,572,14,11,3,0.7857,3362.71,0.3868,11,UPI
CUS_001272,190,33,32,1,0.9697,3532.22,0.875,31,CARD
CUS_001273,1399,52,50,2,0.9615,2895.66,0.8509,84,UPI
CUS_001274,1022,32,24,8,0.75,2028.64,0.1122,48,CARD
CUS_001275,1151,20,17,3,0.85,1047.55,0.8044,74,WALLET
CUS_001276,1078,73,57,16,0.7808,5052.46,0.5922,23,CARD
CUS_001277,995,6,6,0,1.0,3539.47,0.8129,68,UPI
CUS_001278,1167,20,17,3,0.85,1497.58,0.5169,88,WALLET
CUS_001279,41,79,70,9,0.8861,4730.85,0.4734,83,UPI
CUS_001280,1302,58,51,7,0.8793,3554.15,0.9253,39,CARD
CUS_001281,1117,7,6,1,0.8571,3111.98,0.8995,61,UPI
CUS_001282,1116,60,51,9,0.85,801.37,0.6905,80,NETBANKING
CUS_001283,608,77,63,14,0.8182,7770.17,0.6798,73,UPI
CUS_001284,1207,8,7,1,0.875,1678.06,0.683,88,UPI
CUS_001285,591,33,29,4,0.8788,4733.64,0.7613,2,WALLET
CUS_001286,101,37,33,4,0.8919,2357.17,0.9073,48,CARD
CUS_001287,1364,11,10,1,0.9091,3297.27,0.5206,71,UPI
CUS_001288,374,16,16,0,1.0,11312.53,0.8933,65,UPI
CUS_001289,179,14,13,1,0.9286,6885.18,0.7784,13,UPI
CUS_001290,944,15,13,2,0.8667,11112.93,0.6763,51,UPI
CUS_001291,373,32,29,3,0.9062,5861.38,0.8211,14,CARD
CUS_001292,1291,37,35,2,0.9459,6177.99,0.728,8,CARD
CUS_001293,682,19,16,3,0.8421,1082.38,0.6752,10,WALLET
CUS_001294,36,23,20,3,0.8696,3490.54,0.8211,85,CARD
CUS_001295,1429,16,15,1,0.9375,3758.99,0.7001,24,WALLET
CUS_001296,786,63,58,5,0.9206,11977.25,0.7868,41,CARD
CUS_001297,416,17,16,1,0.9412,3001.45,0.7533,23,UPI
CUS_001298,1025,72,60,12,0.8333,5562.04,0.8555,80,CARD
CUS_001299,809,43,40,3,0.9302,5390.74,0.6678,80,UPI
CUS_001300,73,64,56,8,0.875,11361.35,0.9898,59,UPI
CUS_001301,1146,51,46,5,0.902,4043.38,0.6083,74,NETBANKING
CUS_001302,619,22,20,2,0.9091,8726.0,0.7784,9,CARD
CUS_001303,1058,48,40,8,0.8333,1150.49,0.8943,89,UPI
CUS_001304,1346,22,18,4,0.8182,1237.21,0.843,37,UPI
CUS_001305,927,10,7,3,0.7,724.26,0.7167,36,UPI
CUS_001306,1017,21,19,2,0.9048,8439.01,0.7426,17,CARD
CUS_001307,404,22,20,2,0.9091,7713.8,0.9697,78,UPI
CUS_001308,379,11,10,1,0.9091,9221.52,0.5819,15,NETBANKING
CUS_001309,640,2,2,0,1.0,2617.42,0.8827,77,CARD
CUS_001310,1283,75,71,4,0.9467,2866.92,0.8384,64,UPI
CUS_001311,800,41,38,3,0.9268,4084.66,0.8795,69,CARD
CUS_001312,541,32,30,2,0.9375,14282.53,0.7802,2,NETBANKING
CUS_001313,1176,74,63,11,0.8514,17446.51,0.8746,66,NETBANKING
CUS_001314,1284,18,17,1,0.9444,8492.0,0.8055,86,CARD
CUS_001315,1356,32,29,3,0.9062,5864.36,0.9763,35,UPI
CUS_001316,469,67,60,7,0.8955,13097.0,0.5395,40,CARD
CUS_001317,1073,50,44,6,0.88,3667.11,0.9415,10,NETBANKING
CUS_001318,897,32,29,3,0.9062,3291.44,0.8928,44,WALLET
CUS_001319,689,21,18,3,0.8571,4058.69,0.5063,60,CARD
CUS_001320,613,3,2,1,0.6667,2056.71,0.9097,26,CARD
CUS_001321,198,7,7,0,1.0,3912.08,0.5955,66,UPI
CUS_001322,433,13,12,1,0.9231,1840.71,0.7559,7,UPI
CUS_001323,838,63,60,3,0.9524,10217.31,0.729,60,UPI
CUS_001324,1333,51,38,13,0.7451,6951.99,0.5589,52,UPI
CUS_001325,1303,35,33,2,0.9429,14121.91,0.7383,20,CARD
CUS_001326,305,62,55,7,0.8871,1222.2,0.5059,31,UPI
CUS_001327,1028,13,12,1,0.9231,20602.96,0.7416,21,CARD
CUS_001328,154,17,12,5,0.7059,1279.02,0.9167,56,CARD
CUS_001329,1022,32,27,5,0.8438,1725.35,0.6852,57,UPI
CUS_001330,532,73,64,9,0.8767,2738.53,0.7994,50,CARD
CUS_001331,691,49,43,6,0.8776,12810.36,0.8663,17,UPI
CUS_001332,1084,68,61,7,0.8971,5389.95,0.9195,19,UPI
CUS_001333,654,20,19,1,0.95,3702.52,0.3627,72,WALLET
CUS_001334,1216,68,58,10,0.8529,2386.85,0.5567,41,UPI
CUS_001335,814,6,5,1,0.8333,1496.8,0.6999,39,UPI
CUS_001336,1498,18,15,3,0.8333,11135.96,0.5635,27,CARD
CUS_001337,968,42,38,4,0.9048,8524.88,0.7614,83,UPI
CUS_001338,465,4,4,0,1.0,13277.06,0.756,21,UPI
CUS_001339,1169,68,63,5,0.9265,6181.32,0.54,69,CARD
CUS_001340,629,69,63,6,0.913,543.57,0.7227,69,CARD
CUS_001341,815,43,39,4,0.907,1662.65,0.6892,21,CARD
CUS_001342,231,25,23,2,0.92,6527.18,0.9126,1,NETBANKING
CUS_001343,205,8,8,0,1.0,3347.8,0.5582,22,UPI
CUS_001344,875,49,39,10,0.7959,2877.74,0.5992,24,CARD
CUS_001345,304,43,33,10,0.7674,1861.71,0.8397,67,UPI
CUS_001346,1496,61,50,11,0.8197,9603.71,0.6622,47,UPI
CUS_001347,1287,48,46,2,0.9583,6482.02,0.418,38,WALLET
CUS_001348,1060,11,9,2,0.8182,6719.61,0.4955,42,CARD
CUS_001349,1110,10,10,0,1.0,2710.67,0.6591,85,UPI
CUS_001350,904,62,51,11,0.8226,5181.57,0.8949,84,UPI
CUS_001351,118,13,11,2,0.8462,1543.21,0.6706,2,UPI
CUS_001352,606,75,67,8,0.8933,4056.07,0.3729,75,CARD
CUS_001353,758,9,8,1,0.8889,595.55,0.7658,32,UPI
CUS_001354,1375,58,53,5,0.9138,1283.49,0.6844,67,NETBANKING
CUS_001355,352,78,67,11,0.859,3477.2,0.968,88,UPI
CUS_001356,760,35,33,2,0.9429,30089.37,0.726,46,UPI
CUS_001357,535,5,5,0,1.0,1065.54,0.8851,56,WALLET
CUS_001358,227,70,66,4,0.9429,1663.98,0.7809,38,NETBANKING
CUS_001359,181,15,13,2,0.8667,5352.14,0.6154,6,UPI
CUS_001360,567,42,38,4,0.9048,18534.16,0.596,3,CARD
CUS_001361,151,78,67,11,0.859,5289.98,0.6691,32,NETBANKING
CUS_001362,128,59,48,11,0.8136,7891.54,0.4735,73,CARD
CUS_001363,545,4,3,1,0.75,3434.92,0.7968,30,CARD
CUS_001364,326,65,58,7,0.8923,2990.92,0.5306,38,CARD
CUS_001365,845,13,11,2,0.8462,4805.81,0.9472,47,WALLET
CUS_001366,55,60,57,3,0.95,2657.66,0.5693,28,CARD
CUS_001367,473,50,48,2,0.96,8032.48,0.7219,44,UPI
CUS_001368,696,23,20,3,0.8696,1244.91,0.7684,54,CARD
CUS_001369,1445,34,30,4,0.8824,9171.19,0.7948,76,CARD
CUS_001370,962,10,8,2,0.8,4643.78,0.3979,67,CARD
CUS_001371,1324,78,77,1,0.9872,3789.75,0.7013,73,UPI
CUS_001372,534,19,15,4,0.7895,1208.87,0.5056,47,CARD
CUS_001373,691,25,24,1,0.96,2054.94,0.7915,62,CARD
CUS_001374,647,40,33,7,0.825,11739.96,0.7633,13,WALLET
CUS_001375,1334,54,52,2,0.963,3808.36,0.7547,13,UPI
CUS_001376,1440,40,32,8,0.8,5622.61,0.6501,82,CARD
CUS_001377,1444,40,35,5,0.875,2226.55,0.6415,54,CARD
CUS_001378,1135,47,44,3,0.9362,4396.61,0.9702,10,UPI
CUS_001379,769,68,60,8,0.8824,1501.34,0.8044,36,CARD
CUS_001380,825,32,28,4,0.875,4874.33,0.6105,87,UPI
CUS_001381,1471,66,50,16,0.7576,6053.22,0.4238,1,CARD
CUS_001382,448,63,48,15,0.7619,5815.75,0.7606,39,CARD
CUS_001383,539,76,70,6,0.9211,2184.11,0.4427,75,UPI
CUS_001384,1348,73,67,6,0.9178,3422.72,0.6874,85,CARD
CUS_001385,597,64,60,4,0.9375,6915.97,0.7276,33,WALLET
CUS_001386,375,20,18,2,0.9,3799.72,0.715,82,UPI
CUS_001387,853,62,58,4,0.9355,3575.96,0.7739,64,NETBANKING
CUS_001388,508,59,55,4,0.9322,20632.17,0.6234,36,UPI
CUS_001389,1339,23,21,2,0.913,2102.83,0.9232,70,UPI
CUS_001390,1366,54,45,9,0.8333,10680.42,0.805,72,CARD
CUS_001391,479,20,18,2,0.9,1786.63,0.7048,24,UPI
CUS_001392,808,42,34,8,0.8095,7598.13,0.701,8,NETBANKING
CUS_001393,1476,63,49,14,0.7778,7929.58,0.6429,70,CARD
CUS_001394,1121,15,11,4,0.7333,2991.53,0.5834,7,CARD
CUS_001395,346,27,19,8,0.7037,1699.1,0.9342,70,CARD
CUS_001396,898,63,55,8,0.873,930.28,0.8218,32,CARD
CUS_001397,941,36,33,3,0.9167,2751.06,0.4566,63,CARD
CUS_001398,990,76,54,22,0.7105,6855.51,0.7438,54,CARD
CUS_001399,66,1,1,0,1.0,1900.23,0.5966,3,NETBANKING
CUS_001400,470,58,50,8,0.8621,4862.91,0.9133,0,CARD
CUS_001401,1286,65,49,16,0.7538,1381.17,0.8387,56,UPI
CUS_001402,384,73,68,5,0.9315,3732.08,0.5878,46,CARD
CUS_001403,470,13,13,0,1.0,1797.58,0.9019,3,UPI
CUS_001404,504,78,67,11,0.859,4227.85,0.8689,87,UPI
CUS_001405,290,31,27,4,0.871,3013.84,0.9196,21,UPI
CUS_001406,258,28,25,3,0.8929,1736.35,0.6479,77,UPI
CUS_001407,540,29,23,6,0.7931,2656.42,0.7102,10,UPI
CUS_001408,1315,51,45,6,0.8824,2131.34,0.8473,20,NETBANKING
CUS_001409,32,53,34,19,0.6415,1572.93,0.73,47,CARD
CUS_001410,446,38,36,2,0.9474,10700.32,0.8314,47,UPI
CUS_001411,119,6,6,0,1.0,3373.46,0.6184,54,WALLET
CUS_001412,855,78,76,2,0.9744,772.82,0.8142,15,WALLET
CUS_001413,398,18,15,3,0.8333,2733.14,0.807,23,NETBANKING
CUS_001414,1194,8,7,1,0.875,9354.4,0.6607,23,UPI
CUS_001415,889,48,44,4,0.9167,2447.31,0.8223,39,UPI
CUS_001416,1182,33,26,7,0.7879,14913.58,0.5282,83,CARD
CUS_001417,963,49,46,3,0.9388,2267.66,0.6906,41,CARD
CUS_001418,674,70,63,7,0.9,6731.54,0.7565,89,CARD
CUS_001419,1295,8,7,1,0.875,10312.82,0.9255,22,CARD
CUS_001420,730,23,20,3,0.8696,6450.98,0.8611,21,CARD
CUS_001421,1426,41,34,7,0.8293,1498.53,0.6646,9,WALLET
CUS_001422,1492,63,52,11,0.8254,2117.22,0.5789,19,CARD
CUS_001423,895,48,36,12,0.75,11474.58,0.7168,28,NETBANKING
CUS_001424,1021,31,31,0,1.0,2364.08,0.6801,34,NETBANKING
CUS_001425,405,49,41,8,0.8367,9821.94,0.6859,64,UPI
CUS_001426,1227,78,71,7,0.9103,3189.45,0.5953,40,NETBANKING
CUS_001427,1017,38,31,7,0.8158,5039.1,0.9349,61,UPI
CUS_001428,1356,70,53,17,0.7571,1484.67,0.9013,8,UPI
CUS_001429,422,62,40,22,0.6452,2766.17,0.9164,85,WALLET
CUS_001430,1187,24,23,1,0.9583,2234.09,0.2085,13,UPI
CUS_001431,721,20,18,2,0.9,5390.06,0.7627,3,CARD
CUS_001432,302,61,50,11,0.8197,4848.34,0.7824,38,WALLET
CUS_001433,281,17,16,1,0.9412,6515.59,0.7653,58,UPI
CUS_001434,856,27,26,1,0.963,3039.4,0.8695,21,UPI
CUS_001435,499,19,15,4,0.7895,2138.05,0.4142,14,UPI
CUS_001436,179,48,40,8,0.8333,5208.34,0.8945,76,CARD
CUS_001437,657,24,22,2,0.9167,1974.68,0.5899,74,UPI
CUS_001438,989,53,48,5,0.9057,10663.38,0.8803,67,UPI
CUS_001439,498,74,69,5,0.9324,4106.04,0.7561,19,NETBANKING
CUS_001440,1434,66,63,3,0.9545,3466.58,0.7969,48,UPI
CUS_001441,1175,75,55,20,0.7333,6513.12,0.8884,62,CARD
CUS_001442,783,2,2,0,1.0,4233.32,0.6762,38,UPI
CUS_001443,1403,36,22,14,0.6111,1194.39,0.7367,16,CARD
CUS_001444,666,18,17,1,0.9444,1925.01,0.7002,74,CARD
CUS_001445,235,73,69,4,0.9452,10488.13,0.6959,84,UPI
CUS_001446,82,57,51,6,0.8947,4812.35,0.596,14,UPI
CUS_001447,1408,26,22,4,0.8462,1172.13,0.4993,63,UPI
CUS_001448,1440,45,41,4,0.9111,5964.15,0.7931,79,UPI
CUS_001449,1116,48,46,2,0.9583,2876.78,0.8541,48,UPI
CUS_001450,181,40,36,4,0.9,2235.53,0.7169,4,CARD
CUS_001451,461,38,33,5,0.8684,1800.71,0.5005,62,UPI
CUS_001452,90,5,5,0,1.0,10014.37,0.7843,83,UPI
CUS_001453,105,36,33,3,0.9167,933.96,0.4274,23,UPI
CUS_001454,391,28,24,4,0.8571,2302.63,0.9101,12,NETBANKING
CUS_001455,871,65,50,15,0.7692,4953.92,0.6696,22,UPI
CUS_001456,126,69,65,4,0.942,15907.14,0.6327,73,CARD
CUS_001457,1477,60,55,5,0.9167,7008.78,0.3124,50,CARD
CUS_001458,699,3,2,1,0.6667,2287.04,0.4921,1,UPI
CUS_001459,417,67,62,5,0.9254,15295.52,0.8529,52,UPI
CUS_001460,788,32,28,4,0.875,1521.93,0.5094,73,UPI
CUS_001461,1191,33,31,2,0.9394,5564.16,0.5882,16,CARD
CUS_001462,489,75,57,18,0.76,6647.93,0.9154,52,UPI
CUS_001463,99,69,52,17,0.7536,2223.73,0.7682,20,UPI
CUS_001464,104,5,4,1,0.8,7862.87,0.7823,1,NETBANKING
CUS_001465,1282,29,23,6,0.7931,2983.11,0.4327,36,CARD
CUS_001466,194,60,43,17,0.7167,7847.47,0.7431,69,UPI
CUS_001467,964,43,34,9,0.7907,1032.93,0.6093,60,NETBANKING
CUS_001468,595,21,19,2,0.9048,5882.95,0.486,9,UPI
CUS_001469,1172,42,28,14,0.6667,3236.17,0.8584,16,UPI
CUS_001470,118,69,67,2,0.971,11289.13,0.5019,48,UPI
CUS_001471,1349,18,17,1,0.9444,4344.42,0.5146,28,WALLET
CUS_001472,1056,59,52,7,0.8814,12224.73,0.3087,29,UPI
CUS_001473,690,59,52,7,0.8814,6754.22,0.8266,39,CARD
CUS_001474,334,70,56,14,0.8,4063.61,0.8439,68,CARD
CUS_001475,1466,24,22,2,0.9167,8450.39,0.7959,51,CARD
CUS_001476,474,18,14,4,0.7778,8493.7,0.9407,76,UPI
CUS_001477,751,44,39,5,0.8864,6564.03,0.9255,9,UPI
CUS_001478,609,42,40,2,0.9524,719.09,0.9129,41,CARD
CUS_001479,368,33,30,3,0.9091,2050.39,0.8238,49,UPI
CUS_001480,642,62,50,12,0.8065,13617.59,0.7344,68,CARD
CUS_001481,252,64,54,10,0.8438,1647.6,0.5511,46,UPI
CUS_001482,32,20,20,0,1.0,9116.14,0.9505,82,CARD
CUS_001483,456,63,49,14,0.7778,7918.8,0.7462,75,CARD
CUS_001484,194,19,18,1,0.9474,2518.03,0.8344,62,CARD
CUS_001485,639,33,26,7,0.7879,912.01,0.7404,35,CARD
CUS_001486,1298,3,3,0,1.0,2854.64,0.7992,28,UPI
CUS_001487,268,27,22,5,0.8148,23724.05,0.8106,48,UPI
CUS_001488,31,76,66,10,0.8684,2255.69,0.9482,41,UPI
CUS_001489,193,35,31,4,0.8857,2383.74,0.7848,2,CARD
CUS_001490,777,57,39,18,0.6842,2025.89,0.6795,20,UPI
CUS_001491,434,9,9,0,1.0,11892.46,0.604,75,UPI
CUS_001492,749,51,46,5,0.902,3705.23,0.7041,41,UPI
CUS_001493,72,30,30,0,1.0,2727.41,0.8207,85,UPI
CUS_001494,519,59,55,4,0.9322,13941.31,0.7064,22,CARD
CUS_001495,632,74,62,12,0.8378,7154.01,0.663,87,CARD
CUS_001496,664,42,37,5,0.881,2156.84,0.8913,72,UPI
CUS_001497,840,9,8,1,0.8889,1690.81,0.635,32,UPI
CUS_001498,1177,38,30,8,0.7895,11365.85,0.8627,54,CARD
CUS_001499,716,10,10,0,1.0,4560.85,0.2566,88,CARD
CUS_001500,1266,36,33,3,0.9167,1303.2,0.528,56,NETBANKING
CUS_001501,808,5,5,0,1.0,1080.67,0.8568,83,NETBANKING
CUS_001502,412,51,41,10,0.8039,1842.73,0.6218,9,NETBANKING
CUS_001503,366,25,22,3,0.88,1669.44,0.7118,14,NETBANKING
CUS_001504,504,16,15,1,0.9375,875.65,0.5515,0,NETBANKING
CUS_001505,908,2,2,0,1.0,1867.26,0.8311,29,CARD
CUS_001506,386,71,67,4,0.9437,2157.2,0.4423,71,CARD
CUS_001507,1373,67,60,7,0.8955,3107.85,0.6846,86,CARD
CUS_001508,735,65,60,5,0.9231,17433.71,0.927,48,UPI
CUS_001509,1299,5,5,0,1.0,3634.98,0.4908,38,UPI
CUS_001510,1034,28,25,3,0.8929,3935.42,0.9205,83,NETBANKING
CUS_001511,520,77,70,7,0.9091,6763.1,0.9494,52,CARD
CUS_001512,365,46,45,1,0.9783,3721.86,0.8675,48,UPI
CUS_001513,1123,11,11,0,1.0,6197.83,0.7021,7,UPI
CUS_001514,516,12,11,1,0.9167,5632.59,0.7495,19,UPI
CUS_001515,392,21,18,3,0.8571,4963.68,0.8761,62,UPI
CUS_001516,1397,77,74,3,0.961,41151.08,0.7253,62,CARD
CUS_001517,739,14,11,3,0.7857,9327.6,0.7336,44,CARD
CUS_001518,101,72,65,7,0.9028,1894.02,0.5618,63,CARD
CUS_001519,757,54,48,6,0.8889,6051.19,0.6109,62,UPI
CUS_001520,707,73,69,4,0.9452,2388.55,0.6808,5,UPI
CUS_001521,1300,66,61,5,0.9242,6430.67,0.7725,75,UPI
CUS_001522,1075,27,21,6,0.7778,1497.7,0.8137,62,UPI
CUS_001523,311,66,50,16,0.7576,1854.94,0.5709,19,CARD
CUS_001524,251,14,12,2,0.8571,5925.13,0.447,19,UPI
CUS_001525,917,23,18,5,0.7826,9996.28,0.5829,86,NETBANKING
CUS_001526,99,17,16,1,0.9412,6727.43,0.9387,22,CARD
CUS_001527,498,11,10,1,0.9091,8911.76,0.9452,2,UPI
CUS_001528,233,8,6,2,0.75,6068.63,0.6006,2,UPI
CUS_001529,60,15,13,2,0.8667,5165.87,0.7616,20,UPI
CUS_001530,1380,10,7,3,0.7,3007.54,0.7519,56,UPI
CUS_001531,162,31,30,1,0.9677,8623.39,0.4825,41,NETBANKING
CUS_001532,43,6,5,1,0.8333,10216.26,0.6143,65,CARD
CUS_001533,1401,5,5,0,1.0,4278.42,0.6598,20,CARD
CUS_001534,306,79,75,4,0.9494,4098.15,0.8138,20,CARD
CUS_001535,1230,7,6,1,0.8571,16073.98,0.6952,36,NETBANKING
CUS_001536,75,6,6,0,1.0,4427.08,0.9122,71,NETBANKING
CUS_001537,255,3,3,0,1.0,4780.89,0.6909,45,UPI
CUS_001538,192,11,11,0,1.0,6629.03,0.5255,68,UPI
CUS_001539,1068,42,40,2,0.9524,4161.32,0.4796,8,UPI
CUS_001540,941,66,63,3,0.9545,2334.52,0.8612,36,UPI
CUS_001541,728,59,50,9,0.8475,6088.79,0.784,39,CARD
CUS_001542,385,46,44,2,0.9565,4362.62,0.4583,6,UPI
CUS_001543,160,7,7,0,1.0,19646.07,0.8284,28,CARD
CUS_001544,866,62,59,3,0.9516,8455.66,0.756,25,UPI
CUS_001545,369,3,3,0,1.0,2794.61,0.7605,41,CARD
CUS_001546,897,50,43,7,0.86,8063.32,0.9639,14,UPI
CUS_001547,1040,33,30,3,0.9091,5756.73,0.9126,24,UPI
CUS_001548,1278,70,58,12,0.8286,12827.85,0.6646,86,NETBANKING
CUS_001549,756,25,20,5,0.8,2958.0,0.8377,12,UPI
CUS_001550,36,51,50,1,0.9804,5233.18,0.9508,73,CARD
CUS_001551,442,35,33,2,0.9429,4157.04,0.8244,48,NETBANKING
CUS_001552,1284,42,25,17,0.5952,4715.53,0.8927,7,UPI
CUS_001553,813,75,73,2,0.9733,2216.48,0.899,36,UPI
CUS_001554,940,57,51,6,0.8947,7133.53,0.354,46,UPI
CUS_001555,703,33,31,2,0.9394,6286.78,0.8736,24,UPI
CUS_001556,269,36,31,5,0.8611,12581.86,0.7489,24,WALLET
CUS_001557,1348,56,51,5,0.9107,4464.05,0.8326,64,NETBANKING
CUS_001558,1166,28,25,3,0.8929,3236.87,0.7516,2,UPI
CUS_001559,1492,14,12,2,0.8571,8461.39,0.7467,83,CARD
CUS_001560,1287,37,34,3,0.9189,2383.84,0.7601,29,NETBANKING
CUS_001561,457,6,5,1,0.8333,10719.51,0.8859,34,UPI
CUS_001562,403,14,11,3,0.7857,10701.15,0.3357,11,UPI
CUS_001563,395,34,32,2,0.9412,12303.71,0.4052,79,NETBANKING
CUS_001564,1380,63,53,10,0.8413,6082.26,0.6882,20,CARD
CUS_001565,848,62,58,4,0.9355,3049.2,0.5953,72,UPI
CUS_001566,698,21,20,1,0.9524,4910.75,0.7395,29,CARD
CUS_001567,1453,34,26,8,0.7647,6099.05,0.8116,2,UPI
CUS_001568,917,13,12,1,0.9231,2874.75,0.8483,36,CARD
CUS_001569,1366,60,53,7,0.8833,13073.28,0.9457,47,CARD
CUS_001570,1477,20,18,2,0.9,7157.39,0.7529,42,UPI
CUS_001571,146,64,62,2,0.9688,2204.06,0.8095,88,CARD
CUS_001572,561,67,60,7,0.8955,20295.04,0.8156,46,CARD
CUS_001573,1109,55,52,3,0.9455,4864.62,0.6511,70,CARD
CUS_001574,1225,27,26,1,0.963,1875.35,0.8392,33,CARD
CUS_001575,248,76,68,8,0.8947,2316.08,0.842,13,CARD
CUS_001576,498,55,49,6,0.8909,14795.22,0.8665,44,UPI
CUS_001577,835,52,44,8,0.8462,19376.58,0.655,50,UPI
CUS_001578,1204,68,53,15,0.7794,10091.22,0.7197,37,CARD
CUS_001579,196,70,59,11,0.8429,12929.67,0.8607,68,CARD
CUS_001580,913,7,6,1,0.8571,11909.9,0.6801,86,UPI
CUS_001581,465,70,55,15,0.7857,7025.95,0.6222,7,WALLET
CUS_001582,348,61,56,5,0.918,5855.09,0.9053,6,NETBANKING
CUS_001583,787,17,16,1,0.9412,6930.75,0.784,24,UPI
CUS_001584,638,25,22,3,0.88,8108.31,0.7653,52,UPI
CUS_001585,964,60,50,10,0.8333,2486.31,0.937,3,CARD
CUS_001586,496,18,17,1,0.9444,8082.04,0.8678,17,UPI
CUS_001587,1240,36,32,4,0.8889,14454.0,0.6717,36,WALLET
CUS_001588,144,55,53,2,0.9636,3815.15,0.5222,33,CARD
CUS_001589,1296,52,50,2,0.9615,3502.51,0.853,76,UPI
CUS_001590,73,72,68,4,0.9444,6588.43,0.4285,49,UPI
CUS_001591,1111,9,8,1,0.8889,2676.08,0.9031,78,UPI
CUS_001592,539,24,21,3,0.875,1569.29,0.7378,68,CARD
CUS_001593,593,78,67,11,0.859,11271.22,0.9058,37,UPI
CUS_001594,57,45,33,12,0.7333,3137.16,0.7048,87,NETBANKING
CUS_001595,1062,20,19,1,0.95,4566.91,0.5977,75,CARD
CUS_001596,273,23,17,6,0.7391,2762.06,0.4612,44,NETBANKING
CUS_001597,998,27,25,2,0.9259,12496.91,0.7233,76,UPI
CUS_001598,1096,44,39,5,0.8864,8905.05,0.6959,23,UPI
CUS_001599,1272,23,20,3,0.8696,3711.68,0.7436,18,NETBANKING
CUS_001600,1070,50,50,0,1.0,1750.95,0.8624,71,UPI
CUS_001601,473,36,33,3,0.9167,3409.39,0.5547,71,UPI
CUS_001602,1115,49,45,4,0.9184,7100.74,0.7846,19,WALLET
CUS_001603,1244,13,12,1,0.9231,5233.01,0.6471,67,CARD
CUS_001604,496,50,45,5,0.9,4910.4,0.6763,45,NETBANKING
CUS_001605,212,74,64,10,0.8649,5330.45,0.7735,50,UPI
CUS_001606,1338,11,8,3,0.7273,8257.44,0.6028,76,CARD
CUS_001607,247,26,24,2,0.9231,4351.8,0.6003,14,CARD
CUS_001608,902,55,42,13,0.7636,6450.05,0.6242,36,CARD
CUS_001609,377,49,47,2,0.9592,2043.25,0.4717,26,UPI
CUS_001610,215,54,48,6,0.8889,34714.52,0.5203,50,NETBANKING
CUS_001611,1171,45,38,7,0.8444,3585.83,0.7207,14,UPI
CUS_001612,241,54,49,5,0.9074,5296.0,0.7454,10,CARD
CUS_001613,1015,49,44,5,0.898,7079.83,0.8345,62,NETBANKING
CUS_001614,1048,6,5,1,0.8333,3239.58,0.8413,5,CARD
CUS_001615,118,60,48,12,0.8,4528.26,0.7172,37,UPI
CUS_001616,284,36,30,6,0.8333,4484.46,0.594,88,CARD
CUS_001617,1197,5,4,1,0.8,2165.92,0.9129,89,CARD
CUS_001618,775,33,29,4,0.8788,6391.37,0.9532,16,UPI
CUS_001619,208,35,32,3,0.9143,1202.86,0.5673,83,UPI
CUS_001620,1487,7,6,1,0.8571,18287.98,0.6619,30,CARD
CUS_001621,419,79,66,13,0.8354,8486.31,0.6459,17,CARD
CUS_001622,35,18,13,5,0.7222,7503.54,0.6684,45,WALLET
CUS_001623,1388,27,22,5,0.8148,1121.61,0.939,43,UPI
CUS_001624,54,35,26,9,0.7429,2387.04,0.8351,33,UPI
CUS_001625,843,66,58,8,0.8788,13674.78,0.7891,38,UPI
CUS_001626,1489,59,57,2,0.9661,124595.25,0.553,8,WALLET
CUS_001627,879,61,59,2,0.9672,11702.84,0.9191,23,NETBANKING
CUS_001628,889,19,18,1,0.9474,10315.34,0.7131,17,WALLET
CUS_001629,600,67,58,9,0.8657,6848.69,0.72,83,CARD
CUS_001630,216,66,58,8,0.8788,2284.35,0.8246,44,UPI
CUS_001631,871,37,36,1,0.973,9976.34,0.9812,49,CARD
CUS_001632,1349,44,38,6,0.8636,1864.72,0.2925,39,UPI
CUS_001633,163,3,3,0,1.0,1708.49,0.5647,79,UPI
CUS_001634,1324,61,52,9,0.8525,1624.59,0.8739,71,UPI
CUS_001635,640,76,71,5,0.9342,9822.3,0.7786,62,UPI
CUS_001636,818,38,30,8,0.7895,4297.98,0.6451,28,UPI
CUS_001637,273,43,40,3,0.9302,4878.14,0.8849,27,WALLET
CUS_001638,944,40,35,5,0.875,4444.89,0.76,84,CARD
CUS_001639,298,7,7,0,1.0,1828.52,0.6525,83,CARD
CUS_001640,431,49,39,10,0.7959,2631.34,0.9489,25,UPI
CUS_001641,1090,57,46,11,0.807,2739.39,0.6994,30,CARD
CUS_001642,104,74,65,9,0.8784,1462.08,0.8608,29,UPI
CUS_001643,687,74,69,5,0.9324,3006.3,0.3934,70,UPI
CUS_001644,904,39,32,7,0.8205,1894.65,0.5946,85,UPI
CUS_001645,224,76,68,8,0.8947,7143.61,0.6983,79,UPI
CUS_001646,463,42,34,8,0.8095,7635.85,0.8967,75,NETBANKING
CUS_001647,534,51,47,4,0.9216,1598.66,0.9523,31,NETBANKING
CUS_001648,1005,48,45,3,0.9375,3549.38,0.7651,28,UPI
CUS_001649,1465,79,69,10,0.8734,19864.32,0.7157,80,CARD
CUS_001650,1259,59,44,15,0.7458,2053.34,0.8067,35,UPI
CUS_001651,308,10,9,1,0.9,6330.55,0.4463,19,UPI
CUS_001652,56,6,6,0,1.0,4896.37,0.9532,75,CARD
CUS_001653,106,33,28,5,0.8485,10787.49,0.7395,43,CARD
CUS_001654,905,41,39,2,0.9512,5699.91,0.3832,7,CARD
CUS_001655,259,53,51,2,0.9623,3186.88,0.6014,80,UPI
CUS_001656,369,39,24,15,0.6154,4746.89,0.5926,26,CARD
CUS_001657,1275,41,38,3,0.9268,4802.68,0.8244,27,UPI
CUS_001658,1314,73,61,12,0.8356,4181.71,0.8788,47,UPI
CUS_001659,1263,27,26,1,0.963,1566.41,0.8984,24,UPI
CUS_001660,402,39,35,4,0.8974,12164.82,0.7762,74,UPI
CUS_001661,940,45,40,5,0.8889,10561.59,0.5571,62,UPI
CUS_001662,927,37,35,2,0.9459,1951.75,0.5462,50,UPI
CUS_001663,302,77,72,5,0.9351,3537.77,0.7326,18,CARD
CUS_001664,843,77,74,3,0.961,3758.46,0.7355,44,UPI
CUS_001665,802,41,37,4,0.9024,1784.01,0.9082,24,UPI
CUS_001666,612,36,29,7,0.8056,1010.7,0.5412,86,WALLET
CUS_001667,1134,47,45,2,0.9574,2631.63,0.9529,71,NETBANKING
CUS_001668,1026,15,13,2,0.8667,3383.65,0.7783,10,UPI
CUS_001669,813,34,32,2,0.9412,1420.62,0.5876,47,UPI
CUS_001670,1096,18,15,3,0.8333,5184.43,0.913,70,UPI
CUS_001671,1151,12,10,2,0.8333,11408.54,0.9152,47,WALLET
CUS_001672,863,8,7,1,0.875,8826.6,0.88,11,UPI
CUS_001673,423,47,43,4,0.9149,4066.28,0.504,12,UPI
CUS_001674,1144,1,1,0,1.0,1032.26,0.7071,65,CARD
CUS_001675,1084,52,49,3,0.9423,7977.61,0.9967,47,CARD
CUS_001676,1475,35,33,2,0.9429,5059.11,0.7091,48,UPI
CUS_001677,250,29,25,4,0.8621,6318.98,0.5121,24,UPI
CUS_001678,646,61,52,9,0.8525,21177.93,0.8744,23,UPI
CUS_001679,1388,43,38,5,0.8837,2326.18,0.6989,36,UPI
CUS_001680,786,58,54,4,0.931,451.23,0.6598,48,UPI
CUS_001681,1415,57,55,2,0.9649,1937.34,0.6042,42,NETBANKING
CUS_001682,48,3,2,1,0.6667,6638.68,0.5715,79,CARD
CUS_001683,81,18,18,0,1.0,4597.98,0.6713,17,CARD
CUS_001684,1200,46,43,3,0.9348,1701.6,0.5437,42,CARD
CUS_001685,556,78,64,14,0.8205,1445.28,0.8295,21,CARD
CUS_001686,794,13,11,2,0.8462,3388.51,0.7691,0,UPI
CUS_001687,659,9,8,1,0.8889,1660.64,0.4752,37,CARD
CUS_001688,629,75,67,8,0.8933,6824.94,0.8992,5,UPI
CUS_001689,1411,77,74,3,0.961,3237.94,0.6817,33,UPI
CUS_001690,168,14,13,1,0.9286,2724.77,0.4507,56,UPI
CUS_001691,1165,32,23,9,0.7188,2453.35,0.9243,33,CARD
CUS_001692,1337,50,40,10,0.8,5554.32,0.8285,61,CARD
CUS_001693,996,16,13,3,0.8125,4656.04,0.591,26,CARD
CUS_001694,610,26,22,4,0.8462,5289.07,0.4653,36,CARD
CUS_001695,265,32,29,3,0.9062,5197.52,0.625,78,NETBANKING
CUS_001696,1033,51,36,15,0.7059,4247.46,0.8191,21,UPI
CUS_001697,719,25,23,2,0.92,1969.09,0.8216,45,UPI
CUS_001698,249,33,32,1,0.9697,2508.72,0.5086,64,CARD
CUS_001699,558,23,23,0,1.0,3281.62,0.7994,32,CARD
CUS_001700,1443,61,57,4,0.9344,23481.99,0.9279,27,UPI
CUS_001701,420,13,10,3,0.7692,1529.6,0.3662,62,UPI
CUS_001702,292,19,16,3,0.8421,3218.44,0.8827,6,WALLET
CUS_001703,1032,20,17,3,0.85,4868.04,0.3734,23,UPI
CUS_001704,323,72,64,8,0.8889,3530.4,0.8513,36,NETBANKING
CUS_001705,1382,75,73,2,0.9733,10625.46,0.565,19,CARD
CUS_001706,1292,40,37,3,0.925,3515.84,0.9174,48,NETBANKING
CUS_001707,1475,13,11,2,0.8462,3730.13,0.8116,55,UPI
CUS_001708,1371,60,43,17,0.7167,8634.62,0.6103,86,CARD
CUS_001709,388,39,37,2,0.9487,19156.59,0.6914,54,UPI
CUS_001710,341,68,61,7,0.8971,13874.83,0.547,53,UPI
CUS_001711,533,29,24,5,0.8276,4033.98,0.6706,65,UPI
CUS_001712,720,79,64,15,0.8101,4325.23,0.8928,18,UPI
CUS_001713,1323,64,46,18,0.7188,4671.37,0.4983,42,UPI
CUS_001714,1108,18,15,3,0.8333,5061.57,0.7774,74,CARD
CUS_001715,977,58,52,6,0.8966,2284.62,0.6349,15,UPI
CUS_001716,1321,23,22,1,0.9565,9519.6,0.6746,26,UPI
CUS_001717,979,28,22,6,0.7857,5308.79,0.6697,19,UPI
CUS_001718,587,20,19,1,0.95,4341.38,0.7465,86,CARD
CUS_001719,637,54,46,8,0.8519,1627.69,0.5009,31,UPI
CUS_001720,790,21,16,5,0.7619,4729.91,0.7223,29,CARD
CUS_001721,160,51,45,6,0.8824,989.56,0.4604,73,UPI
CUS_001722,1120,47,45,2,0.9574,2825.71,0.7682,81,CARD
CUS_001723,989,60,50,10,0.8333,2867.95,0.5055,0,CARD
CUS_001724,1104,79,47,32,0.5949,5661.41,0.5839,79,CARD
CUS_001725,814,1,1,0,1.0,20246.0,0.4912,63,CARD
CUS_001726,1180,79,58,21,0.7342,7110.72,0.8016,77,NETBANKING
CUS_001727,1426,9,7,2,0.7778,14336.36,0.7701,7,UPI
CUS_001728,867,42,36,6,0.8571,7540.19,0.9134,3,UPI
CUS_001729,683,27,25,2,0.9259,11068.69,0.6129,30,WALLET
CUS_001730,183,51,45,6,0.8824,19881.29,0.5221,76,NETBANKING
CUS_001731,1174,58,55,3,0.9483,2505.8,0.7094,44,CARD
CUS_001732,1358,68,59,9,0.8676,2378.32,0.6901,64,UPI
CUS_001733,1058,32,25,7,0.7812,7683.89,0.7343,22,UPI
CUS_001734,1302,74,68,6,0.9189,4486.78,0.6791,30,NETBANKING
CUS_001735,1295,26,22,4,0.8462,5367.49,0.4904,79,CARD
CUS_001736,1203,17,14,3,0.8235,3688.22,0.9432,44,UPI
CUS_001737,769,30,29,1,0.9667,2792.87,0.8083,70,UPI
CUS_001738,176,42,37,5,0.881,16455.98,0.5136,57,CARD
CUS_001739,34,53,51,2,0.9623,1866.73,0.7206,15,CARD
CUS_001740,330,66,60,6,0.9091,7792.73,0.8226,84,WALLET
CUS_001741,663,18,17,1,0.9444,6844.6,0.788,85,UPI
CUS_001742,1123,24,21,3,0.875,1272.35,0.6158,70,UPI
CUS_001743,700,75,70,5,0.9333,2315.1,0.9738,42,UPI
CUS_001744,64,35,34,1,0.9714,2648.32,0.7384,38,CARD
CUS_001745,339,20,16,4,0.8,7069.18,0.7839,26,UPI
CUS_001746,1469,78,76,2,0.9744,3354.99,0.8036,58,UPI
CUS_001747,1482,36,27,9,0.75,4202.19,0.5398,27,UPI
CUS_001748,584,78,74,4,0.9487,1402.08,0.4385,16,UPI
CUS_001749,1213,73,62,11,0.8493,28927.91,0.8812,5,NETBANKING
CUS_001750,1087,72,71,1,0.9861,4763.74,0.8283,38,UPI
CUS_001751,1398,46,41,5,0.8913,6707.85,0.5603,73,CARD
CUS_001752,1334,64,57,7,0.8906,2919.98,0.7969,71,CARD
CUS_001753,954,76,72,4,0.9474,2669.73,0.7825,76,UPI
CUS_001754,610,22,19,3,0.8636,20784.87,0.8098,54,CARD
CUS_001755,951,3,3,0,1.0,971.13,0.8654,78,NETBANKING
CUS_001756,499,26,26,0,1.0,5623.73,0.6632,70,CARD
CUS_001757,541,51,51,0,1.0,1707.23,0.6115,72,CARD
CUS_001758,924,44,41,3,0.9318,3254.62,0.7637,45,NETBANKING
CUS_001759,869,7,5,2,0.7143,2700.95,0.6941,7,WALLET
CUS_001760,884,45,40,5,0.8889,2044.79,0.408,34,NETBANKING
CUS_001761,595,14,9,5,0.6429,4629.42,0.3072,76,UPI
CUS_001762,631,40,35,5,0.875,576.75,0.8948,66,CARD
CUS_001763,44,46,41,5,0.8913,3496.23,0.8267,1,CARD
CUS_001764,914,51,29,22,0.5686,4186.42,0.6093,8,UPI
CUS_001765,876,33,24,9,0.7273,1516.88,0.8597,59,UPI
CUS_001766,1405,33,31,2,0.9394,15099.36,0.7406,88,NETBANKING
CUS_001767,771,54,38,16,0.7037,2796.9,0.7948,65,UPI
CUS_001768,717,60,53,7,0.8833,3721.36,0.7539,85,NETBANKING
CUS_001769,129,64,57,7,0.8906,2801.91,0.6999,5,WALLET
CUS_001770,319,27,24,3,0.8889,4215.74,0.7502,79,UPI
CUS_001771,526,34,32,2,0.9412,12814.7,0.9288,11,UPI
CUS_001772,584,27,26,1,0.963,32540.65,0.4524,79,WALLET
CUS_001773,563,42,35,7,0.8333,8170.98,0.4677,87,UPI
CUS_001774,609,11,11,0,1.0,10745.34,0.5593,45,CARD
CUS_001775,1160,34,28,6,0.8235,17764.81,0.8284,47,UPI
CUS_001776,222,15,14,1,0.9333,5491.35,0.5813,44,UPI
CUS_001777,518,43,38,5,0.8837,15804.24,0.9487,49,UPI
CUS_001778,269,68,53,15,0.7794,8482.44,0.8512,73,UPI
CUS_001779,482,78,58,20,0.7436,5049.39,0.8549,25,NETBANKING
CUS_001780,1036,36,34,2,0.9444,5955.71,0.7308,25,UPI
CUS_001781,98,5,5,0,1.0,1048.06,0.7676,87,UPI
CUS_001782,529,19,17,2,0.8947,5684.67,0.8465,76,CARD
CUS_001783,64,9,8,1,0.8889,1308.76,0.9024,48,WALLET
CUS_001784,1433,60,56,4,0.9333,1226.13,0.8406,18,UPI
CUS_001785,1099,78,74,4,0.9487,5250.8,0.7769,85,CARD
CUS_001786,388,44,40,4,0.9091,1845.62,0.9628,79,UPI
CUS_001787,321,14,13,1,0.9286,4474.46,0.3615,29,NETBANKING
CUS_001788,175,2,2,0,1.0,5027.01,0.9242,48,CARD
CUS_001789,725,78,67,11,0.859,5209.67,0.7341,37,NETBANKING
CUS_001790,1137,25,21,4,0.84,2183.18,0.4861,75,CARD
CUS_001791,888,9,7,2,0.7778,9235.21,0.6874,61,WALLET
CUS_001792,1325,14,14,0,1.0,4189.95,0.841,44,UPI
CUS_001793,535,21,18,3,0.8571,6404.1,0.6134,87,CARD
CUS_001794,438,52,42,10,0.8077,1727.93,0.7646,54,CARD
CUS_001795,732,71,57,14,0.8028,3901.71,0.5356,43,UPI
CUS_001796,327,22,20,2,0.9091,10825.59,0.5561,83,WALLET
CUS_001797,1464,55,39,16,0.7091,9778.83,0.8019,40,CARD
CUS_001798,303,6,5,1,0.8333,2377.96,0.6613,37,NETBANKING
CUS_001799,733,1,1,0,1.0,2908.48,0.5145,34,UPI
CUS_001800,797,5,4,1,0.8,2040.36,0.6278,19,NETBANKING
CUS_001801,113,73,54,19,0.7397,2661.65,0.9178,25,UPI
CUS_001802,718,46,43,3,0.9348,1469.35,0.794,8,WALLET
CUS_001803,698,64,59,5,0.9219,4029.07,0.7732,65,UPI
CUS_001804,411,2,2,0,1.0,7467.71,0.8434,53,CARD
CUS_001805,218,2,2,0,1.0,2401.36,0.8722,83,UPI
CUS_001806,96,68,58,10,0.8529,4185.36,0.5683,54,CARD
CUS_001807,42,9,7,2,0.7778,3772.28,0.8841,7,UPI
CUS_001808,737,13,12,1,0.9231,10466.42,0.7457,55,NETBANKING
CUS_001809,162,41,41,0,1.0,2758.82,0.9191,15,NETBANKING
CUS_001810,1440,48,44,4,0.9167,2840.29,0.9197,3,UPI
CUS_001811,389,19,18,1,0.9474,2287.04,0.7043,59,NETBANKING
CUS_001812,989,36,24,12,0.6667,1811.35,0.348,2,CARD
CUS_001813,1020,54,42,12,0.7778,6871.8,0.7329,36,UPI
CUS_001814,758,35,32,3,0.9143,4038.97,0.7272,80,UPI
CUS_001815,1328,31,23,8,0.7419,4701.71,0.8099,23,UPI
CUS_001816,192,6,6,0,1.0,12475.79,0.507,62,UPI
CUS_001817,374,36,34,2,0.9444,13062.45,0.8863,33,CARD
CUS_001818,401,64,60,4,0.9375,1205.74,0.9269,10,CARD
CUS_001819,229,50,43,7,0.86,7556.02,0.6882,17,UPI
CUS_001820,463,71,57,14,0.8028,5390.27,0.9359,6,WALLET
CUS_001821,489,10,9,1,0.9,3110.57,0.904,13,UPI
CUS_001822,1154,1,1,0,1.0,5848.73,0.9593,14,NETBANKING
CUS_001823,473,44,39,5,0.8864,1130.85,0.7282,79,NETBANKING
CUS_001824,1318,15,14,1,0.9333,14500.62,0.9347,72,CARD
CUS_001825,1165,47,46,1,0.9787,6793.95,0.8137,31,CARD
CUS_001826,1355,72,68,4,0.9444,2252.23,0.797,65,UPI
CUS_001827,184,27,26,1,0.963,2817.22,0.7653,18,NETBANKING
CUS_001828,1477,44,39,5,0.8864,1152.07,0.8021,57,CARD
CUS_001829,932,54,46,8,0.8519,3500.52,0.9677,18,NETBANKING
CUS_001830,1474,12,12,0,1.0,3058.4,0.6094,57,UPI
CUS_001831,551,71,70,1,0.9859,1558.91,0.4878,32,CARD
CUS_001832,1430,17,16,1,0.9412,8376.58,0.9834,77,UPI
CUS_001833,895,64,56,8,0.875,12497.33,0.7815,75,CARD
CUS_001834,135,53,42,11,0.7925,4402.57,0.7637,30,CARD
CUS_001835,632,12,11,1,0.9167,3523.87,0.3385,3,UPI
CUS_001836,232,58,50,8,0.8621,6372.97,0.7108,29,UPI
CUS_001837,1413,16,14,2,0.875,4429.85,0.8869,25,UPI
CUS_001838,477,48,44,4,0.9167,1893.32,0.5146,38,UPI
CUS_001839,356,76,66,10,0.8684,2669.62,0.9559,51,UPI
CUS_001840,842,76,75,1,0.9868,3549.93,0.6169,89,UPI
CUS_001841,654,69,49,20,0.7101,5488.34,0.6999,5,UPI
CUS_001842,172,40,36,4,0.9,4533.74,0.3264,49,CARD
CUS_001843,1230,45,41,4,0.9111,5324.79,0.6769,15,CARD
CUS_001844,1273,24,22,2,0.9167,1328.72,0.5823,49,UPI
CUS_001845,1122,73,65,8,0.8904,7661.84,0.3692,57,UPI
CUS_001846,936,38,34,4,0.8947,4512.31,0.7404,72,CARD
CUS_001847,621,61,57,4,0.9344,34682.83,0.6885,50,UPI
CUS_001848,827,29,26,3,0.8966,3300.16,0.6695,16,UPI
CUS_001849,795,59,57,2,0.9661,5828.99,0.8351,82,CARD
CUS_001850,273,18,17,1,0.9444,43269.7,0.8256,36,WALLET
CUS_001851,150,58,56,2,0.9655,5255.9,0.8772,43,UPI
CUS_001852,402,4,3,1,0.75,4263.0,0.794,57,WALLET
CUS_001853,697,9,8,1,0.8889,2043.25,0.8969,23,UPI
CUS_001854,265,28,26,2,0.9286,15282.23,0.5134,88,UPI
CUS_001855,186,39,33,6,0.8462,1780.33,0.8635,4,UPI
CUS_001856,1282,57,48,9,0.8421,6333.0,0.6006,13,CARD
CUS_001857,581,29,25,4,0.8621,3080.94,0.8803,89,CARD
CUS_001858,888,2,2,0,1.0,3867.5,0.6312,40,CARD
CUS_001859,800,26,25,1,0.9615,1440.42,0.9768,80,WALLET
CUS_001860,1110,35,29,6,0.8286,13178.4,0.7204,81,CARD
CUS_001861,1117,43,42,1,0.9767,3603.26,0.9048,89,UPI
CUS_001862,465,51,49,2,0.9608,1702.34,0.7181,65,CARD
CUS_001863,1276,20,20,0,1.0,12258.63,0.5896,61,UPI
CUS_001864,575,49,43,6,0.8776,3006.47,0.6807,55,CARD
CUS_001865,1257,50,44,6,0.88,5881.21,0.5774,61,NETBANKING
CUS_001866,625,62,51,11,0.8226,8821.66,0.4997,23,CARD
CUS_001867,193,42,39,3,0.9286,6575.2,0.6953,73,UPI
CUS_001868,1147,65,60,5,0.9231,776.29,0.9324,16,CARD
CUS_001869,74,18,17,1,0.9444,7848.82,0.4854,43,UPI
CUS_001870,1165,57,49,8,0.8596,4151.98,0.887,33,UPI
CUS_001871,93,4,4,0,1.0,3458.57,0.1549,68,CARD
CUS_001872,334,9,8,1,0.8889,4123.97,0.6578,22,UPI
CUS_001873,916,69,61,8,0.8841,1241.17,0.319,18,UPI
CUS_001874,1414,38,33,5,0.8684,5247.83,0.9012,72,CARD
CUS_001875,630,50,38,12,0.76,1510.69,0.9796,43,UPI
CUS_001876,207,48,36,12,0.75,3580.15,0.6249,64,UPI
CUS_001877,372,55,54,1,0.9818,5099.23,0.8081,79,WALLET
CUS_001878,1347,20,19,1,0.95,10626.03,0.6822,75,UPI
CUS_001879,1098,15,14,1,0.9333,2335.88,0.8142,35,UPI
CUS_001880,177,4,3,1,0.75,14372.94,0.9473,15,NETBANKING
CUS_001881,595,69,60,9,0.8696,9598.05,0.8304,86,UPI
CUS_001882,418,18,17,1,0.9444,3191.69,0.8801,27,NETBANKING
CUS_001883,291,46,39,7,0.8478,1853.5,0.7411,69,CARD
CUS_001884,1274,36,30,6,0.8333,1417.68,0.6209,69,CARD
CUS_001885,938,13,13,0,1.0,5592.8,0.6162,39,UPI
CUS_001886,293,33,22,11,0.6667,2494.9,0.8394,14,UPI
CUS_001887,986,7,6,1,0.8571,11746.59,0.887,42,NETBANKING
CUS_001888,637,14,14,0,1.0,2612.89,0.6309,13,UPI
CUS_001889,120,12,11,1,0.9167,2189.21,0.8959,31,CARD
CUS_001890,691,66,60,6,0.9091,5424.79,0.8689,34,NETBANKING
CUS_001891,302,45,38,7,0.8444,2599.29,0.6386,46,CARD
CUS_001892,390,74,71,3,0.9595,4530.89,0.6351,16,UPI
CUS_001893,1322,35,34,1,0.9714,9903.31,0.8526,76,CARD
CUS_001894,1074,16,14,2,0.875,4942.45,0.9452,7,CARD
CUS_001895,227,49,46,3,0.9388,4957.24,0.839,88,UPI
CUS_001896,1281,74,57,17,0.7703,5302.59,0.3966,28,NETBANKING
CUS_001897,874,43,38,5,0.8837,1161.37,0.575,44,UPI
CUS_001898,1315,2,2,0,1.0,6156.74,0.9656,78,WALLET
CUS_001899,1128,24,22,2,0.9167,5114.21,0.5235,58,UPI
CUS_001900,528,74,60,14,0.8108,9192.57,0.9771,5,UPI
CUS_001901,816,41,37,4,0.9024,7306.22,0.7371,54,CARD
CUS_001902,810,76,67,9,0.8816,3828.67,0.8432,50,UPI
CUS_001903,1088,41,36,5,0.878,10277.86,0.9614,83,UPI
CUS_001904,395,1,1,0,1.0,3560.76,0.8429,50,UPI
CUS_001905,519,69,67,2,0.971,5483.83,0.453,89,NETBANKING
CUS_001906,389,61,51,10,0.8361,3508.39,0.6473,47,UPI
CUS_001907,465,57,48,9,0.8421,6510.94,0.7989,17,CARD
CUS_001908,267,77,67,10,0.8701,3329.71,0.9468,45,CARD
CUS_001909,83,16,15,1,0.9375,16812.43,0.4888,82,CARD
CUS_001910,1411,72,54,18,0.75,22600.4,0.9534,1,UPI
CUS_001911,139,19,16,3,0.8421,9054.19,0.5551,35,UPI
CUS_001912,1335,77,71,6,0.9221,15442.37,0.7624,4,WALLET
CUS_001913,34,16,12,4,0.75,1313.51,0.7237,75,CARD
CUS_001914,1172,44,40,4,0.9091,1443.36,0.8439,46,WALLET
CUS_001915,512,63,56,7,0.8889,3479.29,0.8468,64,CARD
CUS_001916,790,7,6,1,0.8571,4650.91,0.3053,87,NETBANKING
CUS_001917,444,6,4,2,0.6667,3840.15,0.708,74,WALLET
CUS_001918,751,68,63,5,0.9265,1209.7,0.8157,36,CARD
CUS_001919,693,5,5,0,1.0,11306.19,0.8831,84,NETBANKING
CUS_001920,808,49,45,4,0.9184,25214.92,0.4516,42,UPI
CUS_001921,608,75,62,13,0.8267,12539.3,0.6224,88,UPI
CUS_001922,818,49,37,12,0.7551,10724.13,0.6026,88,CARD
CUS_001923,1243,38,29,9,0.7632,5392.31,0.8944,19,CARD
CUS_001924,668,33,28,5,0.8485,2292.58,0.7716,70,UPI
CUS_001925,561,51,35,16,0.6863,4768.82,0.9503,62,CARD
CUS_001926,223,46,42,4,0.913,24253.18,0.8729,69,CARD
CUS_001927,558,40,34,6,0.85,3395.62,0.3385,15,NETBANKING
CUS_001928,214,13,11,2,0.8462,3127.12,0.4703,45,UPI
CUS_001929,298,53,29,24,0.5472,10912.62,0.4701,13,UPI
CUS_001930,1429,59,48,11,0.8136,11507.81,0.8434,80,CARD
CUS_001931,161,56,52,4,0.9286,2283.61,0.7932,78,CARD
CUS_001932,738,6,6,0,1.0,3650.59,0.7115,52,NETBANKING
CUS_001933,1256,56,37,19,0.6607,3011.85,0.8387,11,UPI
CUS_001934,1431,58,52,6,0.8966,4758.01,0.8032,59,UPI
CUS_001935,245,15,12,3,0.8,10881.09,0.8536,39,WALLET
CUS_001936,270,68,63,5,0.9265,2365.18,0.8423,70,UPI
CUS_001937,577,42,38,4,0.9048,10759.72,0.5997,8,CARD
CUS_001938,844,38,31,7,0.8158,4881.24,0.8164,36,UPI
CUS_001939,1440,58,47,11,0.8103,28934.4,0.8807,32,UPI
CUS_001940,335,41,36,5,0.878,5807.45,0.9088,85,NETBANKING
CUS_001941,271,44,35,9,0.7955,4164.28,0.5145,26,UPI
CUS_001942,402,25,17,8,0.68,7126.71,0.8763,88,UPI
CUS_001943,1315,74,69,5,0.9324,3436.18,0.5789,82,CARD
CUS_001944,74,77,75,2,0.974,1070.21,0.5726,52,UPI
CUS_001945,588,11,9,2,0.8182,3712.33,0.7397,15,UPI
CUS_001946,204,58,52,6,0.8966,3665.79,0.4979,19,CARD
CUS_001947,260,2,2,0,1.0,1258.88,0.782,1,UPI
CUS_001948,1377,30,23,7,0.7667,4244.61,0.5703,69,CARD
CUS_001949,32,77,59,18,0.7662,861.04,0.632,65,UPI
CUS_001950,502,14,13,1,0.9286,3407.33,0.8317,28,UPI
CUS_001951,1375,30,18,12,0.6,5468.23,0.6846,65,UPI
CUS_001952,923,18,18,0,1.0,4863.09,0.6051,51,NETBANKING
CUS_001953,135,58,39,19,0.6724,3238.86,0.4446,73,UPI
CUS_001954,713,37,33,4,0.8919,4202.39,0.5195,7,WALLET
CUS_001955,1457,47,46,1,0.9787,2403.26,0.7006,17,UPI
CUS_001956,618,75,70,5,0.9333,4539.11,0.4721,72,UPI
CUS_001957,807,42,37,5,0.881,4714.05,0.8979,33,CARD
CUS_001958,811,58,49,9,0.8448,2189.95,0.953,86,UPI
CUS_001959,1000,8,7,1,0.875,5574.69,0.6282,79,CARD
CUS_001960,305,18,17,1,0.9444,5546.9,0.8037,8,NETBANKING
CUS_001961,1264,75,72,3,0.96,3939.72,0.5925,36,NETBANKING
CUS_001962,1483,68,67,1,0.9853,31215.51,0.7415,65,CARD
CUS_001963,239,52,43,9,0.8269,4020.94,0.7884,12,CARD
CUS_001964,1232,30,27,3,0.9,3599.12,0.6316,77,UPI
CUS_001965,1230,16,15,1,0.9375,3209.65,0.5773,8,CARD
CUS_001966,1120,68,61,7,0.8971,2069.54,0.8101,9,UPI
CUS_001967,575,63,51,12,0.8095,7789.64,0.9808,48,UPI
CUS_001968,719,20,19,1,0.95,2598.88,0.7092,22,CARD
CUS_001969,1263,47,39,8,0.8298,2856.85,0.5217,57,UPI
CUS_001970,254,49,41,8,0.8367,2925.55,0.9454,35,CARD
CUS_001971,1248,38,35,3,0.9211,2046.48,0.8314,24,UPI
CUS_001972,1383,74,68,6,0.9189,1108.73,0.6733,75,UPI
CUS_001973,1032,10,9,1,0.9,3107.21,0.5334,14,CARD
CUS_001974,531,21,19,2,0.9048,9049.83,0.6761,44,CARD
CUS_001975,851,8,6,2,0.75,5268.06,0.8219,15,WALLET
CUS_001976,103,55,43,12,0.7818,15682.38,0.83,12,UPI
CUS_001977,1399,51,42,9,0.8235,8205.81,0.7312,18,UPI
CUS_001978,533,78,76,2,0.9744,6843.16,0.7053,23,UPI
CUS_001979,113,43,27,16,0.6279,20291.39,0.8401,37,UPI
CUS_001980,1197,12,11,1,0.9167,4163.52,0.4183,42,UPI
CUS_001981,996,36,24,12,0.6667,4732.9,0.9013,12,CARD
CUS_001982,945,7,6,1,0.8571,4458.92,0.6282,3,UPI
CUS_001983,109,54,38,16,0.7037,15473.16,0.5104,8,WALLET
CUS_001984,1133,54,50,4,0.9259,4509.06,0.6922,56,CARD
CUS_001985,966,68,59,9,0.8676,2679.03,0.6894,87,CARD
CUS_001986,1196,27,25,2,0.9259,7200.99,0.8466,2,UPI
CUS_001987,1246,25,22,3,0.88,2342.15,0.7388,3,UPI
CUS_001988,341,6,5,1,0.8333,6895.4,0.6997,70,UPI
CUS_001989,339,33,29,4,0.8788,6266.07,0.8726,65,CARD
CUS_001990,1387,38,37,1,0.9737,3867.29,0.8974,66,CARD
CUS_001991,810,60,56,4,0.9333,7076.13,0.6424,15,UPI
CUS_001992,673,60,58,2,0.9667,1368.68,0.5141,77,UPI
CUS_001993,452,12,10,2,0.8333,5126.62,0.8534,56,WALLET
CUS_001994,969,23,21,2,0.913,3107.64,0.5205,14,UPI
CUS_001995,1138,41,40,1,0.9756,44428.82,0.4185,10,UPI
CUS_001996,33,27,27,0,1.0,5097.43,0.7259,54,UPI
CUS_001997,842,3,3,0,1.0,2792.57,0.9296,70,UPI
CUS_001998,1490,67,67,0,1.0,1493.97,0.7447,70,UPI
CUS_001999,442,58,55,3,0.9483,12786.66,0.6192,52,CARD
CUS_002000,442,42,35,7,0.8333,3400.94,0.9563,46,CARD
